view,id,name,district,category,type,pin,address,listingOrPerk,panelMeta,panelHeadline,panelBody,detailCopy,primaryActions,image,source
"Resident","legends-real-estate-202-nueces-st-1501","202 Nueces ST # 1501","2nd Street","Legends Real Estate / For Sale","property","Legends","202 Nueces ST # 1501, Austin TX, 78701","Verified Resident: Signature Priority Portfolio","Legends Real Estate / For Sale · 2nd Street","202 Nueces ST # 1501","Luxurious residence in downtown Austin with sweeping city views and premium finishes.","Resident perk: Verified Resident: Signature Priority Portfolio. Value: Verified Resident: Signature Priority Portfolio. Luxurious residence in downtown Austin with sweeping city views and premium finishes. Use it: Use the contact option to ask about availability, showings, or similar downtown homes.","Call / Website / Email when available; Show Card; Save to Card; Directions","/images/properties/bowie-attached.jpg","Downtown Perks supplemental partner layer"
"Partner","legends-real-estate-202-nueces-st-1501","202 Nueces ST # 1501","2nd Street","Legends Real Estate / For Sale","property","Legends","202 Nueces ST # 1501, Austin TX, 78701","Create Property Plan","Legends Real Estate / For Sale · 2nd Street","202 Nueces ST # 1501","Luxurious residence in downtown Austin with sweeping city views and premium finishes.","Partner view: Residents and prospects use this area to understand what daily life feels like around the building. Audience: Best fit: current residents, people looking at the building, brokers, and nearby businesses. Opportunity: Attach nearby perks, events, and walkable recommendations to the property story. Best timing: Strongest window: weekday lunch and after-work planning Next move: Create Property Plan","Create Property Plan; Reports; Contact","/images/properties/bowie-attached.jpg","Downtown Perks supplemental partner layer"
"Resident","legends-real-estate-210-lavaca-st-1910","210 Lavaca ST # 1910","2nd Street","Legends Real Estate / For Sale","property","Legends","210 Lavaca ST # 1910, Austin TX, 78701","Investment Intelligence Portfolio","Legends Real Estate / For Sale · 2nd Street","210 Lavaca ST # 1910","Downtown Austin residence connected to the Legends Real Estate investment portfolio layer.","Resident perk: Investment Intelligence Portfolio. Value: Investment Intelligence Portfolio. Downtown Austin residence connected to the Legends Real Estate investment portfolio layer. Use it: Use the contact option to ask about availability, showings, or similar downtown homes.","Call / Website / Email when available; Show Card; Save to Card; Directions","/images/properties/bowie-attached.jpg","Downtown Perks supplemental partner layer"
"Partner","legends-real-estate-210-lavaca-st-1910","210 Lavaca ST # 1910","2nd Street","Legends Real Estate / For Sale","property","Legends","210 Lavaca ST # 1910, Austin TX, 78701","Create Property Plan","Legends Real Estate / For Sale · 2nd Street","210 Lavaca ST # 1910","Downtown Austin residence connected to the Legends Real Estate investment portfolio layer.","Partner view: Residents and prospects use this area to understand what daily life feels like around the building. Audience: Best fit: current residents, people looking at the building, brokers, and nearby businesses. Opportunity: Attach nearby perks, events, and walkable recommendations to the property story. Best timing: Strongest window: weekday lunch and after-work planning Next move: Create Property Plan","Create Property Plan; Reports; Contact","/images/properties/bowie-attached.jpg","Downtown Perks supplemental partner layer"
"Resident","legends-real-estate-210-lavaca-st-2105","210 Lavaca ST # 2105","2nd Street","Legends Real Estate / For Sale","property","Legends","210 Lavaca ST # 2105, Austin TX, 78701","Dedicated Downtown Perks Concierge for Residents","Legends Real Estate / For Sale · 2nd Street","210 Lavaca ST # 2105","Ultra-exclusive residence at the W, featuring world-class amenities and skyline views.","Resident perk: Dedicated Downtown Perks Concierge for Residents. Value: Dedicated Downtown Perks Concierge for Residents. Ultra-exclusive residence at the W, featuring world-class amenities and skyline views. Use it: Use the contact option to ask about availability, showings, or similar downtown homes.","Call / Website / Email when available; Show Card; Save to Card; Directions","/images/properties/bowie-attached.jpg","Downtown Perks supplemental partner layer"
"Partner","legends-real-estate-210-lavaca-st-2105","210 Lavaca ST # 2105","2nd Street","Legends Real Estate / For Sale","property","Legends","210 Lavaca ST # 2105, Austin TX, 78701","Create Property Plan","Legends Real Estate / For Sale · 2nd Street","210 Lavaca ST # 2105","Ultra-exclusive residence at the W, featuring world-class amenities and skyline views.","Partner view: Residents and prospects use this area to understand what daily life feels like around the building. Audience: Best fit: current residents, people looking at the building, brokers, and nearby businesses. Opportunity: Attach nearby perks, events, and walkable recommendations to the property story. Best timing: Strongest window: weekday lunch and after-work planning Next move: Create Property Plan","Create Property Plan; Reports; Contact","/images/properties/bowie-attached.jpg","Downtown Perks supplemental partner layer"
"Resident","legends-real-estate-360-nueces-st-4211","360 Nueces ST # 4211","2nd Street","Legends Real Estate / For Sale","property","Legends","360 Nueces ST # 4211, Austin TX, 78701","360 Sky Club Membership Included","Legends Real Estate / For Sale · 2nd Street","360 Nueces ST # 4211","Downtown Austin listing with skyline access and resident-connected neighborhood context.","Resident perk: 360 Sky Club Membership Included. Value: 360 Sky Club Membership Included. Downtown Austin listing with skyline access and resident-connected neighborhood context. Use it: Use the contact option to ask about availability, showings, or similar downtown homes.","Call / Website / Email when available; Show Card; Save to Card; Directions","/images/properties/bowie-attached.jpg","Downtown Perks supplemental partner layer"
"Partner","legends-real-estate-360-nueces-st-4211","360 Nueces ST # 4211","2nd Street","Legends Real Estate / For Sale","property","Legends","360 Nueces ST # 4211, Austin TX, 78701","Create Property Plan","Legends Real Estate / For Sale · 2nd Street","360 Nueces ST # 4211","Downtown Austin listing with skyline access and resident-connected neighborhood context.","Partner view: Residents and prospects use this area to understand what daily life feels like around the building. Audience: Best fit: current residents, people looking at the building, brokers, and nearby businesses. Opportunity: Attach nearby perks, events, and walkable recommendations to the property story. Best timing: Strongest window: weekday lunch and after-work planning Next move: Create Property Plan","Create Property Plan; Reports; Contact","/images/properties/bowie-attached.jpg","Downtown Perks supplemental partner layer"
"Resident","acl-live-shop-node-3314239454","ACL Live Shop","2nd Street","Retail / Business","venue","Civic","310, West 2nd Street, Austin, TX, 78701","Nearby Downtown Option","Retail / Business · 2nd Street","ACL Live Shop","Retail / Business listing in Downtown Austin.","Resident perk: Nearby Downtown Option. Value: Save it or go now. Resident discount programs and neighborhood shopping incentives Use it: Save it, get directions, or show your Downtown Perks Card if access is available.","Call / Website / Email when available; Show Card; Save to Card; Directions","","OpenStreetMap / Overpass"
"Partner","acl-live-shop-node-3314239454","ACL Live Shop","2nd Street","Retail / Business","venue","Civic","310, West 2nd Street, Austin, TX, 78701","Create Map Plan","Retail / Business · 2nd Street","ACL Live Shop","Retail / Business listing in Downtown Austin.","Partner view: People nearby are deciding where to go next. Audience: Best fit: residents, guests, and visitors already close to 2nd Street. Opportunity: Make ACL Live Shop easy to save, find, and act on from the map. Best timing: Strongest window: lunch, after work, and weekend planning Next move: Create Map Plan","Create Map Plan; Reports; Contact","","OpenStreetMap / Overpass"
"Resident","austin-proper-hotel-node-9421933813","Austin Proper Hotel","2nd Street","Hotel / Hospitality","hotel","Hotel","600, West 2nd Street, Austin, TX, 78701","Local Guest Guide","Hotel / Hospitality · 2nd Street","Austin Proper Hotel","Hotel / Hospitality listing operated by Proper Hospitality Group.","Resident perk: Local Guest Guide. Value: Neighborhood access. Staycation perks, partner-hosted events, and sponsor activations Use it: Save it, get directions, or ask about resident access when available.","Call / Website / Email when available; Show Card; Save to Card; Directions","","OpenStreetMap / Overpass"
"Partner","austin-proper-hotel-node-9421933813","Austin Proper Hotel","2nd Street","Hotel / Hospitality","hotel","Hotel","600, West 2nd Street, Austin, TX, 78701","Create Guest Guide","Hotel / Hospitality · 2nd Street","Austin Proper Hotel","Hotel / Hospitality listing operated by Proper Hospitality Group.","Partner view: Guests and residents nearby are looking for dinner, events, and easy walkable plans. Audience: Best fit: hotel guests, nearby residents, and visitors already walking through the area. Opportunity: Promote a concierge-style local guide or resident rate during late afternoon planning windows. Best timing: Strongest window: 3 PM to 8 PM Next move: Create Guest Guide","Create Guest Guide; Reports; Contact","","OpenStreetMap / Overpass"
"Resident","burger-bar-node-4304618025","Burger Bar","2nd Street","Restaurant / Food","venue","Dining","110, East 2nd Street, Austin, TX, 78701","Dining Perk","Restaurant / Food · 2nd Street","Burger Bar","Restaurant / Food with cuisine focus: burger.","Resident perk: Dining Perk. Value: Resident card access. Resident dining offers, specials, and repeat-visit campaigns Use it: Show your Downtown Perks Card when a resident offer is active.","Call / Website / Email when available; Show Card; Save to Card; Directions","","OpenStreetMap / Overpass"
"Partner","burger-bar-node-4304618025","Burger Bar","2nd Street","Restaurant / Food","venue","Dining","110, East 2nd Street, Austin, TX, 78701","Create Map Plan","Restaurant / Food · 2nd Street","Burger Bar","Restaurant / Food with cuisine focus: burger.","Partner view: People nearby are deciding where to go next. Audience: Best fit: residents, guests, and visitors already close to 2nd Street. Opportunity: Make Burger Bar easy to save, find, and act on from the map. Best timing: Strongest window: lunch, after work, and weekend planning Next move: Create Map Plan","Create Map Plan; Reports; Contact","","OpenStreetMap / Overpass"
"Resident","flower-child-node-5351338222","Flower Child","2nd Street","Restaurant / Food","venue","Dining","West 2nd Street, 78701","Dining Perk","Restaurant / Food · 2nd Street","Flower Child","Restaurant / Food listing in Downtown Austin.","Resident perk: Dining Perk. Value: Resident card access. Resident dining offers, specials, and repeat-visit campaigns Use it: Show your Downtown Perks Card when a resident offer is active.","Call / Website / Email when available; Show Card; Save to Card; Directions","","OpenStreetMap / Overpass"
"Partner","flower-child-node-5351338222","Flower Child","2nd Street","Restaurant / Food","venue","Dining","West 2nd Street, 78701","Create Map Plan","Restaurant / Food · 2nd Street","Flower Child","Restaurant / Food listing in Downtown Austin.","Partner view: People nearby are deciding where to go next. Audience: Best fit: residents, guests, and visitors already close to 2nd Street. Opportunity: Make Flower Child easy to save, find, and act on from the map. Best timing: Strongest window: lunch, after work, and weekend planning Next move: Create Map Plan","Create Map Plan; Reports; Contact","","OpenStreetMap / Overpass"
"Resident","foxtrot-node-1539153968","Foxtrot","2nd Street","Retail / Business","venue","Civic","301, West 2nd Street, Austin, TX, 78701","Nearby Downtown Option","Retail / Business · 2nd Street","Foxtrot","Retail / Business listing in Downtown Austin.","Resident perk: Nearby Downtown Option. Value: Save it or go now. Resident discount programs and neighborhood shopping incentives Use it: Save it, get directions, or show your Downtown Perks Card if access is available.","Call / Website / Email when available; Show Card; Save to Card; Directions","","OpenStreetMap / Overpass"
"Partner","foxtrot-node-1539153968","Foxtrot","2nd Street","Retail / Business","venue","Civic","301, West 2nd Street, Austin, TX, 78701","Create Map Plan","Retail / Business · 2nd Street","Foxtrot","Retail / Business listing in Downtown Austin.","Partner view: People nearby are deciding where to go next. Audience: Best fit: residents, guests, and visitors already close to 2nd Street. Opportunity: Make Foxtrot easy to save, find, and act on from the map. Best timing: Strongest window: lunch, after work, and weekend planning Next move: Create Map Plan","Create Map Plan; Reports; Contact","","OpenStreetMap / Overpass"
"Resident","golden-ace-node-1481848476","Golden Ace","2nd Street","Bar / Nightlife","venue","Nightlife","419, West 2nd Street, Austin, TX, 78701","Night Out Nearby","Bar / Nightlife · 2nd Street","Golden Ace","Bar / Nightlife listing in Downtown Austin.","Resident perk: Night Out Nearby. Value: Resident card access. Resident happy-hour perks, nightlife activations, and event check-ins Use it: Show your Downtown Perks Card when a resident offer is active.","Call / Website / Email when available; Show Card; Save to Card; Directions","","OpenStreetMap / Overpass"
"Partner","golden-ace-node-1481848476","Golden Ace","2nd Street","Bar / Nightlife","venue","Nightlife","419, West 2nd Street, Austin, TX, 78701","Promote Event","Bar / Nightlife · 2nd Street","Golden Ace","Bar / Nightlife listing in Downtown Austin.","Partner view: Residents are looking for nearby things to do without switching apps. Audience: Best fit: residents, guests, and groups already near the venue. Opportunity: Make the RSVP and directions path immediate from the map. Best timing: Strongest window: day-of and two hours before start Next move: Promote Event","Promote Event; Reports; Contact","","OpenStreetMap / Overpass"
"Resident","partner-jos-coffee","Jo's Coffee","2nd Street","Venue / Coffee","venue","Coffee","242 W 2nd St, Austin TX, 78701","Upgrade to a Large Belgian Bomber","Venue / Coffee · 2nd Street","Jo's Coffee","Downtown coffee stop for morning resident routines.","Resident perk: Upgrade to a Large Belgian Bomber. Value: Upgrade to a Large Belgian Bomber. Downtown coffee stop for morning resident routines. Use it: Show your Downtown Perks Card when a resident offer is active.","Call / Website / Email when available; Show Card; Save to Card; Directions","/images/venues/downtown-dining-patio.png","Downtown Perks supplemental partner layer"
"Partner","partner-jos-coffee","Jo's Coffee","2nd Street","Venue / Coffee","venue","Coffee","242 W 2nd St, Austin TX, 78701","Create Map Plan","Venue / Coffee · 2nd Street","Jo's Coffee","Downtown coffee stop for morning resident routines.","Partner view: People nearby are deciding where to go next. Audience: Best fit: residents, guests, and visitors already close to 2nd Street. Opportunity: Make Jo's Coffee easy to save, find, and act on from the map. Best timing: Strongest window: lunch, after work, and weekend planning Next move: Create Map Plan","Create Map Plan; Reports; Contact","/images/venues/downtown-dining-patio.png","Downtown Perks supplemental partner layer"
"Resident","la-piscina-ceviches-fajitas-way-1021571018","La Piscina Ceviches & Fajitas","2nd Street","Restaurant / Food","venue","Dining","202, West 2nd Street, Austin, TX, 78701","Dining Perk","Restaurant / Food · 2nd Street","La Piscina Ceviches & Fajitas","Restaurant / Food with cuisine focus: mexican.","Resident perk: Dining Perk. Value: Resident card access. Resident dining offers, specials, and repeat-visit campaigns Use it: Show your Downtown Perks Card when a resident offer is active.","Call / Website / Email when available; Show Card; Save to Card; Directions","","OpenStreetMap / Overpass"
"Partner","la-piscina-ceviches-fajitas-way-1021571018","La Piscina Ceviches & Fajitas","2nd Street","Restaurant / Food","venue","Dining","202, West 2nd Street, Austin, TX, 78701","Create Map Plan","Restaurant / Food · 2nd Street","La Piscina Ceviches & Fajitas","Restaurant / Food with cuisine focus: mexican.","Partner view: People nearby are deciding where to go next. Audience: Best fit: residents, guests, and visitors already close to 2nd Street. Opportunity: Make La Piscina Ceviches & Fajitas easy to save, find, and act on from the map. Best timing: Strongest window: lunch, after work, and weekend planning Next move: Create Map Plan","Create Map Plan; Reports; Contact","","OpenStreetMap / Overpass"
"Resident","legends-real-estate-downtown-austin","Legends Real Estate","2nd Street","Brand / Real Estate","brand","Legends","2nd Street District, Austin, TX 78701","Resident Access","Brand / Real Estate · 2nd Street","Legends Real Estate","Want to live here? Browse downtown listings, see what is nearby, and ask Legends Real Estate for showing options when an address feels like a fit.","Resident perk: Resident Access. Value: Local partner moment. Want to live here? Browse downtown listings, see what is nearby, and ask Legends Real Estate for showing options when an address feels like a fit. Use it: Save it, get directions, or check the panel for resident access.","Call / Website / Email when available; Show Card; Save to Card; Directions","","Downtown Perks brand partner layer"
"Partner","legends-real-estate-downtown-austin","Legends Real Estate","2nd Street","Brand / Real Estate","brand","Legends","2nd Street District, Austin, TX 78701","Plan Brand Moment","Brand / Real Estate · 2nd Street","Legends Real Estate","Want to live here? Browse downtown listings, see what is nearby, and ask Legends Real Estate for showing options when an address feels like a fit.","Partner view: People nearby are choosing what to do, where to go, and what feels useful today. Audience: Best fit: residents, visitors, and event-goers moving through 2nd Street. Opportunity: Place Legends Real Estate near the moments where the brand is useful, not just visible. Best timing: Strongest window: event days, weekends, and after-work planning Next move: Plan Brand Moment","Plan Brand Moment; Reports; Contact","","Downtown Perks brand partner layer"
"Resident","event-lobby-hour","Lobby Hour","2nd Street","Event / Happy Hour","event","Happy hour","The Paseo Lobby, Austin, TX 78701","Event RSVP","Event / Happy Hour · 2nd Street","Lobby Hour","A casual meet-up a couple blocks away. Drop in, meet a few neighbors, grab a drink, and let the night figure itself out.","Resident perk: Event RSVP. Value: Save or RSVP. A casual meet-up a couple blocks away. Drop in, meet a few neighbors, grab a drink, and let the night figure itself out. Use it: Save it to your card and check the event details before you go.","Call / Website / Email when available; Show Card; Save to Card; Directions","","Downtown Perks event layer"
"Partner","event-lobby-hour","Lobby Hour","2nd Street","Event / Happy Hour","event","Happy hour","The Paseo Lobby, Austin, TX 78701","Promote Event","Event / Happy Hour · 2nd Street","Lobby Hour","A casual meet-up a couple blocks away. Drop in, meet a few neighbors, grab a drink, and let the night figure itself out.","Partner view: Residents are looking for nearby things to do without switching apps. Audience: Best fit: residents, guests, and groups already near the venue. Opportunity: Make the RSVP and directions path immediate from the map. Best timing: Strongest window: day-of and two hours before start Next move: Promote Event","Promote Event; Reports; Contact","","Downtown Perks event layer"
"Resident","local-foods-node-3849778276","Local Foods","2nd Street","Restaurant / Food","venue","Dining","454, West 2nd Street, 78701","Dining Perk","Restaurant / Food · 2nd Street","Local Foods","Restaurant / Food with cuisine focus: sandwich;american.","Resident perk: Dining Perk. Value: Resident card access. Resident dining offers, specials, and repeat-visit campaigns Use it: Show your Downtown Perks Card when a resident offer is active.","Call / Website / Email when available; Show Card; Save to Card; Directions","","OpenStreetMap / Overpass"
"Partner","local-foods-node-3849778276","Local Foods","2nd Street","Restaurant / Food","venue","Dining","454, West 2nd Street, 78701","Create Map Plan","Restaurant / Food · 2nd Street","Local Foods","Restaurant / Food with cuisine focus: sandwich;american.","Partner view: People nearby are deciding where to go next. Audience: Best fit: residents, guests, and visitors already close to 2nd Street. Opportunity: Make Local Foods easy to save, find, and act on from the map. Best timing: Strongest window: lunch, after work, and weekend planning Next move: Create Map Plan","Create Map Plan; Reports; Contact","","OpenStreetMap / Overpass"
"Resident","partner-lululemon","lululemon","2nd Street","Brand / Wellness","brand","Campaign","Downtown Austin, TX 78701","Private resident run club events & early access","Brand / Wellness · 2nd Street","lululemon","Wellness retail partner for resident run clubs and early access.","Resident perk: Private resident run club events & early access. Value: Private resident run club events & early access. Wellness retail partner for resident run clubs and early access. Use it: Save it to your card and check the event details before you go.","Call / Website / Email when available; Show Card; Save to Card; Directions","/images/brands/stay-put-sign.jpg","Downtown Perks supplemental partner layer"
"Partner","partner-lululemon","lululemon","2nd Street","Brand / Wellness","brand","Campaign","Downtown Austin, TX 78701","Plan Brand Moment","Brand / Wellness · 2nd Street","lululemon","Wellness retail partner for resident run clubs and early access.","Partner view: People nearby are choosing what to do, where to go, and what feels useful today. Audience: Best fit: residents, visitors, and event-goers moving through 2nd Street. Opportunity: Place lululemon near the moments where the brand is useful, not just visible. Best timing: Strongest window: event days, weekends, and after-work planning Next move: Plan Brand Moment","Plan Brand Moment; Reports; Contact","/images/brands/stay-put-sign.jpg","Downtown Perks supplemental partner layer"
"Resident","north-italia-node-5351366521","North Italia","2nd Street","Restaurant / Food","venue","Dining","West 2nd Street, 78701","Dining Perk","Restaurant / Food · 2nd Street","North Italia","Restaurant / Food listing in Downtown Austin.","Resident perk: Dining Perk. Value: Resident card access. Resident dining offers, specials, and repeat-visit campaigns Use it: Show your Downtown Perks Card when a resident offer is active.","Call / Website / Email when available; Show Card; Save to Card; Directions","","OpenStreetMap / Overpass"
"Partner","north-italia-node-5351366521","North Italia","2nd Street","Restaurant / Food","venue","Dining","West 2nd Street, 78701","Create Map Plan","Restaurant / Food · 2nd Street","North Italia","Restaurant / Food listing in Downtown Austin.","Partner view: People nearby are deciding where to go next. Audience: Best fit: residents, guests, and visitors already close to 2nd Street. Opportunity: Make North Italia easy to save, find, and act on from the map. Best timing: Strongest window: lunch, after work, and weekend planning Next move: Create Map Plan","Create Map Plan; Reports; Contact","","OpenStreetMap / Overpass"
"Resident","partner-optique-austin","Optique Austin","2nd Street","Service / Eyewear","service","Retail","Downtown Austin, TX 78701","Free basic frame adjustment for residents","Service / Eyewear · 2nd Street","Optique Austin","Downtown eyewear service with a resident-friendly quick stop.","Resident perk: Free basic frame adjustment for residents. Value: Free basic frame adjustment for residents. Downtown eyewear service with a resident-friendly quick stop. Use it: Save it, get directions, or show your Downtown Perks Card if access is available.","Call / Website / Email when available; Show Card; Save to Card; Directions","/images/map-entities/brand-fine-eyewear/ochialli.webp","Downtown Perks supplemental partner layer"
"Partner","partner-optique-austin","Optique Austin","2nd Street","Service / Eyewear","service","Retail","Downtown Austin, TX 78701","Create Map Plan","Service / Eyewear · 2nd Street","Optique Austin","Downtown eyewear service with a resident-friendly quick stop.","Partner view: People nearby are deciding where to go next. Audience: Best fit: residents, guests, and visitors already close to 2nd Street. Opportunity: Make Optique Austin easy to save, find, and act on from the map. Best timing: Strongest window: lunch, after work, and weekend planning Next move: Create Map Plan","Create Map Plan; Reports; Contact","/images/map-entities/brand-fine-eyewear/ochialli.webp","Downtown Perks supplemental partner layer"
"Resident","the-peacock-node-8581202370","The Peacock","2nd Street","Restaurant / Food","venue","Dining","600, West 2nd Street, Austin, TX, 78701","Dining Perk","Restaurant / Food · 2nd Street","The Peacock","Restaurant / Food with cuisine focus: mediterranean.","Resident perk: Dining Perk. Value: Resident card access. Resident dining offers, specials, and repeat-visit campaigns Use it: Show your Downtown Perks Card when a resident offer is active.","Call / Website / Email when available; Show Card; Save to Card; Directions","","OpenStreetMap / Overpass"
"Partner","the-peacock-node-8581202370","The Peacock","2nd Street","Restaurant / Food","venue","Dining","600, West 2nd Street, Austin, TX, 78701","Create Map Plan","Restaurant / Food · 2nd Street","The Peacock","Restaurant / Food with cuisine focus: mediterranean.","Partner view: People nearby are deciding where to go next. Audience: Best fit: residents, guests, and visitors already close to 2nd Street. Opportunity: Make The Peacock easy to save, find, and act on from the map. Best timing: Strongest window: lunch, after work, and weekend planning Next move: Create Map Plan","Create Map Plan; Reports; Contact","","OpenStreetMap / Overpass"
"Resident","the-well-node-11873243569","The Well","2nd Street","Restaurant / Food","venue","Dining","440, West 2nd Street, 78701","Dining Perk","Restaurant / Food · 2nd Street","The Well","Restaurant / Food listing in Downtown Austin.","Resident perk: Dining Perk. Value: Resident card access. Resident dining offers, specials, and repeat-visit campaigns Use it: Show your Downtown Perks Card when a resident offer is active.","Call / Website / Email when available; Show Card; Save to Card; Directions","","OpenStreetMap / Overpass"
"Partner","the-well-node-11873243569","The Well","2nd Street","Restaurant / Food","venue","Dining","440, West 2nd Street, 78701","Create Map Plan","Restaurant / Food · 2nd Street","The Well","Restaurant / Food listing in Downtown Austin.","Partner view: People nearby are deciding where to go next. Audience: Best fit: residents, guests, and visitors already close to 2nd Street. Opportunity: Make The Well easy to save, find, and act on from the map. Best timing: Strongest window: lunch, after work, and weekend planning Next move: Create Map Plan","Create Map Plan; Reports; Contact","","OpenStreetMap / Overpass"
"Resident","uchib-node-9655018609","Uchibā","2nd Street","Restaurant / Food","venue","Dining","601, West 2nd Street, Austin, TX, 78701","Dining Perk","Restaurant / Food · 2nd Street","Uchibā","Restaurant / Food with cuisine focus: japanese.","Resident perk: Dining Perk. Value: Resident card access. Resident dining offers, specials, and repeat-visit campaigns Use it: Show your Downtown Perks Card when a resident offer is active.","Call / Website / Email when available; Show Card; Save to Card; Directions","","OpenStreetMap / Overpass"
"Partner","uchib-node-9655018609","Uchibā","2nd Street","Restaurant / Food","venue","Dining","601, West 2nd Street, Austin, TX, 78701","Create Map Plan","Restaurant / Food · 2nd Street","Uchibā","Restaurant / Food with cuisine focus: japanese.","Partner view: People nearby are deciding where to go next. Audience: Best fit: residents, guests, and visitors already close to 2nd Street. Opportunity: Make Uchibā easy to save, find, and act on from the map. Best timing: Strongest window: lunch, after work, and weekend planning Next move: Create Map Plan","Create Map Plan; Reports; Contact","","OpenStreetMap / Overpass"
"Resident","upstairs-circus-node-8858558303","Upstairs Circus","2nd Street","Bar / Nightlife","venue","Nightlife","234, West 2nd Street, Austin, TX, 78701","Night Out Nearby","Bar / Nightlife · 2nd Street","Upstairs Circus","Bar / Nightlife listing in Downtown Austin.","Resident perk: Night Out Nearby. Value: Resident card access. Resident happy-hour perks, nightlife activations, and event check-ins Use it: Show your Downtown Perks Card when a resident offer is active.","Call / Website / Email when available; Show Card; Save to Card; Directions","","OpenStreetMap / Overpass"
"Partner","upstairs-circus-node-8858558303","Upstairs Circus","2nd Street","Bar / Nightlife","venue","Nightlife","234, West 2nd Street, Austin, TX, 78701","Promote Event","Bar / Nightlife · 2nd Street","Upstairs Circus","Bar / Nightlife listing in Downtown Austin.","Partner view: Residents are looking for nearby things to do without switching apps. Audience: Best fit: residents, guests, and groups already near the venue. Opportunity: Make the RSVP and directions path immediate from the map. Best timing: Strongest window: day-of and two hours before start Next move: Promote Event","Promote Event; Reports; Contact","","OpenStreetMap / Overpass"
"Resident","urban-outfitters-node-3849777659","Urban Outfitters","2nd Street","Retail / Business","venue","Civic","320, West 2nd Street, Austin, TX, 78701","Nearby Downtown Option","Retail / Business · 2nd Street","Urban Outfitters","Retail / Business listing operated by Urban Outfitters.","Resident perk: Nearby Downtown Option. Value: Save it or go now. Resident discount programs and neighborhood shopping incentives Use it: Save it, get directions, or show your Downtown Perks Card if access is available.","Call / Website / Email when available; Show Card; Save to Card; Directions","","OpenStreetMap / Overpass"
"Partner","urban-outfitters-node-3849777659","Urban Outfitters","2nd Street","Retail / Business","venue","Civic","320, West 2nd Street, Austin, TX, 78701","Create Map Plan","Retail / Business · 2nd Street","Urban Outfitters","Retail / Business listing operated by Urban Outfitters.","Partner view: People nearby are deciding where to go next. Audience: Best fit: residents, guests, and visitors already close to 2nd Street. Opportunity: Make Urban Outfitters easy to save, find, and act on from the map. Best timing: Strongest window: lunch, after work, and weekend planning Next move: Create Map Plan","Create Map Plan; Reports; Contact","","OpenStreetMap / Overpass"
"Resident","legends-real-estate-200-congress-ave-15e","200 Congress Ave # 15E","Congress","Legends Real Estate / For Sale","property","Legends","200 Congress Ave # 15E, Austin TX, 78701","Platinum Resident Membership","Legends Real Estate / For Sale · Congress","200 Congress Ave # 15E","Downtown residence at the center of Congress Avenue, hospitality, and walkable local access.","Resident perk: Platinum Resident Membership. Value: Platinum Resident Membership. Downtown residence at the center of Congress Avenue, hospitality, and walkable local access. Use it: Use the contact option to ask about availability, showings, or similar downtown homes.","Call / Website / Email when available; Show Card; Save to Card; Directions","/images/properties/bowie-attached.jpg","Downtown Perks supplemental partner layer"
"Partner","legends-real-estate-200-congress-ave-15e","200 Congress Ave # 15E","Congress","Legends Real Estate / For Sale","property","Legends","200 Congress Ave # 15E, Austin TX, 78701","Create Property Plan","Legends Real Estate / For Sale · Congress","200 Congress Ave # 15E","Downtown residence at the center of Congress Avenue, hospitality, and walkable local access.","Partner view: Residents and prospects use this area to understand what daily life feels like around the building. Audience: Best fit: current residents, people looking at the building, brokers, and nearby businesses. Opportunity: Attach nearby perks, events, and walkable recommendations to the property story. Best timing: Strongest window: weekday lunch and after-work planning Next move: Create Property Plan","Create Property Plan; Reports; Contact","/images/properties/bowie-attached.jpg","Downtown Perks supplemental partner layer"
"Resident","legends-real-estate-555-e-5th-st-2809","555 E 5th ST # 2809","Congress","Legends Real Estate / For Sale","property","Legends","555 E 5th ST # 2809, Austin TX, 78701","Hotel Privilege Pass Activation","Legends Real Estate / For Sale · Congress","555 E 5th ST # 2809","Downtown residence near core hospitality, events, and daily-use neighborhood access.","Resident perk: Hotel Privilege Pass Activation. Value: Hotel Privilege Pass Activation. Downtown residence near core hospitality, events, and daily-use neighborhood access. Use it: Use the contact option to ask about availability, showings, or similar downtown homes.","Call / Website / Email when available; Show Card; Save to Card; Directions","/images/properties/bowie-attached.jpg","Downtown Perks supplemental partner layer"
"Partner","legends-real-estate-555-e-5th-st-2809","555 E 5th ST # 2809","Congress","Legends Real Estate / For Sale","property","Legends","555 E 5th ST # 2809, Austin TX, 78701","Create Guest Guide","Legends Real Estate / For Sale · Congress","555 E 5th ST # 2809","Downtown residence near core hospitality, events, and daily-use neighborhood access.","Partner view: Guests and residents nearby are looking for dinner, events, and easy walkable plans. Audience: Best fit: hotel guests, nearby residents, and visitors already walking through the area. Opportunity: Promote a concierge-style local guide or resident rate during late afternoon planning windows. Best timing: Strongest window: 3 PM to 8 PM Next move: Create Guest Guide","Create Guest Guide; Reports; Contact","/images/properties/bowie-attached.jpg","Downtown Perks supplemental partner layer"
"Resident","7-eleven-way-1213502016","7-Eleven","Congress","Retail / Business","venue","Civic","613, Congress Avenue, Austin, TX, 78701","Nearby Downtown Option","Retail / Business · Congress","7-Eleven","Retail / Business listing operated by 7-Eleven.","Resident perk: Nearby Downtown Option. Value: Save it or go now. Resident discount programs and neighborhood shopping incentives Use it: Save it, get directions, or show your Downtown Perks Card if access is available.","Call / Website / Email when available; Show Card; Save to Card; Directions","","OpenStreetMap / Overpass"
"Partner","7-eleven-way-1213502016","7-Eleven","Congress","Retail / Business","venue","Civic","613, Congress Avenue, Austin, TX, 78701","Create Map Plan","Retail / Business · Congress","7-Eleven","Retail / Business listing operated by 7-Eleven.","Partner view: People nearby are deciding where to go next. Audience: Best fit: residents, guests, and visitors already close to Congress. Opportunity: Make 7-Eleven easy to save, find, and act on from the map. Best timing: Strongest window: lunch, after work, and weekend planning Next move: Create Map Plan","Create Map Plan; Reports; Contact","","OpenStreetMap / Overpass"
"Resident","7-eleven-node-4258979768","7-Eleven","Congress","Retail / Business","venue","Civic","823, Congress Avenue, Austin, TX, 78701","Nearby Downtown Option","Retail / Business · Congress","7-Eleven","Retail / Business listing operated by 7-Eleven.","Resident perk: Nearby Downtown Option. Value: Save it or go now. Resident discount programs and neighborhood shopping incentives Use it: Save it, get directions, or show your Downtown Perks Card if access is available.","Call / Website / Email when available; Show Card; Save to Card; Directions","","OpenStreetMap / Overpass"
"Partner","7-eleven-node-4258979768","7-Eleven","Congress","Retail / Business","venue","Civic","823, Congress Avenue, Austin, TX, 78701","Create Map Plan","Retail / Business · Congress","7-Eleven","Retail / Business listing operated by 7-Eleven.","Partner view: People nearby are deciding where to go next. Audience: Best fit: residents, guests, and visitors already close to Congress. Opportunity: Make 7-Eleven easy to save, find, and act on from the map. Best timing: Strongest window: lunch, after work, and weekend planning Next move: Create Map Plan","Create Map Plan; Reports; Contact","","OpenStreetMap / Overpass"
"Resident","allen-edmonds-node-11242814773","Allen Edmonds","Congress","Retail / Business","venue","Civic","501, Congress Avenue, Austin, TX, 78701","Nearby Downtown Option","Retail / Business · Congress","Allen Edmonds","Retail / Business listing operated by Allen Edmonds.","Resident perk: Nearby Downtown Option. Value: Save it or go now. Resident discount programs and neighborhood shopping incentives Use it: Save it, get directions, or show your Downtown Perks Card if access is available.","Call / Website / Email when available; Show Card; Save to Card; Directions","","OpenStreetMap / Overpass"
"Partner","allen-edmonds-node-11242814773","Allen Edmonds","Congress","Retail / Business","venue","Civic","501, Congress Avenue, Austin, TX, 78701","Create Map Plan","Retail / Business · Congress","Allen Edmonds","Retail / Business listing operated by Allen Edmonds.","Partner view: People nearby are deciding where to go next. Audience: Best fit: residents, guests, and visitors already close to Congress. Opportunity: Make Allen Edmonds easy to save, find, and act on from the map. Best timing: Strongest window: lunch, after work, and weekend planning Next move: Create Map Plan","Create Map Plan; Reports; Contact","","OpenStreetMap / Overpass"
"Resident","austindeep-node-9002876286","AUSTINDEEP","Congress","Retail / Business","venue","Civic","320, Congress Avenue, Austin, TX, 78701","Nearby Downtown Option","Retail / Business · Congress","AUSTINDEEP","Retail / Business listing in Downtown Austin.","Resident perk: Nearby Downtown Option. Value: Save it or go now. Resident discount programs and neighborhood shopping incentives Use it: Save it, get directions, or show your Downtown Perks Card if access is available.","Call / Website / Email when available; Show Card; Save to Card; Directions","","OpenStreetMap / Overpass"
"Partner","austindeep-node-9002876286","AUSTINDEEP","Congress","Retail / Business","venue","Civic","320, Congress Avenue, Austin, TX, 78701","Create Map Plan","Retail / Business · Congress","AUSTINDEEP","Retail / Business listing in Downtown Austin.","Partner view: People nearby are deciding where to go next. Audience: Best fit: residents, guests, and visitors already close to Congress. Opportunity: Make AUSTINDEEP easy to save, find, and act on from the map. Best timing: Strongest window: lunch, after work, and weekend planning Next move: Create Map Plan","Create Map Plan; Reports; Contact","","OpenStreetMap / Overpass"
"Resident","capital-one-caf-node-3849778796","Capital One Café","Congress","Coffee / Cafe","venue","Coffee","601, Congress Avenue, Austin, TX, 78701","Coffee Stop","Coffee / Cafe · Congress","Capital One Café","Coffee / Cafe with cuisine focus: coffee_shop.","Resident perk: Coffee Stop. Value: Resident card access. Morning perk loops, loyalty rewards, and community meetup anchors Use it: Show your Downtown Perks Card when a resident offer is active.","Call / Website / Email when available; Show Card; Save to Card; Directions","","OpenStreetMap / Overpass"
"Partner","capital-one-caf-node-3849778796","Capital One Café","Congress","Coffee / Cafe","venue","Coffee","601, Congress Avenue, Austin, TX, 78701","Create Map Plan","Coffee / Cafe · Congress","Capital One Café","Coffee / Cafe with cuisine focus: coffee_shop.","Partner view: People nearby are deciding where to go next. Audience: Best fit: residents, guests, and visitors already close to Congress. Opportunity: Make Capital One Café easy to save, find, and act on from the map. Best timing: Strongest window: lunch, after work, and weekend planning Next move: Create Map Plan","Create Map Plan; Reports; Contact","","OpenStreetMap / Overpass"
"Resident","caroline-node-10281193544","Caroline","Congress","Restaurant / Food","venue","Dining","621, Congress Avenue, Austin, TX, 78701","Dining Perk","Restaurant / Food · Congress","Caroline","Restaurant / Food with cuisine focus: american.","Resident perk: Dining Perk. Value: Resident card access. Resident dining offers, specials, and repeat-visit campaigns Use it: Show your Downtown Perks Card when a resident offer is active.","Call / Website / Email when available; Show Card; Save to Card; Directions","","OpenStreetMap / Overpass"
"Partner","caroline-node-10281193544","Caroline","Congress","Restaurant / Food","venue","Dining","621, Congress Avenue, Austin, TX, 78701","Create Map Plan","Restaurant / Food · Congress","Caroline","Restaurant / Food with cuisine focus: american.","Partner view: People nearby are deciding where to go next. Audience: Best fit: residents, guests, and visitors already close to Congress. Opportunity: Make Caroline easy to save, find, and act on from the map. Best timing: Strongest window: lunch, after work, and weekend planning Next move: Create Map Plan","Create Map Plan; Reports; Contact","","OpenStreetMap / Overpass"
"Resident","cava-node-11242814774","CAVA","Congress","Restaurant / Food","venue","Dining","515, Congress Avenue, Austin, TX, 78701","Dining Perk","Restaurant / Food · Congress","CAVA","Restaurant / Food with cuisine focus: mediterranean.","Resident perk: Dining Perk. Value: Resident card access. Resident dining offers, specials, and repeat-visit campaigns Use it: Show your Downtown Perks Card when a resident offer is active.","Call / Website / Email when available; Show Card; Save to Card; Directions","","OpenStreetMap / Overpass"
"Partner","cava-node-11242814774","CAVA","Congress","Restaurant / Food","venue","Dining","515, Congress Avenue, Austin, TX, 78701","Create Map Plan","Restaurant / Food · Congress","CAVA","Restaurant / Food with cuisine focus: mediterranean.","Partner view: People nearby are deciding where to go next. Audience: Best fit: residents, guests, and visitors already close to Congress. Opportunity: Make CAVA easy to save, find, and act on from the map. Best timing: Strongest window: lunch, after work, and weekend planning Next move: Create Map Plan","Create Map Plan; Reports; Contact","","OpenStreetMap / Overpass"
"Resident","chi-lantro-node-3190873008","Chi'Lantro","Congress","Restaurant / Food","venue","Dining","823, Congress Avenue, Austin, TX, 78701","Dining Perk","Restaurant / Food · Congress","Chi'Lantro","Restaurant / Food with cuisine focus: korean.","Resident perk: Dining Perk. Value: Resident card access. Resident dining offers, specials, and repeat-visit campaigns Use it: Show your Downtown Perks Card when a resident offer is active.","Call / Website / Email when available; Show Card; Save to Card; Directions","","OpenStreetMap / Overpass"
"Partner","chi-lantro-node-3190873008","Chi'Lantro","Congress","Restaurant / Food","venue","Dining","823, Congress Avenue, Austin, TX, 78701","Create Map Plan","Restaurant / Food · Congress","Chi'Lantro","Restaurant / Food with cuisine focus: korean.","Partner view: People nearby are deciding where to go next. Audience: Best fit: residents, guests, and visitors already close to Congress. Opportunity: Make Chi'Lantro easy to save, find, and act on from the map. Best timing: Strongest window: lunch, after work, and weekend planning Next move: Create Map Plan","Create Map Plan; Reports; Contact","","OpenStreetMap / Overpass"
"Resident","chipotle-node-2447742850","Chipotle","Congress","Restaurant / Food","venue","Dining","801, Congress Avenue, Austin, TX, 78701","Dining Perk","Restaurant / Food · Congress","Chipotle","Restaurant / Food with cuisine focus: mexican.","Resident perk: Dining Perk. Value: Resident card access. Resident dining offers, specials, and repeat-visit campaigns Use it: Show your Downtown Perks Card when a resident offer is active.","Call / Website / Email when available; Show Card; Save to Card; Directions","","OpenStreetMap / Overpass"
"Partner","chipotle-node-2447742850","Chipotle","Congress","Restaurant / Food","venue","Dining","801, Congress Avenue, Austin, TX, 78701","Create Map Plan","Restaurant / Food · Congress","Chipotle","Restaurant / Food with cuisine focus: mexican.","Partner view: People nearby are deciding where to go next. Audience: Best fit: residents, guests, and visitors already close to Congress. Opportunity: Make Chipotle easy to save, find, and act on from the map. Best timing: Strongest window: lunch, after work, and weekend planning Next move: Create Map Plan","Create Map Plan; Reports; Contact","","OpenStreetMap / Overpass"
"Resident","partner-comedor","Comedor","Congress","Venue / Restaurant","venue","Dining","501 Colorado St, Austin TX, 78701","Resident-Only Late Night Tequila Tasting","Venue / Restaurant · Congress","Comedor","Modern Mexican dining in the core of downtown.","Resident perk: Resident-Only Late Night Tequila Tasting. Value: Resident-Only Late Night Tequila Tasting. Modern Mexican dining in the core of downtown. Use it: Show your Downtown Perks Card when a resident offer is active.","Call / Website / Email when available; Show Card; Save to Card; Directions","/images/venues/downtown-dining-patio.png","Downtown Perks supplemental partner layer"
"Partner","partner-comedor","Comedor","Congress","Venue / Restaurant","venue","Dining","501 Colorado St, Austin TX, 78701","Create Map Plan","Venue / Restaurant · Congress","Comedor","Modern Mexican dining in the core of downtown.","Partner view: People nearby are deciding where to go next. Audience: Best fit: residents, guests, and visitors already close to Congress. Opportunity: Make Comedor easy to save, find, and act on from the map. Best timing: Strongest window: lunch, after work, and weekend planning Next move: Create Map Plan","Create Map Plan; Reports; Contact","/images/venues/downtown-dining-patio.png","Downtown Perks supplemental partner layer"
"Resident","cooper-s-old-time-pit-bar-b-que-way-1239928162","Cooper's Old Time Pit Bar-B-Que","Congress","Restaurant / Food","venue","Dining","217, Congress Avenue, Austin, TX, 78701","Dining Perk","Restaurant / Food · Congress","Cooper's Old Time Pit Bar-B-Que","Restaurant / Food with cuisine focus: barbecue.","Resident perk: Dining Perk. Value: Resident card access. Resident dining offers, specials, and repeat-visit campaigns Use it: Show your Downtown Perks Card when a resident offer is active.","Call / Website / Email when available; Show Card; Save to Card; Directions","","OpenStreetMap / Overpass"
"Partner","cooper-s-old-time-pit-bar-b-que-way-1239928162","Cooper's Old Time Pit Bar-B-Que","Congress","Restaurant / Food","venue","Dining","217, Congress Avenue, Austin, TX, 78701","Create Map Plan","Restaurant / Food · Congress","Cooper's Old Time Pit Bar-B-Que","Restaurant / Food with cuisine focus: barbecue.","Partner view: People nearby are deciding where to go next. Audience: Best fit: residents, guests, and visitors already close to Congress. Opportunity: Make Cooper's Old Time Pit Bar-B-Que easy to save, find, and act on from the map. Best timing: Strongest window: lunch, after work, and weekend planning Next move: Create Map Plan","Create Map Plan; Reports; Contact","","OpenStreetMap / Overpass"
"Resident","cvs-pharmacy-way-99725034","CVS Pharmacy","Congress","Retail / Business","venue","Civic","500, Congress Avenue, Austin, TX, 78701","Nearby Downtown Option","Retail / Business · Congress","CVS Pharmacy","Retail / Business listing operated by CVS Pharmacy.","Resident perk: Nearby Downtown Option. Value: Save it or go now. Resident discount programs and neighborhood shopping incentives Use it: Save it, get directions, or show your Downtown Perks Card if access is available.","Call / Website / Email when available; Show Card; Save to Card; Directions","","OpenStreetMap / Overpass"
"Partner","cvs-pharmacy-way-99725034","CVS Pharmacy","Congress","Retail / Business","venue","Civic","500, Congress Avenue, Austin, TX, 78701","Create Map Plan","Retail / Business · Congress","CVS Pharmacy","Retail / Business listing operated by CVS Pharmacy.","Partner view: People nearby are deciding where to go next. Audience: Best fit: residents, guests, and visitors already close to Congress. Opportunity: Make CVS Pharmacy easy to save, find, and act on from the map. Best timing: Strongest window: lunch, after work, and weekend planning Next move: Create Map Plan","Create Map Plan; Reports; Contact","","OpenStreetMap / Overpass"
"Resident","civic-dana","DANA (Downtown Austin Neighborhood Assoc)","Congress","Civic / Resident Advocacy","civic","Civic","Downtown Austin, TX 78701","Resident advocacy & premium meetings","Civic / Resident Advocacy · Congress","DANA (Downtown Austin Neighborhood Assoc)","Resident advocacy and neighborhood representation for downtown Austin.","Resident perk: Resident advocacy & premium meetings. Value: Resident advocacy & premium meetings. Resident advocacy and neighborhood representation for downtown Austin. Use it: Save it, get directions, or show your Downtown Perks Card if access is available.","Call / Website / Email when available; Show Card; Save to Card; Directions","/images/residents/downtown-rooftop-evening.png","Downtown Perks supplemental partner layer"
"Partner","civic-dana","DANA (Downtown Austin Neighborhood Assoc)","Congress","Civic / Resident Advocacy","civic","Civic","Downtown Austin, TX 78701","Create Map Plan","Civic / Resident Advocacy · Congress","DANA (Downtown Austin Neighborhood Assoc)","Resident advocacy and neighborhood representation for downtown Austin.","Partner view: People nearby are deciding where to go next. Audience: Best fit: residents, guests, and visitors already close to Congress. Opportunity: Make DANA (Downtown Austin Neighborhood Assoc) easy to save, find, and act on from the map. Best timing: Strongest window: lunch, after work, and weekend planning Next move: Create Map Plan","Create Map Plan; Reports; Contact","/images/residents/downtown-rooftop-evening.png","Downtown Perks supplemental partner layer"
"Resident","civic-daa","Downtown Austin Alliance (DAA)","Congress","Civic / Downtown District","civic","Civic","Downtown Austin, TX 78701","Infrastructure & Public Realm Updates","Civic / Downtown District · Congress","Downtown Austin Alliance (DAA)","Downtown district organization focused on public realm, safety, and economic vitality.","Resident perk: Infrastructure & Public Realm Updates. Value: Infrastructure & Public Realm Updates. Downtown district organization focused on public realm, safety, and economic vitality. Use it: Save it, get directions, or show your Downtown Perks Card if access is available.","Call / Website / Email when available; Show Card; Save to Card; Directions","/images/residents/downtown-rooftop-evening.png","Downtown Perks supplemental partner layer"
"Partner","civic-daa","Downtown Austin Alliance (DAA)","Congress","Civic / Downtown District","civic","Civic","Downtown Austin, TX 78701","Create Map Plan","Civic / Downtown District · Congress","Downtown Austin Alliance (DAA)","Downtown district organization focused on public realm, safety, and economic vitality.","Partner view: People nearby are deciding where to go next. Audience: Best fit: residents, guests, and visitors already close to Congress. Opportunity: Make Downtown Austin Alliance (DAA) easy to save, find, and act on from the map. Best timing: Strongest window: lunch, after work, and weekend planning Next move: Create Map Plan","Create Map Plan; Reports; Contact","/images/residents/downtown-rooftop-evening.png","Downtown Perks supplemental partner layer"
"Resident","downtown-austin-space-activation-way-1020754975","Downtown Austin Space Activation","Congress","Retail / Business","event","Campaign","506, Congress Avenue, Austin, TX, 78701","Event RSVP","Retail / Business · Congress","Downtown Austin Space Activation","Retail / Business listing in Downtown Austin.","Resident perk: Event RSVP. Value: Save or RSVP. Resident discount programs and neighborhood shopping incentives Use it: Save it to your card and check the event details before you go.","Call / Website / Email when available; Show Card; Save to Card; Directions","","OpenStreetMap / Overpass"
"Partner","downtown-austin-space-activation-way-1020754975","Downtown Austin Space Activation","Congress","Retail / Business","event","Campaign","506, Congress Avenue, Austin, TX, 78701","Promote Event","Retail / Business · Congress","Downtown Austin Space Activation","Retail / Business listing in Downtown Austin.","Partner view: Residents are looking for nearby things to do without switching apps. Audience: Best fit: residents, guests, and groups already near the venue. Opportunity: Make the RSVP and directions path immediate from the map. Best timing: Strongest window: day-of and two hours before start Next move: Promote Event","Promote Event; Reports; Contact","","OpenStreetMap / Overpass"
"Resident","partner-fine-eyewear","Fine Eyewear","Congress","Service / Retail","service","Retail","Downtown Austin, TX 78701","Scan to unlock a downtown styling offer","Service / Retail · Congress","Fine Eyewear","Downtown eyewear styling and optical service mapped for resident discovery.","Resident perk: Scan to unlock a downtown styling offer. Value: Scan to unlock a downtown styling offer. Downtown eyewear styling and optical service mapped for resident discovery. Use it: Save it, get directions, or show your Downtown Perks Card if access is available.","Call / Website / Email when available; Show Card; Save to Card; Directions","/images/map-entities/brand-fine-eyewear/ochialli.webp","Downtown Perks supplemental partner layer"
"Partner","partner-fine-eyewear","Fine Eyewear","Congress","Service / Retail","service","Retail","Downtown Austin, TX 78701","Create Map Plan","Service / Retail · Congress","Fine Eyewear","Downtown eyewear styling and optical service mapped for resident discovery.","Partner view: People nearby are deciding where to go next. Audience: Best fit: residents, guests, and visitors already close to Congress. Opportunity: Make Fine Eyewear easy to save, find, and act on from the map. Best timing: Strongest window: lunch, after work, and weekend planning Next move: Create Map Plan","Create Map Plan; Reports; Contact","/images/map-entities/brand-fine-eyewear/ochialli.webp","Downtown Perks supplemental partner layer"
"Resident","fleet-coffee-node-3849779903","Fleet Coffee","Congress","Coffee / Cafe","venue","Coffee","802, Congress Avenue, Austin, TX, 78701","Coffee Stop","Coffee / Cafe · Congress","Fleet Coffee","Coffee / Cafe with cuisine focus: coffee_shop.","Resident perk: Coffee Stop. Value: Resident card access. Morning perk loops, loyalty rewards, and community meetup anchors Use it: Show your Downtown Perks Card when a resident offer is active.","Call / Website / Email when available; Show Card; Save to Card; Directions","","OpenStreetMap / Overpass"
"Partner","fleet-coffee-node-3849779903","Fleet Coffee","Congress","Coffee / Cafe","venue","Coffee","802, Congress Avenue, Austin, TX, 78701","Create Map Plan","Coffee / Cafe · Congress","Fleet Coffee","Coffee / Cafe with cuisine focus: coffee_shop.","Partner view: People nearby are deciding where to go next. Audience: Best fit: residents, guests, and visitors already close to Congress. Opportunity: Make Fleet Coffee easy to save, find, and act on from the map. Best timing: Strongest window: lunch, after work, and weekend planning Next move: Create Map Plan","Create Map Plan; Reports; Contact","","OpenStreetMap / Overpass"
"Resident","fogo-de-ch-o-node-3764035157","Fogo de Chão","Congress","Restaurant / Food","venue","Dining","200, Congress Avenue, Austin, TX, 78701","Dining Perk","Restaurant / Food · Congress","Fogo de Chão","Restaurant / Food with cuisine focus: brazilian;steak_house.","Resident perk: Dining Perk. Value: Resident card access. Resident dining offers, specials, and repeat-visit campaigns Use it: Show your Downtown Perks Card when a resident offer is active.","Call / Website / Email when available; Show Card; Save to Card; Directions","","OpenStreetMap / Overpass"
"Partner","fogo-de-ch-o-node-3764035157","Fogo de Chão","Congress","Restaurant / Food","venue","Dining","200, Congress Avenue, Austin, TX, 78701","Create Map Plan","Restaurant / Food · Congress","Fogo de Chão","Restaurant / Food with cuisine focus: brazilian;steak_house.","Partner view: People nearby are deciding where to go next. Audience: Best fit: residents, guests, and visitors already close to Congress. Opportunity: Make Fogo de Chão easy to save, find, and act on from the map. Best timing: Strongest window: lunch, after work, and weekend planning Next move: Create Map Plan","Create Map Plan; Reports; Contact","","OpenStreetMap / Overpass"
"Resident","partner-four-seasons","Four Seasons","Congress","Hotel / Hospitality","hotel","Dining","98 San Jacinto Blvd, Austin TX, 78701","Spa & dining resident perks","Hotel / Hospitality · Congress","Four Seasons","Downtown hotel partner connected to dining, spa, and resident perks.","Resident perk: Spa & dining resident perks. Value: Spa & dining resident perks. Downtown hotel partner connected to dining, spa, and resident perks. Use it: Save it, get directions, or ask about resident access when available.","Call / Website / Email when available; Show Card; Save to Card; Directions","/images/venues/downtown-dining-patio.png","Downtown Perks supplemental partner layer"
"Partner","partner-four-seasons","Four Seasons","Congress","Hotel / Hospitality","hotel","Dining","98 San Jacinto Blvd, Austin TX, 78701","Create Guest Guide","Hotel / Hospitality · Congress","Four Seasons","Downtown hotel partner connected to dining, spa, and resident perks.","Partner view: Guests and residents nearby are looking for dinner, events, and easy walkable plans. Audience: Best fit: hotel guests, nearby residents, and visitors already walking through the area. Opportunity: Promote a concierge-style local guide or resident rate during late afternoon planning windows. Best timing: Strongest window: 3 PM to 8 PM Next move: Create Guest Guide","Create Guest Guide; Reports; Contact","/images/venues/downtown-dining-patio.png","Downtown Perks supplemental partner layer"
"Resident","priority-frost-tower","Frost Tower","Congress","Priority Building / Property","property","Residential","401 Congress Ave, Austin TX, 78701","Property Discovery","Priority Building / Property · Congress","Frost Tower","Austin's recognizable downtown tower, mapped as a priority building anchor.","Resident perk: Property Discovery. Value: Ask about availability. Austin's recognizable downtown tower, mapped as a priority building anchor. Use it: Use the contact option to ask about availability, showings, or similar downtown homes.","Call / Website / Email when available; Show Card; Save to Card; Directions","/images/properties/bowie-attached.jpg","Downtown Perks supplemental partner layer"
"Partner","priority-frost-tower","Frost Tower","Congress","Priority Building / Property","property","Residential","401 Congress Ave, Austin TX, 78701","Create Property Plan","Priority Building / Property · Congress","Frost Tower","Austin's recognizable downtown tower, mapped as a priority building anchor.","Partner view: Residents and prospects use this area to understand what daily life feels like around the building. Audience: Best fit: current residents, people looking at the building, brokers, and nearby businesses. Opportunity: Attach nearby perks, events, and walkable recommendations to the property story. Best timing: Strongest window: weekday lunch and after-work planning Next move: Create Property Plan","Create Property Plan; Reports; Contact","/images/properties/bowie-attached.jpg","Downtown Perks supplemental partner layer"
"Resident","gina-s-on-congress-way-1021167044","Gina's on Congress","Congress","Restaurant / Food","venue","Dining","314, Congress Avenue, Austin, Texas, 78701","Dining Perk","Restaurant / Food · Congress","Gina's on Congress","Restaurant / Food with cuisine focus: french;italian.","Resident perk: Dining Perk. Value: Resident card access. Resident dining offers, specials, and repeat-visit campaigns Use it: Show your Downtown Perks Card when a resident offer is active.","Call / Website / Email when available; Show Card; Save to Card; Directions","","OpenStreetMap / Overpass"
"Partner","gina-s-on-congress-way-1021167044","Gina's on Congress","Congress","Restaurant / Food","venue","Dining","314, Congress Avenue, Austin, Texas, 78701","Create Map Plan","Restaurant / Food · Congress","Gina's on Congress","Restaurant / Food with cuisine focus: french;italian.","Partner view: People nearby are deciding where to go next. Audience: Best fit: residents, guests, and visitors already close to Congress. Opportunity: Make Gina's on Congress easy to save, find, and act on from the map. Best timing: Strongest window: lunch, after work, and weekend planning Next move: Create Map Plan","Create Map Plan; Reports; Contact","","OpenStreetMap / Overpass"
"Resident","partner-heritage-boots","Heritage Boots","Congress","Brand / Retail","brand","Campaign","Downtown Austin, TX 78701","Exclusive resident custom boot fitting","Brand / Retail · Congress","Heritage Boots","Local retail partner for downtown resident offers.","Resident perk: Exclusive resident custom boot fitting. Value: Exclusive resident custom boot fitting. Local retail partner for downtown resident offers. Use it: Save it, get directions, or check the panel for resident access.","Call / Website / Email when available; Show Card; Save to Card; Directions","/images/brands/stay-put-sign.jpg","Downtown Perks supplemental partner layer"
"Partner","partner-heritage-boots","Heritage Boots","Congress","Brand / Retail","brand","Campaign","Downtown Austin, TX 78701","Plan Brand Moment","Brand / Retail · Congress","Heritage Boots","Local retail partner for downtown resident offers.","Partner view: People nearby are choosing what to do, where to go, and what feels useful today. Audience: Best fit: residents, visitors, and event-goers moving through Congress. Opportunity: Place Heritage Boots near the moments where the brand is useful, not just visible. Best timing: Strongest window: event days, weekends, and after-work planning Next move: Plan Brand Moment","Plan Brand Moment; Reports; Contact","/images/brands/stay-put-sign.jpg","Downtown Perks supplemental partner layer"
"Resident","hyatt-centric-congress-avenue-austin-way-328526440","Hyatt Centric Congress Avenue Austin","Congress","Hotel / Hospitality","hotel","Hotel","721, Congress Avenue, Austin, TX, 78701","Local Guest Guide","Hotel / Hospitality · Congress","Hyatt Centric Congress Avenue Austin","Hotel / Hospitality listing operated by Hyatt Centric.","Resident perk: Local Guest Guide. Value: Neighborhood access. Staycation perks, partner-hosted events, and sponsor activations Use it: Save it, get directions, or ask about resident access when available.","Call / Website / Email when available; Show Card; Save to Card; Directions","","OpenStreetMap / Overpass"
"Partner","hyatt-centric-congress-avenue-austin-way-328526440","Hyatt Centric Congress Avenue Austin","Congress","Hotel / Hospitality","hotel","Hotel","721, Congress Avenue, Austin, TX, 78701","Create Guest Guide","Hotel / Hospitality · Congress","Hyatt Centric Congress Avenue Austin","Hotel / Hospitality listing operated by Hyatt Centric.","Partner view: Guests and residents nearby are looking for dinner, events, and easy walkable plans. Audience: Best fit: hotel guests, nearby residents, and visitors already walking through the area. Opportunity: Promote a concierge-style local guide or resident rate during late afternoon planning windows. Best timing: Strongest window: 3 PM to 8 PM Next move: Create Guest Guide","Create Guest Guide; Reports; Contact","","OpenStreetMap / Overpass"
"Resident","jimmy-john-s-node-9752268071","Jimmy John's","Congress","Restaurant / Food","venue","Dining","515, Congress Avenue, Austin, TX, 78701","Dining Perk","Restaurant / Food · Congress","Jimmy John's","Restaurant / Food with cuisine focus: sandwich.","Resident perk: Dining Perk. Value: Resident card access. Resident dining offers, specials, and repeat-visit campaigns Use it: Show your Downtown Perks Card when a resident offer is active.","Call / Website / Email when available; Show Card; Save to Card; Directions","","OpenStreetMap / Overpass"
"Partner","jimmy-john-s-node-9752268071","Jimmy John's","Congress","Restaurant / Food","venue","Dining","515, Congress Avenue, Austin, TX, 78701","Create Map Plan","Restaurant / Food · Congress","Jimmy John's","Restaurant / Food with cuisine focus: sandwich.","Partner view: People nearby are deciding where to go next. Audience: Best fit: residents, guests, and visitors already close to Congress. Opportunity: Make Jimmy John's easy to save, find, and act on from the map. Best timing: Strongest window: lunch, after work, and weekend planning Next move: Create Map Plan","Create Map Plan; Reports; Contact","","OpenStreetMap / Overpass"
"Resident","joe-koen-son-jewelers-way-1213502015","Joe Koen & Son Jewelers","Congress","Retail / Business","venue","Civic","611, Congress Avenue, Austin, TX, 78701","Nearby Downtown Option","Retail / Business · Congress","Joe Koen & Son Jewelers","Retail / Business listing in Downtown Austin.","Resident perk: Nearby Downtown Option. Value: Save it or go now. Resident discount programs and neighborhood shopping incentives Use it: Save it, get directions, or show your Downtown Perks Card if access is available.","Call / Website / Email when available; Show Card; Save to Card; Directions","","OpenStreetMap / Overpass"
"Partner","joe-koen-son-jewelers-way-1213502015","Joe Koen & Son Jewelers","Congress","Retail / Business","venue","Civic","611, Congress Avenue, Austin, TX, 78701","Create Map Plan","Retail / Business · Congress","Joe Koen & Son Jewelers","Retail / Business listing in Downtown Austin.","Partner view: People nearby are deciding where to go next. Audience: Best fit: residents, guests, and visitors already close to Congress. Opportunity: Make Joe Koen & Son Jewelers easy to save, find, and act on from the map. Best timing: Strongest window: lunch, after work, and weekend planning Next move: Create Map Plan","Create Map Plan; Reports; Contact","","OpenStreetMap / Overpass"
"Resident","jupiter-supper-club-node-12242488579","Jupiter Supper Club","Congress","Restaurant / Food","venue","Dining","718, Congress Avenue, Austin, TX, 78701","Dining Perk","Restaurant / Food · Congress","Jupiter Supper Club","Restaurant / Food with cuisine focus: american.","Resident perk: Dining Perk. Value: Resident card access. Resident dining offers, specials, and repeat-visit campaigns Use it: Show your Downtown Perks Card when a resident offer is active.","Call / Website / Email when available; Show Card; Save to Card; Directions","","OpenStreetMap / Overpass"
"Partner","jupiter-supper-club-node-12242488579","Jupiter Supper Club","Congress","Restaurant / Food","venue","Dining","718, Congress Avenue, Austin, TX, 78701","Create Map Plan","Restaurant / Food · Congress","Jupiter Supper Club","Restaurant / Food with cuisine focus: american.","Partner view: People nearby are deciding where to go next. Audience: Best fit: residents, guests, and visitors already close to Congress. Opportunity: Make Jupiter Supper Club easy to save, find, and act on from the map. Best timing: Strongest window: lunch, after work, and weekend planning Next move: Create Map Plan","Create Map Plan; Reports; Contact","","OpenStreetMap / Overpass"
"Resident","kruger-s-jewlers-node-3849779888","Kruger's Jewlers","Congress","Retail / Business","venue","Civic","722, Congress Avenue, Austin, TX, 78701","Nearby Downtown Option","Retail / Business · Congress","Kruger's Jewlers","Retail / Business listing in Downtown Austin.","Resident perk: Nearby Downtown Option. Value: Save it or go now. Resident discount programs and neighborhood shopping incentives Use it: Save it, get directions, or show your Downtown Perks Card if access is available.","Call / Website / Email when available; Show Card; Save to Card; Directions","","OpenStreetMap / Overpass"
"Partner","kruger-s-jewlers-node-3849779888","Kruger's Jewlers","Congress","Retail / Business","venue","Civic","722, Congress Avenue, Austin, TX, 78701","Create Map Plan","Retail / Business · Congress","Kruger's Jewlers","Retail / Business listing in Downtown Austin.","Partner view: People nearby are deciding where to go next. Audience: Best fit: residents, guests, and visitors already close to Congress. Opportunity: Make Kruger's Jewlers easy to save, find, and act on from the map. Best timing: Strongest window: lunch, after work, and weekend planning Next move: Create Map Plan","Create Map Plan; Reports; Contact","","OpenStreetMap / Overpass"
"Resident","las-bis-node-10245293659","Las Bis","Congress","Bar / Nightlife","venue","Nightlife","721, Congress Avenue, Austin, TX, 78701","Night Out Nearby","Bar / Nightlife · Congress","Las Bis","Bar / Nightlife listing in Downtown Austin.","Resident perk: Night Out Nearby. Value: Resident card access. Resident happy-hour perks, nightlife activations, and event check-ins Use it: Show your Downtown Perks Card when a resident offer is active.","Call / Website / Email when available; Show Card; Save to Card; Directions","","OpenStreetMap / Overpass"
"Partner","las-bis-node-10245293659","Las Bis","Congress","Bar / Nightlife","venue","Nightlife","721, Congress Avenue, Austin, TX, 78701","Promote Event","Bar / Nightlife · Congress","Las Bis","Bar / Nightlife listing in Downtown Austin.","Partner view: Residents are looking for nearby things to do without switching apps. Audience: Best fit: residents, guests, and groups already near the venue. Opportunity: Make the RSVP and directions path immediate from the map. Best timing: Strongest window: day-of and two hours before start Next move: Promote Event","Promote Event; Reports; Contact","","OpenStreetMap / Overpass"
"Resident","llano-lounge-node-11519417375","Llano Lounge","Congress","Bar / Nightlife","venue","Nightlife","217, Congress Avenue, Austin, TX, 78701","Night Out Nearby","Bar / Nightlife · Congress","Llano Lounge","Bar / Nightlife listing in Downtown Austin.","Resident perk: Night Out Nearby. Value: Resident card access. Resident happy-hour perks, nightlife activations, and event check-ins Use it: Show your Downtown Perks Card when a resident offer is active.","Call / Website / Email when available; Show Card; Save to Card; Directions","","OpenStreetMap / Overpass"
"Partner","llano-lounge-node-11519417375","Llano Lounge","Congress","Bar / Nightlife","venue","Nightlife","217, Congress Avenue, Austin, TX, 78701","Promote Event","Bar / Nightlife · Congress","Llano Lounge","Bar / Nightlife listing in Downtown Austin.","Partner view: Residents are looking for nearby things to do without switching apps. Audience: Best fit: residents, guests, and groups already near the venue. Opportunity: Make the RSVP and directions path immediate from the map. Best timing: Strongest window: day-of and two hours before start Next move: Promote Event","Promote Event; Reports; Contact","","OpenStreetMap / Overpass"
"Resident","luminaire-node-10245293658","Luminaire","Congress","Restaurant / Food","venue","Dining","721, Congress Avenue, Austin, TX, 78701","Dining Perk","Restaurant / Food · Congress","Luminaire","Restaurant / Food with cuisine focus: texan.","Resident perk: Dining Perk. Value: Resident card access. Resident dining offers, specials, and repeat-visit campaigns Use it: Show your Downtown Perks Card when a resident offer is active.","Call / Website / Email when available; Show Card; Save to Card; Directions","","OpenStreetMap / Overpass"
"Partner","luminaire-node-10245293658","Luminaire","Congress","Restaurant / Food","venue","Dining","721, Congress Avenue, Austin, TX, 78701","Create Map Plan","Restaurant / Food · Congress","Luminaire","Restaurant / Food with cuisine focus: texan.","Partner view: People nearby are deciding where to go next. Audience: Best fit: residents, guests, and visitors already close to Congress. Opportunity: Make Luminaire easy to save, find, and act on from the map. Best timing: Strongest window: lunch, after work, and weekend planning Next move: Create Map Plan","Create Map Plan; Reports; Contact","","OpenStreetMap / Overpass"
"Resident","mason-s-famous-lobster-rolls-node-3849775798","Mason's Famous Lobster Rolls","Congress","Restaurant / Food","venue","Dining","200, Congress Avenue, Austin, TX, 78701","Dining Perk","Restaurant / Food · Congress","Mason's Famous Lobster Rolls","Restaurant / Food with cuisine focus: seafood.","Resident perk: Dining Perk. Value: Resident card access. Resident dining offers, specials, and repeat-visit campaigns Use it: Show your Downtown Perks Card when a resident offer is active.","Call / Website / Email when available; Show Card; Save to Card; Directions","","OpenStreetMap / Overpass"
"Partner","mason-s-famous-lobster-rolls-node-3849775798","Mason's Famous Lobster Rolls","Congress","Restaurant / Food","venue","Dining","200, Congress Avenue, Austin, TX, 78701","Create Map Plan","Restaurant / Food · Congress","Mason's Famous Lobster Rolls","Restaurant / Food with cuisine focus: seafood.","Partner view: People nearby are deciding where to go next. Audience: Best fit: residents, guests, and visitors already close to Congress. Opportunity: Make Mason's Famous Lobster Rolls easy to save, find, and act on from the map. Best timing: Strongest window: lunch, after work, and weekend planning Next move: Create Map Plan","Create Map Plan; Reports; Contact","","OpenStreetMap / Overpass"
"Resident","mirandas-cafe-node-11071504905","Mirandas Cafe","Congress","Coffee / Cafe","venue","Coffee","301, Congress Avenue, Austin, TX, 78701","Coffee Stop","Coffee / Cafe · Congress","Mirandas Cafe","Coffee / Cafe with cuisine focus: breakfast;mexican.","Resident perk: Coffee Stop. Value: Resident card access. Morning perk loops, loyalty rewards, and community meetup anchors Use it: Show your Downtown Perks Card when a resident offer is active.","Call / Website / Email when available; Show Card; Save to Card; Directions","","OpenStreetMap / Overpass"
"Partner","mirandas-cafe-node-11071504905","Mirandas Cafe","Congress","Coffee / Cafe","venue","Coffee","301, Congress Avenue, Austin, TX, 78701","Create Map Plan","Coffee / Cafe · Congress","Mirandas Cafe","Coffee / Cafe with cuisine focus: breakfast;mexican.","Partner view: People nearby are deciding where to go next. Audience: Best fit: residents, guests, and visitors already close to Congress. Opportunity: Make Mirandas Cafe easy to save, find, and act on from the map. Best timing: Strongest window: lunch, after work, and weekend planning Next move: Create Map Plan","Create Map Plan; Reports; Contact","","OpenStreetMap / Overpass"
"Resident","mort-subite-way-328634437","Mort Subite","Congress","Bar / Nightlife","venue","Nightlife","308, Congress Avenue, Austin, TX, 78701","Night Out Nearby","Bar / Nightlife · Congress","Mort Subite","Bar / Nightlife listing in Downtown Austin.","Resident perk: Night Out Nearby. Value: Resident card access. Resident happy-hour perks, nightlife activations, and event check-ins Use it: Show your Downtown Perks Card when a resident offer is active.","Call / Website / Email when available; Show Card; Save to Card; Directions","","OpenStreetMap / Overpass"
"Partner","mort-subite-way-328634437","Mort Subite","Congress","Bar / Nightlife","venue","Nightlife","308, Congress Avenue, Austin, TX, 78701","Promote Event","Bar / Nightlife · Congress","Mort Subite","Bar / Nightlife listing in Downtown Austin.","Partner view: Residents are looking for nearby things to do without switching apps. Audience: Best fit: residents, guests, and groups already near the venue. Opportunity: Make the RSVP and directions path immediate from the map. Best timing: Strongest window: day-of and two hours before start Next move: Promote Event","Promote Event; Reports; Contact","","OpenStreetMap / Overpass"
"Resident","my-eye-dr-node-12577833087","My Eye Dr","Congress","Retail / Business","venue","Civic","714, Congress Avenue, Austin, TX, 78701","Nearby Downtown Option","Retail / Business · Congress","My Eye Dr","Retail / Business listing operated by MyEyeDr..","Resident perk: Nearby Downtown Option. Value: Save it or go now. Resident discount programs and neighborhood shopping incentives Use it: Save it, get directions, or show your Downtown Perks Card if access is available.","Call / Website / Email when available; Show Card; Save to Card; Directions","","OpenStreetMap / Overpass"
"Partner","my-eye-dr-node-12577833087","My Eye Dr","Congress","Retail / Business","venue","Civic","714, Congress Avenue, Austin, TX, 78701","Create Map Plan","Retail / Business · Congress","My Eye Dr","Retail / Business listing operated by MyEyeDr..","Partner view: People nearby are deciding where to go next. Audience: Best fit: residents, guests, and visitors already close to Congress. Opportunity: Make My Eye Dr easy to save, find, and act on from the map. Best timing: Strongest window: lunch, after work, and weekend planning Next move: Create Map Plan","Create Map Plan; Reports; Contact","","OpenStreetMap / Overpass"
"Resident","p-terry-s-node-4511193389","P. Terry's","Congress","Restaurant / Food","venue","Dining","515, Congress Avenue, Austin, TX, 78701","Dining Perk","Restaurant / Food · Congress","P. Terry's","Restaurant / Food with cuisine focus: burger.","Resident perk: Dining Perk. Value: Resident card access. Resident dining offers, specials, and repeat-visit campaigns Use it: Show your Downtown Perks Card when a resident offer is active.","Call / Website / Email when available; Show Card; Save to Card; Directions","","OpenStreetMap / Overpass"
"Partner","p-terry-s-node-4511193389","P. Terry's","Congress","Restaurant / Food","venue","Dining","515, Congress Avenue, Austin, TX, 78701","Create Map Plan","Restaurant / Food · Congress","P. Terry's","Restaurant / Food with cuisine focus: burger.","Partner view: People nearby are deciding where to go next. Audience: Best fit: residents, guests, and visitors already close to Congress. Opportunity: Make P. Terry's easy to save, find, and act on from the map. Best timing: Strongest window: lunch, after work, and weekend planning Next move: Create Map Plan","Create Map Plan; Reports; Contact","","OpenStreetMap / Overpass"
"Resident","patagonia-way-328634447","Patagonia","Congress","Retail / Business","venue","Civic","316, Congress Avenue, Austin, TX, 78701","Nearby Downtown Option","Retail / Business · Congress","Patagonia","Retail / Business listing operated by Patagonia.","Resident perk: Nearby Downtown Option. Value: Save it or go now. Resident discount programs and neighborhood shopping incentives Use it: Save it, get directions, or show your Downtown Perks Card if access is available.","Call / Website / Email when available; Show Card; Save to Card; Directions","","OpenStreetMap / Overpass"
"Partner","patagonia-way-328634447","Patagonia","Congress","Retail / Business","venue","Civic","316, Congress Avenue, Austin, TX, 78701","Create Map Plan","Retail / Business · Congress","Patagonia","Retail / Business listing operated by Patagonia.","Partner view: People nearby are deciding where to go next. Audience: Best fit: residents, guests, and visitors already close to Congress. Opportunity: Make Patagonia easy to save, find, and act on from the map. Best timing: Strongest window: lunch, after work, and weekend planning Next move: Create Map Plan","Create Map Plan; Reports; Contact","","OpenStreetMap / Overpass"
"Resident","punch-bowl-social-way-1020754976","Punch Bowl Social","Congress","Restaurant / Food","venue","Dining","522, Congress Avenue, Austin, TX, 78701","Dining Perk","Restaurant / Food · Congress","Punch Bowl Social","Restaurant / Food with cuisine focus: american.","Resident perk: Dining Perk. Value: Resident card access. Resident dining offers, specials, and repeat-visit campaigns Use it: Show your Downtown Perks Card when a resident offer is active.","Call / Website / Email when available; Show Card; Save to Card; Directions","","OpenStreetMap / Overpass"
"Partner","punch-bowl-social-way-1020754976","Punch Bowl Social","Congress","Restaurant / Food","venue","Dining","522, Congress Avenue, Austin, TX, 78701","Create Map Plan","Restaurant / Food · Congress","Punch Bowl Social","Restaurant / Food with cuisine focus: american.","Partner view: People nearby are deciding where to go next. Audience: Best fit: residents, guests, and visitors already close to Congress. Opportunity: Make Punch Bowl Social easy to save, find, and act on from the map. Best timing: Strongest window: lunch, after work, and weekend planning Next move: Create Map Plan","Create Map Plan; Reports; Contact","","OpenStreetMap / Overpass"
"Resident","event-rooftop-social","Rooftop Social","Congress","Event / Access","event","Event","Downtown Rooftop, Austin, TX 78701","Event RSVP","Event / Access · Congress","Rooftop Social","Resident rooftop access with enough nearby places to keep the night easy.","Resident perk: Event RSVP. Value: Save or RSVP. Resident rooftop access with enough nearby places to keep the night easy. Use it: Save it to your card and check the event details before you go.","Call / Website / Email when available; Show Card; Save to Card; Directions","","Downtown Perks event layer"
"Partner","event-rooftop-social","Rooftop Social","Congress","Event / Access","event","Event","Downtown Rooftop, Austin, TX 78701","Promote Event","Event / Access · Congress","Rooftop Social","Resident rooftop access with enough nearby places to keep the night easy.","Partner view: Residents are looking for nearby things to do without switching apps. Audience: Best fit: residents, guests, and groups already near the venue. Opportunity: Make the RSVP and directions path immediate from the map. Best timing: Strongest window: day-of and two hours before start Next move: Promote Event","Promote Event; Reports; Contact","","Downtown Perks event layer"
"Resident","royal-blue-grocery-way-1213502014","Royal Blue Grocery","Congress","Local Grocery","venue","Coffee","609, Congress Avenue, Austin, TX, 78701","Resident grocery discount when shopping in-store","Local Grocery · Congress","Royal Blue Grocery","Local downtown grocery stop for coffee, snacks, pantry basics, wine, and quick errands.","Resident perk: Resident grocery discount when shopping in-store. Value: Resident grocery discount when shopping in-store. Resident grocery discounts and neighborhood shopping value for everyday downtown errands. Use it: Show your Downtown Perks Card at checkout when the resident offer is active.","Call / Website / Email when available; Show Card; Save to Card; Directions","","OpenStreetMap / Overpass"
"Partner","royal-blue-grocery-way-1213502014","Royal Blue Grocery","Congress","Local Grocery","venue","Coffee","609, Congress Avenue, Austin, TX, 78701","Create Map Plan","Local Grocery · Congress","Royal Blue Grocery","Local downtown grocery stop for coffee, snacks, pantry basics, wine, and quick errands.","Partner view: People nearby are deciding where to go next. Audience: Best fit: residents, guests, and visitors already close to Congress. Opportunity: Make Royal Blue Grocery easy to save, find, and act on from the map. Best timing: Strongest window: lunch, after work, and weekend planning Next move: Create Map Plan","Create Map Plan; Reports; Contact","","OpenStreetMap / Overpass"
"Resident","saturn-node-3353487729","Saturn","Congress","Bar / Nightlife","venue","Nightlife","906, Congress Avenue, Austin, TX, 78701","Night Out Nearby","Bar / Nightlife · Congress","Saturn","Bar / Nightlife listing in Downtown Austin.","Resident perk: Night Out Nearby. Value: Resident card access. Resident happy-hour perks, nightlife activations, and event check-ins Use it: Show your Downtown Perks Card when a resident offer is active.","Call / Website / Email when available; Show Card; Save to Card; Directions","","OpenStreetMap / Overpass"
"Partner","saturn-node-3353487729","Saturn","Congress","Bar / Nightlife","venue","Nightlife","906, Congress Avenue, Austin, TX, 78701","Promote Event","Bar / Nightlife · Congress","Saturn","Bar / Nightlife listing in Downtown Austin.","Partner view: Residents are looking for nearby things to do without switching apps. Audience: Best fit: residents, guests, and groups already near the venue. Opportunity: Make the RSVP and directions path immediate from the map. Best timing: Strongest window: day-of and two hours before start Next move: Promote Event","Promote Event; Reports; Contact","","OpenStreetMap / Overpass"
"Resident","shiner-s-saloon-node-1481721326","Shiner's Saloon","Congress","Bar / Nightlife","venue","Nightlife","422, Congress Avenue, Austin, TX, 78701","Night Out Nearby","Bar / Nightlife · Congress","Shiner's Saloon","Bar / Nightlife listing in Downtown Austin.","Resident perk: Night Out Nearby. Value: Resident card access. Resident happy-hour perks, nightlife activations, and event check-ins Use it: Show your Downtown Perks Card when a resident offer is active.","Call / Website / Email when available; Show Card; Save to Card; Directions","","OpenStreetMap / Overpass"
"Partner","shiner-s-saloon-node-1481721326","Shiner's Saloon","Congress","Bar / Nightlife","venue","Nightlife","422, Congress Avenue, Austin, TX, 78701","Promote Event","Bar / Nightlife · Congress","Shiner's Saloon","Bar / Nightlife listing in Downtown Austin.","Partner view: Residents are looking for nearby things to do without switching apps. Audience: Best fit: residents, guests, and groups already near the venue. Opportunity: Make the RSVP and directions path immediate from the map. Best timing: Strongest window: day-of and two hours before start Next move: Promote Event","Promote Event; Reports; Contact","","OpenStreetMap / Overpass"
"Resident","sushi-junai-omakase-node-9517424344","Sushi Junai Omakase","Congress","Restaurant / Food","venue","Dining","315, Congress Avenue, Austin, TX, 78701","Dining Perk","Restaurant / Food · Congress","Sushi Junai Omakase","Restaurant / Food with cuisine focus: sushi.","Resident perk: Dining Perk. Value: Resident card access. Resident dining offers, specials, and repeat-visit campaigns Use it: Show your Downtown Perks Card when a resident offer is active.","Call / Website / Email when available; Show Card; Save to Card; Directions","","OpenStreetMap / Overpass"
"Partner","sushi-junai-omakase-node-9517424344","Sushi Junai Omakase","Congress","Restaurant / Food","venue","Dining","315, Congress Avenue, Austin, TX, 78701","Create Map Plan","Restaurant / Food · Congress","Sushi Junai Omakase","Restaurant / Food with cuisine focus: sushi.","Partner view: People nearby are deciding where to go next. Audience: Best fit: residents, guests, and visitors already close to Congress. Opportunity: Make Sushi Junai Omakase easy to save, find, and act on from the map. Best timing: Strongest window: lunch, after work, and weekend planning Next move: Create Map Plan","Create Map Plan; Reports; Contact","","OpenStreetMap / Overpass"
"Resident","swift-s-attic-node-6039911718","Swift's Attic","Congress","Restaurant / Food","venue","Dining","315, Congress Avenue, Austin, TX, 78701","Dining Perk","Restaurant / Food · Congress","Swift's Attic","Restaurant / Food with cuisine focus: fine_dining.","Resident perk: Dining Perk. Value: Resident card access. Resident dining offers, specials, and repeat-visit campaigns Use it: Show your Downtown Perks Card when a resident offer is active.","Call / Website / Email when available; Show Card; Save to Card; Directions","","OpenStreetMap / Overpass"
"Partner","swift-s-attic-node-6039911718","Swift's Attic","Congress","Restaurant / Food","venue","Dining","315, Congress Avenue, Austin, TX, 78701","Create Map Plan","Restaurant / Food · Congress","Swift's Attic","Restaurant / Food with cuisine focus: fine_dining.","Partner view: People nearby are deciding where to go next. Audience: Best fit: residents, guests, and visitors already close to Congress. Opportunity: Make Swift's Attic easy to save, find, and act on from the map. Best timing: Strongest window: lunch, after work, and weekend planning Next move: Create Map Plan","Create Map Plan; Reports; Contact","","OpenStreetMap / Overpass"
"Resident","tacodeli-node-10869767154","Tacodeli","Congress","Restaurant / Food","venue","Dining","301, Congress Avenue, Austin, TX, 78701","Dining Perk","Restaurant / Food · Congress","Tacodeli","Restaurant / Food with cuisine focus: tacqueria.","Resident perk: Dining Perk. Value: Resident card access. Resident dining offers, specials, and repeat-visit campaigns Use it: Show your Downtown Perks Card when a resident offer is active.","Call / Website / Email when available; Show Card; Save to Card; Directions","","OpenStreetMap / Overpass"
"Partner","tacodeli-node-10869767154","Tacodeli","Congress","Restaurant / Food","venue","Dining","301, Congress Avenue, Austin, TX, 78701","Create Map Plan","Restaurant / Food · Congress","Tacodeli","Restaurant / Food with cuisine focus: tacqueria.","Partner view: People nearby are deciding where to go next. Audience: Best fit: residents, guests, and visitors already close to Congress. Opportunity: Make Tacodeli easy to save, find, and act on from the map. Best timing: Strongest window: lunch, after work, and weekend planning Next move: Create Map Plan","Create Map Plan; Reports; Contact","","OpenStreetMap / Overpass"
"Resident","the-elephant-room-node-336605818","The Elephant Room","Congress","Bar / Nightlife","venue","Nightlife","315, Congress Avenue, Austin, TX, 78701","Night Out Nearby","Bar / Nightlife · Congress","The Elephant Room","Bar / Nightlife listing in Downtown Austin.","Resident perk: Night Out Nearby. Value: Resident card access. Resident happy-hour perks, nightlife activations, and event check-ins Use it: Show your Downtown Perks Card when a resident offer is active.","Call / Website / Email when available; Show Card; Save to Card; Directions","","OpenStreetMap / Overpass"
"Partner","the-elephant-room-node-336605818","The Elephant Room","Congress","Bar / Nightlife","venue","Nightlife","315, Congress Avenue, Austin, TX, 78701","Promote Event","Bar / Nightlife · Congress","The Elephant Room","Bar / Nightlife listing in Downtown Austin.","Partner view: Residents are looking for nearby things to do without switching apps. Audience: Best fit: residents, guests, and groups already near the venue. Opportunity: Make the RSVP and directions path immediate from the map. Best timing: Strongest window: day-of and two hours before start Next move: Promote Event","Promote Event; Reports; Contact","","OpenStreetMap / Overpass"
"Resident","the-hideout-coffee-house-way-1213502018","The Hideout Coffee House","Congress","Coffee / Cafe","venue","Coffee","617, Congress Avenue, Austin, TX, 78701","Coffee Stop","Coffee / Cafe · Congress","The Hideout Coffee House","Coffee / Cafe with cuisine focus: coffee_shop.","Resident perk: Coffee Stop. Value: Resident card access. Morning perk loops, loyalty rewards, and community meetup anchors Use it: Show your Downtown Perks Card when a resident offer is active.","Call / Website / Email when available; Show Card; Save to Card; Directions","","OpenStreetMap / Overpass"
"Partner","the-hideout-coffee-house-way-1213502018","The Hideout Coffee House","Congress","Coffee / Cafe","venue","Coffee","617, Congress Avenue, Austin, TX, 78701","Create Map Plan","Coffee / Cafe · Congress","The Hideout Coffee House","Coffee / Cafe with cuisine focus: coffee_shop.","Partner view: People nearby are deciding where to go next. Audience: Best fit: residents, guests, and visitors already close to Congress. Opportunity: Make The Hideout Coffee House easy to save, find, and act on from the map. Best timing: Strongest window: lunch, after work, and weekend planning Next move: Create Map Plan","Create Map Plan; Reports; Contact","","OpenStreetMap / Overpass"
"Resident","the-old-bakery-and-emporium-way-379165877","The Old Bakery and Emporium","Congress","Retail / Business","venue","Civic","1006, Congress Avenue, 78701","Nearby Downtown Option","Retail / Business · Congress","The Old Bakery and Emporium","Retail / Business listing in Downtown Austin.","Resident perk: Nearby Downtown Option. Value: Save it or go now. Resident discount programs and neighborhood shopping incentives Use it: Save it, get directions, or show your Downtown Perks Card if access is available.","Call / Website / Email when available; Show Card; Save to Card; Directions","","OpenStreetMap / Overpass"
"Partner","the-old-bakery-and-emporium-way-379165877","The Old Bakery and Emporium","Congress","Retail / Business","venue","Civic","1006, Congress Avenue, 78701","Create Map Plan","Retail / Business · Congress","The Old Bakery and Emporium","Retail / Business listing in Downtown Austin.","Partner view: People nearby are deciding where to go next. Audience: Best fit: residents, guests, and visitors already close to Congress. Opportunity: Make The Old Bakery and Emporium easy to save, find, and act on from the map. Best timing: Strongest window: lunch, after work, and weekend planning Next move: Create Map Plan","Create Map Plan; Reports; Contact","","OpenStreetMap / Overpass"
"Resident","the-stephen-f-austin-royal-sonesta-hotel-way-328526453","The Stephen F Austin Royal Sonesta Hotel","Congress","Hotel / Hospitality","hotel","Hotel","701, Congress Avenue, Austin, TX, 78701","Local Guest Guide","Hotel / Hospitality · Congress","The Stephen F Austin Royal Sonesta Hotel","Hotel / Hospitality listing operated by Sonesta.","Resident perk: Local Guest Guide. Value: Neighborhood access. Staycation perks, partner-hosted events, and sponsor activations Use it: Save it, get directions, or ask about resident access when available.","Call / Website / Email when available; Show Card; Save to Card; Directions","","OpenStreetMap / Overpass"
"Partner","the-stephen-f-austin-royal-sonesta-hotel-way-328526453","The Stephen F Austin Royal Sonesta Hotel","Congress","Hotel / Hospitality","hotel","Hotel","701, Congress Avenue, Austin, TX, 78701","Create Guest Guide","Hotel / Hospitality · Congress","The Stephen F Austin Royal Sonesta Hotel","Hotel / Hospitality listing operated by Sonesta.","Partner view: Guests and residents nearby are looking for dinner, events, and easy walkable plans. Audience: Best fit: hotel guests, nearby residents, and visitors already walking through the area. Opportunity: Promote a concierge-style local guide or resident rate during late afternoon planning windows. Best timing: Strongest window: 3 PM to 8 PM Next move: Create Guest Guide","Create Guest Guide; Reports; Contact","","OpenStreetMap / Overpass"
"Resident","partner-topo-chico","Topo Chico","Congress","Brand / Activation","brand","Campaign","Downtown Austin, TX 78701","Free mineral water at any Rainey verification stand","Brand / Activation · Congress","Topo Chico","Brand activation connected to downtown verification stands and resident moments.","Resident perk: Free mineral water at any Rainey verification stand. Value: Free mineral water at any Rainey verification stand. Brand activation connected to downtown verification stands and resident moments. Use it: Save it, get directions, or check the panel for resident access.","Call / Website / Email when available; Show Card; Save to Card; Directions","/images/brands/stay-put-sign.jpg","Downtown Perks supplemental partner layer"
"Partner","partner-topo-chico","Topo Chico","Congress","Brand / Activation","brand","Campaign","Downtown Austin, TX 78701","Plan Brand Moment","Brand / Activation · Congress","Topo Chico","Brand activation connected to downtown verification stands and resident moments.","Partner view: People nearby are choosing what to do, where to go, and what feels useful today. Audience: Best fit: residents, visitors, and event-goers moving through Congress. Opportunity: Place Topo Chico near the moments where the brand is useful, not just visible. Best timing: Strongest window: event days, weekends, and after-work planning Next move: Plan Brand Moment","Plan Brand Moment; Reports; Contact","/images/brands/stay-put-sign.jpg","Downtown Perks supplemental partner layer"
"Resident","upstairs-at-caroline-node-3849779385","Upstairs at Caroline","Congress","Bar / Nightlife","venue","Nightlife","621, Congress Avenue, Austin, TX, 78701","Night Out Nearby","Bar / Nightlife · Congress","Upstairs at Caroline","Bar / Nightlife listing in Downtown Austin.","Resident perk: Night Out Nearby. Value: Resident card access. Resident happy-hour perks, nightlife activations, and event check-ins Use it: Show your Downtown Perks Card when a resident offer is active.","Call / Website / Email when available; Show Card; Save to Card; Directions","","OpenStreetMap / Overpass"
"Partner","upstairs-at-caroline-node-3849779385","Upstairs at Caroline","Congress","Bar / Nightlife","venue","Nightlife","621, Congress Avenue, Austin, TX, 78701","Promote Event","Bar / Nightlife · Congress","Upstairs at Caroline","Bar / Nightlife listing in Downtown Austin.","Partner view: Residents are looking for nearby things to do without switching apps. Audience: Best fit: residents, guests, and groups already near the venue. Opportunity: Make the RSVP and directions path immediate from the map. Best timing: Strongest window: day-of and two hours before start Next move: Promote Event","Promote Event; Reports; Contact","","OpenStreetMap / Overpass"
"Resident","velvet-taco-node-9136489517","Velvet Taco","Congress","Restaurant / Food","venue","Dining","522, Congress Avenue, 78701","Dining Perk","Restaurant / Food · Congress","Velvet Taco","Restaurant / Food listing in Downtown Austin.","Resident perk: Dining Perk. Value: Resident card access. Resident dining offers, specials, and repeat-visit campaigns Use it: Show your Downtown Perks Card when a resident offer is active.","Call / Website / Email when available; Show Card; Save to Card; Directions","","OpenStreetMap / Overpass"
"Partner","velvet-taco-node-9136489517","Velvet Taco","Congress","Restaurant / Food","venue","Dining","522, Congress Avenue, 78701","Create Map Plan","Restaurant / Food · Congress","Velvet Taco","Restaurant / Food listing in Downtown Austin.","Partner view: People nearby are deciding where to go next. Audience: Best fit: residents, guests, and visitors already close to Congress. Opportunity: Make Velvet Taco easy to save, find, and act on from the map. Best timing: Strongest window: lunch, after work, and weekend planning Next move: Create Map Plan","Create Map Plan; Reports; Contact","","OpenStreetMap / Overpass"
"Resident","wee-s-cozy-kitchen-node-11872813199","Wee's Cozy Kitchen","Congress","Restaurant / Food","venue","Dining","609, Congress Avenue, 78701","Dining Perk","Restaurant / Food · Congress","Wee's Cozy Kitchen","Restaurant / Food listing in Downtown Austin.","Resident perk: Dining Perk. Value: Resident card access. Resident dining offers, specials, and repeat-visit campaigns Use it: Show your Downtown Perks Card when a resident offer is active.","Call / Website / Email when available; Show Card; Save to Card; Directions","","OpenStreetMap / Overpass"
"Partner","wee-s-cozy-kitchen-node-11872813199","Wee's Cozy Kitchen","Congress","Restaurant / Food","venue","Dining","609, Congress Avenue, 78701","Create Map Plan","Restaurant / Food · Congress","Wee's Cozy Kitchen","Restaurant / Food listing in Downtown Austin.","Partner view: People nearby are deciding where to go next. Audience: Best fit: residents, guests, and visitors already close to Congress. Opportunity: Make Wee's Cozy Kitchen easy to save, find, and act on from the map. Best timing: Strongest window: lunch, after work, and weekend planning Next move: Create Map Plan","Create Map Plan; Reports; Contact","","OpenStreetMap / Overpass"
"Resident","yeti-congress-district-activation","YETI Congress Activation","Congress","Brand / Activation","brand","Campaign","Congress Avenue, Austin, TX 78701","Event RSVP","Brand / Activation · Congress","YETI Congress Activation","A useful brand placement for downtown residents moving between work, events, and weekend plans.","Resident perk: Event RSVP. Value: Save or RSVP. A useful brand placement for downtown residents moving between work, events, and weekend plans. Use it: Save it to your card and check the event details before you go.","Call / Website / Email when available; Show Card; Save to Card; Directions","","Downtown Perks brand partner layer"
"Partner","yeti-congress-district-activation","YETI Congress Activation","Congress","Brand / Activation","brand","Campaign","Congress Avenue, Austin, TX 78701","Plan Brand Moment","Brand / Activation · Congress","YETI Congress Activation","A useful brand placement for downtown residents moving between work, events, and weekend plans.","Partner view: People nearby are choosing what to do, where to go, and what feels useful today. Audience: Best fit: residents, visitors, and event-goers moving through Congress. Opportunity: Place YETI Congress Activation near the moments where the brand is useful, not just visible. Best timing: Strongest window: event days, weekends, and after-work planning Next move: Plan Brand Moment","Plan Brand Moment; Reports; Contact","","Downtown Perks brand partner layer"
"Resident","1212-guadalupe-st-unit-701-legends-property-1212-guadalupe-st-unit-701-austin-tx-78701-3577230","1212 Guadalupe ST Unit: 701","Downtown Austin","Residential Property","property","Legends","1212 Guadalupe ST Unit: 701","Property Discovery","Residential Property · Downtown Austin","1212 Guadalupe ST Unit: 701","Downtown Austin's finest living experience! This fully furnished lease offers an exceptional opportunity to reside in a modern 2 bed, 2 bath corner unit with dramatic views of the Capitol. This prime location perfectly blends luxury, convenience, and breathtaking views. Additiona","Resident perk: Property Discovery. Value: Ask about availability. Resident onboarding, building-level perks, and local engagement Use it: Use the contact option to ask about availability, showings, or similar downtown homes.","Call / Website / Email when available; Show Card; Save to Card; Directions","","Legends Property Export (2026-02-27)"
"Partner","1212-guadalupe-st-unit-701-legends-property-1212-guadalupe-st-unit-701-austin-tx-78701-3577230","1212 Guadalupe ST Unit: 701","Downtown Austin","Residential Property","property","Legends","1212 Guadalupe ST Unit: 701","Create Property Plan","Residential Property · Downtown Austin","1212 Guadalupe ST Unit: 701","Downtown Austin's finest living experience! This fully furnished lease offers an exceptional opportunity to reside in a modern 2 bed, 2 bath corner unit with dramatic views of the Capitol. This prime location perfectly blends luxury, convenience, and breathtaking views. Additiona","Partner view: Residents and prospects use this area to understand what daily life feels like around the building. Audience: Best fit: current residents, people looking at the building, brokers, and nearby businesses. Opportunity: Attach nearby perks, events, and walkable recommendations to the property story. Best timing: Strongest window: weekday lunch and after-work planning Next move: Create Property Plan","Create Property Plan; Reports; Contact","","Legends Property Export (2026-02-27)"
"Resident","legends-sale-202-nueces-st-1501","202 Nueces St #1501","Downtown Austin","Residential Property","property","Legends","202 Nueces St #1501, Austin, TX 78701","Exclusive Property Access","Legends Real Estate · Residential Property · Downtown Austin","202 Nueces St #1501","Want to live here? This Downtown Austin residence is listed at $3,850,000. 2 bed • 3 bath • 2,068 sq ft • 42 days on market. Downtown Perks residents can contact Legends Real Estate for details, availability, private tour options, and property access that may not always be visible on other listing sites.","Resident perk: Exclusive Property Access. Value: $3,850,000 · 2 bd · 3 ba · 2,068 sq ft. 202 Nueces St #1501 is available through Legends Real Estate. Downtown Perks residents can contact Legends to discover availability, showing options, and property opportunities that may not always be easy to find on other listing sites. Use it: Use the contact form to ask about availability, showing times, private tour options, and similar downtown properties.","Call / Website / Email when available; Show Card; Save to Card; Directions","/images/legends-listings/d6a4d9a1-d4c5-4ff8-8261-e51fcf930655.avif","Legends Real Estate verified listing layer"
"Partner","legends-sale-202-nueces-st-1501","202 Nueces St #1501","Downtown Austin","Residential Property","property","Legends","202 Nueces St #1501, Austin, TX 78701","Create Property Plan","Legends Real Estate · Residential Property · Downtown Austin","202 Nueces St #1501","Want to live here? This Downtown Austin residence is listed at $3,850,000. 2 bed • 3 bath • 2,068 sq ft • 42 days on market. Downtown Perks residents can contact Legends Real Estate for details, availability, private tour options, and property access that may not always be visible on other listing sites.","Partner view: Residents and prospects use this area to understand what daily life feels like around the building. Audience: Best fit: current residents, people looking at the building, brokers, and nearby businesses. Opportunity: Attach nearby perks, events, and walkable recommendations to the property story. Best timing: Strongest window: weekday lunch and after-work planning Next move: Create Property Plan","Create Property Plan; Reports; Contact","/images/legends-listings/d6a4d9a1-d4c5-4ff8-8261-e51fcf930655.avif","Legends Real Estate verified listing layer"
"Resident","legends-sale-202-nueces-st-1607","202 Nueces St #1607","Downtown Austin","Residential Property","property","Legends","202 Nueces St #1607, Austin, TX 78701","Exclusive Property Access","Legends Real Estate · Residential Property · Downtown Austin","202 Nueces St #1607","Want to live here? This Downtown Austin residence is listed at $2,995,000. 2 bed • 3 bath • 1,931 sq ft • 77 days on market. Downtown Perks residents can contact Legends Real Estate for details, availability, private tour options, and property access that may not always be visible on other listing sites.","Resident perk: Exclusive Property Access. Value: $2,995,000 · 2 bd · 3 ba · 1,931 sq ft. 202 Nueces St #1607 is available through Legends Real Estate. Downtown Perks residents can contact Legends to discover availability, showing options, and property opportunities that may not always be easy to find on other listing sites. Use it: Use the contact form to ask about availability, showing times, private tour options, and similar downtown properties.","Call / Website / Email when available; Show Card; Save to Card; Directions","/images/legends-listings/fd63k3siyxdany5inwki.jpg","Legends Real Estate verified listing layer"
"Partner","legends-sale-202-nueces-st-1607","202 Nueces St #1607","Downtown Austin","Residential Property","property","Legends","202 Nueces St #1607, Austin, TX 78701","Create Property Plan","Legends Real Estate · Residential Property · Downtown Austin","202 Nueces St #1607","Want to live here? This Downtown Austin residence is listed at $2,995,000. 2 bed • 3 bath • 1,931 sq ft • 77 days on market. Downtown Perks residents can contact Legends Real Estate for details, availability, private tour options, and property access that may not always be visible on other listing sites.","Partner view: Residents and prospects use this area to understand what daily life feels like around the building. Audience: Best fit: current residents, people looking at the building, brokers, and nearby businesses. Opportunity: Attach nearby perks, events, and walkable recommendations to the property story. Best timing: Strongest window: weekday lunch and after-work planning Next move: Create Property Plan","Create Property Plan; Reports; Contact","/images/legends-listings/fd63k3siyxdany5inwki.jpg","Legends Real Estate verified listing layer"
"Resident","legends-rent-222-west-ave-1404","222 West Ave #1404","Downtown Austin","Residential Property","property","Legends","222 West Ave #1404, Austin, TX 78701","Exclusive Property Access","Legends Real Estate · Residential Property · Downtown Austin","222 West Ave #1404","Want to live here? This Downtown Austin rental is listed at $4,400/mo. 2 bed • 2 bath • 1,123 sq ft • 4 days on market. Downtown Perks residents can contact Legends Real Estate for availability, showing times, and access to property options that may not always be surfaced on other listing sites.","Resident perk: Exclusive Property Access. Value: $4,400/mo · 2 bd · 2 ba · 1,123 sq ft. 222 West Ave #1404 is available through Legends Real Estate. Downtown Perks residents can contact Legends to discover availability, showing options, and property opportunities that may not always be easy to find on other listing sites. Use it: Use the contact form to ask about availability, showing times, private tour options, and similar downtown properties.","Call / Website / Email when available; Show Card; Save to Card; Directions","/images/legends-listings/83dcefb7 (2).jpeg","Legends Real Estate verified listing layer"
"Partner","legends-rent-222-west-ave-1404","222 West Ave #1404","Downtown Austin","Residential Property","property","Legends","222 West Ave #1404, Austin, TX 78701","Create Property Plan","Legends Real Estate · Residential Property · Downtown Austin","222 West Ave #1404","Want to live here? This Downtown Austin rental is listed at $4,400/mo. 2 bed • 2 bath • 1,123 sq ft • 4 days on market. Downtown Perks residents can contact Legends Real Estate for availability, showing times, and access to property options that may not always be surfaced on other listing sites.","Partner view: Residents and prospects use this area to understand what daily life feels like around the building. Audience: Best fit: current residents, people looking at the building, brokers, and nearby businesses. Opportunity: Attach nearby perks, events, and walkable recommendations to the property story. Best timing: Strongest window: weekday lunch and after-work planning Next move: Create Property Plan","Create Property Plan; Reports; Contact","/images/legends-listings/83dcefb7 (2).jpeg","Legends Real Estate verified listing layer"
"Resident","legends-sale-222-west-ave-1613","222 West Ave #1613","Downtown Austin","Residential Property","property","Legends","222 West Ave #1613, Austin, TX 78701","Exclusive Property Access","Legends Real Estate · Residential Property · Downtown Austin","222 West Ave #1613","Want to live here? This Downtown Austin residence is listed at $1,175,000. 2 bed • 2 bath • 1,360 sq ft • 55 days on market. Downtown Perks residents can contact Legends Real Estate for details, availability, private tour options, and property access that may not always be visible on other listing sites.","Resident perk: Exclusive Property Access. Value: $1,175,000 · 2 bd · 2 ba · 1,360 sq ft. 222 West Ave #1613 is available through Legends Real Estate. Downtown Perks residents can contact Legends to discover availability, showing options, and property opportunities that may not always be easy to find on other listing sites. Use it: Use the contact form to ask about availability, showing times, private tour options, and similar downtown properties.","Call / Website / Email when available; Show Card; Save to Card; Directions","/images/legends-listings/83dcefb7 (2).jpeg","Legends Real Estate verified listing layer"
"Partner","legends-sale-222-west-ave-1613","222 West Ave #1613","Downtown Austin","Residential Property","property","Legends","222 West Ave #1613, Austin, TX 78701","Create Property Plan","Legends Real Estate · Residential Property · Downtown Austin","222 West Ave #1613","Want to live here? This Downtown Austin residence is listed at $1,175,000. 2 bed • 2 bath • 1,360 sq ft • 55 days on market. Downtown Perks residents can contact Legends Real Estate for details, availability, private tour options, and property access that may not always be visible on other listing sites.","Partner view: Residents and prospects use this area to understand what daily life feels like around the building. Audience: Best fit: current residents, people looking at the building, brokers, and nearby businesses. Opportunity: Attach nearby perks, events, and walkable recommendations to the property story. Best timing: Strongest window: weekday lunch and after-work planning Next move: Create Property Plan","Create Property Plan; Reports; Contact","/images/legends-listings/83dcefb7 (2).jpeg","Legends Real Estate verified listing layer"
"Resident","legends-sale-222-west-ave-1901","222 West Ave #1901","Downtown Austin","Residential Property","property","Legends","222 West Ave #1901, Austin, TX 78701","Exclusive Property Access","Legends Real Estate · Residential Property · Downtown Austin","222 West Ave #1901","Want to live here? This Downtown Austin residence is listed at $2,190,000. 3 bed • 3 bath • 2,227 sq ft • 68 days on market. Downtown Perks residents can contact Legends Real Estate for details, availability, private tour options, and property access that may not always be visible on other listing sites.","Resident perk: Exclusive Property Access. Value: $2,190,000 · 3 bd · 3 ba · 2,227 sq ft. 222 West Ave #1901 is available through Legends Real Estate. Downtown Perks residents can contact Legends to discover availability, showing options, and property opportunities that may not always be easy to find on other listing sites. Use it: Use the contact form to ask about availability, showing times, private tour options, and similar downtown properties.","Call / Website / Email when available; Show Card; Save to Card; Directions","/images/legends-listings/83dcefb7 (2).jpeg","Legends Real Estate verified listing layer"
"Partner","legends-sale-222-west-ave-1901","222 West Ave #1901","Downtown Austin","Residential Property","property","Legends","222 West Ave #1901, Austin, TX 78701","Create Property Plan","Legends Real Estate · Residential Property · Downtown Austin","222 West Ave #1901","Want to live here? This Downtown Austin residence is listed at $2,190,000. 3 bed • 3 bath • 2,227 sq ft • 68 days on market. Downtown Perks residents can contact Legends Real Estate for details, availability, private tour options, and property access that may not always be visible on other listing sites.","Partner view: Residents and prospects use this area to understand what daily life feels like around the building. Audience: Best fit: current residents, people looking at the building, brokers, and nearby businesses. Opportunity: Attach nearby perks, events, and walkable recommendations to the property story. Best timing: Strongest window: weekday lunch and after-work planning Next move: Create Property Plan","Create Property Plan; Reports; Contact","/images/legends-listings/83dcefb7 (2).jpeg","Legends Real Estate verified listing layer"
"Resident","legends-sale-222-west-ave-1908","222 West Ave #1908","Downtown Austin","Residential Property","property","Legends","222 West Ave #1908, Austin, TX 78701","Exclusive Property Access","Legends Real Estate · Residential Property · Downtown Austin","222 West Ave #1908","Want to live here? This Downtown Austin residence is listed at $600,000. 1 bed • 1 bath • 688 sq ft • 61 days on market. Downtown Perks residents can contact Legends Real Estate for details, availability, private tour options, and property access that may not always be visible on other listing sites.","Resident perk: Exclusive Property Access. Value: $600,000 · 1 bd · 1 ba · 688 sq ft. 222 West Ave #1908 is available through Legends Real Estate. Downtown Perks residents can contact Legends to discover availability, showing options, and property opportunities that may not always be easy to find on other listing sites. Use it: Use the contact form to ask about availability, showing times, private tour options, and similar downtown properties.","Call / Website / Email when available; Show Card; Save to Card; Directions","/images/legends-listings/83dcefb7 (3).jpeg","Legends Real Estate verified listing layer"
"Partner","legends-sale-222-west-ave-1908","222 West Ave #1908","Downtown Austin","Residential Property","property","Legends","222 West Ave #1908, Austin, TX 78701","Create Property Plan","Legends Real Estate · Residential Property · Downtown Austin","222 West Ave #1908","Want to live here? This Downtown Austin residence is listed at $600,000. 1 bed • 1 bath • 688 sq ft • 61 days on market. Downtown Perks residents can contact Legends Real Estate for details, availability, private tour options, and property access that may not always be visible on other listing sites.","Partner view: Residents and prospects use this area to understand what daily life feels like around the building. Audience: Best fit: current residents, people looking at the building, brokers, and nearby businesses. Opportunity: Attach nearby perks, events, and walkable recommendations to the property story. Best timing: Strongest window: weekday lunch and after-work planning Next move: Create Property Plan","Create Property Plan; Reports; Contact","/images/legends-listings/83dcefb7 (3).jpeg","Legends Real Estate verified listing layer"
"Resident","legends-sale-222-west-ave-2109","222 West Ave #2109","Downtown Austin","Residential Property","property","Legends","222 West Ave #2109, Austin, TX 78701","Exclusive Property Access","Legends Real Estate · Residential Property · Downtown Austin","222 West Ave #2109","Want to live here? This Downtown Austin residence is listed at $499,000. 1 bed • 1 bath • 685 sq ft • 35 days on market. Downtown Perks residents can contact Legends Real Estate for details, availability, private tour options, and property access that may not always be visible on other listing sites.","Resident perk: Exclusive Property Access. Value: $499,000 · 1 bd · 1 ba · 685 sq ft. 222 West Ave #2109 is available through Legends Real Estate. Downtown Perks residents can contact Legends to discover availability, showing options, and property opportunities that may not always be easy to find on other listing sites. Use it: Use the contact form to ask about availability, showing times, private tour options, and similar downtown properties.","Call / Website / Email when available; Show Card; Save to Card; Directions","/images/legends-listings/83dcefb7 (3).jpeg","Legends Real Estate verified listing layer"
"Partner","legends-sale-222-west-ave-2109","222 West Ave #2109","Downtown Austin","Residential Property","property","Legends","222 West Ave #2109, Austin, TX 78701","Create Property Plan","Legends Real Estate · Residential Property · Downtown Austin","222 West Ave #2109","Want to live here? This Downtown Austin residence is listed at $499,000. 1 bed • 1 bath • 685 sq ft • 35 days on market. Downtown Perks residents can contact Legends Real Estate for details, availability, private tour options, and property access that may not always be visible on other listing sites.","Partner view: Residents and prospects use this area to understand what daily life feels like around the building. Audience: Best fit: current residents, people looking at the building, brokers, and nearby businesses. Opportunity: Attach nearby perks, events, and walkable recommendations to the property story. Best timing: Strongest window: weekday lunch and after-work planning Next move: Create Property Plan","Create Property Plan; Reports; Contact","/images/legends-listings/83dcefb7 (3).jpeg","Legends Real Estate verified listing layer"
"Resident","legends-sale-222-west-ave-2207","222 West Ave #2207","Downtown Austin","Residential Property","property","Legends","222 West Ave #2207, Austin, TX 78701","Exclusive Property Access","Legends Real Estate · Residential Property · Downtown Austin","222 West Ave #2207","Want to live here? This Downtown Austin residence is listed at $525,000. 1 bed • 1 bath • 685 sq ft • 33 days on market. Downtown Perks residents can contact Legends Real Estate for details, availability, private tour options, and property access that may not always be visible on other listing sites.","Resident perk: Exclusive Property Access. Value: $525,000 · 1 bd · 1 ba · 685 sq ft. 222 West Ave #2207 is available through Legends Real Estate. Downtown Perks residents can contact Legends to discover availability, showing options, and property opportunities that may not always be easy to find on other listing sites. Use it: Use the contact form to ask about availability, showing times, private tour options, and similar downtown properties.","Call / Website / Email when available; Show Card; Save to Card; Directions","/images/legends-listings/83dcefb7 (2).jpeg","Legends Real Estate verified listing layer"
"Partner","legends-sale-222-west-ave-2207","222 West Ave #2207","Downtown Austin","Residential Property","property","Legends","222 West Ave #2207, Austin, TX 78701","Create Property Plan","Legends Real Estate · Residential Property · Downtown Austin","222 West Ave #2207","Want to live here? This Downtown Austin residence is listed at $525,000. 1 bed • 1 bath • 685 sq ft • 33 days on market. Downtown Perks residents can contact Legends Real Estate for details, availability, private tour options, and property access that may not always be visible on other listing sites.","Partner view: Residents and prospects use this area to understand what daily life feels like around the building. Audience: Best fit: current residents, people looking at the building, brokers, and nearby businesses. Opportunity: Attach nearby perks, events, and walkable recommendations to the property story. Best timing: Strongest window: weekday lunch and after-work planning Next move: Create Property Plan","Create Property Plan; Reports; Contact","/images/legends-listings/83dcefb7 (2).jpeg","Legends Real Estate verified listing layer"
"Resident","legends-sale-222-west-ave-2301","222 West Ave #2301","Downtown Austin","Residential Property","property","Legends","222 West Ave #2301, Austin, TX 78701","Exclusive Property Access","Legends Real Estate · Residential Property · Downtown Austin","222 West Ave #2301","Want to live here? This Downtown Austin residence is listed at $2,495,000. 3 bed • 3 bath • 2,227 sq ft • 12 days on market. Downtown Perks residents can contact Legends Real Estate for details, availability, private tour options, and property access that may not always be visible on other listing sites.","Resident perk: Exclusive Property Access. Value: $2,495,000 · 3 bd · 3 ba · 2,227 sq ft. 222 West Ave #2301 is available through Legends Real Estate. Downtown Perks residents can contact Legends to discover availability, showing options, and property opportunities that may not always be easy to find on other listing sites. Use it: Use the contact form to ask about availability, showing times, private tour options, and similar downtown properties.","Call / Website / Email when available; Show Card; Save to Card; Directions","/images/legends-listings/83dcefb7 (3).jpeg","Legends Real Estate verified listing layer"
"Partner","legends-sale-222-west-ave-2301","222 West Ave #2301","Downtown Austin","Residential Property","property","Legends","222 West Ave #2301, Austin, TX 78701","Create Property Plan","Legends Real Estate · Residential Property · Downtown Austin","222 West Ave #2301","Want to live here? This Downtown Austin residence is listed at $2,495,000. 3 bed • 3 bath • 2,227 sq ft • 12 days on market. Downtown Perks residents can contact Legends Real Estate for details, availability, private tour options, and property access that may not always be visible on other listing sites.","Partner view: Residents and prospects use this area to understand what daily life feels like around the building. Audience: Best fit: current residents, people looking at the building, brokers, and nearby businesses. Opportunity: Attach nearby perks, events, and walkable recommendations to the property story. Best timing: Strongest window: weekday lunch and after-work planning Next move: Create Property Plan","Create Property Plan; Reports; Contact","/images/legends-listings/83dcefb7 (3).jpeg","Legends Real Estate verified listing layer"
"Resident","legends-sale-222-west-ave-2605","222 West Ave #2605","Downtown Austin","Residential Property","property","Legends","222 West Ave #2605, Austin, TX 78701","Exclusive Property Access","Legends Real Estate · Residential Property · Downtown Austin","222 West Ave #2605","Want to live here? This Downtown Austin residence is listed at $539,000. 1 bed • 1 bath • 650 sq ft • 96 days on market. Downtown Perks residents can contact Legends Real Estate for details, availability, private tour options, and property access that may not always be visible on other listing sites.","Resident perk: Exclusive Property Access. Value: $539,000 · 1 bd · 1 ba · 650 sq ft. 222 West Ave #2605 is available through Legends Real Estate. Downtown Perks residents can contact Legends to discover availability, showing options, and property opportunities that may not always be easy to find on other listing sites. Use it: Use the contact form to ask about availability, showing times, private tour options, and similar downtown properties.","Call / Website / Email when available; Show Card; Save to Card; Directions","/images/legends-listings/83dcefb7 (4).jpeg","Legends Real Estate verified listing layer"
"Partner","legends-sale-222-west-ave-2605","222 West Ave #2605","Downtown Austin","Residential Property","property","Legends","222 West Ave #2605, Austin, TX 78701","Create Property Plan","Legends Real Estate · Residential Property · Downtown Austin","222 West Ave #2605","Want to live here? This Downtown Austin residence is listed at $539,000. 1 bed • 1 bath • 650 sq ft • 96 days on market. Downtown Perks residents can contact Legends Real Estate for details, availability, private tour options, and property access that may not always be visible on other listing sites.","Partner view: Residents and prospects use this area to understand what daily life feels like around the building. Audience: Best fit: current residents, people looking at the building, brokers, and nearby businesses. Opportunity: Attach nearby perks, events, and walkable recommendations to the property story. Best timing: Strongest window: weekday lunch and after-work planning Next move: Create Property Plan","Create Property Plan; Reports; Contact","/images/legends-listings/83dcefb7 (4).jpeg","Legends Real Estate verified listing layer"
"Resident","legends-sale-222-west-ave-2809","222 West Ave #2809","Downtown Austin","Residential Property","property","Legends","222 West Ave #2809, Austin, TX 78701","Exclusive Property Access","Legends Real Estate · Residential Property · Downtown Austin","222 West Ave #2809","Want to live here? This Downtown Austin residence is listed at $525,000. 1 bed • 1 bath • 685 sq ft • 20 days on market. Downtown Perks residents can contact Legends Real Estate for details, availability, private tour options, and property access that may not always be visible on other listing sites.","Resident perk: Exclusive Property Access. Value: $525,000 · 1 bd · 1 ba · 685 sq ft. 222 West Ave #2809 is available through Legends Real Estate. Downtown Perks residents can contact Legends to discover availability, showing options, and property opportunities that may not always be easy to find on other listing sites. Use it: Use the contact form to ask about availability, showing times, private tour options, and similar downtown properties.","Call / Website / Email when available; Show Card; Save to Card; Directions","/images/legends-listings/83dcefb7 (4).jpeg","Legends Real Estate verified listing layer"
"Partner","legends-sale-222-west-ave-2809","222 West Ave #2809","Downtown Austin","Residential Property","property","Legends","222 West Ave #2809, Austin, TX 78701","Create Property Plan","Legends Real Estate · Residential Property · Downtown Austin","222 West Ave #2809","Want to live here? This Downtown Austin residence is listed at $525,000. 1 bed • 1 bath • 685 sq ft • 20 days on market. Downtown Perks residents can contact Legends Real Estate for details, availability, private tour options, and property access that may not always be visible on other listing sites.","Partner view: Residents and prospects use this area to understand what daily life feels like around the building. Audience: Best fit: current residents, people looking at the building, brokers, and nearby businesses. Opportunity: Attach nearby perks, events, and walkable recommendations to the property story. Best timing: Strongest window: weekday lunch and after-work planning Next move: Create Property Plan","Create Property Plan; Reports; Contact","/images/legends-listings/83dcefb7 (4).jpeg","Legends Real Estate verified listing layer"
"Resident","legends-sale-222-west-ave-2910","222 West Ave #2910","Downtown Austin","Residential Property","property","Legends","222 West Ave #2910, Austin, TX 78701","Exclusive Property Access","Legends Real Estate · Residential Property · Downtown Austin","222 West Ave #2910","Want to live here? This Downtown Austin residence is listed at $674,000. 1 bed • 1 bath • 821 sq ft • 7 days on market. Downtown Perks residents can contact Legends Real Estate for details, availability, private tour options, and property access that may not always be visible on other listing sites.","Resident perk: Exclusive Property Access. Value: $674,000 · 1 bd · 1 ba · 821 sq ft. 222 West Ave #2910 is available through Legends Real Estate. Downtown Perks residents can contact Legends to discover availability, showing options, and property opportunities that may not always be easy to find on other listing sites. Use it: Use the contact form to ask about availability, showing times, private tour options, and similar downtown properties.","Call / Website / Email when available; Show Card; Save to Card; Directions","/images/legends-listings/83dcefb7 (3).jpeg","Legends Real Estate verified listing layer"
"Partner","legends-sale-222-west-ave-2910","222 West Ave #2910","Downtown Austin","Residential Property","property","Legends","222 West Ave #2910, Austin, TX 78701","Create Property Plan","Legends Real Estate · Residential Property · Downtown Austin","222 West Ave #2910","Want to live here? This Downtown Austin residence is listed at $674,000. 1 bed • 1 bath • 821 sq ft • 7 days on market. Downtown Perks residents can contact Legends Real Estate for details, availability, private tour options, and property access that may not always be visible on other listing sites.","Partner view: Residents and prospects use this area to understand what daily life feels like around the building. Audience: Best fit: current residents, people looking at the building, brokers, and nearby businesses. Opportunity: Attach nearby perks, events, and walkable recommendations to the property story. Best timing: Strongest window: weekday lunch and after-work planning Next move: Create Property Plan","Create Property Plan; Reports; Contact","/images/legends-listings/83dcefb7 (3).jpeg","Legends Real Estate verified listing layer"
"Resident","legends-sale-222-west-ave-2911","222 West Ave #2911","Downtown Austin","Residential Property","property","Legends","222 West Ave #2911, Austin, TX 78701","Exclusive Property Access","Legends Real Estate · Residential Property · Downtown Austin","222 West Ave #2911","Want to live here? This Downtown Austin residence is listed at $550,000. 1 bed • 1 bath • 689 sq ft • 97 days on market. Downtown Perks residents can contact Legends Real Estate for details, availability, private tour options, and property access that may not always be visible on other listing sites.","Resident perk: Exclusive Property Access. Value: $550,000 · 1 bd · 1 ba · 689 sq ft. 222 West Ave #2911 is available through Legends Real Estate. Downtown Perks residents can contact Legends to discover availability, showing options, and property opportunities that may not always be easy to find on other listing sites. Use it: Use the contact form to ask about availability, showing times, private tour options, and similar downtown properties.","Call / Website / Email when available; Show Card; Save to Card; Directions","/images/legends-listings/83dcefb7 (4).jpeg","Legends Real Estate verified listing layer"
"Partner","legends-sale-222-west-ave-2911","222 West Ave #2911","Downtown Austin","Residential Property","property","Legends","222 West Ave #2911, Austin, TX 78701","Create Property Plan","Legends Real Estate · Residential Property · Downtown Austin","222 West Ave #2911","Want to live here? This Downtown Austin residence is listed at $550,000. 1 bed • 1 bath • 689 sq ft • 97 days on market. Downtown Perks residents can contact Legends Real Estate for details, availability, private tour options, and property access that may not always be visible on other listing sites.","Partner view: Residents and prospects use this area to understand what daily life feels like around the building. Audience: Best fit: current residents, people looking at the building, brokers, and nearby businesses. Opportunity: Attach nearby perks, events, and walkable recommendations to the property story. Best timing: Strongest window: weekday lunch and after-work planning Next move: Create Property Plan","Create Property Plan; Reports; Contact","/images/legends-listings/83dcefb7 (4).jpeg","Legends Real Estate verified listing layer"
"Resident","legends-sale-222-west-ave-3008","222 West Ave #3008","Downtown Austin","Residential Property","property","Legends","222 West Ave #3008, Austin, TX 78701","Exclusive Property Access","Legends Real Estate · Residential Property · Downtown Austin","222 West Ave #3008","Want to live here? This Downtown Austin residence is listed at $399,000. 0 bed • 1 bath • 558 sq ft • 26 days on market. Downtown Perks residents can contact Legends Real Estate for details, availability, private tour options, and property access that may not always be visible on other listing sites.","Resident perk: Exclusive Property Access. Value: $399,000 · 1 ba · 558 sq ft. 222 West Ave #3008 is available through Legends Real Estate. Downtown Perks residents can contact Legends to discover availability, showing options, and property opportunities that may not always be easy to find on other listing sites. Use it: Use the contact form to ask about availability, showing times, private tour options, and similar downtown properties.","Call / Website / Email when available; Show Card; Save to Card; Directions","/images/legends-listings/83dcefb7 (2).jpeg","Legends Real Estate verified listing layer"
"Partner","legends-sale-222-west-ave-3008","222 West Ave #3008","Downtown Austin","Residential Property","property","Legends","222 West Ave #3008, Austin, TX 78701","Create Property Plan","Legends Real Estate · Residential Property · Downtown Austin","222 West Ave #3008","Want to live here? This Downtown Austin residence is listed at $399,000. 0 bed • 1 bath • 558 sq ft • 26 days on market. Downtown Perks residents can contact Legends Real Estate for details, availability, private tour options, and property access that may not always be visible on other listing sites.","Partner view: Residents and prospects use this area to understand what daily life feels like around the building. Audience: Best fit: current residents, people looking at the building, brokers, and nearby businesses. Opportunity: Attach nearby perks, events, and walkable recommendations to the property story. Best timing: Strongest window: weekday lunch and after-work planning Next move: Create Property Plan","Create Property Plan; Reports; Contact","/images/legends-listings/83dcefb7 (2).jpeg","Legends Real Estate verified listing layer"
"Resident","3-waller-relation-12875518","3 Waller","Downtown Austin","Residential Property","property","Residential","710, East 3rd Street, Austin, TX, 78701","Property Discovery","Residential Property · Downtown Austin","3 Waller","Residential Property listing in Downtown Austin.","Resident perk: Property Discovery. Value: Ask about availability. Resident onboarding, building-level perks, and local engagement Use it: Use the contact option to ask about availability, showings, or similar downtown homes.","Call / Website / Email when available; Show Card; Save to Card; Directions","","OpenStreetMap / Overpass"
"Partner","3-waller-relation-12875518","3 Waller","Downtown Austin","Residential Property","property","Residential","710, East 3rd Street, Austin, TX, 78701","Create Property Plan","Residential Property · Downtown Austin","3 Waller","Residential Property listing in Downtown Austin.","Partner view: Residents and prospects use this area to understand what daily life feels like around the building. Audience: Best fit: current residents, people looking at the building, brokers, and nearby businesses. Opportunity: Attach nearby perks, events, and walkable recommendations to the property story. Best timing: Strongest window: weekday lunch and after-work planning Next move: Create Property Plan","Create Property Plan; Reports; Contact","","OpenStreetMap / Overpass"
"Resident","301-west-ave-4105-legends-property-301-west-ave-4105-austin-tx-us-78701-3710500","301 West Ave # 4105","Downtown Austin","Residential Property","property","Legends","301 West Ave # 4105","Property Discovery","Residential Property · Downtown Austin","301 West Ave # 4105","Experience quiet luxury above the Austin skyline in one of only three residences with this expansive floor plan at The Independent. This rare three bedroom home offers more than 3,000 square feet of refined interior space, complemented by two private balconies and a prized southe","Resident perk: Property Discovery. Value: Ask about availability. Resident onboarding, building-level perks, and local engagement Use it: Use the contact option to ask about availability, showings, or similar downtown homes.","Call / Website / Email when available; Show Card; Save to Card; Directions","","Legends Property Export (2026-02-27)"
"Partner","301-west-ave-4105-legends-property-301-west-ave-4105-austin-tx-us-78701-3710500","301 West Ave # 4105","Downtown Austin","Residential Property","property","Legends","301 West Ave # 4105","Create Property Plan","Residential Property · Downtown Austin","301 West Ave # 4105","Experience quiet luxury above the Austin skyline in one of only three residences with this expansive floor plan at The Independent. This rare three bedroom home offers more than 3,000 square feet of refined interior space, complemented by two private balconies and a prized southe","Partner view: Residents and prospects use this area to understand what daily life feels like around the building. Audience: Best fit: current residents, people looking at the building, brokers, and nearby businesses. Opportunity: Attach nearby perks, events, and walkable recommendations to the property story. Best timing: Strongest window: weekday lunch and after-work planning Next move: Create Property Plan","Create Property Plan; Reports; Contact","","Legends Property Export (2026-02-27)"
"Resident","301-west-ave-4105-legends-property-301-west-ave-4105-austin-tx-us-78701-9353375","301 West Ave # 4105","Downtown Austin","Residential Property","property","Legends","301 West Ave # 4105","Property Discovery","Residential Property · Downtown Austin","301 West Ave # 4105","Experience quiet luxury above the Austin skyline in one of only three residences with this expansive layout at The Independent. A rare three-bedroom offering more than 3,000 square feet, including two balconies. This southeast-facing home balances minimalist design and effortless","Resident perk: Property Discovery. Value: Ask about availability. Resident onboarding, building-level perks, and local engagement Use it: Use the contact option to ask about availability, showings, or similar downtown homes.","Call / Website / Email when available; Show Card; Save to Card; Directions","","Legends Property Export (2026-02-27)"
"Partner","301-west-ave-4105-legends-property-301-west-ave-4105-austin-tx-us-78701-9353375","301 West Ave # 4105","Downtown Austin","Residential Property","property","Legends","301 West Ave # 4105","Create Property Plan","Residential Property · Downtown Austin","301 West Ave # 4105","Experience quiet luxury above the Austin skyline in one of only three residences with this expansive layout at The Independent. A rare three-bedroom offering more than 3,000 square feet, including two balconies. This southeast-facing home balances minimalist design and effortless","Partner view: Residents and prospects use this area to understand what daily life feels like around the building. Audience: Best fit: current residents, people looking at the building, brokers, and nearby businesses. Opportunity: Attach nearby perks, events, and walkable recommendations to the property story. Best timing: Strongest window: weekday lunch and after-work planning Next move: Create Property Plan","Create Property Plan; Reports; Contact","","Legends Property Export (2026-02-27)"
"Resident","legends-sale-301-west-ave-1004","301 West Ave #1004","Downtown Austin","Residential Property","property","Legends","301 West Ave #1004, Austin, TX 78701","Exclusive Property Access","Legends Real Estate · Residential Property · Downtown Austin","301 West Ave #1004","Want to live here? This Downtown Austin residence is listed at $1,390,000. 2 bed • 2 bath • 1,474 sq ft • 42 days on market. Downtown Perks residents can contact Legends Real Estate for details, availability, private tour options, and property access that may not always be visible on other listing sites.","Resident perk: Exclusive Property Access. Value: $1,390,000 · 2 bd · 2 ba · 1,474 sq ft. 301 West Ave #1004 is available through Legends Real Estate. Downtown Perks residents can contact Legends to discover availability, showing options, and property opportunities that may not always be easy to find on other listing sites. Use it: Use the contact form to ask about availability, showing times, private tour options, and similar downtown properties.","Call / Website / Email when available; Show Card; Save to Card; Directions","/images/legends-listings/6dd28e9b (1).jpeg","Legends Real Estate verified listing layer"
"Partner","legends-sale-301-west-ave-1004","301 West Ave #1004","Downtown Austin","Residential Property","property","Legends","301 West Ave #1004, Austin, TX 78701","Create Property Plan","Legends Real Estate · Residential Property · Downtown Austin","301 West Ave #1004","Want to live here? This Downtown Austin residence is listed at $1,390,000. 2 bed • 2 bath • 1,474 sq ft • 42 days on market. Downtown Perks residents can contact Legends Real Estate for details, availability, private tour options, and property access that may not always be visible on other listing sites.","Partner view: Residents and prospects use this area to understand what daily life feels like around the building. Audience: Best fit: current residents, people looking at the building, brokers, and nearby businesses. Opportunity: Attach nearby perks, events, and walkable recommendations to the property story. Best timing: Strongest window: weekday lunch and after-work planning Next move: Create Property Plan","Create Property Plan; Reports; Contact","/images/legends-listings/6dd28e9b (1).jpeg","Legends Real Estate verified listing layer"
"Resident","legends-sale-301-west-ave-2003","301 West Ave #2003","Downtown Austin","Residential Property","property","Legends","301 West Ave #2003, Austin, TX 78701","Exclusive Property Access","Legends Real Estate · Residential Property · Downtown Austin","301 West Ave #2003","Want to live here? This Downtown Austin residence is listed at $625,000. 1 bed • 1 bath • 697 sq ft • 42 days on market. Downtown Perks residents can contact Legends Real Estate for details, availability, private tour options, and property access that may not always be visible on other listing sites.","Resident perk: Exclusive Property Access. Value: $625,000 · 1 bd · 1 ba · 697 sq ft. 301 West Ave #2003 is available through Legends Real Estate. Downtown Perks residents can contact Legends to discover availability, showing options, and property opportunities that may not always be easy to find on other listing sites. Use it: Use the contact form to ask about availability, showing times, private tour options, and similar downtown properties.","Call / Website / Email when available; Show Card; Save to Card; Directions","/images/legends-listings/6dd28e9b (1).jpeg","Legends Real Estate verified listing layer"
"Partner","legends-sale-301-west-ave-2003","301 West Ave #2003","Downtown Austin","Residential Property","property","Legends","301 West Ave #2003, Austin, TX 78701","Create Property Plan","Legends Real Estate · Residential Property · Downtown Austin","301 West Ave #2003","Want to live here? This Downtown Austin residence is listed at $625,000. 1 bed • 1 bath • 697 sq ft • 42 days on market. Downtown Perks residents can contact Legends Real Estate for details, availability, private tour options, and property access that may not always be visible on other listing sites.","Partner view: Residents and prospects use this area to understand what daily life feels like around the building. Audience: Best fit: current residents, people looking at the building, brokers, and nearby businesses. Opportunity: Attach nearby perks, events, and walkable recommendations to the property story. Best timing: Strongest window: weekday lunch and after-work planning Next move: Create Property Plan","Create Property Plan; Reports; Contact","/images/legends-listings/6dd28e9b (1).jpeg","Legends Real Estate verified listing layer"
"Resident","legends-sale-301-west-ave-2008","301 West Ave #2008","Downtown Austin","Residential Property","property","Legends","301 West Ave #2008, Austin, TX 78701","Exclusive Property Access","Legends Real Estate · Residential Property · Downtown Austin","301 West Ave #2008","Want to live here? This Downtown Austin residence is listed at $1,350,000. 2 bed • 2 bath • 1,312 sq ft • 6 days on market. Downtown Perks residents can contact Legends Real Estate for details, availability, private tour options, and property access that may not always be visible on other listing sites.","Resident perk: Exclusive Property Access. Value: $1,350,000 · 2 bd · 2 ba · 1,312 sq ft. 301 West Ave #2008 is available through Legends Real Estate. Downtown Perks residents can contact Legends to discover availability, showing options, and property opportunities that may not always be easy to find on other listing sites. Use it: Use the contact form to ask about availability, showing times, private tour options, and similar downtown properties.","Call / Website / Email when available; Show Card; Save to Card; Directions","/images/legends-listings/6dd28e9b (1).jpeg","Legends Real Estate verified listing layer"
"Partner","legends-sale-301-west-ave-2008","301 West Ave #2008","Downtown Austin","Residential Property","property","Legends","301 West Ave #2008, Austin, TX 78701","Create Property Plan","Legends Real Estate · Residential Property · Downtown Austin","301 West Ave #2008","Want to live here? This Downtown Austin residence is listed at $1,350,000. 2 bed • 2 bath • 1,312 sq ft • 6 days on market. Downtown Perks residents can contact Legends Real Estate for details, availability, private tour options, and property access that may not always be visible on other listing sites.","Partner view: Residents and prospects use this area to understand what daily life feels like around the building. Audience: Best fit: current residents, people looking at the building, brokers, and nearby businesses. Opportunity: Attach nearby perks, events, and walkable recommendations to the property story. Best timing: Strongest window: weekday lunch and after-work planning Next move: Create Property Plan","Create Property Plan; Reports; Contact","/images/legends-listings/6dd28e9b (1).jpeg","Legends Real Estate verified listing layer"
"Resident","legends-sale-301-west-ave-2009","301 West Ave #2009","Downtown Austin","Residential Property","property","Legends","301 West Ave #2009, Austin, TX 78701","Exclusive Property Access","Legends Real Estate · Residential Property · Downtown Austin","301 West Ave #2009","Want to live here? This Downtown Austin residence is listed at $1,100,000. 2 bed • 2 bath • 1,106 sq ft • 22 days on market. Downtown Perks residents can contact Legends Real Estate for details, availability, private tour options, and property access that may not always be visible on other listing sites.","Resident perk: Exclusive Property Access. Value: $1,100,000 · 2 bd · 2 ba · 1,106 sq ft. 301 West Ave #2009 is available through Legends Real Estate. Downtown Perks residents can contact Legends to discover availability, showing options, and property opportunities that may not always be easy to find on other listing sites. Use it: Use the contact form to ask about availability, showing times, private tour options, and similar downtown properties.","Call / Website / Email when available; Show Card; Save to Card; Directions","/images/legends-listings/6abf4a82.jpeg","Legends Real Estate verified listing layer"
"Partner","legends-sale-301-west-ave-2009","301 West Ave #2009","Downtown Austin","Residential Property","property","Legends","301 West Ave #2009, Austin, TX 78701","Create Property Plan","Legends Real Estate · Residential Property · Downtown Austin","301 West Ave #2009","Want to live here? This Downtown Austin residence is listed at $1,100,000. 2 bed • 2 bath • 1,106 sq ft • 22 days on market. Downtown Perks residents can contact Legends Real Estate for details, availability, private tour options, and property access that may not always be visible on other listing sites.","Partner view: Residents and prospects use this area to understand what daily life feels like around the building. Audience: Best fit: current residents, people looking at the building, brokers, and nearby businesses. Opportunity: Attach nearby perks, events, and walkable recommendations to the property story. Best timing: Strongest window: weekday lunch and after-work planning Next move: Create Property Plan","Create Property Plan; Reports; Contact","/images/legends-listings/6abf4a82.jpeg","Legends Real Estate verified listing layer"
"Resident","legends-rent-301-west-ave-2101","301 West Ave #2101","Downtown Austin","Residential Property","property","Legends","301 West Ave #2101, Austin, TX 78701","Exclusive Property Access","Legends Real Estate · Residential Property · Downtown Austin","301 West Ave #2101","Want to live here? This Downtown Austin rental is listed at $6,000/mo. 2 bed • 2 bath • 1,016 sq ft • 11 days on market. Downtown Perks residents can contact Legends Real Estate for availability, showing times, and access to property options that may not always be surfaced on other listing sites.","Resident perk: Exclusive Property Access. Value: $6,000/mo · 2 bd · 2 ba · 1,016 sq ft. 301 West Ave #2101 is available through Legends Real Estate. Downtown Perks residents can contact Legends to discover availability, showing options, and property opportunities that may not always be easy to find on other listing sites. Use it: Use the contact form to ask about availability, showing times, private tour options, and similar downtown properties.","Call / Website / Email when available; Show Card; Save to Card; Directions","/images/legends-listings/6dd28e9b.jpeg","Legends Real Estate verified listing layer"
"Partner","legends-rent-301-west-ave-2101","301 West Ave #2101","Downtown Austin","Residential Property","property","Legends","301 West Ave #2101, Austin, TX 78701","Create Property Plan","Legends Real Estate · Residential Property · Downtown Austin","301 West Ave #2101","Want to live here? This Downtown Austin rental is listed at $6,000/mo. 2 bed • 2 bath • 1,016 sq ft • 11 days on market. Downtown Perks residents can contact Legends Real Estate for availability, showing times, and access to property options that may not always be surfaced on other listing sites.","Partner view: Residents and prospects use this area to understand what daily life feels like around the building. Audience: Best fit: current residents, people looking at the building, brokers, and nearby businesses. Opportunity: Attach nearby perks, events, and walkable recommendations to the property story. Best timing: Strongest window: weekday lunch and after-work planning Next move: Create Property Plan","Create Property Plan; Reports; Contact","/images/legends-listings/6dd28e9b.jpeg","Legends Real Estate verified listing layer"
"Resident","legends-sale-301-west-ave-2101","301 West Ave #2101","Downtown Austin","Residential Property","property","Legends","301 West Ave #2101, Austin, TX 78701","Exclusive Property Access","Legends Real Estate · Residential Property · Downtown Austin","301 West Ave #2101","Want to live here? This Downtown Austin residence is listed at $899,900. 2 bed • 2 bath • 1,077 sq ft • 109 days on market. Downtown Perks residents can contact Legends Real Estate for details, availability, private tour options, and property access that may not always be visible on other listing sites.","Resident perk: Exclusive Property Access. Value: $899,900 · 2 bd · 2 ba · 1,077 sq ft. 301 West Ave #2101 is available through Legends Real Estate. Downtown Perks residents can contact Legends to discover availability, showing options, and property opportunities that may not always be easy to find on other listing sites. Use it: Use the contact form to ask about availability, showing times, private tour options, and similar downtown properties.","Call / Website / Email when available; Show Card; Save to Card; Directions","/images/legends-listings/6dd28e9b.jpeg","Legends Real Estate verified listing layer"
"Partner","legends-sale-301-west-ave-2101","301 West Ave #2101","Downtown Austin","Residential Property","property","Legends","301 West Ave #2101, Austin, TX 78701","Create Property Plan","Legends Real Estate · Residential Property · Downtown Austin","301 West Ave #2101","Want to live here? This Downtown Austin residence is listed at $899,900. 2 bed • 2 bath • 1,077 sq ft • 109 days on market. Downtown Perks residents can contact Legends Real Estate for details, availability, private tour options, and property access that may not always be visible on other listing sites.","Partner view: Residents and prospects use this area to understand what daily life feels like around the building. Audience: Best fit: current residents, people looking at the building, brokers, and nearby businesses. Opportunity: Attach nearby perks, events, and walkable recommendations to the property story. Best timing: Strongest window: weekday lunch and after-work planning Next move: Create Property Plan","Create Property Plan; Reports; Contact","/images/legends-listings/6dd28e9b.jpeg","Legends Real Estate verified listing layer"
"Resident","legends-rent-301-west-ave-2708","301 West Ave #2708","Downtown Austin","Residential Property","property","Legends","301 West Ave #2708, Austin, TX 78701","Exclusive Property Access","Legends Real Estate · Residential Property · Downtown Austin","301 West Ave #2708","Want to live here? This Downtown Austin rental is listed at $4,695/mo. 1 bed • 1 bath • 999 sq ft • 190 days on market. Downtown Perks residents can contact Legends Real Estate for availability, showing times, and access to property options that may not always be surfaced on other listing sites.","Resident perk: Exclusive Property Access. Value: $4,695/mo · 1 bd · 1 ba · 999 sq ft. 301 West Ave #2708 is available through Legends Real Estate. Downtown Perks residents can contact Legends to discover availability, showing options, and property opportunities that may not always be easy to find on other listing sites. Use it: Use the contact form to ask about availability, showing times, private tour options, and similar downtown properties.","Call / Website / Email when available; Show Card; Save to Card; Directions","/images/legends-listings/84abfe10.jpeg","Legends Real Estate verified listing layer"
"Partner","legends-rent-301-west-ave-2708","301 West Ave #2708","Downtown Austin","Residential Property","property","Legends","301 West Ave #2708, Austin, TX 78701","Create Property Plan","Legends Real Estate · Residential Property · Downtown Austin","301 West Ave #2708","Want to live here? This Downtown Austin rental is listed at $4,695/mo. 1 bed • 1 bath • 999 sq ft • 190 days on market. Downtown Perks residents can contact Legends Real Estate for availability, showing times, and access to property options that may not always be surfaced on other listing sites.","Partner view: Residents and prospects use this area to understand what daily life feels like around the building. Audience: Best fit: current residents, people looking at the building, brokers, and nearby businesses. Opportunity: Attach nearby perks, events, and walkable recommendations to the property story. Best timing: Strongest window: weekday lunch and after-work planning Next move: Create Property Plan","Create Property Plan; Reports; Contact","/images/legends-listings/84abfe10.jpeg","Legends Real Estate verified listing layer"
"Resident","legends-rent-301-west-ave-2902","301 West Ave #2902","Downtown Austin","Residential Property","property","Legends","301 West Ave #2902, Austin, TX 78701","Exclusive Property Access","Legends Real Estate · Residential Property · Downtown Austin","301 West Ave #2902","Want to live here? This Downtown Austin rental is listed at $3,750/mo. 1 bed • 1 bath • 684 sq ft • 36 days on market. Downtown Perks residents can contact Legends Real Estate for availability, showing times, and access to property options that may not always be surfaced on other listing sites.","Resident perk: Exclusive Property Access. Value: $3,750/mo · 1 bd · 1 ba · 684 sq ft. 301 West Ave #2902 is available through Legends Real Estate. Downtown Perks residents can contact Legends to discover availability, showing options, and property opportunities that may not always be easy to find on other listing sites. Use it: Use the contact form to ask about availability, showing times, private tour options, and similar downtown properties.","Call / Website / Email when available; Show Card; Save to Card; Directions","/images/legends-listings/84b12bae.jpeg","Legends Real Estate verified listing layer"
"Partner","legends-rent-301-west-ave-2902","301 West Ave #2902","Downtown Austin","Residential Property","property","Legends","301 West Ave #2902, Austin, TX 78701","Create Property Plan","Legends Real Estate · Residential Property · Downtown Austin","301 West Ave #2902","Want to live here? This Downtown Austin rental is listed at $3,750/mo. 1 bed • 1 bath • 684 sq ft • 36 days on market. Downtown Perks residents can contact Legends Real Estate for availability, showing times, and access to property options that may not always be surfaced on other listing sites.","Partner view: Residents and prospects use this area to understand what daily life feels like around the building. Audience: Best fit: current residents, people looking at the building, brokers, and nearby businesses. Opportunity: Attach nearby perks, events, and walkable recommendations to the property story. Best timing: Strongest window: weekday lunch and after-work planning Next move: Create Property Plan","Create Property Plan; Reports; Contact","/images/legends-listings/84b12bae.jpeg","Legends Real Estate verified listing layer"
"Resident","legends-sale-301-west-ave-3208","301 West Ave #3208","Downtown Austin","Residential Property","property","Legends","301 West Ave #3208, Austin, TX 78701","Exclusive Property Access","Legends Real Estate · Residential Property · Downtown Austin","301 West Ave #3208","Want to live here? This Downtown Austin residence is listed at $924,900. 1 bed • 1 bath • 1,000 sq ft • 0 days on market. Downtown Perks residents can contact Legends Real Estate for details, availability, private tour options, and property access that may not always be visible on other listing sites.","Resident perk: Exclusive Property Access. Value: $924,900 · 1 bd · 1 ba · 1,000 sq ft. 301 West Ave #3208 is available through Legends Real Estate. Downtown Perks residents can contact Legends to discover availability, showing options, and property opportunities that may not always be easy to find on other listing sites. Use it: Use the contact form to ask about availability, showing times, private tour options, and similar downtown properties.","Call / Website / Email when available; Show Card; Save to Card; Directions","/images/legends-listings/84b12bae.jpeg","Legends Real Estate verified listing layer"
"Partner","legends-sale-301-west-ave-3208","301 West Ave #3208","Downtown Austin","Residential Property","property","Legends","301 West Ave #3208, Austin, TX 78701","Create Property Plan","Legends Real Estate · Residential Property · Downtown Austin","301 West Ave #3208","Want to live here? This Downtown Austin residence is listed at $924,900. 1 bed • 1 bath • 1,000 sq ft • 0 days on market. Downtown Perks residents can contact Legends Real Estate for details, availability, private tour options, and property access that may not always be visible on other listing sites.","Partner view: Residents and prospects use this area to understand what daily life feels like around the building. Audience: Best fit: current residents, people looking at the building, brokers, and nearby businesses. Opportunity: Attach nearby perks, events, and walkable recommendations to the property story. Best timing: Strongest window: weekday lunch and after-work planning Next move: Create Property Plan","Create Property Plan; Reports; Contact","/images/legends-listings/84b12bae.jpeg","Legends Real Estate verified listing layer"
"Resident","legends-rent-301-west-ave-4808","301 West Ave #4808","Downtown Austin","Residential Property","property","Legends","301 West Ave #4808, Austin, TX 78701","Exclusive Property Access","Legends Real Estate · Residential Property · Downtown Austin","301 West Ave #4808","Want to live here? This Downtown Austin rental is listed at $4,200/mo. 1 bed • 1 bath • 727 sq ft • 5 days on market. Downtown Perks residents can contact Legends Real Estate for availability, showing times, and access to property options that may not always be surfaced on other listing sites.","Resident perk: Exclusive Property Access. Value: $4,200/mo · 1 bd · 1 ba · 727 sq ft. 301 West Ave #4808 is available through Legends Real Estate. Downtown Perks residents can contact Legends to discover availability, showing options, and property opportunities that may not always be easy to find on other listing sites. Use it: Use the contact form to ask about availability, showing times, private tour options, and similar downtown properties.","Call / Website / Email when available; Show Card; Save to Card; Directions","/images/legends-listings/6dd28e9b (1).jpeg","Legends Real Estate verified listing layer"
"Partner","legends-rent-301-west-ave-4808","301 West Ave #4808","Downtown Austin","Residential Property","property","Legends","301 West Ave #4808, Austin, TX 78701","Create Property Plan","Legends Real Estate · Residential Property · Downtown Austin","301 West Ave #4808","Want to live here? This Downtown Austin rental is listed at $4,200/mo. 1 bed • 1 bath • 727 sq ft • 5 days on market. Downtown Perks residents can contact Legends Real Estate for availability, showing times, and access to property options that may not always be surfaced on other listing sites.","Partner view: Residents and prospects use this area to understand what daily life feels like around the building. Audience: Best fit: current residents, people looking at the building, brokers, and nearby businesses. Opportunity: Attach nearby perks, events, and walkable recommendations to the property story. Best timing: Strongest window: weekday lunch and after-work planning Next move: Create Property Plan","Create Property Plan; Reports; Contact","/images/legends-listings/6dd28e9b (1).jpeg","Legends Real Estate verified listing layer"
"Resident","301-west-ave-unit-4105-legends-property-301-west-ave-unit-4105-austin-tx-78701-4052105","301 West Ave Unit: 4105","Downtown Austin","Residential Property","property","Legends","301 West Ave # 4105","Property Discovery","Residential Property · Downtown Austin","301 West Ave Unit: 4105","New Year, New Lease Listing! Experience the finest in Downtown Austin living today in this highly desired C4-B floor plan in The Independent, one of only three residences with this large open living space that truly lives like a home. Once you step inside, you'll experience all t","Resident perk: Property Discovery. Value: Ask about availability. Resident onboarding, building-level perks, and local engagement Use it: Use the contact option to ask about availability, showings, or similar downtown homes.","Call / Website / Email when available; Show Card; Save to Card; Directions","","Legends Property Export (2026-02-27)"
"Partner","301-west-ave-unit-4105-legends-property-301-west-ave-unit-4105-austin-tx-78701-4052105","301 West Ave Unit: 4105","Downtown Austin","Residential Property","property","Legends","301 West Ave # 4105","Create Property Plan","Residential Property · Downtown Austin","301 West Ave Unit: 4105","New Year, New Lease Listing! Experience the finest in Downtown Austin living today in this highly desired C4-B floor plan in The Independent, one of only three residences with this large open living space that truly lives like a home. Once you step inside, you'll experience all t","Partner view: Residents and prospects use this area to understand what daily life feels like around the building. Audience: Best fit: current residents, people looking at the building, brokers, and nearby businesses. Opportunity: Attach nearby perks, events, and walkable recommendations to the property story. Best timing: Strongest window: weekday lunch and after-work planning Next move: Create Property Plan","Create Property Plan; Reports; Contact","","Legends Property Export (2026-02-27)"
"Resident","311-w-5th-st-1005-legends-property-311-w-5th-st-1005-austin-tx-us-78701-6587967","311 W 5th ST # 1005","Downtown Austin","Residential Property","property","Legends","311 W 5th ST # 1005","Listed: $1,150,000.00 | MLS: 6587967","Residential Property · Downtown Austin","311 W 5th ST # 1005","Republic Square Residence with Iconic Parkside Views. An exceptional corner residence overlooking Republic Square Park in the heart of Austin's most vibrant cultural and residential district. This northwest-facing two-bedroom, two-bath condominium offers panoramic park and skylin","Resident perk: Listed: $1,150,000.00 | MLS: 6587967. Value: Listed: $1,150,000.00 | MLS: 6587967. Resident onboarding, building-level perks, and local engagement Use it: Use the contact option to ask about availability, showings, or similar downtown homes.","Call / Website / Email when available; Show Card; Save to Card; Directions","","Legends Property Export (2026-02-27)"
"Partner","311-w-5th-st-1005-legends-property-311-w-5th-st-1005-austin-tx-us-78701-6587967","311 W 5th ST # 1005","Downtown Austin","Residential Property","property","Legends","311 W 5th ST # 1005","Create Property Plan","Residential Property · Downtown Austin","311 W 5th ST # 1005","Republic Square Residence with Iconic Parkside Views. An exceptional corner residence overlooking Republic Square Park in the heart of Austin's most vibrant cultural and residential district. This northwest-facing two-bedroom, two-bath condominium offers panoramic park and skylin","Partner view: Residents and prospects use this area to understand what daily life feels like around the building. Audience: Best fit: current residents, people looking at the building, brokers, and nearby businesses. Opportunity: Attach nearby perks, events, and walkable recommendations to the property story. Best timing: Strongest window: weekday lunch and after-work planning Next move: Create Property Plan","Create Property Plan; Reports; Contact","","Legends Property Export (2026-02-27)"
"Resident","311-w-5th-st-1008-legends-property-311-w-5th-st-1008-austin-tx-us-78701-5741882","311 W 5th ST # 1008","Downtown Austin","Residential Property","property","Legends","311 W 5th ST # 1008","Listed: $699,000.00 | MLS: 5741882","Residential Property · Downtown Austin","311 W 5th ST # 1008","Experience elevated downtown living at the iconic and exclusive Plaza Lofts. Nestled on the 10th floor, Unit 1008 offers an inspiring blend of industrial charm, modern style and it's priced to sell. Floor-to-ceiling windows frame beautiful views of the downtown skyline, while soa","Resident perk: Listed: $699,000.00 | MLS: 5741882. Value: Listed: $699,000.00 | MLS: 5741882. Resident onboarding, building-level perks, and local engagement Use it: Use the contact option to ask about availability, showings, or similar downtown homes.","Call / Website / Email when available; Show Card; Save to Card; Directions","","Legends Property Export (2026-02-27)"
"Partner","311-w-5th-st-1008-legends-property-311-w-5th-st-1008-austin-tx-us-78701-5741882","311 W 5th ST # 1008","Downtown Austin","Residential Property","property","Legends","311 W 5th ST # 1008","Create Property Plan","Residential Property · Downtown Austin","311 W 5th ST # 1008","Experience elevated downtown living at the iconic and exclusive Plaza Lofts. Nestled on the 10th floor, Unit 1008 offers an inspiring blend of industrial charm, modern style and it's priced to sell. Floor-to-ceiling windows frame beautiful views of the downtown skyline, while soa","Partner view: Residents and prospects use this area to understand what daily life feels like around the building. Audience: Best fit: current residents, people looking at the building, brokers, and nearby businesses. Opportunity: Attach nearby perks, events, and walkable recommendations to the property story. Best timing: Strongest window: weekday lunch and after-work planning Next move: Create Property Plan","Create Property Plan; Reports; Contact","","Legends Property Export (2026-02-27)"
"Resident","311-w-5th-st-806-legends-property-311-w-5th-st-806-austin-tx-us-78701-5777029","311 W 5th ST # 806","Downtown Austin","Residential Property","property","Legends","311 W 5th ST # 806","Property Discovery","Residential Property · Downtown Austin","311 W 5th ST # 806","Call/Text Emmaline for a Private Tour Plaza Lofts #806 - Fully Furnished Lease Available September 1 | Listing Special ~ One Month Free Move-in ready and fully furnished, this one-bedroom, one-bath residence offers 930 square feet of open-plan living with polished concrete floors","Resident perk: Property Discovery. Value: Ask about availability. Resident onboarding, building-level perks, and local engagement Use it: Use the contact option to ask about availability, showings, or similar downtown homes.","Call / Website / Email when available; Show Card; Save to Card; Directions","","Legends Property Export (2026-02-27)"
"Partner","311-w-5th-st-806-legends-property-311-w-5th-st-806-austin-tx-us-78701-5777029","311 W 5th ST # 806","Downtown Austin","Residential Property","property","Legends","311 W 5th ST # 806","Create Property Plan","Residential Property · Downtown Austin","311 W 5th ST # 806","Call/Text Emmaline for a Private Tour Plaza Lofts #806 - Fully Furnished Lease Available September 1 | Listing Special ~ One Month Free Move-in ready and fully furnished, this one-bedroom, one-bath residence offers 930 square feet of open-plan living with polished concrete floors","Partner view: Residents and prospects use this area to understand what daily life feels like around the building. Audience: Best fit: current residents, people looking at the building, brokers, and nearby businesses. Opportunity: Attach nearby perks, events, and walkable recommendations to the property story. Best timing: Strongest window: weekday lunch and after-work planning Next move: Create Property Plan","Create Property Plan; Reports; Contact","","Legends Property Export (2026-02-27)"
"Resident","311-w-5th-st-806-legends-property-311-w-5th-st-806-austin-tx-us-78701-9204639","311 W 5th ST # 806","Downtown Austin","Residential Property","property","Legends","311 W 5th ST # 806","Property Discovery","Residential Property · Downtown Austin","311 W 5th ST # 806","NEW PRICE! Perfectly located and beautifully furnished luxury lease in the Plaza Lofts downtown Austin with city and hill country views. The location is ideal for this north-facing 1BD | 1BA condo in the heart of downtown Austin, Texas. It is within walking distance to downtown o","Resident perk: Property Discovery. Value: Ask about availability. Resident onboarding, building-level perks, and local engagement Use it: Use the contact option to ask about availability, showings, or similar downtown homes.","Call / Website / Email when available; Show Card; Save to Card; Directions","","Legends Property Export (2026-02-27)"
"Partner","311-w-5th-st-806-legends-property-311-w-5th-st-806-austin-tx-us-78701-9204639","311 W 5th ST # 806","Downtown Austin","Residential Property","property","Legends","311 W 5th ST # 806","Create Property Plan","Residential Property · Downtown Austin","311 W 5th ST # 806","NEW PRICE! Perfectly located and beautifully furnished luxury lease in the Plaza Lofts downtown Austin with city and hill country views. The location is ideal for this north-facing 1BD | 1BA condo in the heart of downtown Austin, Texas. It is within walking distance to downtown o","Partner view: Residents and prospects use this area to understand what daily life feels like around the building. Audience: Best fit: current residents, people looking at the building, brokers, and nearby businesses. Opportunity: Attach nearby perks, events, and walkable recommendations to the property story. Best timing: Strongest window: weekday lunch and after-work planning Next move: Create Property Plan","Create Property Plan; Reports; Contact","","Legends Property Export (2026-02-27)"
"Resident","311-w-5th-st-807-legends-property-311-w-5th-st-807-austin-tx-us-78701-9178030","311 W 5th ST # 807","Downtown Austin","Residential Property","property","Legends","311 W 5th ST # 807","Property Discovery","Residential Property · Downtown Austin","311 W 5th ST # 807","Refined Urban Living in the Heart of the Warehouse District. Situated across from Republic Square Park, this expansive 1-bedroom, 1.5-bath residence offers 1,243 square feet of sophisticated living space--far exceeding the typical downtown rental. Positioned adjacent to Hotel ZaZ","Resident perk: Property Discovery. Value: Ask about availability. Resident onboarding, building-level perks, and local engagement Use it: Use the contact option to ask about availability, showings, or similar downtown homes.","Call / Website / Email when available; Show Card; Save to Card; Directions","","Legends Property Export (2026-02-27)"
"Partner","311-w-5th-st-807-legends-property-311-w-5th-st-807-austin-tx-us-78701-9178030","311 W 5th ST # 807","Downtown Austin","Residential Property","property","Legends","311 W 5th ST # 807","Create Guest Guide","Residential Property · Downtown Austin","311 W 5th ST # 807","Refined Urban Living in the Heart of the Warehouse District. Situated across from Republic Square Park, this expansive 1-bedroom, 1.5-bath residence offers 1,243 square feet of sophisticated living space--far exceeding the typical downtown rental. Positioned adjacent to Hotel ZaZ","Partner view: Guests and residents nearby are looking for dinner, events, and easy walkable plans. Audience: Best fit: hotel guests, nearby residents, and visitors already walking through the area. Opportunity: Promote a concierge-style local guide or resident rate during late afternoon planning windows. Best timing: Strongest window: 3 PM to 8 PM Next move: Create Guest Guide","Create Guest Guide; Reports; Contact","","Legends Property Export (2026-02-27)"
"Resident","311-w-5th-st-807-legends-property-311-w-5th-st-807-austin-tx-us-78701-4502394","311 W 5th ST # 807","Downtown Austin","Residential Property","property","Legends","311 W 5th ST # 807","Listed: $725,000.00 | MLS: 4502394","Residential Property · Downtown Austin","311 W 5th ST # 807","Modern Loft with City Views in the Warehouse District. This north-facing 8th-floor residence at The Plaza Lofts is priced to sell and the perfect pied-a-terre, blending industrial style with urban sophistication. Located across from Republic Square Park in the heart of the Wareho","Resident perk: Listed: $725,000.00 | MLS: 4502394. Value: Listed: $725,000.00 | MLS: 4502394. Resident onboarding, building-level perks, and local engagement Use it: Use the contact option to ask about availability, showings, or similar downtown homes.","Call / Website / Email when available; Show Card; Save to Card; Directions","","Legends Property Export (2026-02-27)"
"Partner","311-w-5th-st-807-legends-property-311-w-5th-st-807-austin-tx-us-78701-4502394","311 W 5th ST # 807","Downtown Austin","Residential Property","property","Legends","311 W 5th ST # 807","Create Property Plan","Residential Property · Downtown Austin","311 W 5th ST # 807","Modern Loft with City Views in the Warehouse District. This north-facing 8th-floor residence at The Plaza Lofts is priced to sell and the perfect pied-a-terre, blending industrial style with urban sophistication. Located across from Republic Square Park in the heart of the Wareho","Partner view: Residents and prospects use this area to understand what daily life feels like around the building. Audience: Best fit: current residents, people looking at the building, brokers, and nearby businesses. Opportunity: Attach nearby perks, events, and walkable recommendations to the property story. Best timing: Strongest window: weekday lunch and after-work planning Next move: Create Property Plan","Create Property Plan; Reports; Contact","","Legends Property Export (2026-02-27)"
"Resident","311-w-5th-st-905-legends-property-311-w-5th-st-905-austin-tx-us-78701-4528307","311 W 5th ST # 905","Downtown Austin","Residential Property","property","Legends","311 W 5th ST # 905","Listed: $1,250,000.00 | MLS: 4528307","Residential Property · Downtown Austin","311 W 5th ST # 905","Welcome to Residence #905 at The Plaza on Republic Square. Gracefully positioned on the northwest corner, this two-bedroom, two-bath residence captures the beauty of downtown Austin with soft light, sweeping park views, and a gentle architectural curve that defines the home's sig","Resident perk: Listed: $1,250,000.00 | MLS: 4528307. Value: Listed: $1,250,000.00 | MLS: 4528307. Resident onboarding, building-level perks, and local engagement Use it: Use the contact option to ask about availability, showings, or similar downtown homes.","Call / Website / Email when available; Show Card; Save to Card; Directions","","Legends Property Export (2026-02-27)"
"Partner","311-w-5th-st-905-legends-property-311-w-5th-st-905-austin-tx-us-78701-4528307","311 W 5th ST # 905","Downtown Austin","Residential Property","property","Legends","311 W 5th ST # 905","Create Property Plan","Residential Property · Downtown Austin","311 W 5th ST # 905","Welcome to Residence #905 at The Plaza on Republic Square. Gracefully positioned on the northwest corner, this two-bedroom, two-bath residence captures the beauty of downtown Austin with soft light, sweeping park views, and a gentle architectural curve that defines the home's sig","Partner view: Residents and prospects use this area to understand what daily life feels like around the building. Audience: Best fit: current residents, people looking at the building, brokers, and nearby businesses. Opportunity: Attach nearby perks, events, and walkable recommendations to the property story. Best timing: Strongest window: weekday lunch and after-work planning Next move: Create Property Plan","Create Property Plan; Reports; Contact","","Legends Property Export (2026-02-27)"
"Resident","311-w-5th-st-703-legends-property-311-w-5th-st-703-austin-unit-703-austin-tx-us-78701-2851461","311 W 5TH ST #703","Downtown Austin","Residential Property","property","Legends","311 W 5TH ST # 703","Listed: $699,000.00 | MLS: 2851461","Residential Property · Downtown Austin","311 W 5TH ST #703","Sophistication meets vibrant city living in this one-bedroom, one-bath loft overlooking Republic Square. Soaring ceilings, exposed concrete accents, a chef's kitchen designed for entertaining, and expansive windows fill the home with natural light. The spacious bath offers dual v","Resident perk: Listed: $699,000.00 | MLS: 2851461. Value: Listed: $699,000.00 | MLS: 2851461. Resident onboarding, building-level perks, and local engagement Use it: Use the contact option to ask about availability, showings, or similar downtown homes.","Call / Website / Email when available; Show Card; Save to Card; Directions","","Legends Property Export (2026-02-27)"
"Partner","311-w-5th-st-703-legends-property-311-w-5th-st-703-austin-unit-703-austin-tx-us-78701-2851461","311 W 5TH ST #703","Downtown Austin","Residential Property","property","Legends","311 W 5TH ST # 703","Create Property Plan","Residential Property · Downtown Austin","311 W 5TH ST #703","Sophistication meets vibrant city living in this one-bedroom, one-bath loft overlooking Republic Square. Soaring ceilings, exposed concrete accents, a chef's kitchen designed for entertaining, and expansive windows fill the home with natural light. The spacious bath offers dual v","Partner view: Residents and prospects use this area to understand what daily life feels like around the building. Audience: Best fit: current residents, people looking at the building, brokers, and nearby businesses. Opportunity: Attach nearby perks, events, and walkable recommendations to the property story. Best timing: Strongest window: weekday lunch and after-work planning Next move: Create Property Plan","Create Property Plan; Reports; Contact","","Legends Property Export (2026-02-27)"
"Resident","311-w-5th-st-unit-1003-legends-property-311-w-5th-st-unit-1003-austin-tx-78701-7389828","311 W 5th ST Unit: 1003","Downtown Austin","Residential Property","property","Legends","311 W 5th ST # 1003","Property Discovery","Residential Property · Downtown Austin","311 W 5th ST Unit: 1003","Welcome to exceptional luxury in the exclusive Plaza Lofts with this privately listed 2 bed, 2.5 bath condo. Incredibly rare in Austin's residential highrises, this unit provides a private elevator that delivers you directly into the space. Once you step inside, this gorgeous ope","Resident perk: Property Discovery. Value: Ask about availability. Resident onboarding, building-level perks, and local engagement Use it: Use the contact option to ask about availability, showings, or similar downtown homes.","Call / Website / Email when available; Show Card; Save to Card; Directions","","Legends Property Export (2026-02-27)"
"Partner","311-w-5th-st-unit-1003-legends-property-311-w-5th-st-unit-1003-austin-tx-78701-7389828","311 W 5th ST Unit: 1003","Downtown Austin","Residential Property","property","Legends","311 W 5th ST # 1003","Create Property Plan","Residential Property · Downtown Austin","311 W 5th ST Unit: 1003","Welcome to exceptional luxury in the exclusive Plaza Lofts with this privately listed 2 bed, 2.5 bath condo. Incredibly rare in Austin's residential highrises, this unit provides a private elevator that delivers you directly into the space. Once you step inside, this gorgeous ope","Partner view: Residents and prospects use this area to understand what daily life feels like around the building. Audience: Best fit: current residents, people looking at the building, brokers, and nearby businesses. Opportunity: Attach nearby perks, events, and walkable recommendations to the property story. Best timing: Strongest window: weekday lunch and after-work planning Next move: Create Property Plan","Create Property Plan; Reports; Contact","","Legends Property Export (2026-02-27)"
"Resident","311-w-5th-st-unit-1005-legends-property-311-w-5th-st-unit-1005-austin-tx-78701-2141927","311 W 5th ST Unit: 1005","Downtown Austin","Residential Property","property","Legends","311 W 5th ST Unit: 1005","Listed: $1,350,000.00 | MLS: 2141927","Residential Property · Downtown Austin","311 W 5th ST Unit: 1005","Views, Entertainment, and Fun in the heart of downtown Austin with beautiful park and city views with gorgeous sunsets for a great price! Location is ideal with this northwest-facing 2BD | 2BA corner loft condo that overlooks Republic Square Park in the heart of downtown Austin,","Resident perk: Listed: $1,350,000.00 | MLS: 2141927. Value: Listed: $1,350,000.00 | MLS: 2141927. Resident onboarding, building-level perks, and local engagement Use it: Use the contact option to ask about availability, showings, or similar downtown homes.","Call / Website / Email when available; Show Card; Save to Card; Directions","","Legends Property Export (2026-02-27)"
"Partner","311-w-5th-st-unit-1005-legends-property-311-w-5th-st-unit-1005-austin-tx-78701-2141927","311 W 5th ST Unit: 1005","Downtown Austin","Residential Property","property","Legends","311 W 5th ST Unit: 1005","Create Property Plan","Residential Property · Downtown Austin","311 W 5th ST Unit: 1005","Views, Entertainment, and Fun in the heart of downtown Austin with beautiful park and city views with gorgeous sunsets for a great price! Location is ideal with this northwest-facing 2BD | 2BA corner loft condo that overlooks Republic Square Park in the heart of downtown Austin,","Partner view: Residents and prospects use this area to understand what daily life feels like around the building. Audience: Best fit: current residents, people looking at the building, brokers, and nearby businesses. Opportunity: Attach nearby perks, events, and walkable recommendations to the property story. Best timing: Strongest window: weekday lunch and after-work planning Next move: Create Property Plan","Create Property Plan; Reports; Contact","","Legends Property Export (2026-02-27)"
"Resident","311-w-5th-st-unit-1005-legends-property-311-w-5th-st-unit-1005-austin-tx-78701-9689501","311 W 5th ST Unit: 1005","Downtown Austin","Residential Property","property","Legends","311 W 5th ST Unit: 1005","Listed: $1,500,000.00 | MLS: 9689501","Residential Property · Downtown Austin","311 W 5th ST Unit: 1005","Views, Entertainment, and Fun in the heart of downtown Austin with beautiful park and city views with gorgeous sunsets for a great price! Location is ideal with this northwest-facing 2BD | 2BA corner loft condo that overlooks Republic Square Park in the heart of downtown Austin,","Resident perk: Listed: $1,500,000.00 | MLS: 9689501. Value: Listed: $1,500,000.00 | MLS: 9689501. Resident onboarding, building-level perks, and local engagement Use it: Use the contact option to ask about availability, showings, or similar downtown homes.","Call / Website / Email when available; Show Card; Save to Card; Directions","","Legends Property Export (2026-02-27)"
"Partner","311-w-5th-st-unit-1005-legends-property-311-w-5th-st-unit-1005-austin-tx-78701-9689501","311 W 5th ST Unit: 1005","Downtown Austin","Residential Property","property","Legends","311 W 5th ST Unit: 1005","Create Property Plan","Residential Property · Downtown Austin","311 W 5th ST Unit: 1005","Views, Entertainment, and Fun in the heart of downtown Austin with beautiful park and city views with gorgeous sunsets for a great price! Location is ideal with this northwest-facing 2BD | 2BA corner loft condo that overlooks Republic Square Park in the heart of downtown Austin,","Partner view: Residents and prospects use this area to understand what daily life feels like around the building. Audience: Best fit: current residents, people looking at the building, brokers, and nearby businesses. Opportunity: Attach nearby perks, events, and walkable recommendations to the property story. Best timing: Strongest window: weekday lunch and after-work planning Next move: Create Property Plan","Create Property Plan; Reports; Contact","","Legends Property Export (2026-02-27)"
"Resident","311-w-5th-st-unit-507-legends-property-311-w-5th-st-unit-507-austin-tx-78701-4628573","311 W 5th ST Unit: 507","Downtown Austin","Residential Property","property","Legends","311 W 5th ST Unit: 507","Listed: $565,000.00 | MLS: 4628573","Residential Property · Downtown Austin","311 W 5th ST Unit: 507","1BD | 1.5BA | 1,243/SQFT | MLS # 4628573 | OFFERED AT $565,000 Gorgeous modern loft in 78701! You will love the loft's modern feel designed with a large open floor plan, soaring 11ft ceilings with industrial style exposed ducts, and floor-to-ceiling wall of windows for abundant n","Resident perk: Listed: $565,000.00 | MLS: 4628573. Value: Listed: $565,000.00 | MLS: 4628573. Resident onboarding, building-level perks, and local engagement Use it: Use the contact option to ask about availability, showings, or similar downtown homes.","Call / Website / Email when available; Show Card; Save to Card; Directions","","Legends Property Export (2026-02-27)"
"Partner","311-w-5th-st-unit-507-legends-property-311-w-5th-st-unit-507-austin-tx-78701-4628573","311 W 5th ST Unit: 507","Downtown Austin","Residential Property","property","Legends","311 W 5th ST Unit: 507","Create Property Plan","Residential Property · Downtown Austin","311 W 5th ST Unit: 507","1BD | 1.5BA | 1,243/SQFT | MLS # 4628573 | OFFERED AT $565,000 Gorgeous modern loft in 78701! You will love the loft's modern feel designed with a large open floor plan, soaring 11ft ceilings with industrial style exposed ducts, and floor-to-ceiling wall of windows for abundant n","Partner view: Residents and prospects use this area to understand what daily life feels like around the building. Audience: Best fit: current residents, people looking at the building, brokers, and nearby businesses. Opportunity: Attach nearby perks, events, and walkable recommendations to the property story. Best timing: Strongest window: weekday lunch and after-work planning Next move: Create Property Plan","Create Property Plan; Reports; Contact","","Legends Property Export (2026-02-27)"
"Resident","311-w-5th-st-unit-602-legends-property-311-w-5th-st-unit-602-austin-tx-78701-5778199","311 W 5th ST Unit: 602","Downtown Austin","Residential Property","property","Legends","311 W 5th ST Unit: 602","Listed: $1,350,000.00 | MLS: 5778199","Residential Property · Downtown Austin","311 W 5th ST Unit: 602","City & Treetop Views in the Heart of Downtown. Enjoy gorgeous city views with this rare to-the-market modern condo in the exclusive Plaza Lofts. Southwest facing, this spacious home overlooks the treetops of Republic Square Park, providing 2 beds, 2 baths, 1,896 square feet (TCAD","Resident perk: Listed: $1,350,000.00 | MLS: 5778199. Value: Listed: $1,350,000.00 | MLS: 5778199. Resident onboarding, building-level perks, and local engagement Use it: Use the contact option to ask about availability, showings, or similar downtown homes.","Call / Website / Email when available; Show Card; Save to Card; Directions","","Legends Property Export (2026-02-27)"
"Partner","311-w-5th-st-unit-602-legends-property-311-w-5th-st-unit-602-austin-tx-78701-5778199","311 W 5th ST Unit: 602","Downtown Austin","Residential Property","property","Legends","311 W 5th ST Unit: 602","Create Property Plan","Residential Property · Downtown Austin","311 W 5th ST Unit: 602","City & Treetop Views in the Heart of Downtown. Enjoy gorgeous city views with this rare to-the-market modern condo in the exclusive Plaza Lofts. Southwest facing, this spacious home overlooks the treetops of Republic Square Park, providing 2 beds, 2 baths, 1,896 square feet (TCAD","Partner view: Residents and prospects use this area to understand what daily life feels like around the building. Audience: Best fit: current residents, people looking at the building, brokers, and nearby businesses. Opportunity: Attach nearby perks, events, and walkable recommendations to the property story. Best timing: Strongest window: weekday lunch and after-work planning Next move: Create Property Plan","Create Property Plan; Reports; Contact","","Legends Property Export (2026-02-27)"
"Resident","311-w-5th-st-unit-608-legends-property-311-w-5th-st-unit-608-austin-tx-78701-3082332","311 W 5th ST Unit: 608","Downtown Austin","Residential Property","property","Legends","311 W 5th ST Unit: 608","Listed: $825,000.00 | MLS: 3082332","Residential Property · Downtown Austin","311 W 5th ST Unit: 608","Designed for easy living in the exclusive Plaza Lofts is this south-facing condo with 1 bed, 1.5 baths, 1,243 square feet (TCAD), and one parking space. You will love the spacious Greenwich plan! Perfect for entertaining and a modern live-work milieu with soaring 11' concrete cei","Resident perk: Listed: $825,000.00 | MLS: 3082332. Value: Listed: $825,000.00 | MLS: 3082332. Resident onboarding, building-level perks, and local engagement Use it: Use the contact option to ask about availability, showings, or similar downtown homes.","Call / Website / Email when available; Show Card; Save to Card; Directions","","Legends Property Export (2026-02-27)"
"Partner","311-w-5th-st-unit-608-legends-property-311-w-5th-st-unit-608-austin-tx-78701-3082332","311 W 5th ST Unit: 608","Downtown Austin","Residential Property","property","Legends","311 W 5th ST Unit: 608","Create Property Plan","Residential Property · Downtown Austin","311 W 5th ST Unit: 608","Designed for easy living in the exclusive Plaza Lofts is this south-facing condo with 1 bed, 1.5 baths, 1,243 square feet (TCAD), and one parking space. You will love the spacious Greenwich plan! Perfect for entertaining and a modern live-work milieu with soaring 11' concrete cei","Partner view: Residents and prospects use this area to understand what daily life feels like around the building. Audience: Best fit: current residents, people looking at the building, brokers, and nearby businesses. Opportunity: Attach nearby perks, events, and walkable recommendations to the property story. Best timing: Strongest window: weekday lunch and after-work planning Next move: Create Property Plan","Create Property Plan; Reports; Contact","","Legends Property Export (2026-02-27)"
"Resident","311-w-5th-st-unit-803-legends-property-311-w-5th-st-unit-803-austin-tx-78701-4601269","311 W 5th ST Unit: 803","Downtown Austin","Residential Property","property","Legends","311 W 5th ST Unit: 803","Listed: $2,500,000.00 | MLS: 4601269","Residential Property · Downtown Austin","311 W 5th ST Unit: 803","This exceptional luxury loft in the exclusive Plaza Lofts achieves privacy for a discerning clientele. Incredibly rare in Austin's residential highrises, this unit provides a private elevator that delivers you directly into the space. Once you step inside, the sweeping open floor","Resident perk: Listed: $2,500,000.00 | MLS: 4601269. Value: Listed: $2,500,000.00 | MLS: 4601269. Resident onboarding, building-level perks, and local engagement Use it: Use the contact option to ask about availability, showings, or similar downtown homes.","Call / Website / Email when available; Show Card; Save to Card; Directions","","Legends Property Export (2026-02-27)"
"Partner","311-w-5th-st-unit-803-legends-property-311-w-5th-st-unit-803-austin-tx-78701-4601269","311 W 5th ST Unit: 803","Downtown Austin","Residential Property","property","Legends","311 W 5th ST Unit: 803","Create Property Plan","Residential Property · Downtown Austin","311 W 5th ST Unit: 803","This exceptional luxury loft in the exclusive Plaza Lofts achieves privacy for a discerning clientele. Incredibly rare in Austin's residential highrises, this unit provides a private elevator that delivers you directly into the space. Once you step inside, the sweeping open floor","Partner view: Residents and prospects use this area to understand what daily life feels like around the building. Audience: Best fit: current residents, people looking at the building, brokers, and nearby businesses. Opportunity: Attach nearby perks, events, and walkable recommendations to the property story. Best timing: Strongest window: weekday lunch and after-work planning Next move: Create Property Plan","Create Property Plan; Reports; Contact","","Legends Property Export (2026-02-27)"
"Resident","311-w-5th-st-unit-803-legends-property-311-w-5th-st-unit-803-austin-tx-78701-5816720","311 W 5th ST Unit: 803","Downtown Austin","Residential Property","property","Legends","311 W 5th ST Unit: 803","Listed: $2,500,000.00 | MLS: 5816720","Residential Property · Downtown Austin","311 W 5th ST Unit: 803","This exceptional luxury loft in the exclusive Plaza Lofts achieves privacy for a discerning clientele. Incredibly rare in Austin's residential highrises, this unit provides a private elevator that delivers you directly into the space. Once you step inside, the sweeping open floor","Resident perk: Listed: $2,500,000.00 | MLS: 5816720. Value: Listed: $2,500,000.00 | MLS: 5816720. Resident onboarding, building-level perks, and local engagement Use it: Use the contact option to ask about availability, showings, or similar downtown homes.","Call / Website / Email when available; Show Card; Save to Card; Directions","","Legends Property Export (2026-02-27)"
"Partner","311-w-5th-st-unit-803-legends-property-311-w-5th-st-unit-803-austin-tx-78701-5816720","311 W 5th ST Unit: 803","Downtown Austin","Residential Property","property","Legends","311 W 5th ST Unit: 803","Create Property Plan","Residential Property · Downtown Austin","311 W 5th ST Unit: 803","This exceptional luxury loft in the exclusive Plaza Lofts achieves privacy for a discerning clientele. Incredibly rare in Austin's residential highrises, this unit provides a private elevator that delivers you directly into the space. Once you step inside, the sweeping open floor","Partner view: Residents and prospects use this area to understand what daily life feels like around the building. Audience: Best fit: current residents, people looking at the building, brokers, and nearby businesses. Opportunity: Attach nearby perks, events, and walkable recommendations to the property story. Best timing: Strongest window: weekday lunch and after-work planning Next move: Create Property Plan","Create Property Plan; Reports; Contact","","Legends Property Export (2026-02-27)"
"Resident","311-w-5th-st-unit-803-legends-property-311-w-5th-st-unit-803-austin-tx-78701-1590770","311 W 5th ST Unit: 803","Downtown Austin","Residential Property","property","Legends","311 W 5th ST Unit: 803","Property Discovery","Residential Property · Downtown Austin","311 W 5th ST Unit: 803","This exceptional luxury loft in the exclusive Plaza Lofts achieves privacy for a discerning clientele. Incredibly rare in Austin's residential highrises, this unit provides a private elevator that delivers you directly into the space. Once you step inside, the sweeping open floor","Resident perk: Property Discovery. Value: Ask about availability. Resident onboarding, building-level perks, and local engagement Use it: Use the contact option to ask about availability, showings, or similar downtown homes.","Call / Website / Email when available; Show Card; Save to Card; Directions","","Legends Property Export (2026-02-27)"
"Partner","311-w-5th-st-unit-803-legends-property-311-w-5th-st-unit-803-austin-tx-78701-1590770","311 W 5th ST Unit: 803","Downtown Austin","Residential Property","property","Legends","311 W 5th ST Unit: 803","Create Property Plan","Residential Property · Downtown Austin","311 W 5th ST Unit: 803","This exceptional luxury loft in the exclusive Plaza Lofts achieves privacy for a discerning clientele. Incredibly rare in Austin's residential highrises, this unit provides a private elevator that delivers you directly into the space. Once you step inside, the sweeping open floor","Partner view: Residents and prospects use this area to understand what daily life feels like around the building. Audience: Best fit: current residents, people looking at the building, brokers, and nearby businesses. Opportunity: Attach nearby perks, events, and walkable recommendations to the property story. Best timing: Strongest window: weekday lunch and after-work planning Next move: Create Property Plan","Create Property Plan; Reports; Contact","","Legends Property Export (2026-02-27)"
"Resident","311-w-5th-st-unit-803-legends-property-311-w-5th-st-unit-803-austin-tx-78701-2023965","311 W 5th ST Unit: 803","Downtown Austin","Residential Property","property","Legends","311 W 5th ST Unit: 803","Property Discovery","Residential Property · Downtown Austin","311 W 5th ST Unit: 803","Privacy is achieved with this exceptional lease of a Sub-Penthouse in the exclusive Plaza Lofts. Incredibly rare in Austin's residential highrises, this unit provides a private elevator that delivers you directly into the space. Once you step inside, the sweeping open floor plan","Resident perk: Property Discovery. Value: Ask about availability. Resident onboarding, building-level perks, and local engagement Use it: Use the contact option to ask about availability, showings, or similar downtown homes.","Call / Website / Email when available; Show Card; Save to Card; Directions","","Legends Property Export (2026-02-27)"
"Partner","311-w-5th-st-unit-803-legends-property-311-w-5th-st-unit-803-austin-tx-78701-2023965","311 W 5th ST Unit: 803","Downtown Austin","Residential Property","property","Legends","311 W 5th ST Unit: 803","Create Property Plan","Residential Property · Downtown Austin","311 W 5th ST Unit: 803","Privacy is achieved with this exceptional lease of a Sub-Penthouse in the exclusive Plaza Lofts. Incredibly rare in Austin's residential highrises, this unit provides a private elevator that delivers you directly into the space. Once you step inside, the sweeping open floor plan","Partner view: Residents and prospects use this area to understand what daily life feels like around the building. Audience: Best fit: current residents, people looking at the building, brokers, and nearby businesses. Opportunity: Attach nearby perks, events, and walkable recommendations to the property story. Best timing: Strongest window: weekday lunch and after-work planning Next move: Create Property Plan","Create Property Plan; Reports; Contact","","Legends Property Export (2026-02-27)"
"Resident","311-w-5th-st-unit-803-legends-property-311-w-5th-st-unit-803-austin-tx-78701-9682559","311 W 5th ST Unit: 803","Downtown Austin","Residential Property","property","Legends","311 W 5th ST Unit: 803","Listed: $2,800,000.00 | MLS: 9682559","Residential Property · Downtown Austin","311 W 5th ST Unit: 803","Gorgeous Executive Jr Penthouse, fully furnished and available for a 6 to 12+ month lease in the exclusive Plaza Lofts. Ideal for Corporate Rental this loft is perfectly located in the heart of downtown Austin, Texas with dining, arts, entertainment, recreation all within walking","Resident perk: Listed: $2,800,000.00 | MLS: 9682559. Value: Listed: $2,800,000.00 | MLS: 9682559. Resident onboarding, building-level perks, and local engagement Use it: Use the contact option to ask about availability, showings, or similar downtown homes.","Call / Website / Email when available; Show Card; Save to Card; Directions","","Legends Property Export (2026-02-27)"
"Partner","311-w-5th-st-unit-803-legends-property-311-w-5th-st-unit-803-austin-tx-78701-9682559","311 W 5th ST Unit: 803","Downtown Austin","Residential Property","property","Legends","311 W 5th ST Unit: 803","Create Property Plan","Residential Property · Downtown Austin","311 W 5th ST Unit: 803","Gorgeous Executive Jr Penthouse, fully furnished and available for a 6 to 12+ month lease in the exclusive Plaza Lofts. Ideal for Corporate Rental this loft is perfectly located in the heart of downtown Austin, Texas with dining, arts, entertainment, recreation all within walking","Partner view: Residents and prospects use this area to understand what daily life feels like around the building. Audience: Best fit: current residents, people looking at the building, brokers, and nearby businesses. Opportunity: Attach nearby perks, events, and walkable recommendations to the property story. Best timing: Strongest window: weekday lunch and after-work planning Next move: Create Property Plan","Create Property Plan; Reports; Contact","","Legends Property Export (2026-02-27)"
"Resident","311-w-5th-st-unit-806-legends-property-311-w-5th-st-unit-806-austin-tx-78701-4495763","311 W 5th ST Unit: 806","Downtown Austin","Residential Property","property","Legends","311 W 5th ST # 806","Property Discovery","Residential Property · Downtown Austin","311 W 5th ST Unit: 806","NEW PRICE and ONE MONTH FREE! Perfectly located and fully furnished luxury lease in the Plaza Lofts downtown Austin with city and hill country views. The location is ideal for this north-facing 1BD | 1BA condo in the heart of downtown Austin, Texas, within walking distance to din","Resident perk: Property Discovery. Value: Ask about availability. Resident onboarding, building-level perks, and local engagement Use it: Use the contact option to ask about availability, showings, or similar downtown homes.","Call / Website / Email when available; Show Card; Save to Card; Directions","","Legends Property Export (2026-02-27)"
"Partner","311-w-5th-st-unit-806-legends-property-311-w-5th-st-unit-806-austin-tx-78701-4495763","311 W 5th ST Unit: 806","Downtown Austin","Residential Property","property","Legends","311 W 5th ST # 806","Create Property Plan","Residential Property · Downtown Austin","311 W 5th ST Unit: 806","NEW PRICE and ONE MONTH FREE! Perfectly located and fully furnished luxury lease in the Plaza Lofts downtown Austin with city and hill country views. The location is ideal for this north-facing 1BD | 1BA condo in the heart of downtown Austin, Texas, within walking distance to din","Partner view: Residents and prospects use this area to understand what daily life feels like around the building. Audience: Best fit: current residents, people looking at the building, brokers, and nearby businesses. Opportunity: Attach nearby perks, events, and walkable recommendations to the property story. Best timing: Strongest window: weekday lunch and after-work planning Next move: Create Property Plan","Create Property Plan; Reports; Contact","","Legends Property Export (2026-02-27)"
"Resident","311-w-5th-st-unit-806-legends-property-311-w-5th-st-unit-806-austin-tx-78701-9800518","311 W 5th ST Unit: 806","Downtown Austin","Residential Property","property","Legends","311 W 5th ST Unit: 806","Property Discovery","Residential Property · Downtown Austin","311 W 5th ST Unit: 806","Great lease in the Plaza Lofts downtown Austin with city and hill country views. Location is ideal with this north-facing 1BD | 1BA condo in the heart of downtown Austin, Texas, within walking distance to dining, arts, entertainment, Lady Bird Lake, trails, and so much more. The","Resident perk: Property Discovery. Value: Ask about availability. Resident onboarding, building-level perks, and local engagement Use it: Use the contact option to ask about availability, showings, or similar downtown homes.","Call / Website / Email when available; Show Card; Save to Card; Directions","","Legends Property Export (2026-02-27)"
"Partner","311-w-5th-st-unit-806-legends-property-311-w-5th-st-unit-806-austin-tx-78701-9800518","311 W 5th ST Unit: 806","Downtown Austin","Residential Property","property","Legends","311 W 5th ST Unit: 806","Create Property Plan","Residential Property · Downtown Austin","311 W 5th ST Unit: 806","Great lease in the Plaza Lofts downtown Austin with city and hill country views. Location is ideal with this north-facing 1BD | 1BA condo in the heart of downtown Austin, Texas, within walking distance to dining, arts, entertainment, Lady Bird Lake, trails, and so much more. The","Partner view: Residents and prospects use this area to understand what daily life feels like around the building. Audience: Best fit: current residents, people looking at the building, brokers, and nearby businesses. Opportunity: Attach nearby perks, events, and walkable recommendations to the property story. Best timing: Strongest window: weekday lunch and after-work planning Next move: Create Property Plan","Create Property Plan; Reports; Contact","","Legends Property Export (2026-02-27)"
"Resident","311-w-5th-st-unit-902-legends-property-311-w-5th-st-unit-902-austin-tx-78701-1169093","311 W 5th ST Unit: 902","Downtown Austin","Residential Property","property","Legends","311 W 5th ST Unit: 902","Property Discovery","Residential Property · Downtown Austin","311 W 5th ST Unit: 902","Exquisite southwest-facing 2BD | 2BA corner loft condo overlooks Republic Square Park. Fully furnished and available in July for 3 to 12+ month lease in the exclusive Plaza Lofts. Ideal for Executive or transitional clients, this loft is located in the heart of downtown Austin, T","Resident perk: Property Discovery. Value: Ask about availability. Resident onboarding, building-level perks, and local engagement Use it: Use the contact option to ask about availability, showings, or similar downtown homes.","Call / Website / Email when available; Show Card; Save to Card; Directions","","Legends Property Export (2026-02-27)"
"Partner","311-w-5th-st-unit-902-legends-property-311-w-5th-st-unit-902-austin-tx-78701-1169093","311 W 5th ST Unit: 902","Downtown Austin","Residential Property","property","Legends","311 W 5th ST Unit: 902","Create Property Plan","Residential Property · Downtown Austin","311 W 5th ST Unit: 902","Exquisite southwest-facing 2BD | 2BA corner loft condo overlooks Republic Square Park. Fully furnished and available in July for 3 to 12+ month lease in the exclusive Plaza Lofts. Ideal for Executive or transitional clients, this loft is located in the heart of downtown Austin, T","Partner view: Residents and prospects use this area to understand what daily life feels like around the building. Audience: Best fit: current residents, people looking at the building, brokers, and nearby businesses. Opportunity: Attach nearby perks, events, and walkable recommendations to the property story. Best timing: Strongest window: weekday lunch and after-work planning Next move: Create Property Plan","Create Property Plan; Reports; Contact","","Legends Property Export (2026-02-27)"
"Resident","311-w-5th-st-w-902-legends-property-311-w-5th-st-w-902-austin-tx-us-78701-2166147","311 W 5th ST W # 902","Downtown Austin","Residential Property","property","Legends","311 W 5th ST W # 902","Listed: $1,325,000.00 | MLS: 2166147","Residential Property · Downtown Austin","311 W 5th ST W # 902","PRICE EDIT Elegant Downtown Loft Overlooking Republic Square Park Live at the intersection of downtown sophistication and timeless design in this stunning 2BD | 2BA corner loft overlooking Republic Square Park. Located in Austin's sought-after Plaza Lofts, Residence #902 offers a","Resident perk: Listed: $1,325,000.00 | MLS: 2166147. Value: Listed: $1,325,000.00 | MLS: 2166147. Resident onboarding, building-level perks, and local engagement Use it: Use the contact option to ask about availability, showings, or similar downtown homes.","Call / Website / Email when available; Show Card; Save to Card; Directions","","Legends Property Export (2026-02-27)"
"Partner","311-w-5th-st-w-902-legends-property-311-w-5th-st-w-902-austin-tx-us-78701-2166147","311 W 5th ST W # 902","Downtown Austin","Residential Property","property","Legends","311 W 5th ST W # 902","Create Property Plan","Residential Property · Downtown Austin","311 W 5th ST W # 902","PRICE EDIT Elegant Downtown Loft Overlooking Republic Square Park Live at the intersection of downtown sophistication and timeless design in this stunning 2BD | 2BA corner loft overlooking Republic Square Park. Located in Austin's sought-after Plaza Lofts, Residence #902 offers a","Partner view: Residents and prospects use this area to understand what daily life feels like around the building. Audience: Best fit: current residents, people looking at the building, brokers, and nearby businesses. Opportunity: Attach nearby perks, events, and walkable recommendations to the property story. Best timing: Strongest window: weekday lunch and after-work planning Next move: Create Property Plan","Create Property Plan; Reports; Contact","","Legends Property Export (2026-02-27)"
"Resident","311-w-5th-st-w-902-legends-property-311-w-5th-st-w-902-austin-tx-us-78701-6777134","311 W 5th ST W # 902","Downtown Austin","Residential Property","property","Legends","311 W 5th ST # 902","Listed: $1,325,000.00 / $7,500.00/MONTH","Residential Property · Downtown Austin","311 W 5th ST W # 902","Live at the intersection of downtown sophistication and timeless design in this stunning 2BD | 2BA corner loft overlooking Republic Square Park. Located in Austin's sought-after Plaza Lofts, Residence #902 offers an exclusive opportunity to live in a beautifully remodeled corner","Resident perk: Listed: $1,325,000.00 / $7,500.00/MONTH. Value: Listed: $1,325,000.00 / $7,500.00/MONTH. Resident onboarding, building-level perks, and local engagement Use it: Use the contact option to ask about availability, showings, or similar downtown homes.","Call / Website / Email when available; Show Card; Save to Card; Directions","","Legends Property Export (2026-02-27)"
"Partner","311-w-5th-st-w-902-legends-property-311-w-5th-st-w-902-austin-tx-us-78701-6777134","311 W 5th ST W # 902","Downtown Austin","Residential Property","property","Legends","311 W 5th ST # 902","Create Property Plan","Residential Property · Downtown Austin","311 W 5th ST W # 902","Live at the intersection of downtown sophistication and timeless design in this stunning 2BD | 2BA corner loft overlooking Republic Square Park. Located in Austin's sought-after Plaza Lofts, Residence #902 offers an exclusive opportunity to live in a beautifully remodeled corner","Partner view: Residents and prospects use this area to understand what daily life feels like around the building. Audience: Best fit: current residents, people looking at the building, brokers, and nearby businesses. Opportunity: Attach nearby perks, events, and walkable recommendations to the property story. Best timing: Strongest window: weekday lunch and after-work planning Next move: Create Property Plan","Create Property Plan; Reports; Contact","","Legends Property Export (2026-02-27)"
"Resident","311-w-5th-st-w-902-legends-property-311-w-5th-st-w-902-austin-tx-us-78701-6477661","311 W 5th ST W # 902","Downtown Austin","Residential Property","property","Legends","311 W 5th ST W # 902","Listed: $1,375,000.00","Residential Property · Downtown Austin","311 W 5th ST W # 902","PRICE IMPROVEMENT Elegant Downtown Loft with Stunning Views and Refined Living Welcome to this exquisite 2-bedroom, 2-bathroom corner loft at Plaza Lofts, a masterpiece of modern sophistication and urban convenience. Expansive Manhattan-inspired layout to enjoy the grandeur of 11","Resident perk: Listed: $1,375,000.00. Value: Listed: $1,375,000.00. Resident onboarding, building-level perks, and local engagement Use it: Use the contact option to ask about availability, showings, or similar downtown homes.","Call / Website / Email when available; Show Card; Save to Card; Directions","","Legends Property Export (2026-02-27)"
"Partner","311-w-5th-st-w-902-legends-property-311-w-5th-st-w-902-austin-tx-us-78701-6477661","311 W 5th ST W # 902","Downtown Austin","Residential Property","property","Legends","311 W 5th ST W # 902","Create Property Plan","Residential Property · Downtown Austin","311 W 5th ST W # 902","PRICE IMPROVEMENT Elegant Downtown Loft with Stunning Views and Refined Living Welcome to this exquisite 2-bedroom, 2-bathroom corner loft at Plaza Lofts, a masterpiece of modern sophistication and urban convenience. Expansive Manhattan-inspired layout to enjoy the grandeur of 11","Partner view: Residents and prospects use this area to understand what daily life feels like around the building. Audience: Best fit: current residents, people looking at the building, brokers, and nearby businesses. Opportunity: Attach nearby perks, events, and walkable recommendations to the property story. Best timing: Strongest window: weekday lunch and after-work planning Next move: Create Property Plan","Create Property Plan; Reports; Contact","","Legends Property Export (2026-02-27)"
"Resident","311-w-5th-st-w-unit-902-legends-property-311-w-5th-st-w-unit-902-austin-tx-78701-1046145","311 W 5th ST W Unit: 902","Downtown Austin","Residential Property","property","Legends","311 W 5th ST W Unit: 902","Property Discovery","Residential Property · Downtown Austin","311 W 5th ST W Unit: 902","Landlord Says Lease It | New Price and Available Now! This exquisite Southwest-facing 2BD | 2BA corner loft condo overlooks Republic Square Park. Fully furnished and turnkey, with beautiful city views and gorgeous sunsets! Available November 1st for lease in the exclusive Plaza L","Resident perk: Property Discovery. Value: Ask about availability. Resident onboarding, building-level perks, and local engagement Use it: Use the contact option to ask about availability, showings, or similar downtown homes.","Call / Website / Email when available; Show Card; Save to Card; Directions","","Legends Property Export (2026-02-27)"
"Partner","311-w-5th-st-w-unit-902-legends-property-311-w-5th-st-w-unit-902-austin-tx-78701-1046145","311 W 5th ST W Unit: 902","Downtown Austin","Residential Property","property","Legends","311 W 5th ST W Unit: 902","Create Property Plan","Residential Property · Downtown Austin","311 W 5th ST W Unit: 902","Landlord Says Lease It | New Price and Available Now! This exquisite Southwest-facing 2BD | 2BA corner loft condo overlooks Republic Square Park. Fully furnished and turnkey, with beautiful city views and gorgeous sunsets! Available November 1st for lease in the exclusive Plaza L","Partner view: Residents and prospects use this area to understand what daily life feels like around the building. Audience: Best fit: current residents, people looking at the building, brokers, and nearby businesses. Opportunity: Attach nearby perks, events, and walkable recommendations to the property story. Best timing: Strongest window: weekday lunch and after-work planning Next move: Create Property Plan","Create Property Plan; Reports; Contact","","Legends Property Export (2026-02-27)"
"Resident","311-w-5th-st-w-unit-902-legends-property-311-w-5th-st-w-unit-902-austin-tx-78701-5986414","311 W 5th ST W Unit: 902","Downtown Austin","Residential Property","property","Legends","311 W 5th ST W Unit: 902","Property Discovery","Residential Property · Downtown Austin","311 W 5th ST W Unit: 902","Fantastic location in the heart of Downtown Austin with beautiful city views and gorgeous sunsets! This exquisite southwest-facing 2BD | 2BA corner loft condo overlooks Republic Square Park. Fully furnished and available NOW for 4 to 12+ month lease in the exclusive Plaza Lofts.","Resident perk: Property Discovery. Value: Ask about availability. Resident onboarding, building-level perks, and local engagement Use it: Use the contact option to ask about availability, showings, or similar downtown homes.","Call / Website / Email when available; Show Card; Save to Card; Directions","","Legends Property Export (2026-02-27)"
"Partner","311-w-5th-st-w-unit-902-legends-property-311-w-5th-st-w-unit-902-austin-tx-78701-5986414","311 W 5th ST W Unit: 902","Downtown Austin","Residential Property","property","Legends","311 W 5th ST W Unit: 902","Create Property Plan","Residential Property · Downtown Austin","311 W 5th ST W Unit: 902","Fantastic location in the heart of Downtown Austin with beautiful city views and gorgeous sunsets! This exquisite southwest-facing 2BD | 2BA corner loft condo overlooks Republic Square Park. Fully furnished and available NOW for 4 to 12+ month lease in the exclusive Plaza Lofts.","Partner view: Residents and prospects use this area to understand what daily life feels like around the building. Audience: Best fit: current residents, people looking at the building, brokers, and nearby businesses. Opportunity: Attach nearby perks, events, and walkable recommendations to the property story. Best timing: Strongest window: weekday lunch and after-work planning Next move: Create Property Plan","Create Property Plan; Reports; Contact","","Legends Property Export (2026-02-27)"
"Resident","311-w-5th-st-1008-legends-property-311-w-5th-st-1008","311 W 5th St, #1008","Downtown Austin","Residential Property","property","Legends","311 West 5th Street, Unit 1008","Listed: $559,000.00 | MLS: 9510253","Residential Property · Downtown Austin","311 W 5th St, #1008","Beautiful modern loft in 78701. Featuring 1 bedroom 1.5 baths with open floor plan, soaring 11ft ceilings with industrial style exposed vents/pipes. Floor-to-ceiling windows allow for abundant natural light. Designed for easy living and entertaining in a spacious kitchen with top","Resident perk: Listed: $559,000.00 | MLS: 9510253. Value: Listed: $559,000.00 | MLS: 9510253. Resident onboarding, building-level perks, and local engagement Use it: Use the contact option to ask about availability, showings, or similar downtown homes.","Call / Website / Email when available; Show Card; Save to Card; Directions","","Legends Property Export (2026-02-27)"
"Partner","311-w-5th-st-1008-legends-property-311-w-5th-st-1008","311 W 5th St, #1008","Downtown Austin","Residential Property","property","Legends","311 West 5th Street, Unit 1008","Create Property Plan","Residential Property · Downtown Austin","311 W 5th St, #1008","Beautiful modern loft in 78701. Featuring 1 bedroom 1.5 baths with open floor plan, soaring 11ft ceilings with industrial style exposed vents/pipes. Floor-to-ceiling windows allow for abundant natural light. Designed for easy living and entertaining in a spacious kitchen with top","Partner view: Residents and prospects use this area to understand what daily life feels like around the building. Audience: Best fit: current residents, people looking at the building, brokers, and nearby businesses. Opportunity: Attach nearby perks, events, and walkable recommendations to the property story. Best timing: Strongest window: weekday lunch and after-work planning Next move: Create Property Plan","Create Property Plan; Reports; Contact","","Legends Property Export (2026-02-27)"
"Resident","360-condominiums-way-328839215","360 Condominiums","Downtown Austin","Residential Property","property","Residential","360, Nueces Street, Austin, TX, 78701","Property Discovery","Residential Property · Downtown Austin","360 Condominiums","Residential Property listing in Downtown Austin.","Resident perk: Property Discovery. Value: Ask about availability. Resident onboarding, building-level perks, and local engagement Use it: Use the contact option to ask about availability, showings, or similar downtown homes.","Call / Website / Email when available; Show Card; Save to Card; Directions","","OpenStreetMap / Overpass"
"Partner","360-condominiums-way-328839215","360 Condominiums","Downtown Austin","Residential Property","property","Residential","360, Nueces Street, Austin, TX, 78701","Create Property Plan","Residential Property · Downtown Austin","360 Condominiums","Residential Property listing in Downtown Austin.","Partner view: Residents and prospects use this area to understand what daily life feels like around the building. Audience: Best fit: current residents, people looking at the building, brokers, and nearby businesses. Opportunity: Attach nearby perks, events, and walkable recommendations to the property story. Best timing: Strongest window: weekday lunch and after-work planning Next move: Create Property Plan","Create Property Plan; Reports; Contact","","OpenStreetMap / Overpass"
"Resident","360-nueces-st-2601-legends-property-360-nueces-st-2601-austin-tx-us-78701-3862590","360 Nueces ST # 2601","Downtown Austin","Residential Property","property","Legends","360 Nueces ST # 2601","Property Discovery","Residential Property · Downtown Austin","360 Nueces ST # 2601","Enjoy breathtaking views of the downtown Austin skyline, Lady Bird Lake, and the hill country from this SE corner unit featuring floor-to-ceiling windows. This beautiful and true one-bedroom residence includes a private balcony and one reserved secure garage parking space. The op","Resident perk: Property Discovery. Value: Ask about availability. Resident onboarding, building-level perks, and local engagement Use it: Use the contact option to ask about availability, showings, or similar downtown homes.","Call / Website / Email when available; Show Card; Save to Card; Directions","","Legends Property Export (2026-02-27)"
"Partner","360-nueces-st-2601-legends-property-360-nueces-st-2601-austin-tx-us-78701-3862590","360 Nueces ST # 2601","Downtown Austin","Residential Property","property","Legends","360 Nueces ST # 2601","Create Property Plan","Residential Property · Downtown Austin","360 Nueces ST # 2601","Enjoy breathtaking views of the downtown Austin skyline, Lady Bird Lake, and the hill country from this SE corner unit featuring floor-to-ceiling windows. This beautiful and true one-bedroom residence includes a private balcony and one reserved secure garage parking space. The op","Partner view: Residents and prospects use this area to understand what daily life feels like around the building. Audience: Best fit: current residents, people looking at the building, brokers, and nearby businesses. Opportunity: Attach nearby perks, events, and walkable recommendations to the property story. Best timing: Strongest window: weekday lunch and after-work planning Next move: Create Property Plan","Create Property Plan; Reports; Contact","","Legends Property Export (2026-02-27)"
"Resident","360-nueces-st-4305-legends-property-360-nueces-st-4305-austin-tx-us-78701-6332882","360 Nueces ST # 4305","Downtown Austin","Residential Property","property","Legends","360 Nueces ST # 4305","Listed: $1,700,000.00 | MLS: 6332882","Residential Property · Downtown Austin","360 Nueces ST # 4305","MAJOR PRICE REDUCTION TO $1,700,000 SELLER MOTIVATED | MOVE-IN READY Penthouse 4305 at 360 Condominiums is now available at a major price reduction and represents one of the most compelling penthouse opportunities in downtown Austin. Priced at $1,700,000, this residence is now pr","Resident perk: Listed: $1,700,000.00 | MLS: 6332882. Value: Listed: $1,700,000.00 | MLS: 6332882. Resident onboarding, building-level perks, and local engagement Use it: Use the contact option to ask about availability, showings, or similar downtown homes.","Call / Website / Email when available; Show Card; Save to Card; Directions","","Legends Property Export (2026-02-27)"
"Partner","360-nueces-st-4305-legends-property-360-nueces-st-4305-austin-tx-us-78701-6332882","360 Nueces ST # 4305","Downtown Austin","Residential Property","property","Legends","360 Nueces ST # 4305","Create Property Plan","Residential Property · Downtown Austin","360 Nueces ST # 4305","MAJOR PRICE REDUCTION TO $1,700,000 SELLER MOTIVATED | MOVE-IN READY Penthouse 4305 at 360 Condominiums is now available at a major price reduction and represents one of the most compelling penthouse opportunities in downtown Austin. Priced at $1,700,000, this residence is now pr","Partner view: Residents and prospects use this area to understand what daily life feels like around the building. Audience: Best fit: current residents, people looking at the building, brokers, and nearby businesses. Opportunity: Attach nearby perks, events, and walkable recommendations to the property story. Best timing: Strongest window: weekday lunch and after-work planning Next move: Create Property Plan","Create Property Plan; Reports; Contact","","Legends Property Export (2026-02-27)"
"Resident","360-nueces-st-4305-legends-property-360-nueces-st-4305-austin-tx-us-78701-1553128","360 Nueces ST # 4305","Downtown Austin","Residential Property","property","Legends","360 Nueces ST # 4305","Listed: $1,700,000.00","Residential Property · Downtown Austin","360 Nueces ST # 4305","Rising above the energy of downtown Austin, the east-facing penthouse at 360 Condominiums offers a front-row seat to the city&rsquo;s ever-evolving skyline. Walls of windows fill the home with morning light and frame uninterrupted views of Lady Bird Lake, the glittering cityscape","Resident perk: Listed: $1,700,000.00. Value: Listed: $1,700,000.00. Resident onboarding, building-level perks, and local engagement Use it: Use the contact option to ask about availability, showings, or similar downtown homes.","Call / Website / Email when available; Show Card; Save to Card; Directions","","Legends Property Export (2026-02-27)"
"Partner","360-nueces-st-4305-legends-property-360-nueces-st-4305-austin-tx-us-78701-1553128","360 Nueces ST # 4305","Downtown Austin","Residential Property","property","Legends","360 Nueces ST # 4305","Create Property Plan","Residential Property · Downtown Austin","360 Nueces ST # 4305","Rising above the energy of downtown Austin, the east-facing penthouse at 360 Condominiums offers a front-row seat to the city&rsquo;s ever-evolving skyline. Walls of windows fill the home with morning light and frame uninterrupted views of Lady Bird Lake, the glittering cityscape","Partner view: Residents and prospects use this area to understand what daily life feels like around the building. Audience: Best fit: current residents, people looking at the building, brokers, and nearby businesses. Opportunity: Attach nearby perks, events, and walkable recommendations to the property story. Best timing: Strongest window: weekday lunch and after-work planning Next move: Create Property Plan","Create Property Plan; Reports; Contact","","Legends Property Export (2026-02-27)"
"Resident","360-nueces-st-4305-legends-property-360-nueces-st-4305-austin-tx-us-78701","360 Nueces ST # 4305","Downtown Austin","Residential Property","property","Legends","360 Nueces ST # 4305","Listed: $1,799,999.00","Residential Property · Downtown Austin","360 Nueces ST # 4305","This east-facing penthouse at the prestigious 360 Condominiums presents an extraordinary opportunity to own a premier residence in Downtown Austin at exceptional value. Now offered at $1,799,999, this home is priced below the seller&rsquo;s acquisition cost and offers 2,070 squar","Resident perk: Listed: $1,799,999.00. Value: Listed: $1,799,999.00. Resident onboarding, building-level perks, and local engagement Use it: Use the contact option to ask about availability, showings, or similar downtown homes.","Call / Website / Email when available; Show Card; Save to Card; Directions","","Legends Property Export (2026-02-27)"
"Partner","360-nueces-st-4305-legends-property-360-nueces-st-4305-austin-tx-us-78701","360 Nueces ST # 4305","Downtown Austin","Residential Property","property","Legends","360 Nueces ST # 4305","Create Property Plan","Residential Property · Downtown Austin","360 Nueces ST # 4305","This east-facing penthouse at the prestigious 360 Condominiums presents an extraordinary opportunity to own a premier residence in Downtown Austin at exceptional value. Now offered at $1,799,999, this home is priced below the seller&rsquo;s acquisition cost and offers 2,070 squar","Partner view: Residents and prospects use this area to understand what daily life feels like around the building. Audience: Best fit: current residents, people looking at the building, brokers, and nearby businesses. Opportunity: Attach nearby perks, events, and walkable recommendations to the property story. Best timing: Strongest window: weekday lunch and after-work planning Next move: Create Property Plan","Create Property Plan; Reports; Contact","","Legends Property Export (2026-02-27)"
"Resident","360-nueces-st-4305-legends-property-360-nueces-st-4305-austin-tx-us-78701-4809817","360 Nueces ST # 4305","Downtown Austin","Residential Property","property","Legends","360 Nueces ST # 4305","Listed: $1,950,000.00","Residential Property · Downtown Austin","360 Nueces ST # 4305","Motivated Seller &ndash; Exceptional Value for a Downtown Austin Penthouse This exclusive offering at the coveted 360 Condominiums is unmatched: no other property in Downtown Austin combines penthouse living, Lady Bird Lake and city views, home automation, premium parking, and ov","Resident perk: Listed: $1,950,000.00. Value: Listed: $1,950,000.00. Resident onboarding, building-level perks, and local engagement Use it: Use the contact option to ask about availability, showings, or similar downtown homes.","Call / Website / Email when available; Show Card; Save to Card; Directions","","Legends Property Export (2026-02-27)"
"Partner","360-nueces-st-4305-legends-property-360-nueces-st-4305-austin-tx-us-78701-4809817","360 Nueces ST # 4305","Downtown Austin","Residential Property","property","Legends","360 Nueces ST # 4305","Create Property Plan","Residential Property · Downtown Austin","360 Nueces ST # 4305","Motivated Seller &ndash; Exceptional Value for a Downtown Austin Penthouse This exclusive offering at the coveted 360 Condominiums is unmatched: no other property in Downtown Austin combines penthouse living, Lady Bird Lake and city views, home automation, premium parking, and ov","Partner view: Residents and prospects use this area to understand what daily life feels like around the building. Audience: Best fit: current residents, people looking at the building, brokers, and nearby businesses. Opportunity: Attach nearby perks, events, and walkable recommendations to the property story. Best timing: Strongest window: weekday lunch and after-work planning Next move: Create Property Plan","Create Property Plan; Reports; Contact","","Legends Property Export (2026-02-27)"
"Resident","legends-sale-360-nueces-st-1007","360 Nueces St #1007","Downtown Austin","Residential Property","property","Legends","360 Nueces St #1007, Austin, TX 78701","Exclusive Property Access","Legends Real Estate · Residential Property · Downtown Austin","360 Nueces St #1007","Want to live here? This Downtown Austin residence is listed at $529,000. 1 bed • 1 bath • 852 sq ft • 12 days on market. Downtown Perks residents can contact Legends Real Estate for details, availability, private tour options, and property access that may not always be visible on other listing sites.","Resident perk: Exclusive Property Access. Value: $529,000 · 1 bd · 1 ba · 852 sq ft. 360 Nueces St #1007 is available through Legends Real Estate. Downtown Perks residents can contact Legends to discover availability, showing options, and property opportunities that may not always be easy to find on other listing sites. Use it: Use the contact form to ask about availability, showing times, private tour options, and similar downtown properties.","Call / Website / Email when available; Show Card; Save to Card; Directions","/images/legends-listings/y6irl6fpch4lh0hfs6fw.png","Legends Real Estate verified listing layer"
"Partner","legends-sale-360-nueces-st-1007","360 Nueces St #1007","Downtown Austin","Residential Property","property","Legends","360 Nueces St #1007, Austin, TX 78701","Create Property Plan","Legends Real Estate · Residential Property · Downtown Austin","360 Nueces St #1007","Want to live here? This Downtown Austin residence is listed at $529,000. 1 bed • 1 bath • 852 sq ft • 12 days on market. Downtown Perks residents can contact Legends Real Estate for details, availability, private tour options, and property access that may not always be visible on other listing sites.","Partner view: Residents and prospects use this area to understand what daily life feels like around the building. Audience: Best fit: current residents, people looking at the building, brokers, and nearby businesses. Opportunity: Attach nearby perks, events, and walkable recommendations to the property story. Best timing: Strongest window: weekday lunch and after-work planning Next move: Create Property Plan","Create Property Plan; Reports; Contact","/images/legends-listings/y6irl6fpch4lh0hfs6fw.png","Legends Real Estate verified listing layer"
"Resident","legends-sale-360-nueces-st-1018","360 Nueces St #1018","Downtown Austin","Residential Property","property","Legends","360 Nueces St #1018, Austin, TX 78701","Exclusive Property Access","Legends Real Estate · Residential Property · Downtown Austin","360 Nueces St #1018","Want to live here? This Downtown Austin residence is listed at $459,770. 1 bed • 1 bath • 760 sq ft • 76 days on market. Downtown Perks residents can contact Legends Real Estate for details, availability, private tour options, and property access that may not always be visible on other listing sites.","Resident perk: Exclusive Property Access. Value: $459,770 · 1 bd · 1 ba · 760 sq ft. 360 Nueces St #1018 is available through Legends Real Estate. Downtown Perks residents can contact Legends to discover availability, showing options, and property opportunities that may not always be easy to find on other listing sites. Use it: Use the contact form to ask about availability, showing times, private tour options, and similar downtown properties.","Call / Website / Email when available; Show Card; Save to Card; Directions","/images/legends-listings/knmt6mphvu2ntfdhb0bw.avif","Legends Real Estate verified listing layer"
"Partner","legends-sale-360-nueces-st-1018","360 Nueces St #1018","Downtown Austin","Residential Property","property","Legends","360 Nueces St #1018, Austin, TX 78701","Create Property Plan","Legends Real Estate · Residential Property · Downtown Austin","360 Nueces St #1018","Want to live here? This Downtown Austin residence is listed at $459,770. 1 bed • 1 bath • 760 sq ft • 76 days on market. Downtown Perks residents can contact Legends Real Estate for details, availability, private tour options, and property access that may not always be visible on other listing sites.","Partner view: Residents and prospects use this area to understand what daily life feels like around the building. Audience: Best fit: current residents, people looking at the building, brokers, and nearby businesses. Opportunity: Attach nearby perks, events, and walkable recommendations to the property story. Best timing: Strongest window: weekday lunch and after-work planning Next move: Create Property Plan","Create Property Plan; Reports; Contact","/images/legends-listings/knmt6mphvu2ntfdhb0bw.avif","Legends Real Estate verified listing layer"
"Resident","legends-sale-360-nueces-st-1112","360 Nueces St #1112","Downtown Austin","Residential Property","property","Legends","360 Nueces St #1112, Austin, TX 78701","Exclusive Property Access","Legends Real Estate · Residential Property · Downtown Austin","360 Nueces St #1112","Want to live here? This Downtown Austin residence is listed at $440,000. 1 bed • 1 bath • 812 sq ft • 33 days on market. Downtown Perks residents can contact Legends Real Estate for details, availability, private tour options, and property access that may not always be visible on other listing sites.","Resident perk: Exclusive Property Access. Value: $440,000 · 1 bd · 1 ba · 812 sq ft. 360 Nueces St #1112 is available through Legends Real Estate. Downtown Perks residents can contact Legends to discover availability, showing options, and property opportunities that may not always be easy to find on other listing sites. Use it: Use the contact form to ask about availability, showing times, private tour options, and similar downtown properties.","Call / Website / Email when available; Show Card; Save to Card; Directions","/images/legends-listings/knmt6mphvu2ntfdhb0bw.avif","Legends Real Estate verified listing layer"
"Partner","legends-sale-360-nueces-st-1112","360 Nueces St #1112","Downtown Austin","Residential Property","property","Legends","360 Nueces St #1112, Austin, TX 78701","Create Property Plan","Legends Real Estate · Residential Property · Downtown Austin","360 Nueces St #1112","Want to live here? This Downtown Austin residence is listed at $440,000. 1 bed • 1 bath • 812 sq ft • 33 days on market. Downtown Perks residents can contact Legends Real Estate for details, availability, private tour options, and property access that may not always be visible on other listing sites.","Partner view: Residents and prospects use this area to understand what daily life feels like around the building. Audience: Best fit: current residents, people looking at the building, brokers, and nearby businesses. Opportunity: Attach nearby perks, events, and walkable recommendations to the property story. Best timing: Strongest window: weekday lunch and after-work planning Next move: Create Property Plan","Create Property Plan; Reports; Contact","/images/legends-listings/knmt6mphvu2ntfdhb0bw.avif","Legends Real Estate verified listing layer"
"Resident","legends-sale-360-nueces-st-1217","360 Nueces St #1217","Downtown Austin","Residential Property","property","Legends","360 Nueces St #1217, Austin, TX 78701","Exclusive Property Access","Legends Real Estate · Residential Property · Downtown Austin","360 Nueces St #1217","Want to live here? This Downtown Austin residence is listed at $839,900. 2 bed • 2 bath • 1,115 sq ft • 104 days on market. Downtown Perks residents can contact Legends Real Estate for details, availability, private tour options, and property access that may not always be visible on other listing sites.","Resident perk: Exclusive Property Access. Value: $839,900 · 2 bd · 2 ba · 1,115 sq ft. 360 Nueces St #1217 is available through Legends Real Estate. Downtown Perks residents can contact Legends to discover availability, showing options, and property opportunities that may not always be easy to find on other listing sites. Use it: Use the contact form to ask about availability, showing times, private tour options, and similar downtown properties.","Call / Website / Email when available; Show Card; Save to Card; Directions","/images/legends-listings/pdamk25y90wjb4fhvhpk.avif","Legends Real Estate verified listing layer"
"Partner","legends-sale-360-nueces-st-1217","360 Nueces St #1217","Downtown Austin","Residential Property","property","Legends","360 Nueces St #1217, Austin, TX 78701","Create Property Plan","Legends Real Estate · Residential Property · Downtown Austin","360 Nueces St #1217","Want to live here? This Downtown Austin residence is listed at $839,900. 2 bed • 2 bath • 1,115 sq ft • 104 days on market. Downtown Perks residents can contact Legends Real Estate for details, availability, private tour options, and property access that may not always be visible on other listing sites.","Partner view: Residents and prospects use this area to understand what daily life feels like around the building. Audience: Best fit: current residents, people looking at the building, brokers, and nearby businesses. Opportunity: Attach nearby perks, events, and walkable recommendations to the property story. Best timing: Strongest window: weekday lunch and after-work planning Next move: Create Property Plan","Create Property Plan; Reports; Contact","/images/legends-listings/pdamk25y90wjb4fhvhpk.avif","Legends Real Estate verified listing layer"
"Resident","legends-sale-360-nueces-st-1303","360 Nueces St #1303","Downtown Austin","Residential Property","property","Legends","360 Nueces St #1303, Austin, TX 78701","Exclusive Property Access","Legends Real Estate · Residential Property · Downtown Austin","360 Nueces St #1303","Want to live here? This Downtown Austin residence is listed at $460,000. 1 bed • 1 bath • 728 sq ft • 20 days on market. Downtown Perks residents can contact Legends Real Estate for details, availability, private tour options, and property access that may not always be visible on other listing sites.","Resident perk: Exclusive Property Access. Value: $460,000 · 1 bd · 1 ba · 728 sq ft. 360 Nueces St #1303 is available through Legends Real Estate. Downtown Perks residents can contact Legends to discover availability, showing options, and property opportunities that may not always be easy to find on other listing sites. Use it: Use the contact form to ask about availability, showing times, private tour options, and similar downtown properties.","Call / Website / Email when available; Show Card; Save to Card; Directions","/images/legends-listings/sdcuyw4dhwd2we6ymxtd.png","Legends Real Estate verified listing layer"
"Partner","legends-sale-360-nueces-st-1303","360 Nueces St #1303","Downtown Austin","Residential Property","property","Legends","360 Nueces St #1303, Austin, TX 78701","Create Property Plan","Legends Real Estate · Residential Property · Downtown Austin","360 Nueces St #1303","Want to live here? This Downtown Austin residence is listed at $460,000. 1 bed • 1 bath • 728 sq ft • 20 days on market. Downtown Perks residents can contact Legends Real Estate for details, availability, private tour options, and property access that may not always be visible on other listing sites.","Partner view: Residents and prospects use this area to understand what daily life feels like around the building. Audience: Best fit: current residents, people looking at the building, brokers, and nearby businesses. Opportunity: Attach nearby perks, events, and walkable recommendations to the property story. Best timing: Strongest window: weekday lunch and after-work planning Next move: Create Property Plan","Create Property Plan; Reports; Contact","/images/legends-listings/sdcuyw4dhwd2we6ymxtd.png","Legends Real Estate verified listing layer"
"Resident","legends-sale-360-nueces-st-1310","360 Nueces St #1310","Downtown Austin","Residential Property","property","Legends","360 Nueces St #1310, Austin, TX 78701","Exclusive Property Access","Legends Real Estate · Residential Property · Downtown Austin","360 Nueces St #1310","Want to live here? This Downtown Austin residence is listed at $449,000. 1 bed • 1 bath • 715 sq ft • 98 days on market. Downtown Perks residents can contact Legends Real Estate for details, availability, private tour options, and property access that may not always be visible on other listing sites.","Resident perk: Exclusive Property Access. Value: $449,000 · 1 bd · 1 ba · 715 sq ft. 360 Nueces St #1310 is available through Legends Real Estate. Downtown Perks residents can contact Legends to discover availability, showing options, and property opportunities that may not always be easy to find on other listing sites. Use it: Use the contact form to ask about availability, showing times, private tour options, and similar downtown properties.","Call / Website / Email when available; Show Card; Save to Card; Directions","/images/legends-listings/knmt6mphvu2ntfdhb0bw.avif","Legends Real Estate verified listing layer"
"Partner","legends-sale-360-nueces-st-1310","360 Nueces St #1310","Downtown Austin","Residential Property","property","Legends","360 Nueces St #1310, Austin, TX 78701","Create Property Plan","Legends Real Estate · Residential Property · Downtown Austin","360 Nueces St #1310","Want to live here? This Downtown Austin residence is listed at $449,000. 1 bed • 1 bath • 715 sq ft • 98 days on market. Downtown Perks residents can contact Legends Real Estate for details, availability, private tour options, and property access that may not always be visible on other listing sites.","Partner view: Residents and prospects use this area to understand what daily life feels like around the building. Audience: Best fit: current residents, people looking at the building, brokers, and nearby businesses. Opportunity: Attach nearby perks, events, and walkable recommendations to the property story. Best timing: Strongest window: weekday lunch and after-work planning Next move: Create Property Plan","Create Property Plan; Reports; Contact","/images/legends-listings/knmt6mphvu2ntfdhb0bw.avif","Legends Real Estate verified listing layer"
"Resident","legends-sale-360-nueces-st-1408","360 Nueces St #1408","Downtown Austin","Residential Property","property","Legends","360 Nueces St #1408, Austin, TX 78701","Exclusive Property Access","Legends Real Estate · Residential Property · Downtown Austin","360 Nueces St #1408","Want to live here? This Downtown Austin residence is listed at $425,000. 1 bed • 1 bath • 732 sq ft • 27 days on market. Downtown Perks residents can contact Legends Real Estate for details, availability, private tour options, and property access that may not always be visible on other listing sites.","Resident perk: Exclusive Property Access. Value: $425,000 · 1 bd · 1 ba · 732 sq ft. 360 Nueces St #1408 is available through Legends Real Estate. Downtown Perks residents can contact Legends to discover availability, showing options, and property opportunities that may not always be easy to find on other listing sites. Use it: Use the contact form to ask about availability, showing times, private tour options, and similar downtown properties.","Call / Website / Email when available; Show Card; Save to Card; Directions","/images/legends-listings/y6irl6fpch4lh0hfs6fw.png","Legends Real Estate verified listing layer"
"Partner","legends-sale-360-nueces-st-1408","360 Nueces St #1408","Downtown Austin","Residential Property","property","Legends","360 Nueces St #1408, Austin, TX 78701","Create Property Plan","Legends Real Estate · Residential Property · Downtown Austin","360 Nueces St #1408","Want to live here? This Downtown Austin residence is listed at $425,000. 1 bed • 1 bath • 732 sq ft • 27 days on market. Downtown Perks residents can contact Legends Real Estate for details, availability, private tour options, and property access that may not always be visible on other listing sites.","Partner view: Residents and prospects use this area to understand what daily life feels like around the building. Audience: Best fit: current residents, people looking at the building, brokers, and nearby businesses. Opportunity: Attach nearby perks, events, and walkable recommendations to the property story. Best timing: Strongest window: weekday lunch and after-work planning Next move: Create Property Plan","Create Property Plan; Reports; Contact","/images/legends-listings/y6irl6fpch4lh0hfs6fw.png","Legends Real Estate verified listing layer"
"Resident","legends-sale-360-nueces-st-1417","360 Nueces St #1417","Downtown Austin","Residential Property","property","Legends","360 Nueces St #1417, Austin, TX 78701","Exclusive Property Access","Legends Real Estate · Residential Property · Downtown Austin","360 Nueces St #1417","Want to live here? This Downtown Austin residence is listed at $849,000. 2 bed • 2 bath • 1,115 sq ft • 44 days on market. Downtown Perks residents can contact Legends Real Estate for details, availability, private tour options, and property access that may not always be visible on other listing sites.","Resident perk: Exclusive Property Access. Value: $849,000 · 2 bd · 2 ba · 1,115 sq ft. 360 Nueces St #1417 is available through Legends Real Estate. Downtown Perks residents can contact Legends to discover availability, showing options, and property opportunities that may not always be easy to find on other listing sites. Use it: Use the contact form to ask about availability, showing times, private tour options, and similar downtown properties.","Call / Website / Email when available; Show Card; Save to Card; Directions","/images/legends-listings/y6irl6fpch4lh0hfs6fw.png","Legends Real Estate verified listing layer"
"Partner","legends-sale-360-nueces-st-1417","360 Nueces St #1417","Downtown Austin","Residential Property","property","Legends","360 Nueces St #1417, Austin, TX 78701","Create Property Plan","Legends Real Estate · Residential Property · Downtown Austin","360 Nueces St #1417","Want to live here? This Downtown Austin residence is listed at $849,000. 2 bed • 2 bath • 1,115 sq ft • 44 days on market. Downtown Perks residents can contact Legends Real Estate for details, availability, private tour options, and property access that may not always be visible on other listing sites.","Partner view: Residents and prospects use this area to understand what daily life feels like around the building. Audience: Best fit: current residents, people looking at the building, brokers, and nearby businesses. Opportunity: Attach nearby perks, events, and walkable recommendations to the property story. Best timing: Strongest window: weekday lunch and after-work planning Next move: Create Property Plan","Create Property Plan; Reports; Contact","/images/legends-listings/y6irl6fpch4lh0hfs6fw.png","Legends Real Estate verified listing layer"
"Resident","legends-sale-360-nueces-st-1505","360 Nueces St #1505","Downtown Austin","Residential Property","property","Legends","360 Nueces St #1505, Austin, TX 78701","Exclusive Property Access","Legends Real Estate · Residential Property · Downtown Austin","360 Nueces St #1505","Want to live here? This Downtown Austin residence is listed at $729,000. 2 bed • 2 bath • 1,225 sq ft • 23 days on market. Downtown Perks residents can contact Legends Real Estate for details, availability, private tour options, and property access that may not always be visible on other listing sites.","Resident perk: Exclusive Property Access. Value: $729,000 · 2 bd · 2 ba · 1,225 sq ft. 360 Nueces St #1505 is available through Legends Real Estate. Downtown Perks residents can contact Legends to discover availability, showing options, and property opportunities that may not always be easy to find on other listing sites. Use it: Use the contact form to ask about availability, showing times, private tour options, and similar downtown properties.","Call / Website / Email when available; Show Card; Save to Card; Directions","/images/legends-listings/pdamk25y90wjb4fhvhpk.avif","Legends Real Estate verified listing layer"
"Partner","legends-sale-360-nueces-st-1505","360 Nueces St #1505","Downtown Austin","Residential Property","property","Legends","360 Nueces St #1505, Austin, TX 78701","Create Property Plan","Legends Real Estate · Residential Property · Downtown Austin","360 Nueces St #1505","Want to live here? This Downtown Austin residence is listed at $729,000. 2 bed • 2 bath • 1,225 sq ft • 23 days on market. Downtown Perks residents can contact Legends Real Estate for details, availability, private tour options, and property access that may not always be visible on other listing sites.","Partner view: Residents and prospects use this area to understand what daily life feels like around the building. Audience: Best fit: current residents, people looking at the building, brokers, and nearby businesses. Opportunity: Attach nearby perks, events, and walkable recommendations to the property story. Best timing: Strongest window: weekday lunch and after-work planning Next move: Create Property Plan","Create Property Plan; Reports; Contact","/images/legends-listings/pdamk25y90wjb4fhvhpk.avif","Legends Real Estate verified listing layer"
"Resident","legends-sale-360-nueces-st-1805","360 Nueces St #1805","Downtown Austin","Residential Property","property","Legends","360 Nueces St #1805, Austin, TX 78701","Exclusive Property Access","Legends Real Estate · Residential Property · Downtown Austin","360 Nueces St #1805","Want to live here? This Downtown Austin residence is listed at $721,999. 2 bed • 2 bath • 1,225 sq ft • 75 days on market. Downtown Perks residents can contact Legends Real Estate for details, availability, private tour options, and property access that may not always be visible on other listing sites.","Resident perk: Exclusive Property Access. Value: $721,999 · 2 bd · 2 ba · 1,225 sq ft. 360 Nueces St #1805 is available through Legends Real Estate. Downtown Perks residents can contact Legends to discover availability, showing options, and property opportunities that may not always be easy to find on other listing sites. Use it: Use the contact form to ask about availability, showing times, private tour options, and similar downtown properties.","Call / Website / Email when available; Show Card; Save to Card; Directions","/images/legends-listings/aacdlhvpk3bq3ysj5gm9.avif","Legends Real Estate verified listing layer"
"Partner","legends-sale-360-nueces-st-1805","360 Nueces St #1805","Downtown Austin","Residential Property","property","Legends","360 Nueces St #1805, Austin, TX 78701","Create Property Plan","Legends Real Estate · Residential Property · Downtown Austin","360 Nueces St #1805","Want to live here? This Downtown Austin residence is listed at $721,999. 2 bed • 2 bath • 1,225 sq ft • 75 days on market. Downtown Perks residents can contact Legends Real Estate for details, availability, private tour options, and property access that may not always be visible on other listing sites.","Partner view: Residents and prospects use this area to understand what daily life feels like around the building. Audience: Best fit: current residents, people looking at the building, brokers, and nearby businesses. Opportunity: Attach nearby perks, events, and walkable recommendations to the property story. Best timing: Strongest window: weekday lunch and after-work planning Next move: Create Property Plan","Create Property Plan; Reports; Contact","/images/legends-listings/aacdlhvpk3bq3ysj5gm9.avif","Legends Real Estate verified listing layer"
"Resident","legends-sale-360-nueces-st-1809","360 Nueces St #1809","Downtown Austin","Residential Property","property","Legends","360 Nueces St #1809, Austin, TX 78701","Exclusive Property Access","Legends Real Estate · Residential Property · Downtown Austin","360 Nueces St #1809","Want to live here? This Downtown Austin residence is listed at $699,500. 2 bed • 2 bath • 1,244 sq ft • 28 days on market. Downtown Perks residents can contact Legends Real Estate for details, availability, private tour options, and property access that may not always be visible on other listing sites.","Resident perk: Exclusive Property Access. Value: $699,500 · 2 bd · 2 ba · 1,244 sq ft. 360 Nueces St #1809 is available through Legends Real Estate. Downtown Perks residents can contact Legends to discover availability, showing options, and property opportunities that may not always be easy to find on other listing sites. Use it: Use the contact form to ask about availability, showing times, private tour options, and similar downtown properties.","Call / Website / Email when available; Show Card; Save to Card; Directions","/images/legends-listings/y6irl6fpch4lh0hfs6fw.png","Legends Real Estate verified listing layer"
"Partner","legends-sale-360-nueces-st-1809","360 Nueces St #1809","Downtown Austin","Residential Property","property","Legends","360 Nueces St #1809, Austin, TX 78701","Create Property Plan","Legends Real Estate · Residential Property · Downtown Austin","360 Nueces St #1809","Want to live here? This Downtown Austin residence is listed at $699,500. 2 bed • 2 bath • 1,244 sq ft • 28 days on market. Downtown Perks residents can contact Legends Real Estate for details, availability, private tour options, and property access that may not always be visible on other listing sites.","Partner view: Residents and prospects use this area to understand what daily life feels like around the building. Audience: Best fit: current residents, people looking at the building, brokers, and nearby businesses. Opportunity: Attach nearby perks, events, and walkable recommendations to the property story. Best timing: Strongest window: weekday lunch and after-work planning Next move: Create Property Plan","Create Property Plan; Reports; Contact","/images/legends-listings/y6irl6fpch4lh0hfs6fw.png","Legends Real Estate verified listing layer"
"Resident","legends-sale-360-nueces-st-2004","360 Nueces St #2004","Downtown Austin","Residential Property","property","Legends","360 Nueces St #2004, Austin, TX 78701","Exclusive Property Access","Legends Real Estate · Residential Property · Downtown Austin","360 Nueces St #2004","Want to live here? This Downtown Austin residence is listed at $699,900. 2 bed • 2 bath • 998 sq ft • 71 days on market. Downtown Perks residents can contact Legends Real Estate for details, availability, private tour options, and property access that may not always be visible on other listing sites.","Resident perk: Exclusive Property Access. Value: $699,900 · 2 bd · 2 ba · 998 sq ft. 360 Nueces St #2004 is available through Legends Real Estate. Downtown Perks residents can contact Legends to discover availability, showing options, and property opportunities that may not always be easy to find on other listing sites. Use it: Use the contact form to ask about availability, showing times, private tour options, and similar downtown properties.","Call / Website / Email when available; Show Card; Save to Card; Directions","/images/legends-listings/pdamk25y90wjb4fhvhpk.avif","Legends Real Estate verified listing layer"
"Partner","legends-sale-360-nueces-st-2004","360 Nueces St #2004","Downtown Austin","Residential Property","property","Legends","360 Nueces St #2004, Austin, TX 78701","Create Property Plan","Legends Real Estate · Residential Property · Downtown Austin","360 Nueces St #2004","Want to live here? This Downtown Austin residence is listed at $699,900. 2 bed • 2 bath • 998 sq ft • 71 days on market. Downtown Perks residents can contact Legends Real Estate for details, availability, private tour options, and property access that may not always be visible on other listing sites.","Partner view: Residents and prospects use this area to understand what daily life feels like around the building. Audience: Best fit: current residents, people looking at the building, brokers, and nearby businesses. Opportunity: Attach nearby perks, events, and walkable recommendations to the property story. Best timing: Strongest window: weekday lunch and after-work planning Next move: Create Property Plan","Create Property Plan; Reports; Contact","/images/legends-listings/pdamk25y90wjb4fhvhpk.avif","Legends Real Estate verified listing layer"
"Resident","legends-sale-360-nueces-st-2005","360 Nueces St #2005","Downtown Austin","Residential Property","property","Legends","360 Nueces St #2005, Austin, TX 78701","Exclusive Property Access","Legends Real Estate · Residential Property · Downtown Austin","360 Nueces St #2005","Want to live here? This Downtown Austin residence is listed at $749,000. 2 bed • 2 bath • 1,225 sq ft • 39 days on market. Downtown Perks residents can contact Legends Real Estate for details, availability, private tour options, and property access that may not always be visible on other listing sites.","Resident perk: Exclusive Property Access. Value: $749,000 · 2 bd · 2 ba · 1,225 sq ft. 360 Nueces St #2005 is available through Legends Real Estate. Downtown Perks residents can contact Legends to discover availability, showing options, and property opportunities that may not always be easy to find on other listing sites. Use it: Use the contact form to ask about availability, showing times, private tour options, and similar downtown properties.","Call / Website / Email when available; Show Card; Save to Card; Directions","/images/legends-listings/sdcuyw4dhwd2we6ymxtd.png","Legends Real Estate verified listing layer"
"Partner","legends-sale-360-nueces-st-2005","360 Nueces St #2005","Downtown Austin","Residential Property","property","Legends","360 Nueces St #2005, Austin, TX 78701","Create Property Plan","Legends Real Estate · Residential Property · Downtown Austin","360 Nueces St #2005","Want to live here? This Downtown Austin residence is listed at $749,000. 2 bed • 2 bath • 1,225 sq ft • 39 days on market. Downtown Perks residents can contact Legends Real Estate for details, availability, private tour options, and property access that may not always be visible on other listing sites.","Partner view: Residents and prospects use this area to understand what daily life feels like around the building. Audience: Best fit: current residents, people looking at the building, brokers, and nearby businesses. Opportunity: Attach nearby perks, events, and walkable recommendations to the property story. Best timing: Strongest window: weekday lunch and after-work planning Next move: Create Property Plan","Create Property Plan; Reports; Contact","/images/legends-listings/sdcuyw4dhwd2we6ymxtd.png","Legends Real Estate verified listing layer"
"Resident","legends-sale-360-nueces-st-2302","360 Nueces St #2302","Downtown Austin","Residential Property","property","Legends","360 Nueces St #2302, Austin, TX 78701","Exclusive Property Access","Legends Real Estate · Residential Property · Downtown Austin","360 Nueces St #2302","Want to live here? This Downtown Austin residence is listed at $799,000. 2 bed • 2 bath • 1,059 sq ft • 20 days on market. Downtown Perks residents can contact Legends Real Estate for details, availability, private tour options, and property access that may not always be visible on other listing sites.","Resident perk: Exclusive Property Access. Value: $799,000 · 2 bd · 2 ba · 1,059 sq ft. 360 Nueces St #2302 is available through Legends Real Estate. Downtown Perks residents can contact Legends to discover availability, showing options, and property opportunities that may not always be easy to find on other listing sites. Use it: Use the contact form to ask about availability, showing times, private tour options, and similar downtown properties.","Call / Website / Email when available; Show Card; Save to Card; Directions","/images/legends-listings/sdcuyw4dhwd2we6ymxtd.png","Legends Real Estate verified listing layer"
"Partner","legends-sale-360-nueces-st-2302","360 Nueces St #2302","Downtown Austin","Residential Property","property","Legends","360 Nueces St #2302, Austin, TX 78701","Create Property Plan","Legends Real Estate · Residential Property · Downtown Austin","360 Nueces St #2302","Want to live here? This Downtown Austin residence is listed at $799,000. 2 bed • 2 bath • 1,059 sq ft • 20 days on market. Downtown Perks residents can contact Legends Real Estate for details, availability, private tour options, and property access that may not always be visible on other listing sites.","Partner view: Residents and prospects use this area to understand what daily life feels like around the building. Audience: Best fit: current residents, people looking at the building, brokers, and nearby businesses. Opportunity: Attach nearby perks, events, and walkable recommendations to the property story. Best timing: Strongest window: weekday lunch and after-work planning Next move: Create Property Plan","Create Property Plan; Reports; Contact","/images/legends-listings/sdcuyw4dhwd2we6ymxtd.png","Legends Real Estate verified listing layer"
"Resident","legends-sale-360-nueces-st-2407","360 Nueces St #2407","Downtown Austin","Residential Property","property","Legends","360 Nueces St #2407, Austin, TX 78701","Exclusive Property Access","Legends Real Estate · Residential Property · Downtown Austin","360 Nueces St #2407","Want to live here? This Downtown Austin residence is listed at $485,000. 1 bed • 1 bath • 852 sq ft • 47 days on market. Downtown Perks residents can contact Legends Real Estate for details, availability, private tour options, and property access that may not always be visible on other listing sites.","Resident perk: Exclusive Property Access. Value: $485,000 · 1 bd · 1 ba · 852 sq ft. 360 Nueces St #2407 is available through Legends Real Estate. Downtown Perks residents can contact Legends to discover availability, showing options, and property opportunities that may not always be easy to find on other listing sites. Use it: Use the contact form to ask about availability, showing times, private tour options, and similar downtown properties.","Call / Website / Email when available; Show Card; Save to Card; Directions","/images/legends-listings/y6irl6fpch4lh0hfs6fw.png","Legends Real Estate verified listing layer"
"Partner","legends-sale-360-nueces-st-2407","360 Nueces St #2407","Downtown Austin","Residential Property","property","Legends","360 Nueces St #2407, Austin, TX 78701","Create Property Plan","Legends Real Estate · Residential Property · Downtown Austin","360 Nueces St #2407","Want to live here? This Downtown Austin residence is listed at $485,000. 1 bed • 1 bath • 852 sq ft • 47 days on market. Downtown Perks residents can contact Legends Real Estate for details, availability, private tour options, and property access that may not always be visible on other listing sites.","Partner view: Residents and prospects use this area to understand what daily life feels like around the building. Audience: Best fit: current residents, people looking at the building, brokers, and nearby businesses. Opportunity: Attach nearby perks, events, and walkable recommendations to the property story. Best timing: Strongest window: weekday lunch and after-work planning Next move: Create Property Plan","Create Property Plan; Reports; Contact","/images/legends-listings/y6irl6fpch4lh0hfs6fw.png","Legends Real Estate verified listing layer"
"Resident","legends-sale-360-nueces-st-2509","360 Nueces St #2509","Downtown Austin","Residential Property","property","Legends","360 Nueces St #2509, Austin, TX 78701","Exclusive Property Access","Legends Real Estate · Residential Property · Downtown Austin","360 Nueces St #2509","Want to live here? This Downtown Austin residence is listed at $870,000. 2 bed • 2 bath • 1,244 sq ft • 72 days on market. Downtown Perks residents can contact Legends Real Estate for details, availability, private tour options, and property access that may not always be visible on other listing sites.","Resident perk: Exclusive Property Access. Value: $870,000 · 2 bd · 2 ba · 1,244 sq ft. 360 Nueces St #2509 is available through Legends Real Estate. Downtown Perks residents can contact Legends to discover availability, showing options, and property opportunities that may not always be easy to find on other listing sites. Use it: Use the contact form to ask about availability, showing times, private tour options, and similar downtown properties.","Call / Website / Email when available; Show Card; Save to Card; Directions","/images/legends-listings/pdamk25y90wjb4fhvhpk.avif","Legends Real Estate verified listing layer"
"Partner","legends-sale-360-nueces-st-2509","360 Nueces St #2509","Downtown Austin","Residential Property","property","Legends","360 Nueces St #2509, Austin, TX 78701","Create Property Plan","Legends Real Estate · Residential Property · Downtown Austin","360 Nueces St #2509","Want to live here? This Downtown Austin residence is listed at $870,000. 2 bed • 2 bath • 1,244 sq ft • 72 days on market. Downtown Perks residents can contact Legends Real Estate for details, availability, private tour options, and property access that may not always be visible on other listing sites.","Partner view: Residents and prospects use this area to understand what daily life feels like around the building. Audience: Best fit: current residents, people looking at the building, brokers, and nearby businesses. Opportunity: Attach nearby perks, events, and walkable recommendations to the property story. Best timing: Strongest window: weekday lunch and after-work planning Next move: Create Property Plan","Create Property Plan; Reports; Contact","/images/legends-listings/pdamk25y90wjb4fhvhpk.avif","Legends Real Estate verified listing layer"
"Resident","legends-sale-360-nueces-st-3309","360 Nueces St #3309","Downtown Austin","Residential Property","property","Legends","360 Nueces St #3309, Austin, TX 78701","Exclusive Property Access","Legends Real Estate · Residential Property · Downtown Austin","360 Nueces St #3309","Want to live here? This Downtown Austin residence is listed at $799,000. 2 bed • 2 bath • 1,244 sq ft • 91 days on market. Downtown Perks residents can contact Legends Real Estate for details, availability, private tour options, and property access that may not always be visible on other listing sites.","Resident perk: Exclusive Property Access. Value: $799,000 · 2 bd · 2 ba · 1,244 sq ft. 360 Nueces St #3309 is available through Legends Real Estate. Downtown Perks residents can contact Legends to discover availability, showing options, and property opportunities that may not always be easy to find on other listing sites. Use it: Use the contact form to ask about availability, showing times, private tour options, and similar downtown properties.","Call / Website / Email when available; Show Card; Save to Card; Directions","/images/legends-listings/knmt6mphvu2ntfdhb0bw.avif","Legends Real Estate verified listing layer"
"Partner","legends-sale-360-nueces-st-3309","360 Nueces St #3309","Downtown Austin","Residential Property","property","Legends","360 Nueces St #3309, Austin, TX 78701","Create Property Plan","Legends Real Estate · Residential Property · Downtown Austin","360 Nueces St #3309","Want to live here? This Downtown Austin residence is listed at $799,000. 2 bed • 2 bath • 1,244 sq ft • 91 days on market. Downtown Perks residents can contact Legends Real Estate for details, availability, private tour options, and property access that may not always be visible on other listing sites.","Partner view: Residents and prospects use this area to understand what daily life feels like around the building. Audience: Best fit: current residents, people looking at the building, brokers, and nearby businesses. Opportunity: Attach nearby perks, events, and walkable recommendations to the property story. Best timing: Strongest window: weekday lunch and after-work planning Next move: Create Property Plan","Create Property Plan; Reports; Contact","/images/legends-listings/knmt6mphvu2ntfdhb0bw.avif","Legends Real Estate verified listing layer"
"Resident","legends-sale-360-nueces-st-3602","360 Nueces St #3602","Downtown Austin","Residential Property","property","Legends","360 Nueces St #3602, Austin, TX 78701","Exclusive Property Access","Legends Real Estate · Residential Property · Downtown Austin","360 Nueces St #3602","Want to live here? This Downtown Austin residence is listed at $895,000. 2 bed • 2 bath • 1,059 sq ft • 54 days on market. Downtown Perks residents can contact Legends Real Estate for details, availability, private tour options, and property access that may not always be visible on other listing sites.","Resident perk: Exclusive Property Access. Value: $895,000 · 2 bd · 2 ba · 1,059 sq ft. 360 Nueces St #3602 is available through Legends Real Estate. Downtown Perks residents can contact Legends to discover availability, showing options, and property opportunities that may not always be easy to find on other listing sites. Use it: Use the contact form to ask about availability, showing times, private tour options, and similar downtown properties.","Call / Website / Email when available; Show Card; Save to Card; Directions","/images/legends-listings/pdamk25y90wjb4fhvhpk.avif","Legends Real Estate verified listing layer"
"Partner","legends-sale-360-nueces-st-3602","360 Nueces St #3602","Downtown Austin","Residential Property","property","Legends","360 Nueces St #3602, Austin, TX 78701","Create Property Plan","Legends Real Estate · Residential Property · Downtown Austin","360 Nueces St #3602","Want to live here? This Downtown Austin residence is listed at $895,000. 2 bed • 2 bath • 1,059 sq ft • 54 days on market. Downtown Perks residents can contact Legends Real Estate for details, availability, private tour options, and property access that may not always be visible on other listing sites.","Partner view: Residents and prospects use this area to understand what daily life feels like around the building. Audience: Best fit: current residents, people looking at the building, brokers, and nearby businesses. Opportunity: Attach nearby perks, events, and walkable recommendations to the property story. Best timing: Strongest window: weekday lunch and after-work planning Next move: Create Property Plan","Create Property Plan; Reports; Contact","/images/legends-listings/pdamk25y90wjb4fhvhpk.avif","Legends Real Estate verified listing layer"
"Resident","404-rio-grande-way-99868653","404 Rio Grande","Downtown Austin","Residential Property","property","Residential","404, Rio Grande Street, Austin, TX, 78701","Property Discovery","Residential Property · Downtown Austin","404 Rio Grande","Residential Property listing in Downtown Austin.","Resident perk: Property Discovery. Value: Ask about availability. Resident onboarding, building-level perks, and local engagement Use it: Use the contact option to ask about availability, showings, or similar downtown homes.","Call / Website / Email when available; Show Card; Save to Card; Directions","","OpenStreetMap / Overpass"
"Partner","404-rio-grande-way-99868653","404 Rio Grande","Downtown Austin","Residential Property","property","Residential","404, Rio Grande Street, Austin, TX, 78701","Create Property Plan","Residential Property · Downtown Austin","404 Rio Grande","Residential Property listing in Downtown Austin.","Partner view: Residents and prospects use this area to understand what daily life feels like around the building. Audience: Best fit: current residents, people looking at the building, brokers, and nearby businesses. Opportunity: Attach nearby perks, events, and walkable recommendations to the property story. Best timing: Strongest window: weekday lunch and after-work planning Next move: Create Property Plan","Create Property Plan; Reports; Contact","","OpenStreetMap / Overpass"
"Resident","44-east-way-971496027","44 East","Downtown Austin","Residential Property","property","Residential","44, East Avenue, Austin, TX, 78701","Property Discovery","Residential Property · Downtown Austin","44 East","Residential Property listing in Downtown Austin.","Resident perk: Property Discovery. Value: Ask about availability. Resident onboarding, building-level perks, and local engagement Use it: Use the contact option to ask about availability, showings, or similar downtown homes.","Call / Website / Email when available; Show Card; Save to Card; Directions","","OpenStreetMap / Overpass"
"Partner","44-east-way-971496027","44 East","Downtown Austin","Residential Property","property","Residential","44, East Avenue, Austin, TX, 78701","Create Property Plan","Residential Property · Downtown Austin","44 East","Residential Property listing in Downtown Austin.","Partner view: Residents and prospects use this area to understand what daily life feels like around the building. Audience: Best fit: current residents, people looking at the building, brokers, and nearby businesses. Opportunity: Attach nearby perks, events, and walkable recommendations to the property story. Best timing: Strongest window: weekday lunch and after-work planning Next move: Create Property Plan","Create Property Plan; Reports; Contact","","OpenStreetMap / Overpass"
"Resident","legends-sale-501-west-ave-1002","501 West Ave #1002","Downtown Austin","Residential Property","property","Legends","501 West Ave #1002, Austin, TX 78701","Exclusive Property Access","Legends Real Estate · Residential Property · Downtown Austin","501 West Ave #1002","Want to live here? This Downtown Austin residence is listed at $649,000. 1 bed • 1 bath • 846 sq ft • 1 days on market. Downtown Perks residents can contact Legends Real Estate for details, availability, private tour options, and property access that may not always be visible on other listing sites.","Resident perk: Exclusive Property Access. Value: $649,000 · 1 bd · 1 ba · 846 sq ft. 501 West Ave #1002 is available through Legends Real Estate. Downtown Perks residents can contact Legends to discover availability, showing options, and property opportunities that may not always be easy to find on other listing sites. Use it: Use the contact form to ask about availability, showing times, private tour options, and similar downtown properties.","Call / Website / Email when available; Show Card; Save to Card; Directions","/images/legends-listings/3854745b.jpeg","Legends Real Estate verified listing layer"
"Partner","legends-sale-501-west-ave-1002","501 West Ave #1002","Downtown Austin","Residential Property","property","Legends","501 West Ave #1002, Austin, TX 78701","Create Property Plan","Legends Real Estate · Residential Property · Downtown Austin","501 West Ave #1002","Want to live here? This Downtown Austin residence is listed at $649,000. 1 bed • 1 bath • 846 sq ft • 1 days on market. Downtown Perks residents can contact Legends Real Estate for details, availability, private tour options, and property access that may not always be visible on other listing sites.","Partner view: Residents and prospects use this area to understand what daily life feels like around the building. Audience: Best fit: current residents, people looking at the building, brokers, and nearby businesses. Opportunity: Attach nearby perks, events, and walkable recommendations to the property story. Best timing: Strongest window: weekday lunch and after-work planning Next move: Create Property Plan","Create Property Plan; Reports; Contact","/images/legends-listings/3854745b.jpeg","Legends Real Estate verified listing layer"
"Resident","legends-rent-501-west-ave-1005","501 West Ave #1005","Downtown Austin","Residential Property","property","Legends","501 West Ave #1005, Austin, TX 78701","Exclusive Property Access","Legends Real Estate · Residential Property · Downtown Austin","501 West Ave #1005","Want to live here? This Downtown Austin rental is listed at $4,750/mo. 1 bed • 2 bath • 1,092 sq ft • 83 days on market. Downtown Perks residents can contact Legends Real Estate for availability, showing times, and access to property options that may not always be surfaced on other listing sites.","Resident perk: Exclusive Property Access. Value: $4,750/mo · 1 bd · 2 ba · 1,092 sq ft. 501 West Ave #1005 is available through Legends Real Estate. Downtown Perks residents can contact Legends to discover availability, showing options, and property opportunities that may not always be easy to find on other listing sites. Use it: Use the contact form to ask about availability, showing times, private tour options, and similar downtown properties.","Call / Website / Email when available; Show Card; Save to Card; Directions","/images/legends-listings/af86add3.jpeg","Legends Real Estate verified listing layer"
"Partner","legends-rent-501-west-ave-1005","501 West Ave #1005","Downtown Austin","Residential Property","property","Legends","501 West Ave #1005, Austin, TX 78701","Create Property Plan","Legends Real Estate · Residential Property · Downtown Austin","501 West Ave #1005","Want to live here? This Downtown Austin rental is listed at $4,750/mo. 1 bed • 2 bath • 1,092 sq ft • 83 days on market. Downtown Perks residents can contact Legends Real Estate for availability, showing times, and access to property options that may not always be surfaced on other listing sites.","Partner view: Residents and prospects use this area to understand what daily life feels like around the building. Audience: Best fit: current residents, people looking at the building, brokers, and nearby businesses. Opportunity: Attach nearby perks, events, and walkable recommendations to the property story. Best timing: Strongest window: weekday lunch and after-work planning Next move: Create Property Plan","Create Property Plan; Reports; Contact","/images/legends-listings/af86add3.jpeg","Legends Real Estate verified listing layer"
"Resident","legends-rent-501-west-ave-1206","501 West Ave #1206","Downtown Austin","Residential Property","property","Legends","501 West Ave #1206, Austin, TX 78701","Exclusive Property Access","Legends Real Estate · Residential Property · Downtown Austin","501 West Ave #1206","Want to live here? This Downtown Austin rental is listed at $2,650/mo. 1 bed • 1 bath • 652 sq ft • 31 days on market. Downtown Perks residents can contact Legends Real Estate for availability, showing times, and access to property options that may not always be surfaced on other listing sites.","Resident perk: Exclusive Property Access. Value: $2,650/mo · 1 bd · 1 ba · 652 sq ft. 501 West Ave #1206 is available through Legends Real Estate. Downtown Perks residents can contact Legends to discover availability, showing options, and property opportunities that may not always be easy to find on other listing sites. Use it: Use the contact form to ask about availability, showing times, private tour options, and similar downtown properties.","Call / Website / Email when available; Show Card; Save to Card; Directions","/images/legends-listings/4f5344cd.jpeg","Legends Real Estate verified listing layer"
"Partner","legends-rent-501-west-ave-1206","501 West Ave #1206","Downtown Austin","Residential Property","property","Legends","501 West Ave #1206, Austin, TX 78701","Create Property Plan","Legends Real Estate · Residential Property · Downtown Austin","501 West Ave #1206","Want to live here? This Downtown Austin rental is listed at $2,650/mo. 1 bed • 1 bath • 652 sq ft • 31 days on market. Downtown Perks residents can contact Legends Real Estate for availability, showing times, and access to property options that may not always be surfaced on other listing sites.","Partner view: Residents and prospects use this area to understand what daily life feels like around the building. Audience: Best fit: current residents, people looking at the building, brokers, and nearby businesses. Opportunity: Attach nearby perks, events, and walkable recommendations to the property story. Best timing: Strongest window: weekday lunch and after-work planning Next move: Create Property Plan","Create Property Plan; Reports; Contact","/images/legends-listings/4f5344cd.jpeg","Legends Real Estate verified listing layer"
"Resident","legends-sale-501-west-ave-1207","501 West Ave #1207","Downtown Austin","Residential Property","property","Legends","501 West Ave #1207, Austin, TX 78701","Exclusive Property Access","Legends Real Estate · Residential Property · Downtown Austin","501 West Ave #1207","Want to live here? This Downtown Austin residence is listed at $1,699,000. 2 bed • 3 bath • 1,759 sq ft • 91 days on market. Downtown Perks residents can contact Legends Real Estate for details, availability, private tour options, and property access that may not always be visible on other listing sites.","Resident perk: Exclusive Property Access. Value: $1,699,000 · 2 bd · 3 ba · 1,759 sq ft. 501 West Ave #1207 is available through Legends Real Estate. Downtown Perks residents can contact Legends to discover availability, showing options, and property opportunities that may not always be easy to find on other listing sites. Use it: Use the contact form to ask about availability, showing times, private tour options, and similar downtown properties.","Call / Website / Email when available; Show Card; Save to Card; Directions","/images/legends-listings/af86add3.jpeg","Legends Real Estate verified listing layer"
"Partner","legends-sale-501-west-ave-1207","501 West Ave #1207","Downtown Austin","Residential Property","property","Legends","501 West Ave #1207, Austin, TX 78701","Create Property Plan","Legends Real Estate · Residential Property · Downtown Austin","501 West Ave #1207","Want to live here? This Downtown Austin residence is listed at $1,699,000. 2 bed • 3 bath • 1,759 sq ft • 91 days on market. Downtown Perks residents can contact Legends Real Estate for details, availability, private tour options, and property access that may not always be visible on other listing sites.","Partner view: Residents and prospects use this area to understand what daily life feels like around the building. Audience: Best fit: current residents, people looking at the building, brokers, and nearby businesses. Opportunity: Attach nearby perks, events, and walkable recommendations to the property story. Best timing: Strongest window: weekday lunch and after-work planning Next move: Create Property Plan","Create Property Plan; Reports; Contact","/images/legends-listings/af86add3.jpeg","Legends Real Estate verified listing layer"
"Resident","legends-rent-501-west-ave-3201","501 West Ave #3201","Downtown Austin","Residential Property","property","Legends","501 West Ave #3201, Austin, TX 78701","Exclusive Property Access","Legends Real Estate · Residential Property · Downtown Austin","501 West Ave #3201","Want to live here? This Downtown Austin rental is listed at $13,000/mo. 3 bed • 3 bath • 2,517 sq ft • 8 days on market. Downtown Perks residents can contact Legends Real Estate for availability, showing times, and access to property options that may not always be surfaced on other listing sites.","Resident perk: Exclusive Property Access. Value: $13,000/mo · 3 bd · 3 ba · 2,517 sq ft. 501 West Ave #3201 is available through Legends Real Estate. Downtown Perks residents can contact Legends to discover availability, showing options, and property opportunities that may not always be easy to find on other listing sites. Use it: Use the contact form to ask about availability, showing times, private tour options, and similar downtown properties.","Call / Website / Email when available; Show Card; Save to Card; Directions","/images/legends-listings/af86add3.jpeg","Legends Real Estate verified listing layer"
"Partner","legends-rent-501-west-ave-3201","501 West Ave #3201","Downtown Austin","Residential Property","property","Legends","501 West Ave #3201, Austin, TX 78701","Create Property Plan","Legends Real Estate · Residential Property · Downtown Austin","501 West Ave #3201","Want to live here? This Downtown Austin rental is listed at $13,000/mo. 3 bed • 3 bath • 2,517 sq ft • 8 days on market. Downtown Perks residents can contact Legends Real Estate for availability, showing times, and access to property options that may not always be surfaced on other listing sites.","Partner view: Residents and prospects use this area to understand what daily life feels like around the building. Audience: Best fit: current residents, people looking at the building, brokers, and nearby businesses. Opportunity: Attach nearby perks, events, and walkable recommendations to the property story. Best timing: Strongest window: weekday lunch and after-work planning Next move: Create Property Plan","Create Property Plan; Reports; Contact","/images/legends-listings/af86add3.jpeg","Legends Real Estate verified listing layer"
"Resident","legends-sale-501-west-ave-3201","501 West Ave #3201","Downtown Austin","Residential Property","property","Legends","501 West Ave #3201, Austin, TX 78701","Exclusive Property Access","Legends Real Estate · Residential Property · Downtown Austin","501 West Ave #3201","Want to live here? This Downtown Austin residence is listed at $2,750,000. 3 bed • 3 bath • 2,517 sq ft • 72 days on market. Downtown Perks residents can contact Legends Real Estate for details, availability, private tour options, and property access that may not always be visible on other listing sites.","Resident perk: Exclusive Property Access. Value: $2,750,000 · 3 bd · 3 ba · 2,517 sq ft. 501 West Ave #3201 is available through Legends Real Estate. Downtown Perks residents can contact Legends to discover availability, showing options, and property opportunities that may not always be easy to find on other listing sites. Use it: Use the contact form to ask about availability, showing times, private tour options, and similar downtown properties.","Call / Website / Email when available; Show Card; Save to Card; Directions","/images/legends-listings/af86add3.jpeg","Legends Real Estate verified listing layer"
"Partner","legends-sale-501-west-ave-3201","501 West Ave #3201","Downtown Austin","Residential Property","property","Legends","501 West Ave #3201, Austin, TX 78701","Create Property Plan","Legends Real Estate · Residential Property · Downtown Austin","501 West Ave #3201","Want to live here? This Downtown Austin residence is listed at $2,750,000. 3 bed • 3 bath • 2,517 sq ft • 72 days on market. Downtown Perks residents can contact Legends Real Estate for details, availability, private tour options, and property access that may not always be visible on other listing sites.","Partner view: Residents and prospects use this area to understand what daily life feels like around the building. Audience: Best fit: current residents, people looking at the building, brokers, and nearby businesses. Opportunity: Attach nearby perks, events, and walkable recommendations to the property story. Best timing: Strongest window: weekday lunch and after-work planning Next move: Create Property Plan","Create Property Plan; Reports; Contact","/images/legends-listings/af86add3.jpeg","Legends Real Estate verified listing layer"
"Resident","legends-sale-501-west-ave-3403","501 West Ave #3403","Downtown Austin","Residential Property","property","Legends","501 West Ave #3403, Austin, TX 78701","Exclusive Property Access","Legends Real Estate · Residential Property · Downtown Austin","501 West Ave #3403","Want to live here? This Downtown Austin residence is listed at $2,800,000. 3 bed • 4 bath • 2,822 sq ft • 105 days on market. Downtown Perks residents can contact Legends Real Estate for details, availability, private tour options, and property access that may not always be visible on other listing sites.","Resident perk: Exclusive Property Access. Value: $2,800,000 · 3 bd · 4 ba · 2,822 sq ft. 501 West Ave #3403 is available through Legends Real Estate. Downtown Perks residents can contact Legends to discover availability, showing options, and property opportunities that may not always be easy to find on other listing sites. Use it: Use the contact form to ask about availability, showing times, private tour options, and similar downtown properties.","Call / Website / Email when available; Show Card; Save to Card; Directions","/images/legends-listings/af86add3.jpeg","Legends Real Estate verified listing layer"
"Partner","legends-sale-501-west-ave-3403","501 West Ave #3403","Downtown Austin","Residential Property","property","Legends","501 West Ave #3403, Austin, TX 78701","Create Property Plan","Legends Real Estate · Residential Property · Downtown Austin","501 West Ave #3403","Want to live here? This Downtown Austin residence is listed at $2,800,000. 3 bed • 4 bath • 2,822 sq ft • 105 days on market. Downtown Perks residents can contact Legends Real Estate for details, availability, private tour options, and property access that may not always be visible on other listing sites.","Partner view: Residents and prospects use this area to understand what daily life feels like around the building. Audience: Best fit: current residents, people looking at the building, brokers, and nearby businesses. Opportunity: Attach nearby perks, events, and walkable recommendations to the property story. Best timing: Strongest window: weekday lunch and after-work planning Next move: Create Property Plan","Create Property Plan; Reports; Contact","/images/legends-listings/af86add3.jpeg","Legends Real Estate verified listing layer"
"Resident","legends-sale-501-west-ave-3803","501 West Ave #3803","Downtown Austin","Residential Property","property","Legends","501 West Ave #3803, Austin, TX 78701","Exclusive Property Access","Legends Real Estate · Residential Property · Downtown Austin","501 West Ave #3803","Want to live here? This Downtown Austin residence is listed at $3,999,999. 3 bed • 4 bath • 2,822 sq ft • 54 days on market. Downtown Perks residents can contact Legends Real Estate for details, availability, private tour options, and property access that may not always be visible on other listing sites.","Resident perk: Exclusive Property Access. Value: $3,999,999 · 3 bd · 4 ba · 2,822 sq ft. 501 West Ave #3803 is available through Legends Real Estate. Downtown Perks residents can contact Legends to discover availability, showing options, and property opportunities that may not always be easy to find on other listing sites. Use it: Use the contact form to ask about availability, showing times, private tour options, and similar downtown properties.","Call / Website / Email when available; Show Card; Save to Card; Directions","/images/legends-listings/af86add3.jpeg","Legends Real Estate verified listing layer"
"Partner","legends-sale-501-west-ave-3803","501 West Ave #3803","Downtown Austin","Residential Property","property","Legends","501 West Ave #3803, Austin, TX 78701","Create Property Plan","Legends Real Estate · Residential Property · Downtown Austin","501 West Ave #3803","Want to live here? This Downtown Austin residence is listed at $3,999,999. 3 bed • 4 bath • 2,822 sq ft • 54 days on market. Downtown Perks residents can contact Legends Real Estate for details, availability, private tour options, and property access that may not always be visible on other listing sites.","Partner view: Residents and prospects use this area to understand what daily life feels like around the building. Audience: Best fit: current residents, people looking at the building, brokers, and nearby businesses. Opportunity: Attach nearby perks, events, and walkable recommendations to the property story. Best timing: Strongest window: weekday lunch and after-work planning Next move: Create Property Plan","Create Property Plan; Reports; Contact","/images/legends-listings/af86add3.jpeg","Legends Real Estate verified listing layer"
"Resident","legends-rent-501-west-ave-703","501 West Ave #703","Downtown Austin","Residential Property","property","Legends","501 West Ave #703, Austin, TX 78701","Exclusive Property Access","Legends Real Estate · Residential Property · Downtown Austin","501 West Ave #703","Want to live here? This Downtown Austin rental is listed at $4,050/mo. 1 bed • 2 bath • 930 sq ft • 50 days on market. Downtown Perks residents can contact Legends Real Estate for availability, showing times, and access to property options that may not always be surfaced on other listing sites.","Resident perk: Exclusive Property Access. Value: $4,050/mo · 1 bd · 2 ba · 930 sq ft. 501 West Ave #703 is available through Legends Real Estate. Downtown Perks residents can contact Legends to discover availability, showing options, and property opportunities that may not always be easy to find on other listing sites. Use it: Use the contact form to ask about availability, showing times, private tour options, and similar downtown properties.","Call / Website / Email when available; Show Card; Save to Card; Directions","/images/legends-listings/af86add3.jpeg","Legends Real Estate verified listing layer"
"Partner","legends-rent-501-west-ave-703","501 West Ave #703","Downtown Austin","Residential Property","property","Legends","501 West Ave #703, Austin, TX 78701","Create Property Plan","Legends Real Estate · Residential Property · Downtown Austin","501 West Ave #703","Want to live here? This Downtown Austin rental is listed at $4,050/mo. 1 bed • 2 bath • 930 sq ft • 50 days on market. Downtown Perks residents can contact Legends Real Estate for availability, showing times, and access to property options that may not always be surfaced on other listing sites.","Partner view: Residents and prospects use this area to understand what daily life feels like around the building. Audience: Best fit: current residents, people looking at the building, brokers, and nearby businesses. Opportunity: Attach nearby perks, events, and walkable recommendations to the property story. Best timing: Strongest window: weekday lunch and after-work planning Next move: Create Property Plan","Create Property Plan; Reports; Contact","/images/legends-listings/af86add3.jpeg","Legends Real Estate verified listing layer"
"Resident","legends-sale-501-west-ave-703","501 West Ave #703","Downtown Austin","Residential Property","property","Legends","501 West Ave #703, Austin, TX 78701","Exclusive Property Access","Legends Real Estate · Residential Property · Downtown Austin","501 West Ave #703","Want to live here? This Downtown Austin residence is listed at $680,000. 1 bed • 1 bath • 930 sq ft • 50 days on market. Downtown Perks residents can contact Legends Real Estate for details, availability, private tour options, and property access that may not always be visible on other listing sites.","Resident perk: Exclusive Property Access. Value: $680,000 · 1 bd · 1 ba · 930 sq ft. 501 West Ave #703 is available through Legends Real Estate. Downtown Perks residents can contact Legends to discover availability, showing options, and property opportunities that may not always be easy to find on other listing sites. Use it: Use the contact form to ask about availability, showing times, private tour options, and similar downtown properties.","Call / Website / Email when available; Show Card; Save to Card; Directions","/images/legends-listings/af86add3.jpeg","Legends Real Estate verified listing layer"
"Partner","legends-sale-501-west-ave-703","501 West Ave #703","Downtown Austin","Residential Property","property","Legends","501 West Ave #703, Austin, TX 78701","Create Property Plan","Legends Real Estate · Residential Property · Downtown Austin","501 West Ave #703","Want to live here? This Downtown Austin residence is listed at $680,000. 1 bed • 1 bath • 930 sq ft • 50 days on market. Downtown Perks residents can contact Legends Real Estate for details, availability, private tour options, and property access that may not always be visible on other listing sites.","Partner view: Residents and prospects use this area to understand what daily life feels like around the building. Audience: Best fit: current residents, people looking at the building, brokers, and nearby businesses. Opportunity: Attach nearby perks, events, and walkable recommendations to the property story. Best timing: Strongest window: weekday lunch and after-work planning Next move: Create Property Plan","Create Property Plan; Reports; Contact","/images/legends-listings/af86add3.jpeg","Legends Real Estate verified listing layer"
"Resident","505-w-7th-st-208-legends-property-505-w-7th-st-208-austin-tx-us-78701-9755304","505 W 7th ST # 208","Downtown Austin","Residential Property","property","Legends","505 W 7th ST # 208","Property Discovery","Residential Property · Downtown Austin","505 W 7th ST # 208","Live just steps from everything you love in Austin. This charming one-bedroom condo offers the ideal blend of style, comfort, and unbeatable location in the heart of downtown. Featuring an open floor plan with hardwood floors, a cozy fireplace with built-in shelving, and a kitche","Resident perk: Property Discovery. Value: Ask about availability. Resident onboarding, building-level perks, and local engagement Use it: Use the contact option to ask about availability, showings, or similar downtown homes.","Call / Website / Email when available; Show Card; Save to Card; Directions","","Legends Property Export (2026-02-27)"
"Partner","505-w-7th-st-208-legends-property-505-w-7th-st-208-austin-tx-us-78701-9755304","505 W 7th ST # 208","Downtown Austin","Residential Property","property","Legends","505 W 7th ST # 208","Create Property Plan","Residential Property · Downtown Austin","505 W 7th ST # 208","Live just steps from everything you love in Austin. This charming one-bedroom condo offers the ideal blend of style, comfort, and unbeatable location in the heart of downtown. Featuring an open floor plan with hardwood floors, a cozy fireplace with built-in shelving, and a kitche","Partner view: Residents and prospects use this area to understand what daily life feels like around the building. Audience: Best fit: current residents, people looking at the building, brokers, and nearby businesses. Opportunity: Attach nearby perks, events, and walkable recommendations to the property story. Best timing: Strongest window: weekday lunch and after-work planning Next move: Create Property Plan","Create Property Plan; Reports; Contact","","Legends Property Export (2026-02-27)"
"Resident","505-w-7th-st-313-legends-property-505-w-7th-st-313-austin-tx-us-78701-6673158","505 W 7th ST # 313","Downtown Austin","Residential Property","property","Legends","505 W 7th ST # 313","Property Discovery","Residential Property · Downtown Austin","505 W 7th ST # 313","Live steps from everything you love in Austin. This newly remodeled one-bedroom condo offers the perfect blend of style and location in the heart of downtown. Enjoy an open floor plan with hardwood floors, a modern kitchen featuring stainless steel appliances and tile backsplash,","Resident perk: Property Discovery. Value: Ask about availability. Resident onboarding, building-level perks, and local engagement Use it: Use the contact option to ask about availability, showings, or similar downtown homes.","Call / Website / Email when available; Show Card; Save to Card; Directions","","Legends Property Export (2026-02-27)"
"Partner","505-w-7th-st-313-legends-property-505-w-7th-st-313-austin-tx-us-78701-6673158","505 W 7th ST # 313","Downtown Austin","Residential Property","property","Legends","505 W 7th ST # 313","Create Property Plan","Residential Property · Downtown Austin","505 W 7th ST # 313","Live steps from everything you love in Austin. This newly remodeled one-bedroom condo offers the perfect blend of style and location in the heart of downtown. Enjoy an open floor plan with hardwood floors, a modern kitchen featuring stainless steel appliances and tile backsplash,","Partner view: Residents and prospects use this area to understand what daily life feels like around the building. Audience: Best fit: current residents, people looking at the building, brokers, and nearby businesses. Opportunity: Attach nearby perks, events, and walkable recommendations to the property story. Best timing: Strongest window: weekday lunch and after-work planning Next move: Create Property Plan","Create Property Plan; Reports; Contact","","Legends Property Export (2026-02-27)"
"Resident","legends-sale-505-w-7th-st-113","505 W 7th St #113","Downtown Austin","Residential Property","property","Legends","505 W 7th St #113, Austin, TX 78701","Exclusive Property Access","Legends Real Estate · Residential Property · Downtown Austin","505 W 7th St #113","Want to live here? This Downtown Austin residence is listed at $324,999. 1 bed • 1 bath • 656 sq ft • 6 days on market. Downtown Perks residents can contact Legends Real Estate for details, availability, private tour options, and property access that may not always be visible on other listing sites.","Resident perk: Exclusive Property Access. Value: $324,999 · 1 bd · 1 ba · 656 sq ft. 505 W 7th St #113 is available through Legends Real Estate. Downtown Perks residents can contact Legends to discover availability, showing options, and property opportunities that may not always be easy to find on other listing sites. Use it: Use the contact form to ask about availability, showing times, private tour options, and similar downtown properties.","Call / Website / Email when available; Show Card; Save to Card; Directions","/images/legends-listings/ojutzttwbudxtkur0ld8.jpg","Legends Real Estate verified listing layer"
"Partner","legends-sale-505-w-7th-st-113","505 W 7th St #113","Downtown Austin","Residential Property","property","Legends","505 W 7th St #113, Austin, TX 78701","Create Property Plan","Legends Real Estate · Residential Property · Downtown Austin","505 W 7th St #113","Want to live here? This Downtown Austin residence is listed at $324,999. 1 bed • 1 bath • 656 sq ft • 6 days on market. Downtown Perks residents can contact Legends Real Estate for details, availability, private tour options, and property access that may not always be visible on other listing sites.","Partner view: Residents and prospects use this area to understand what daily life feels like around the building. Audience: Best fit: current residents, people looking at the building, brokers, and nearby businesses. Opportunity: Attach nearby perks, events, and walkable recommendations to the property story. Best timing: Strongest window: weekday lunch and after-work planning Next move: Create Property Plan","Create Property Plan; Reports; Contact","/images/legends-listings/ojutzttwbudxtkur0ld8.jpg","Legends Real Estate verified listing layer"
"Resident","legends-rent-506-w-7th-st-1","506 W 7th St #1","Downtown Austin","Residential Property","property","Legends","506 W 7th St #1, Austin, TX 78701","Exclusive Property Access","Legends Real Estate · Residential Property · Downtown Austin","506 W 7th St #1","Want to live here? This Downtown Austin listing is available through Legends Real Estate, with property details ready to confirm. Downtown Perks residents can ask about availability, showing options, and listings that may not be easy to find on the usual listing sites.","Resident perk: Exclusive Property Access. Value: $3,500/mo · 0 sq ft. 506 W 7th St #1 is available through Legends Real Estate. Downtown Perks residents can contact Legends to discover availability, showing options, and property opportunities that may not always be easy to find on other listing sites. Use it: Use the contact form to ask about availability, showing times, private tour options, and similar downtown properties.","Call / Website / Email when available; Show Card; Save to Card; Directions","/images/legends-listings/e4vnxvzzfftxsw2vimfi.jpg","Legends Real Estate verified listing layer"
"Partner","legends-rent-506-w-7th-st-1","506 W 7th St #1","Downtown Austin","Residential Property","property","Legends","506 W 7th St #1, Austin, TX 78701","Create Property Plan","Legends Real Estate · Residential Property · Downtown Austin","506 W 7th St #1","Want to live here? This Downtown Austin listing is available through Legends Real Estate, with property details ready to confirm. Downtown Perks residents can ask about availability, showing options, and listings that may not be easy to find on the usual listing sites.","Partner view: Residents and prospects use this area to understand what daily life feels like around the building. Audience: Best fit: current residents, people looking at the building, brokers, and nearby businesses. Opportunity: Attach nearby perks, events, and walkable recommendations to the property story. Best timing: Strongest window: weekday lunch and after-work planning Next move: Create Property Plan","Create Property Plan; Reports; Contact","/images/legends-listings/e4vnxvzzfftxsw2vimfi.jpg","Legends Real Estate verified listing layer"
"Resident","700-river-way-1124723254","700 River","Downtown Austin","Residential Property","property","Residential","700, River Street, Austin, TX, 78701","Property Discovery","Residential Property · Downtown Austin","700 River","Residential Property listing in Downtown Austin.","Resident perk: Property Discovery. Value: Ask about availability. Resident onboarding, building-level perks, and local engagement Use it: Use the contact option to ask about availability, showings, or similar downtown homes.","Call / Website / Email when available; Show Card; Save to Card; Directions","","OpenStreetMap / Overpass"
"Partner","700-river-way-1124723254","700 River","Downtown Austin","Residential Property","property","Residential","700, River Street, Austin, TX, 78701","Create Property Plan","Residential Property · Downtown Austin","700 River","Residential Property listing in Downtown Austin.","Partner view: Residents and prospects use this area to understand what daily life feels like around the building. Audience: Best fit: current residents, people looking at the building, brokers, and nearby businesses. Opportunity: Attach nearby perks, events, and walkable recommendations to the property story. Best timing: Strongest window: weekday lunch and after-work planning Next move: Create Property Plan","Create Property Plan; Reports; Contact","","OpenStreetMap / Overpass"
"Resident","800-brazos-st-unit-1002-legends-property-800-brazos-st-unit-1002-austin-tx-78701-4709810","800 Brazos ST Unit: 1002","Downtown Austin","Residential Property","property","Legends","800 Brazos ST Unit: 1002","Property Discovery","Residential Property · Downtown Austin","800 Brazos ST Unit: 1002","Welcome to the heart of Austin! This stunning, fully furnished 1 bed, 1 bath unit offers the perfect combination of urban living and city views. Situated in a prime location, this unit boasts the convenience of having everything within walking distance, making it an ideal choice","Resident perk: Property Discovery. Value: Ask about availability. Resident onboarding, building-level perks, and local engagement Use it: Use the contact option to ask about availability, showings, or similar downtown homes.","Call / Website / Email when available; Show Card; Save to Card; Directions","","Legends Property Export (2026-02-27)"
"Partner","800-brazos-st-unit-1002-legends-property-800-brazos-st-unit-1002-austin-tx-78701-4709810","800 Brazos ST Unit: 1002","Downtown Austin","Residential Property","property","Legends","800 Brazos ST Unit: 1002","Create Property Plan","Residential Property · Downtown Austin","800 Brazos ST Unit: 1002","Welcome to the heart of Austin! This stunning, fully furnished 1 bed, 1 bath unit offers the perfect combination of urban living and city views. Situated in a prime location, this unit boasts the convenience of having everything within walking distance, making it an ideal choice","Partner view: Residents and prospects use this area to understand what daily life feels like around the building. Audience: Best fit: current residents, people looking at the building, brokers, and nearby businesses. Opportunity: Attach nearby perks, events, and walkable recommendations to the property story. Best timing: Strongest window: weekday lunch and after-work planning Next move: Create Property Plan","Create Property Plan; Reports; Contact","","Legends Property Export (2026-02-27)"
"Resident","800-brazos-st-unit-1007-legends-property-800-brazos-st-unit-1007-austin-tx-78701-5360374","800 Brazos ST Unit: 1007","Downtown Austin","Residential Property","property","Legends","800 Brazos ST Unit: 1007","Property Discovery","Residential Property · Downtown Austin","800 Brazos ST Unit: 1007","Welcome to this beautiful, fully furnished 2 bed, 2 bath unit located in downtown Austin. This stunning unit offers modern and stylish living with easy access to a vibrant neighborhood with an array of dining, shopping, and entertainment options right at your doorstep. Residents","Resident perk: Property Discovery. Value: Ask about availability. Resident onboarding, building-level perks, and local engagement Use it: Use the contact option to ask about availability, showings, or similar downtown homes.","Call / Website / Email when available; Show Card; Save to Card; Directions","","Legends Property Export (2026-02-27)"
"Partner","800-brazos-st-unit-1007-legends-property-800-brazos-st-unit-1007-austin-tx-78701-5360374","800 Brazos ST Unit: 1007","Downtown Austin","Residential Property","property","Legends","800 Brazos ST Unit: 1007","Create Property Plan","Residential Property · Downtown Austin","800 Brazos ST Unit: 1007","Welcome to this beautiful, fully furnished 2 bed, 2 bath unit located in downtown Austin. This stunning unit offers modern and stylish living with easy access to a vibrant neighborhood with an array of dining, shopping, and entertainment options right at your doorstep. Residents","Partner view: Residents and prospects use this area to understand what daily life feels like around the building. Audience: Best fit: current residents, people looking at the building, brokers, and nearby businesses. Opportunity: Attach nearby perks, events, and walkable recommendations to the property story. Best timing: Strongest window: weekday lunch and after-work planning Next move: Create Property Plan","Create Property Plan; Reports; Contact","","Legends Property Export (2026-02-27)"
"Resident","legends-sale-800-w-5th-st-1001","800 W 5th St #1001","Downtown Austin","Residential Property","property","Legends","800 W 5th St #1001, Austin, TX 78703","Exclusive Property Access","Legends Real Estate · Residential Property · Downtown Austin","800 W 5th St #1001","Want to live here? This Downtown Austin residence is listed at $895,000. 2 bed • 2 bath • 1,506 sq ft • 113 days on market. Downtown Perks residents can contact Legends Real Estate for details, availability, private tour options, and property access that may not always be visible on other listing sites.","Resident perk: Exclusive Property Access. Value: $895,000 · 2 bd · 2 ba · 1,506 sq ft. 800 W 5th St #1001 is available through Legends Real Estate. Downtown Perks residents can contact Legends to discover availability, showing options, and property opportunities that may not always be easy to find on other listing sites. Use it: Use the contact form to ask about availability, showing times, private tour options, and similar downtown properties.","Call / Website / Email when available; Show Card; Save to Card; Directions","/images/legends-listings/d8819d45.jpeg","Legends Real Estate verified listing layer"
"Partner","legends-sale-800-w-5th-st-1001","800 W 5th St #1001","Downtown Austin","Residential Property","property","Legends","800 W 5th St #1001, Austin, TX 78703","Create Property Plan","Legends Real Estate · Residential Property · Downtown Austin","800 W 5th St #1001","Want to live here? This Downtown Austin residence is listed at $895,000. 2 bed • 2 bath • 1,506 sq ft • 113 days on market. Downtown Perks residents can contact Legends Real Estate for details, availability, private tour options, and property access that may not always be visible on other listing sites.","Partner view: Residents and prospects use this area to understand what daily life feels like around the building. Audience: Best fit: current residents, people looking at the building, brokers, and nearby businesses. Opportunity: Attach nearby perks, events, and walkable recommendations to the property story. Best timing: Strongest window: weekday lunch and after-work planning Next move: Create Property Plan","Create Property Plan; Reports; Contact","/images/legends-listings/d8819d45.jpeg","Legends Real Estate verified listing layer"
"Resident","legends-rent-800-w-5th-st-1007","800 W 5th St #1007","Downtown Austin","Residential Property","property","Legends","800 W 5th St #1007, Austin, TX 78701","Exclusive Property Access","Legends Real Estate · Residential Property · Downtown Austin","800 W 5th St #1007","Want to live here? This Downtown Austin rental is listed at $15,000/mo. 4 bed • 4 bath • 3,776 sq ft • 7 days on market. Downtown Perks residents can contact Legends Real Estate for availability, showing times, and access to property options that may not always be surfaced on other listing sites.","Resident perk: Exclusive Property Access. Value: $15,000/mo · 4 bd · 4 ba · 3,776 sq ft. 800 W 5th St #1007 is available through Legends Real Estate. Downtown Perks residents can contact Legends to discover availability, showing options, and property opportunities that may not always be easy to find on other listing sites. Use it: Use the contact form to ask about availability, showing times, private tour options, and similar downtown properties.","Call / Website / Email when available; Show Card; Save to Card; Directions","/images/legends-listings/1ad5be0d.jpeg","Legends Real Estate verified listing layer"
"Partner","legends-rent-800-w-5th-st-1007","800 W 5th St #1007","Downtown Austin","Residential Property","property","Legends","800 W 5th St #1007, Austin, TX 78701","Create Property Plan","Legends Real Estate · Residential Property · Downtown Austin","800 W 5th St #1007","Want to live here? This Downtown Austin rental is listed at $15,000/mo. 4 bed • 4 bath • 3,776 sq ft • 7 days on market. Downtown Perks residents can contact Legends Real Estate for availability, showing times, and access to property options that may not always be surfaced on other listing sites.","Partner view: Residents and prospects use this area to understand what daily life feels like around the building. Audience: Best fit: current residents, people looking at the building, brokers, and nearby businesses. Opportunity: Attach nearby perks, events, and walkable recommendations to the property story. Best timing: Strongest window: weekday lunch and after-work planning Next move: Create Property Plan","Create Property Plan; Reports; Contact","/images/legends-listings/1ad5be0d.jpeg","Legends Real Estate verified listing layer"
"Resident","legends-sale-800-w-5th-st-606","800 W 5th St #606","Downtown Austin","Residential Property","property","Legends","800 W 5th St #606, Austin, TX 78703","Exclusive Property Access","Legends Real Estate · Residential Property · Downtown Austin","800 W 5th St #606","Want to live here? This Downtown Austin residence is listed at $699,000. 1 bed • 1 bath • 1,161 sq ft • 28 days on market. Downtown Perks residents can contact Legends Real Estate for details, availability, private tour options, and property access that may not always be visible on other listing sites.","Resident perk: Exclusive Property Access. Value: $699,000 · 1 bd · 1 ba · 1,161 sq ft. 800 W 5th St #606 is available through Legends Real Estate. Downtown Perks residents can contact Legends to discover availability, showing options, and property opportunities that may not always be easy to find on other listing sites. Use it: Use the contact form to ask about availability, showing times, private tour options, and similar downtown properties.","Call / Website / Email when available; Show Card; Save to Card; Directions","/images/legends-listings/1ad5be0d.jpeg","Legends Real Estate verified listing layer"
"Partner","legends-sale-800-w-5th-st-606","800 W 5th St #606","Downtown Austin","Residential Property","property","Legends","800 W 5th St #606, Austin, TX 78703","Create Property Plan","Legends Real Estate · Residential Property · Downtown Austin","800 W 5th St #606","Want to live here? This Downtown Austin residence is listed at $699,000. 1 bed • 1 bath • 1,161 sq ft • 28 days on market. Downtown Perks residents can contact Legends Real Estate for details, availability, private tour options, and property access that may not always be visible on other listing sites.","Partner view: Residents and prospects use this area to understand what daily life feels like around the building. Audience: Best fit: current residents, people looking at the building, brokers, and nearby businesses. Opportunity: Attach nearby perks, events, and walkable recommendations to the property story. Best timing: Strongest window: weekday lunch and after-work planning Next move: Create Property Plan","Create Property Plan; Reports; Contact","/images/legends-listings/1ad5be0d.jpeg","Legends Real Estate verified listing layer"
"Resident","legends-rent-800-w-5th-st-701","800 W 5th St #701","Downtown Austin","Residential Property","property","Legends","800 W 5th St #701, Austin, TX 78703","Exclusive Property Access","Legends Real Estate · Residential Property · Downtown Austin","800 W 5th St #701","Want to live here? This Downtown Austin rental is listed at $4,900/mo. 2 bed • 2 bath • 1,586 sq ft • 7 days on market. Downtown Perks residents can contact Legends Real Estate for availability, showing times, and access to property options that may not always be surfaced on other listing sites.","Resident perk: Exclusive Property Access. Value: $4,900/mo · 2 bd · 2 ba · 1,586 sq ft. 800 W 5th St #701 is available through Legends Real Estate. Downtown Perks residents can contact Legends to discover availability, showing options, and property opportunities that may not always be easy to find on other listing sites. Use it: Use the contact form to ask about availability, showing times, private tour options, and similar downtown properties.","Call / Website / Email when available; Show Card; Save to Card; Directions","/images/legends-listings/1ad5be0d.jpeg","Legends Real Estate verified listing layer"
"Partner","legends-rent-800-w-5th-st-701","800 W 5th St #701","Downtown Austin","Residential Property","property","Legends","800 W 5th St #701, Austin, TX 78703","Create Property Plan","Legends Real Estate · Residential Property · Downtown Austin","800 W 5th St #701","Want to live here? This Downtown Austin rental is listed at $4,900/mo. 2 bed • 2 bath • 1,586 sq ft • 7 days on market. Downtown Perks residents can contact Legends Real Estate for availability, showing times, and access to property options that may not always be surfaced on other listing sites.","Partner view: Residents and prospects use this area to understand what daily life feels like around the building. Audience: Best fit: current residents, people looking at the building, brokers, and nearby businesses. Opportunity: Attach nearby perks, events, and walkable recommendations to the property story. Best timing: Strongest window: weekday lunch and after-work planning Next move: Create Property Plan","Create Property Plan; Reports; Contact","/images/legends-listings/1ad5be0d.jpeg","Legends Real Estate verified listing layer"
"Resident","legends-sale-800-w-5th-st-703","800 W 5th St #703","Downtown Austin","Residential Property","property","Legends","800 W 5th St #703, Austin, TX 78703","Exclusive Property Access","Legends Real Estate · Residential Property · Downtown Austin","800 W 5th St #703","Want to live here? This Downtown Austin residence is listed at $800,000. 1 bed • 2 bath • 1,538 sq ft • 47 days on market. Downtown Perks residents can contact Legends Real Estate for details, availability, private tour options, and property access that may not always be visible on other listing sites.","Resident perk: Exclusive Property Access. Value: $800,000 · 1 bd · 2 ba · 1,538 sq ft. 800 W 5th St #703 is available through Legends Real Estate. Downtown Perks residents can contact Legends to discover availability, showing options, and property opportunities that may not always be easy to find on other listing sites. Use it: Use the contact form to ask about availability, showing times, private tour options, and similar downtown properties.","Call / Website / Email when available; Show Card; Save to Card; Directions","/images/legends-listings/d8819d45.jpeg","Legends Real Estate verified listing layer"
"Partner","legends-sale-800-w-5th-st-703","800 W 5th St #703","Downtown Austin","Residential Property","property","Legends","800 W 5th St #703, Austin, TX 78703","Create Property Plan","Legends Real Estate · Residential Property · Downtown Austin","800 W 5th St #703","Want to live here? This Downtown Austin residence is listed at $800,000. 1 bed • 2 bath • 1,538 sq ft • 47 days on market. Downtown Perks residents can contact Legends Real Estate for details, availability, private tour options, and property access that may not always be visible on other listing sites.","Partner view: Residents and prospects use this area to understand what daily life feels like around the building. Audience: Best fit: current residents, people looking at the building, brokers, and nearby businesses. Opportunity: Attach nearby perks, events, and walkable recommendations to the property story. Best timing: Strongest window: weekday lunch and after-work planning Next move: Create Property Plan","Create Property Plan; Reports; Contact","/images/legends-listings/d8819d45.jpeg","Legends Real Estate verified listing layer"
"Resident","legends-sale-800-w-5th-st-906","800 W 5th St #906","Downtown Austin","Residential Property","property","Legends","800 W 5th St #906, Austin, TX 78703","Exclusive Property Access","Legends Real Estate · Residential Property · Downtown Austin","800 W 5th St #906","Want to live here? This Downtown Austin residence is listed at $585,000. 1 bed • 1 bath • 1,161 sq ft • 41 days on market. Downtown Perks residents can contact Legends Real Estate for details, availability, private tour options, and property access that may not always be visible on other listing sites.","Resident perk: Exclusive Property Access. Value: $585,000 · 1 bd · 1 ba · 1,161 sq ft. 800 W 5th St #906 is available through Legends Real Estate. Downtown Perks residents can contact Legends to discover availability, showing options, and property opportunities that may not always be easy to find on other listing sites. Use it: Use the contact form to ask about availability, showing times, private tour options, and similar downtown properties.","Call / Website / Email when available; Show Card; Save to Card; Directions","/images/legends-listings/azbtj2rjm8qa7bpld2ti copy.jpg","Legends Real Estate verified listing layer"
"Partner","legends-sale-800-w-5th-st-906","800 W 5th St #906","Downtown Austin","Residential Property","property","Legends","800 W 5th St #906, Austin, TX 78703","Create Property Plan","Legends Real Estate · Residential Property · Downtown Austin","800 W 5th St #906","Want to live here? This Downtown Austin residence is listed at $585,000. 1 bed • 1 bath • 1,161 sq ft • 41 days on market. Downtown Perks residents can contact Legends Real Estate for details, availability, private tour options, and property access that may not always be visible on other listing sites.","Partner view: Residents and prospects use this area to understand what daily life feels like around the building. Audience: Best fit: current residents, people looking at the building, brokers, and nearby businesses. Opportunity: Attach nearby perks, events, and walkable recommendations to the property story. Best timing: Strongest window: weekday lunch and after-work planning Next move: Create Property Plan","Create Property Plan; Reports; Contact","/images/legends-listings/azbtj2rjm8qa7bpld2ti copy.jpg","Legends Real Estate verified listing layer"
"Resident","alexan-waterloo-way-968963792","Alexan Waterloo","Downtown Austin","Residential Property","property","Residential","700, East 11th Street, Austin, TX, 78701","Property Discovery","Residential Property · Downtown Austin","Alexan Waterloo","Residential Property listing in Downtown Austin.","Resident perk: Property Discovery. Value: Ask about availability. Resident onboarding, building-level perks, and local engagement Use it: Use the contact option to ask about availability, showings, or similar downtown homes.","Call / Website / Email when available; Show Card; Save to Card; Directions","","OpenStreetMap / Overpass"
"Partner","alexan-waterloo-way-968963792","Alexan Waterloo","Downtown Austin","Residential Property","property","Residential","700, East 11th Street, Austin, TX, 78701","Create Property Plan","Residential Property · Downtown Austin","Alexan Waterloo","Residential Property listing in Downtown Austin.","Partner view: Residents and prospects use this area to understand what daily life feels like around the building. Audience: Best fit: current residents, people looking at the building, brokers, and nearby businesses. Opportunity: Attach nearby perks, events, and walkable recommendations to the property story. Best timing: Strongest window: weekday lunch and after-work planning Next move: Create Property Plan","Create Property Plan; Reports; Contact","","OpenStreetMap / Overpass"
"Resident","aloft-austin-downtown-way-368003367","Aloft Austin Downtown","Downtown Austin","Hotel / Hospitality","hotel","Hotel","109, East 7th Street, Austin, TX, 78701","Local Guest Guide","Hotel / Hospitality · Downtown Austin","Aloft Austin Downtown","Hotel / Hospitality listing operated by Aloft.","Resident perk: Local Guest Guide. Value: Neighborhood access. Staycation perks, partner-hosted events, and sponsor activations Use it: Save it, get directions, or ask about resident access when available.","Call / Website / Email when available; Show Card; Save to Card; Directions","","OpenStreetMap / Overpass"
"Partner","aloft-austin-downtown-way-368003367","Aloft Austin Downtown","Downtown Austin","Hotel / Hospitality","hotel","Hotel","109, East 7th Street, Austin, TX, 78701","Create Guest Guide","Hotel / Hospitality · Downtown Austin","Aloft Austin Downtown","Hotel / Hospitality listing operated by Aloft.","Partner view: Guests and residents nearby are looking for dinner, events, and easy walkable plans. Audience: Best fit: hotel guests, nearby residents, and visitors already walking through the area. Opportunity: Promote a concierge-style local guide or resident rate during late afternoon planning windows. Best timing: Strongest window: 3 PM to 8 PM Next move: Create Guest Guide","Create Guest Guide; Reports; Contact","","OpenStreetMap / Overpass"
"Resident","antone-s-nightclub-way-929865592","Antone's Nightclub","Downtown Austin","Bar / Nightlife","venue","Nightlife","305, East 5th Street, Austin, TX, 78701","Night Out Nearby","Bar / Nightlife · Downtown Austin","Antone's Nightclub","Bar / Nightlife listing in Downtown Austin.","Resident perk: Night Out Nearby. Value: Resident card access. Resident happy-hour perks, nightlife activations, and event check-ins Use it: Show your Downtown Perks Card when a resident offer is active.","Call / Website / Email when available; Show Card; Save to Card; Directions","","OpenStreetMap / Overpass"
"Partner","antone-s-nightclub-way-929865592","Antone's Nightclub","Downtown Austin","Bar / Nightlife","venue","Nightlife","305, East 5th Street, Austin, TX, 78701","Promote Event","Bar / Nightlife · Downtown Austin","Antone's Nightclub","Bar / Nightlife listing in Downtown Austin.","Partner view: Residents are looking for nearby things to do without switching apps. Audience: Best fit: residents, guests, and groups already near the venue. Opportunity: Make the RSVP and directions path immediate from the map. Best timing: Strongest window: day-of and two hours before start Next move: Promote Event","Promote Event; Reports; Contact","","OpenStreetMap / Overpass"
"Resident","aranzasu-design-node-12577833090","Aranzasu Design","Downtown Austin","Retail / Business","venue","Civic","500, East 4th Street, 78701","Nearby Downtown Option","Retail / Business · Downtown Austin","Aranzasu Design","Retail / Business listing in Downtown Austin.","Resident perk: Nearby Downtown Option. Value: Save it or go now. Resident discount programs and neighborhood shopping incentives Use it: Save it, get directions, or show your Downtown Perks Card if access is available.","Call / Website / Email when available; Show Card; Save to Card; Directions","","OpenStreetMap / Overpass"
"Partner","aranzasu-design-node-12577833090","Aranzasu Design","Downtown Austin","Retail / Business","venue","Civic","500, East 4th Street, 78701","Create Map Plan","Retail / Business · Downtown Austin","Aranzasu Design","Retail / Business listing in Downtown Austin.","Partner view: People nearby are deciding where to go next. Audience: Best fit: residents, guests, and visitors already close to Downtown Austin. Opportunity: Make Aranzasu Design easy to save, find, and act on from the map. Best timing: Strongest window: lunch, after work, and weekend planning Next move: Create Map Plan","Create Map Plan; Reports; Contact","","OpenStreetMap / Overpass"
"Resident","arturo-s-node-2727206432","Arturo's","Downtown Austin","Coffee / Cafe","venue","Coffee","314, West 17th Street, Austin, 78701","Coffee Stop","Coffee / Cafe · Downtown Austin","Arturo's","Coffee / Cafe listing in Downtown Austin.","Resident perk: Coffee Stop. Value: Resident card access. Morning perk loops, loyalty rewards, and community meetup anchors Use it: Show your Downtown Perks Card when a resident offer is active.","Call / Website / Email when available; Show Card; Save to Card; Directions","","OpenStreetMap / Overpass"
"Partner","arturo-s-node-2727206432","Arturo's","Downtown Austin","Coffee / Cafe","venue","Coffee","314, West 17th Street, Austin, 78701","Create Map Plan","Coffee / Cafe · Downtown Austin","Arturo's","Coffee / Cafe listing in Downtown Austin.","Partner view: People nearby are deciding where to go next. Audience: Best fit: residents, guests, and visitors already close to Downtown Austin. Opportunity: Make Arturo's easy to save, find, and act on from the map. Best timing: Strongest window: lunch, after work, and weekend planning Next move: Create Map Plan","Create Map Plan; Reports; Contact","","OpenStreetMap / Overpass"
"Resident","atx-cocina-node-8178233810","ATX Cocina","Downtown Austin","Restaurant / Food","venue","Dining","110, San Antonio Street, Austin, TX, 78701","Dining Perk","Restaurant / Food · Downtown Austin","ATX Cocina","Restaurant / Food with cuisine focus: mexican.","Resident perk: Dining Perk. Value: Resident card access. Resident dining offers, specials, and repeat-visit campaigns Use it: Show your Downtown Perks Card when a resident offer is active.","Call / Website / Email when available; Show Card; Save to Card; Directions","","OpenStreetMap / Overpass"
"Partner","atx-cocina-node-8178233810","ATX Cocina","Downtown Austin","Restaurant / Food","venue","Dining","110, San Antonio Street, Austin, TX, 78701","Create Map Plan","Restaurant / Food · Downtown Austin","ATX Cocina","Restaurant / Food with cuisine focus: mexican.","Partner view: People nearby are deciding where to go next. Audience: Best fit: residents, guests, and visitors already close to Downtown Austin. Opportunity: Make ATX Cocina easy to save, find, and act on from the map. Best timing: Strongest window: lunch, after work, and weekend planning Next move: Create Map Plan","Create Map Plan; Reports; Contact","","OpenStreetMap / Overpass"
"Resident","austin-detours-node-5157935370","Austin Detours","Downtown Austin","Retail / Business","venue","Civic","602, East 4th Street, Austin, TX, 78701","Nearby Downtown Option","Retail / Business · Downtown Austin","Austin Detours","Retail / Business listing in Downtown Austin.","Resident perk: Nearby Downtown Option. Value: Save it or go now. Resident discount programs and neighborhood shopping incentives Use it: Save it, get directions, or show your Downtown Perks Card if access is available.","Call / Website / Email when available; Show Card; Save to Card; Directions","","OpenStreetMap / Overpass"
"Partner","austin-detours-node-5157935370","Austin Detours","Downtown Austin","Retail / Business","venue","Civic","602, East 4th Street, Austin, TX, 78701","Create Map Plan","Retail / Business · Downtown Austin","Austin Detours","Retail / Business listing in Downtown Austin.","Partner view: People nearby are deciding where to go next. Audience: Best fit: residents, guests, and visitors already close to Downtown Austin. Opportunity: Make Austin Detours easy to save, find, and act on from the map. Best timing: Strongest window: lunch, after work, and weekend planning Next move: Create Map Plan","Create Map Plan; Reports; Contact","","OpenStreetMap / Overpass"
"Resident","austin-marriott-downtown-way-894064635","Austin Marriott Downtown","Downtown Austin","Hotel / Hospitality","hotel","Hotel","304, East Cesar Chavez Street, Austin, TX, 78701","Local Guest Guide","Hotel / Hospitality · Downtown Austin","Austin Marriott Downtown","Hotel / Hospitality listing operated by Marriott.","Resident perk: Local Guest Guide. Value: Neighborhood access. Staycation perks, partner-hosted events, and sponsor activations Use it: Save it, get directions, or ask about resident access when available.","Call / Website / Email when available; Show Card; Save to Card; Directions","","OpenStreetMap / Overpass"
"Partner","austin-marriott-downtown-way-894064635","Austin Marriott Downtown","Downtown Austin","Hotel / Hospitality","hotel","Hotel","304, East Cesar Chavez Street, Austin, TX, 78701","Create Guest Guide","Hotel / Hospitality · Downtown Austin","Austin Marriott Downtown","Hotel / Hospitality listing operated by Marriott.","Partner view: Guests and residents nearby are looking for dinner, events, and easy walkable plans. Audience: Best fit: hotel guests, nearby residents, and visitors already walking through the area. Opportunity: Promote a concierge-style local guide or resident rate during late afternoon planning windows. Best timing: Strongest window: 3 PM to 8 PM Next move: Create Guest Guide","Create Guest Guide; Reports; Contact","","OpenStreetMap / Overpass"
"Resident","austin-proper-way-743682754","Austin Proper","Downtown Austin","Residential Property","property","Residential","202, Nueces Street, Austin, TX, 78701","Property Discovery","Residential Property · Downtown Austin","Austin Proper","Residential Property listing in Downtown Austin.","Resident perk: Property Discovery. Value: Ask about availability. Resident onboarding, building-level perks, and local engagement Use it: Use the contact option to ask about availability, showings, or similar downtown homes.","Call / Website / Email when available; Show Card; Save to Card; Directions","","OpenStreetMap / Overpass"
"Partner","austin-proper-way-743682754","Austin Proper","Downtown Austin","Residential Property","property","Residential","202, Nueces Street, Austin, TX, 78701","Create Property Plan","Residential Property · Downtown Austin","Austin Proper","Residential Property listing in Downtown Austin.","Partner view: Residents and prospects use this area to understand what daily life feels like around the building. Audience: Best fit: current residents, people looking at the building, brokers, and nearby businesses. Opportunity: Attach nearby perks, events, and walkable recommendations to the property story. Best timing: Strongest window: weekday lunch and after-work planning Next move: Create Property Plan","Create Property Plan; Reports; Contact","","OpenStreetMap / Overpass"
"Resident","austin-recreation-center-way-1004828610","Austin Recreation Center","Downtown Austin","Wellness / Recreation","venue","Civic","1301, Shoal Creek Boulevard, Austin, TX, 78701","Nearby Downtown Option","Wellness / Recreation · Downtown Austin","Austin Recreation Center","Wellness / Recreation listing operated by Austin Parks and Recreation Department.","Resident perk: Nearby Downtown Option. Value: Save it or go now. Fitness and outdoor activity alignment for resident wellbeing loops Use it: Save it, get directions, or show your Downtown Perks Card if access is available.","Call / Website / Email when available; Show Card; Save to Card; Directions","","OpenStreetMap / Overpass"
"Partner","austin-recreation-center-way-1004828610","Austin Recreation Center","Downtown Austin","Wellness / Recreation","venue","Civic","1301, Shoal Creek Boulevard, Austin, TX, 78701","Create Map Plan","Wellness / Recreation · Downtown Austin","Austin Recreation Center","Wellness / Recreation listing operated by Austin Parks and Recreation Department.","Partner view: People nearby are deciding where to go next. Audience: Best fit: residents, guests, and visitors already close to Downtown Austin. Opportunity: Make Austin Recreation Center easy to save, find, and act on from the map. Best timing: Strongest window: lunch, after work, and weekend planning Next move: Create Map Plan","Create Map Plan; Reports; Contact","","OpenStreetMap / Overpass"
"Resident","ave-maria-node-13253416992","Ave Maria","Downtown Austin","Retail / Business","venue","Civic","203, East 10th Street, Austin, TX, 78701","Nearby Downtown Option","Retail / Business · Downtown Austin","Ave Maria","Retail / Business listing operated by Saint Mary Cathedral.","Resident perk: Nearby Downtown Option. Value: Save it or go now. Resident discount programs and neighborhood shopping incentives Use it: Save it, get directions, or show your Downtown Perks Card if access is available.","Call / Website / Email when available; Show Card; Save to Card; Directions","","OpenStreetMap / Overpass"
"Partner","ave-maria-node-13253416992","Ave Maria","Downtown Austin","Retail / Business","venue","Civic","203, East 10th Street, Austin, TX, 78701","Create Map Plan","Retail / Business · Downtown Austin","Ave Maria","Retail / Business listing operated by Saint Mary Cathedral.","Partner view: People nearby are deciding where to go next. Audience: Best fit: residents, guests, and visitors already close to Downtown Austin. Opportunity: Make Ave Maria easy to save, find, and act on from the map. Best timing: Strongest window: lunch, after work, and weekend planning Next move: Create Map Plan","Create Map Plan; Reports; Contact","","OpenStreetMap / Overpass"
"Resident","bacalar-node-10555435522","Bacalar","Downtown Austin","Restaurant / Food","venue","Dining","44, East Avenue, Austin, TX, 78701","Dining Perk","Restaurant / Food · Downtown Austin","Bacalar","Restaurant / Food with cuisine focus: mexican.","Resident perk: Dining Perk. Value: Resident card access. Resident dining offers, specials, and repeat-visit campaigns Use it: Show your Downtown Perks Card when a resident offer is active.","Call / Website / Email when available; Show Card; Save to Card; Directions","","OpenStreetMap / Overpass"
"Partner","bacalar-node-10555435522","Bacalar","Downtown Austin","Restaurant / Food","venue","Dining","44, East Avenue, Austin, TX, 78701","Create Map Plan","Restaurant / Food · Downtown Austin","Bacalar","Restaurant / Food with cuisine focus: mexican.","Partner view: People nearby are deciding where to go next. Audience: Best fit: residents, guests, and visitors already close to Downtown Austin. Opportunity: Make Bacalar easy to save, find, and act on from the map. Best timing: Strongest window: lunch, after work, and weekend planning Next move: Create Map Plan","Create Map Plan; Reports; Contact","","OpenStreetMap / Overpass"
"Resident","bill-s-oyster-node-3245054371","Bill's Oyster","Downtown Austin","Restaurant / Food","venue","Dining","205, West 3rd Street, Austin, TX, 78701","Dining Perk","Restaurant / Food · Downtown Austin","Bill's Oyster","Restaurant / Food with cuisine focus: seafood.","Resident perk: Dining Perk. Value: Resident card access. Resident dining offers, specials, and repeat-visit campaigns Use it: Show your Downtown Perks Card when a resident offer is active.","Call / Website / Email when available; Show Card; Save to Card; Directions","","OpenStreetMap / Overpass"
"Partner","bill-s-oyster-node-3245054371","Bill's Oyster","Downtown Austin","Restaurant / Food","venue","Dining","205, West 3rd Street, Austin, TX, 78701","Create Map Plan","Restaurant / Food · Downtown Austin","Bill's Oyster","Restaurant / Food with cuisine focus: seafood.","Partner view: People nearby are deciding where to go next. Audience: Best fit: residents, guests, and visitors already close to Downtown Austin. Opportunity: Make Bill's Oyster easy to save, find, and act on from the map. Best timing: Strongest window: lunch, after work, and weekend planning Next move: Create Map Plan","Create Map Plan; Reports; Contact","","OpenStreetMap / Overpass"
"Resident","bob-s-steak-chop-house-way-134807229","Bob's Steak & Chop House","Downtown Austin","Restaurant / Food","venue","Dining","301, Lavaca Street, 78701","Dining Perk","Restaurant / Food · Downtown Austin","Bob's Steak & Chop House","Restaurant / Food listing in Downtown Austin.","Resident perk: Dining Perk. Value: Resident card access. Resident dining offers, specials, and repeat-visit campaigns Use it: Show your Downtown Perks Card when a resident offer is active.","Call / Website / Email when available; Show Card; Save to Card; Directions","","OpenStreetMap / Overpass"
"Partner","bob-s-steak-chop-house-way-134807229","Bob's Steak & Chop House","Downtown Austin","Restaurant / Food","venue","Dining","301, Lavaca Street, 78701","Create Map Plan","Restaurant / Food · Downtown Austin","Bob's Steak & Chop House","Restaurant / Food listing in Downtown Austin.","Partner view: People nearby are deciding where to go next. Audience: Best fit: residents, guests, and visitors already close to Downtown Austin. Opportunity: Make Bob's Steak & Chop House easy to save, find, and act on from the map. Best timing: Strongest window: lunch, after work, and weekend planning Next move: Create Map Plan","Create Map Plan; Reports; Contact","","OpenStreetMap / Overpass"
"Resident","brush-square-way-30879307","Brush Square","Downtown Austin","Wellness / Recreation","venue","Civic","409, East 5th Street, Austin, TX, 78701","Nearby Downtown Option","Wellness / Recreation · Downtown Austin","Brush Square","Wellness / Recreation listing operated by Austin Parks and Recreation Department.","Resident perk: Nearby Downtown Option. Value: Save it or go now. Fitness and outdoor activity alignment for resident wellbeing loops Use it: Save it, get directions, or show your Downtown Perks Card if access is available.","Call / Website / Email when available; Show Card; Save to Card; Directions","","OpenStreetMap / Overpass"
"Partner","brush-square-way-30879307","Brush Square","Downtown Austin","Wellness / Recreation","venue","Civic","409, East 5th Street, Austin, TX, 78701","Create Map Plan","Wellness / Recreation · Downtown Austin","Brush Square","Wellness / Recreation listing operated by Austin Parks and Recreation Department.","Partner view: People nearby are deciding where to go next. Audience: Best fit: residents, guests, and visitors already close to Downtown Austin. Opportunity: Make Brush Square easy to save, find, and act on from the map. Best timing: Strongest window: lunch, after work, and weekend planning Next move: Create Map Plan","Create Map Plan; Reports; Contact","","OpenStreetMap / Overpass"
"Resident","burro-cheese-kitchen-way-1056138767","Burro Cheese Kitchen","Downtown Austin","Restaurant / Food","venue","Dining","855, Trinity Street, Austin, TX, 78701","Dining Perk","Restaurant / Food · Downtown Austin","Burro Cheese Kitchen","Restaurant / Food with cuisine focus: sandwich.","Resident perk: Dining Perk. Value: Resident card access. Resident dining offers, specials, and repeat-visit campaigns Use it: Show your Downtown Perks Card when a resident offer is active.","Call / Website / Email when available; Show Card; Save to Card; Directions","","OpenStreetMap / Overpass"
"Partner","burro-cheese-kitchen-way-1056138767","Burro Cheese Kitchen","Downtown Austin","Restaurant / Food","venue","Dining","855, Trinity Street, Austin, TX, 78701","Create Map Plan","Restaurant / Food · Downtown Austin","Burro Cheese Kitchen","Restaurant / Food with cuisine focus: sandwich.","Partner view: People nearby are deciding where to go next. Audience: Best fit: residents, guests, and visitors already close to Downtown Austin. Opportunity: Make Burro Cheese Kitchen easy to save, find, and act on from the map. Best timing: Strongest window: lunch, after work, and weekend planning Next move: Create Map Plan","Create Map Plan; Reports; Contact","","OpenStreetMap / Overpass"
"Resident","caf-605-node-8883842087","Café 605","Downtown Austin","Coffee / Cafe","venue","Coffee","605, Davis Street, Austin, TX, 78701","Coffee Stop","Coffee / Cafe · Downtown Austin","Café 605","Coffee / Cafe listing in Downtown Austin.","Resident perk: Coffee Stop. Value: Resident card access. Morning perk loops, loyalty rewards, and community meetup anchors Use it: Show your Downtown Perks Card when a resident offer is active.","Call / Website / Email when available; Show Card; Save to Card; Directions","","OpenStreetMap / Overpass"
"Partner","caf-605-node-8883842087","Café 605","Downtown Austin","Coffee / Cafe","venue","Coffee","605, Davis Street, Austin, TX, 78701","Create Map Plan","Coffee / Cafe · Downtown Austin","Café 605","Coffee / Cafe listing in Downtown Austin.","Partner view: People nearby are deciding where to go next. Audience: Best fit: residents, guests, and visitors already close to Downtown Austin. Opportunity: Make Café 605 easy to save, find, and act on from the map. Best timing: Strongest window: lunch, after work, and weekend planning Next move: Create Map Plan","Create Map Plan; Reports; Contact","","OpenStreetMap / Overpass"
"Resident","caf-cr-me-node-8958597038","Café Crème","Downtown Austin","Coffee / Cafe","venue","Coffee","710, West Cesar Chavez Street, Austin, TX, 78701","Coffee Stop","Coffee / Cafe · Downtown Austin","Café Crème","Coffee / Cafe listing in Downtown Austin.","Resident perk: Coffee Stop. Value: Resident card access. Morning perk loops, loyalty rewards, and community meetup anchors Use it: Show your Downtown Perks Card when a resident offer is active.","Call / Website / Email when available; Show Card; Save to Card; Directions","","OpenStreetMap / Overpass"
"Partner","caf-cr-me-node-8958597038","Café Crème","Downtown Austin","Coffee / Cafe","venue","Coffee","710, West Cesar Chavez Street, Austin, TX, 78701","Create Map Plan","Coffee / Cafe · Downtown Austin","Café Crème","Coffee / Cafe listing in Downtown Austin.","Partner view: People nearby are deciding where to go next. Audience: Best fit: residents, guests, and visitors already close to Downtown Austin. Opportunity: Make Café Crème easy to save, find, and act on from the map. Best timing: Strongest window: lunch, after work, and weekend planning Next move: Create Map Plan","Create Map Plan; Reports; Contact","","OpenStreetMap / Overpass"
"Resident","cambria-hotel-austin-downtown-way-1077905074","Cambria Hotel Austin Downtown","Downtown Austin","Hotel / Hospitality","hotel","Hotel","68, East Avenue, Austin, TX, 78701","Local Guest Guide","Hotel / Hospitality · Downtown Austin","Cambria Hotel Austin Downtown","Hotel / Hospitality listing operated by Cambria Hotel.","Resident perk: Local Guest Guide. Value: Neighborhood access. Staycation perks, partner-hosted events, and sponsor activations Use it: Save it, get directions, or ask about resident access when available.","Call / Website / Email when available; Show Card; Save to Card; Directions","","OpenStreetMap / Overpass"
"Partner","cambria-hotel-austin-downtown-way-1077905074","Cambria Hotel Austin Downtown","Downtown Austin","Hotel / Hospitality","hotel","Hotel","68, East Avenue, Austin, TX, 78701","Create Guest Guide","Hotel / Hospitality · Downtown Austin","Cambria Hotel Austin Downtown","Hotel / Hospitality listing operated by Cambria Hotel.","Partner view: Guests and residents nearby are looking for dinner, events, and easy walkable plans. Audience: Best fit: hotel guests, nearby residents, and visitors already walking through the area. Opportunity: Promote a concierge-style local guide or resident rate during late afternoon planning windows. Best timing: Strongest window: 3 PM to 8 PM Next move: Create Guest Guide","Create Guest Guide; Reports; Contact","","OpenStreetMap / Overpass"
"Resident","cambridge-tower-way-516187606","Cambridge Tower","Downtown Austin","Residential Property","property","Residential","1801, Lavaca Street, Austin, TX, 78701","Property Discovery","Residential Property · Downtown Austin","Cambridge Tower","Residential Property listing in Downtown Austin.","Resident perk: Property Discovery. Value: Ask about availability. Resident onboarding, building-level perks, and local engagement Use it: Use the contact option to ask about availability, showings, or similar downtown homes.","Call / Website / Email when available; Show Card; Save to Card; Directions","","OpenStreetMap / Overpass"
"Partner","cambridge-tower-way-516187606","Cambridge Tower","Downtown Austin","Residential Property","property","Residential","1801, Lavaca Street, Austin, TX, 78701","Create Property Plan","Residential Property · Downtown Austin","Cambridge Tower","Residential Property listing in Downtown Austin.","Partner view: Residents and prospects use this area to understand what daily life feels like around the building. Audience: Best fit: current residents, people looking at the building, brokers, and nearby businesses. Opportunity: Attach nearby perks, events, and walkable recommendations to the property story. Best timing: Strongest window: weekday lunch and after-work planning Next move: Create Property Plan","Create Property Plan; Reports; Contact","","OpenStreetMap / Overpass"
"Resident","capitol-quarters-way-342005431","Capitol Quarters","Downtown Austin","Residential Property","property","Residential","1108, Nueces Street, Austin, TX, 78701","Property Discovery","Residential Property · Downtown Austin","Capitol Quarters","Residential Property listing operated by Vivid Management.","Resident perk: Property Discovery. Value: Ask about availability. Resident onboarding, building-level perks, and local engagement Use it: Use the contact option to ask about availability, showings, or similar downtown homes.","Call / Website / Email when available; Show Card; Save to Card; Directions","","OpenStreetMap / Overpass"
"Partner","capitol-quarters-way-342005431","Capitol Quarters","Downtown Austin","Residential Property","property","Residential","1108, Nueces Street, Austin, TX, 78701","Create Property Plan","Residential Property · Downtown Austin","Capitol Quarters","Residential Property listing operated by Vivid Management.","Partner view: Residents and prospects use this area to understand what daily life feels like around the building. Audience: Best fit: current residents, people looking at the building, brokers, and nearby businesses. Opportunity: Attach nearby perks, events, and walkable recommendations to the property story. Best timing: Strongest window: weekday lunch and after-work planning Next move: Create Property Plan","Create Property Plan; Reports; Contact","","OpenStreetMap / Overpass"
"Resident","cathy-s-cleaners-node-3245054367","Cathy's Cleaners","Downtown Austin","Retail / Business","venue","Civic","231, West 3rd Street, Austin, TX, 78701","Nearby Downtown Option","Retail / Business · Downtown Austin","Cathy's Cleaners","Retail / Business listing in Downtown Austin.","Resident perk: Nearby Downtown Option. Value: Save it or go now. Resident discount programs and neighborhood shopping incentives Use it: Save it, get directions, or show your Downtown Perks Card if access is available.","Call / Website / Email when available; Show Card; Save to Card; Directions","","OpenStreetMap / Overpass"
"Partner","cathy-s-cleaners-node-3245054367","Cathy's Cleaners","Downtown Austin","Retail / Business","venue","Civic","231, West 3rd Street, Austin, TX, 78701","Create Map Plan","Retail / Business · Downtown Austin","Cathy's Cleaners","Retail / Business listing in Downtown Austin.","Partner view: People nearby are deciding where to go next. Audience: Best fit: residents, guests, and visitors already close to Downtown Austin. Opportunity: Make Cathy's Cleaners easy to save, find, and act on from the map. Best timing: Strongest window: lunch, after work, and weekend planning Next move: Create Map Plan","Create Map Plan; Reports; Contact","","OpenStreetMap / Overpass"
"Resident","cedar-door-way-772280775","Cedar Door","Downtown Austin","Restaurant / Food","venue","Dining","201, Brazos Street, Austin, TX, 78701","Dining Perk","Restaurant / Food · Downtown Austin","Cedar Door","Restaurant / Food listing in Downtown Austin.","Resident perk: Dining Perk. Value: Resident card access. Resident dining offers, specials, and repeat-visit campaigns Use it: Show your Downtown Perks Card when a resident offer is active.","Call / Website / Email when available; Show Card; Save to Card; Directions","","OpenStreetMap / Overpass"
"Partner","cedar-door-way-772280775","Cedar Door","Downtown Austin","Restaurant / Food","venue","Dining","201, Brazos Street, Austin, TX, 78701","Create Map Plan","Restaurant / Food · Downtown Austin","Cedar Door","Restaurant / Food listing in Downtown Austin.","Partner view: People nearby are deciding where to go next. Audience: Best fit: residents, guests, and visitors already close to Downtown Austin. Opportunity: Make Cedar Door easy to save, find, and act on from the map. Best timing: Strongest window: lunch, after work, and weekend planning Next move: Create Map Plan","Create Map Plan; Reports; Contact","","OpenStreetMap / Overpass"
"Resident","cedar-street-courtyard-way-1135532954","Cedar Street Courtyard","Downtown Austin","Bar / Nightlife","venue","Nightlife","208, West 4th Street, Austin, TX, 78701","Night Out Nearby","Bar / Nightlife · Downtown Austin","Cedar Street Courtyard","Bar / Nightlife listing in Downtown Austin.","Resident perk: Night Out Nearby. Value: Resident card access. Resident happy-hour perks, nightlife activations, and event check-ins Use it: Show your Downtown Perks Card when a resident offer is active.","Call / Website / Email when available; Show Card; Save to Card; Directions","","OpenStreetMap / Overpass"
"Partner","cedar-street-courtyard-way-1135532954","Cedar Street Courtyard","Downtown Austin","Bar / Nightlife","venue","Nightlife","208, West 4th Street, Austin, TX, 78701","Promote Event","Bar / Nightlife · Downtown Austin","Cedar Street Courtyard","Bar / Nightlife listing in Downtown Austin.","Partner view: Residents are looking for nearby things to do without switching apps. Audience: Best fit: residents, guests, and groups already near the venue. Opportunity: Make the RSVP and directions path immediate from the map. Best timing: Strongest window: day-of and two hours before start Next move: Promote Event","Promote Event; Reports; Contact","","OpenStreetMap / Overpass"
"Resident","champions-node-2333118811","Champions","Downtown Austin","Restaurant / Food","venue","Dining","300, East 4th Street, Austin, 78701","Dining Perk","Restaurant / Food · Downtown Austin","Champions","Restaurant / Food listing in Downtown Austin.","Resident perk: Dining Perk. Value: Resident card access. Resident dining offers, specials, and repeat-visit campaigns Use it: Show your Downtown Perks Card when a resident offer is active.","Call / Website / Email when available; Show Card; Save to Card; Directions","","OpenStreetMap / Overpass"
"Partner","champions-node-2333118811","Champions","Downtown Austin","Restaurant / Food","venue","Dining","300, East 4th Street, Austin, 78701","Create Map Plan","Restaurant / Food · Downtown Austin","Champions","Restaurant / Food listing in Downtown Austin.","Partner view: People nearby are deciding where to go next. Audience: Best fit: residents, guests, and visitors already close to Downtown Austin. Opportunity: Make Champions easy to save, find, and act on from the map. Best timing: Strongest window: lunch, after work, and weekend planning Next move: Create Map Plan","Create Map Plan; Reports; Contact","","OpenStreetMap / Overpass"
"Resident","chevron-node-11601398803","Chevron","Downtown Austin","Retail / Business","venue","Civic","30, North Interstate 35, Austin, TX, 78701","Nearby Downtown Option","Retail / Business · Downtown Austin","Chevron","Retail / Business listing operated by Chevron.","Resident perk: Nearby Downtown Option. Value: Save it or go now. Resident discount programs and neighborhood shopping incentives Use it: Save it, get directions, or show your Downtown Perks Card if access is available.","Call / Website / Email when available; Show Card; Save to Card; Directions","","OpenStreetMap / Overpass"
"Partner","chevron-node-11601398803","Chevron","Downtown Austin","Retail / Business","venue","Civic","30, North Interstate 35, Austin, TX, 78701","Create Map Plan","Retail / Business · Downtown Austin","Chevron","Retail / Business listing operated by Chevron.","Partner view: People nearby are deciding where to go next. Audience: Best fit: residents, guests, and visitors already close to Downtown Austin. Opportunity: Make Chevron easy to save, find, and act on from the map. Best timing: Strongest window: lunch, after work, and weekend planning Next move: Create Map Plan","Create Map Plan; Reports; Contact","","OpenStreetMap / Overpass"
"Resident","chi-lantro-bbq-node-9552382096","Chi'Lantro BBQ","Downtown Austin","Restaurant / Food","venue","Dining","303, Colorado Street, Austin, TX, 78701","Dining Perk","Restaurant / Food · Downtown Austin","Chi'Lantro BBQ","Restaurant / Food with cuisine focus: korean;mexican.","Resident perk: Dining Perk. Value: Resident card access. Resident dining offers, specials, and repeat-visit campaigns Use it: Show your Downtown Perks Card when a resident offer is active.","Call / Website / Email when available; Show Card; Save to Card; Directions","","OpenStreetMap / Overpass"
"Partner","chi-lantro-bbq-node-9552382096","Chi'Lantro BBQ","Downtown Austin","Restaurant / Food","venue","Dining","303, Colorado Street, Austin, TX, 78701","Create Map Plan","Restaurant / Food · Downtown Austin","Chi'Lantro BBQ","Restaurant / Food with cuisine focus: korean;mexican.","Partner view: People nearby are deciding where to go next. Audience: Best fit: residents, guests, and visitors already close to Downtown Austin. Opportunity: Make Chi'Lantro BBQ easy to save, find, and act on from the map. Best timing: Strongest window: lunch, after work, and weekend planning Next move: Create Map Plan","Create Map Plan; Reports; Contact","","OpenStreetMap / Overpass"
"Resident","chick-fil-a-way-381834166","Chick-fil-A","Downtown Austin","Restaurant / Food","venue","Dining","503, West Martin Luther King Jr Boulevard, Austin, TX, 78701","Dining Perk","Restaurant / Food · Downtown Austin","Chick-fil-A","Restaurant / Food with cuisine focus: chicken.","Resident perk: Dining Perk. Value: Resident card access. Resident dining offers, specials, and repeat-visit campaigns Use it: Show your Downtown Perks Card when a resident offer is active.","Call / Website / Email when available; Show Card; Save to Card; Directions","","OpenStreetMap / Overpass"
"Partner","chick-fil-a-way-381834166","Chick-fil-A","Downtown Austin","Restaurant / Food","venue","Dining","503, West Martin Luther King Jr Boulevard, Austin, TX, 78701","Create Map Plan","Restaurant / Food · Downtown Austin","Chick-fil-A","Restaurant / Food with cuisine focus: chicken.","Partner view: People nearby are deciding where to go next. Audience: Best fit: residents, guests, and visitors already close to Downtown Austin. Opportunity: Make Chick-fil-A easy to save, find, and act on from the map. Best timing: Strongest window: lunch, after work, and weekend planning Next move: Create Map Plan","Create Map Plan; Reports; Contact","","OpenStreetMap / Overpass"
"Resident","citizenm-austin-downtown-way-1025013853","citizenM Austin Downtown","Downtown Austin","Hotel / Hospitality","hotel","Hotel","617, Colorado Street, Austin, TX, 78701","Local Guest Guide","Hotel / Hospitality · Downtown Austin","citizenM Austin Downtown","Hotel / Hospitality listing operated by citizenM.","Resident perk: Local Guest Guide. Value: Neighborhood access. Staycation perks, partner-hosted events, and sponsor activations Use it: Save it, get directions, or ask about resident access when available.","Call / Website / Email when available; Show Card; Save to Card; Directions","","OpenStreetMap / Overpass"
"Partner","citizenm-austin-downtown-way-1025013853","citizenM Austin Downtown","Downtown Austin","Hotel / Hospitality","hotel","Hotel","617, Colorado Street, Austin, TX, 78701","Create Guest Guide","Hotel / Hospitality · Downtown Austin","citizenM Austin Downtown","Hotel / Hospitality listing operated by citizenM.","Partner view: Guests and residents nearby are looking for dinner, events, and easy walkable plans. Audience: Best fit: hotel guests, nearby residents, and visitors already walking through the area. Opportunity: Promote a concierge-style local guide or resident rate during late afternoon planning windows. Best timing: Strongest window: 3 PM to 8 PM Next move: Create Guest Guide","Create Guest Guide; Reports; Contact","","OpenStreetMap / Overpass"
"Resident","clay-pit-node-2727205684","Clay Pit","Downtown Austin","Restaurant / Food","venue","Dining","1601, Guadalupe Street, Austin, 78701","Dining Perk","Restaurant / Food · Downtown Austin","Clay Pit","Restaurant / Food with cuisine focus: indian.","Resident perk: Dining Perk. Value: Resident card access. Resident dining offers, specials, and repeat-visit campaigns Use it: Show your Downtown Perks Card when a resident offer is active.","Call / Website / Email when available; Show Card; Save to Card; Directions","","OpenStreetMap / Overpass"
"Partner","clay-pit-node-2727205684","Clay Pit","Downtown Austin","Restaurant / Food","venue","Dining","1601, Guadalupe Street, Austin, 78701","Create Map Plan","Restaurant / Food · Downtown Austin","Clay Pit","Restaurant / Food with cuisine focus: indian.","Partner view: People nearby are deciding where to go next. Audience: Best fit: residents, guests, and visitors already close to Downtown Austin. Opportunity: Make Clay Pit easy to save, find, and act on from the map. Best timing: Strongest window: lunch, after work, and weekend planning Next move: Create Map Plan","Create Map Plan; Reports; Contact","","OpenStreetMap / Overpass"
"Resident","clive-bar-way-312335030","Clive Bar","Downtown Austin","Bar / Nightlife","venue","Nightlife","609, Davis Street, Austin, TX, 78701","Night Out Nearby","Bar / Nightlife · Downtown Austin","Clive Bar","Bar / Nightlife listing in Downtown Austin.","Resident perk: Night Out Nearby. Value: Resident card access. Resident happy-hour perks, nightlife activations, and event check-ins Use it: Show your Downtown Perks Card when a resident offer is active.","Call / Website / Email when available; Show Card; Save to Card; Directions","","OpenStreetMap / Overpass"
"Partner","clive-bar-way-312335030","Clive Bar","Downtown Austin","Bar / Nightlife","venue","Nightlife","609, Davis Street, Austin, TX, 78701","Promote Event","Bar / Nightlife · Downtown Austin","Clive Bar","Bar / Nightlife listing in Downtown Austin.","Partner view: Residents are looking for nearby things to do without switching apps. Audience: Best fit: residents, guests, and groups already near the venue. Opportunity: Make the RSVP and directions path immediate from the map. Best timing: Strongest window: day-of and two hours before start Next move: Promote Event","Promote Event; Reports; Contact","","OpenStreetMap / Overpass"
"Resident","coconut-club-way-1020979629","Coconut Club","Downtown Austin","Bar / Nightlife","venue","Nightlife","310, Colorado Street, Austin, TX, 78701","Night Out Nearby","Bar / Nightlife · Downtown Austin","Coconut Club","Bar / Nightlife listing in Downtown Austin.","Resident perk: Night Out Nearby. Value: Resident card access. Resident happy-hour perks, nightlife activations, and event check-ins Use it: Show your Downtown Perks Card when a resident offer is active.","Call / Website / Email when available; Show Card; Save to Card; Directions","","OpenStreetMap / Overpass"
"Partner","coconut-club-way-1020979629","Coconut Club","Downtown Austin","Bar / Nightlife","venue","Nightlife","310, Colorado Street, Austin, TX, 78701","Promote Event","Bar / Nightlife · Downtown Austin","Coconut Club","Bar / Nightlife listing in Downtown Austin.","Partner view: Residents are looking for nearby things to do without switching apps. Audience: Best fit: residents, guests, and groups already near the venue. Opportunity: Make the RSVP and directions path immediate from the map. Best timing: Strongest window: day-of and two hours before start Next move: Promote Event","Promote Event; Reports; Contact","","OpenStreetMap / Overpass"
"Resident","codependent-cocktails-coffee-node-8070341202","Codependent Cocktails + Coffee","Downtown Austin","Bar / Nightlife","venue","Coffee","301, West Avenue, Austin, TX, 78701","Coffee Stop","Bar / Nightlife · Downtown Austin","Codependent Cocktails + Coffee","Bar / Nightlife listing in Downtown Austin.","Resident perk: Coffee Stop. Value: Resident card access. Resident happy-hour perks, nightlife activations, and event check-ins Use it: Show your Downtown Perks Card when a resident offer is active.","Call / Website / Email when available; Show Card; Save to Card; Directions","","OpenStreetMap / Overpass"
"Partner","codependent-cocktails-coffee-node-8070341202","Codependent Cocktails + Coffee","Downtown Austin","Bar / Nightlife","venue","Coffee","301, West Avenue, Austin, TX, 78701","Promote Event","Bar / Nightlife · Downtown Austin","Codependent Cocktails + Coffee","Bar / Nightlife listing in Downtown Austin.","Partner view: Residents are looking for nearby things to do without switching apps. Audience: Best fit: residents, guests, and groups already near the venue. Opportunity: Make the RSVP and directions path immediate from the map. Best timing: Strongest window: day-of and two hours before start Next move: Promote Event","Promote Event; Reports; Contact","","OpenStreetMap / Overpass"
"Resident","corinne-node-3849775790","Corinne","Downtown Austin","Restaurant / Food","venue","Dining","304, East Cesar Chavez Street, Austin, TX, 78701","Dining Perk","Restaurant / Food · Downtown Austin","Corinne","Restaurant / Food listing in Downtown Austin.","Resident perk: Dining Perk. Value: Resident card access. Resident dining offers, specials, and repeat-visit campaigns Use it: Show your Downtown Perks Card when a resident offer is active.","Call / Website / Email when available; Show Card; Save to Card; Directions","","OpenStreetMap / Overpass"
"Partner","corinne-node-3849775790","Corinne","Downtown Austin","Restaurant / Food","venue","Dining","304, East Cesar Chavez Street, Austin, TX, 78701","Create Map Plan","Restaurant / Food · Downtown Austin","Corinne","Restaurant / Food listing in Downtown Austin.","Partner view: People nearby are deciding where to go next. Audience: Best fit: residents, guests, and visitors already close to Downtown Austin. Opportunity: Make Corinne easy to save, find, and act on from the map. Best timing: Strongest window: lunch, after work, and weekend planning Next move: Create Map Plan","Create Map Plan; Reports; Contact","","OpenStreetMap / Overpass"
"Resident","courtyard-austin-downtown-convention-center-way-923358550","Courtyard Austin Downtown/Convention Center","Downtown Austin","Hotel / Hospitality","hotel","Hotel","Austin, TX, 78701","Local Guest Guide","Hotel / Hospitality · Downtown Austin","Courtyard Austin Downtown/Convention Center","Hotel / Hospitality listing operated by Courtyard.","Resident perk: Local Guest Guide. Value: Neighborhood access. Staycation perks, partner-hosted events, and sponsor activations Use it: Save it, get directions, or ask about resident access when available.","Call / Website / Email when available; Show Card; Save to Card; Directions","","OpenStreetMap / Overpass"
"Partner","courtyard-austin-downtown-convention-center-way-923358550","Courtyard Austin Downtown/Convention Center","Downtown Austin","Hotel / Hospitality","hotel","Hotel","Austin, TX, 78701","Create Guest Guide","Hotel / Hospitality · Downtown Austin","Courtyard Austin Downtown/Convention Center","Hotel / Hospitality listing operated by Courtyard.","Partner view: Guests and residents nearby are looking for dinner, events, and easy walkable plans. Audience: Best fit: hotel guests, nearby residents, and visitors already walking through the area. Opportunity: Promote a concierge-style local guide or resident rate during late afternoon planning windows. Best timing: Strongest window: 3 PM to 8 PM Next move: Create Guest Guide","Create Guest Guide; Reports; Contact","","OpenStreetMap / Overpass"
"Resident","cuatro-gato-way-1020979630","Cuatro Gato","Downtown Austin","Coffee / Cafe","venue","Coffee","310, Colorado Street, Austin, TX, 78701","Coffee Stop","Coffee / Cafe · Downtown Austin","Cuatro Gato","Coffee / Cafe with cuisine focus: venezuelan.","Resident perk: Coffee Stop. Value: Resident card access. Morning perk loops, loyalty rewards, and community meetup anchors Use it: Show your Downtown Perks Card when a resident offer is active.","Call / Website / Email when available; Show Card; Save to Card; Directions","","OpenStreetMap / Overpass"
"Partner","cuatro-gato-way-1020979630","Cuatro Gato","Downtown Austin","Coffee / Cafe","venue","Coffee","310, Colorado Street, Austin, TX, 78701","Create Map Plan","Coffee / Cafe · Downtown Austin","Cuatro Gato","Coffee / Cafe with cuisine focus: venezuelan.","Partner view: People nearby are deciding where to go next. Audience: Best fit: residents, guests, and visitors already close to Downtown Austin. Opportunity: Make Cuatro Gato easy to save, find, and act on from the map. Best timing: Strongest window: lunch, after work, and weekend planning Next move: Create Map Plan","Create Map Plan; Reports; Contact","","OpenStreetMap / Overpass"
"Resident","davis-gallery-and-framing-way-379166101","Davis Gallery and Framing","Downtown Austin","Retail / Business","venue","Civic","237, West 12th Street, Austin, TX, 78701","Nearby Downtown Option","Retail / Business · Downtown Austin","Davis Gallery and Framing","Retail / Business listing in Downtown Austin.","Resident perk: Nearby Downtown Option. Value: Save it or go now. Resident discount programs and neighborhood shopping incentives Use it: Save it, get directions, or show your Downtown Perks Card if access is available.","Call / Website / Email when available; Show Card; Save to Card; Directions","","OpenStreetMap / Overpass"
"Partner","davis-gallery-and-framing-way-379166101","Davis Gallery and Framing","Downtown Austin","Retail / Business","venue","Civic","237, West 12th Street, Austin, TX, 78701","Create Map Plan","Retail / Business · Downtown Austin","Davis Gallery and Framing","Retail / Business listing in Downtown Austin.","Partner view: People nearby are deciding where to go next. Audience: Best fit: residents, guests, and visitors already close to Downtown Austin. Opportunity: Make Davis Gallery and Framing easy to save, find, and act on from the map. Best timing: Strongest window: lunch, after work, and weekend planning Next move: Create Map Plan","Create Map Plan; Reports; Contact","","OpenStreetMap / Overpass"
"Resident","desano-pizzeria-napoletana-way-1020753276","DeSano Pizzeria Napoletana","Downtown Austin","Restaurant / Food","venue","Dining","301, Lavaca Street, Austin, TX, 78701","Dining Perk","Restaurant / Food · Downtown Austin","DeSano Pizzeria Napoletana","Restaurant / Food with cuisine focus: pizza.","Resident perk: Dining Perk. Value: Resident card access. Resident dining offers, specials, and repeat-visit campaigns Use it: Show your Downtown Perks Card when a resident offer is active.","Call / Website / Email when available; Show Card; Save to Card; Directions","","OpenStreetMap / Overpass"
"Partner","desano-pizzeria-napoletana-way-1020753276","DeSano Pizzeria Napoletana","Downtown Austin","Restaurant / Food","venue","Dining","301, Lavaca Street, Austin, TX, 78701","Create Map Plan","Restaurant / Food · Downtown Austin","DeSano Pizzeria Napoletana","Restaurant / Food with cuisine focus: pizza.","Partner view: People nearby are deciding where to go next. Audience: Best fit: residents, guests, and visitors already close to Downtown Austin. Opportunity: Make DeSano Pizzeria Napoletana easy to save, find, and act on from the map. Best timing: Strongest window: lunch, after work, and weekend planning Next move: Create Map Plan","Create Map Plan; Reports; Contact","","OpenStreetMap / Overpass"
"Resident","dive-node-2726430202","Dive","Downtown Austin","Bar / Nightlife","venue","Nightlife","1703, Guadalupe Street, Austin, 78701","Night Out Nearby","Bar / Nightlife · Downtown Austin","Dive","Bar / Nightlife listing in Downtown Austin.","Resident perk: Night Out Nearby. Value: Resident card access. Resident happy-hour perks, nightlife activations, and event check-ins Use it: Show your Downtown Perks Card when a resident offer is active.","Call / Website / Email when available; Show Card; Save to Card; Directions","","OpenStreetMap / Overpass"
"Partner","dive-node-2726430202","Dive","Downtown Austin","Bar / Nightlife","venue","Nightlife","1703, Guadalupe Street, Austin, 78701","Promote Event","Bar / Nightlife · Downtown Austin","Dive","Bar / Nightlife listing in Downtown Austin.","Partner view: Residents are looking for nearby things to do without switching apps. Audience: Best fit: residents, guests, and groups already near the venue. Opportunity: Make the RSVP and directions path immediate from the map. Best timing: Strongest window: day-of and two hours before start Next move: Promote Event","Promote Event; Reports; Contact","","OpenStreetMap / Overpass"
"Resident","doubletree-suites-by-hilton-austin-downtown-capitol-way-381834143","DoubleTree Suites by Hilton Austin Downtown Capitol","Downtown Austin","Hotel / Hospitality","hotel","Hotel","303, West 15th Street, Austin, TX, 78701","Local Guest Guide","Hotel / Hospitality · Downtown Austin","DoubleTree Suites by Hilton Austin Downtown Capitol","Hotel / Hospitality listing operated by DoubleTree.","Resident perk: Local Guest Guide. Value: Neighborhood access. Staycation perks, partner-hosted events, and sponsor activations Use it: Save it, get directions, or ask about resident access when available.","Call / Website / Email when available; Show Card; Save to Card; Directions","","OpenStreetMap / Overpass"
"Partner","doubletree-suites-by-hilton-austin-downtown-capitol-way-381834143","DoubleTree Suites by Hilton Austin Downtown Capitol","Downtown Austin","Hotel / Hospitality","hotel","Hotel","303, West 15th Street, Austin, TX, 78701","Create Guest Guide","Hotel / Hospitality · Downtown Austin","DoubleTree Suites by Hilton Austin Downtown Capitol","Hotel / Hospitality listing operated by DoubleTree.","Partner view: Guests and residents nearby are looking for dinner, events, and easy walkable plans. Audience: Best fit: hotel guests, nearby residents, and visitors already walking through the area. Opportunity: Promote a concierge-style local guide or resident rate during late afternoon planning windows. Best timing: Strongest window: 3 PM to 8 PM Next move: Create Guest Guide","Create Guest Guide; Reports; Contact","","OpenStreetMap / Overpass"
"Resident","downright-austin-a-renaissance-hotel-way-92975894","Downright Austin, A Renaissance Hotel","Downtown Austin","Hotel / Hospitality","hotel","Hotel","701, East 11th Street, Austin, TX, 78701","Local Guest Guide","Hotel / Hospitality · Downtown Austin","Downright Austin, A Renaissance Hotel","Hotel / Hospitality listing operated by Marriott.","Resident perk: Local Guest Guide. Value: Neighborhood access. Staycation perks, partner-hosted events, and sponsor activations Use it: Save it, get directions, or ask about resident access when available.","Call / Website / Email when available; Show Card; Save to Card; Directions","","OpenStreetMap / Overpass"
"Partner","downright-austin-a-renaissance-hotel-way-92975894","Downright Austin, A Renaissance Hotel","Downtown Austin","Hotel / Hospitality","hotel","Hotel","701, East 11th Street, Austin, TX, 78701","Create Guest Guide","Hotel / Hospitality · Downtown Austin","Downright Austin, A Renaissance Hotel","Hotel / Hospitality listing operated by Marriott.","Partner view: Guests and residents nearby are looking for dinner, events, and easy walkable plans. Audience: Best fit: hotel guests, nearby residents, and visitors already walking through the area. Opportunity: Promote a concierge-style local guide or resident rate during late afternoon planning windows. Best timing: Strongest window: 3 PM to 8 PM Next move: Create Guest Guide","Create Guest Guide; Reports; Contact","","OpenStreetMap / Overpass"
"Resident","drybar-node-8858558304","Drybar","Downtown Austin","Retail / Business","venue","Nightlife","202, Colorado Street, Austin, TX, 78701","Night Out Nearby","Retail / Business · Downtown Austin","Drybar","Retail / Business listing operated by Drybar.","Resident perk: Night Out Nearby. Value: Resident card access. Resident discount programs and neighborhood shopping incentives Use it: Show your Downtown Perks Card when a resident offer is active.","Call / Website / Email when available; Show Card; Save to Card; Directions","","OpenStreetMap / Overpass"
"Partner","drybar-node-8858558304","Drybar","Downtown Austin","Retail / Business","venue","Nightlife","202, Colorado Street, Austin, TX, 78701","Create Map Plan","Retail / Business · Downtown Austin","Drybar","Retail / Business listing operated by Drybar.","Partner view: People nearby are deciding where to go next. Audience: Best fit: residents, guests, and visitors already close to Downtown Austin. Opportunity: Make Drybar easy to save, find, and act on from the map. Best timing: Strongest window: lunch, after work, and weekend planning Next move: Create Map Plan","Create Map Plan; Reports; Contact","","OpenStreetMap / Overpass"
"Resident","dumont-s-down-low-way-328631295","DuMont's Down Low","Downtown Austin","Bar / Nightlife","venue","Nightlife","214, West 4th Street, Austin, TX, 78701","Night Out Nearby","Bar / Nightlife · Downtown Austin","DuMont's Down Low","Bar / Nightlife listing in Downtown Austin.","Resident perk: Night Out Nearby. Value: Resident card access. Resident happy-hour perks, nightlife activations, and event check-ins Use it: Show your Downtown Perks Card when a resident offer is active.","Call / Website / Email when available; Show Card; Save to Card; Directions","","OpenStreetMap / Overpass"
"Partner","dumont-s-down-low-way-328631295","DuMont's Down Low","Downtown Austin","Bar / Nightlife","venue","Nightlife","214, West 4th Street, Austin, TX, 78701","Promote Event","Bar / Nightlife · Downtown Austin","DuMont's Down Low","Bar / Nightlife listing in Downtown Austin.","Partner view: Residents are looking for nearby things to do without switching apps. Audience: Best fit: residents, guests, and groups already near the venue. Opportunity: Make the RSVP and directions path immediate from the map. Best timing: Strongest window: day-of and two hours before start Next move: Promote Event","Promote Event; Reports; Contact","","OpenStreetMap / Overpass"
"Resident","ember-kitchen-node-6039859213","Ember Kitchen","Downtown Austin","Restaurant / Food","venue","Dining","800, West Cesar Chavez Street, Austin, TX, 78701","Dining Perk","Restaurant / Food · Downtown Austin","Ember Kitchen","Restaurant / Food with cuisine focus: latin_american.","Resident perk: Dining Perk. Value: Resident card access. Resident dining offers, specials, and repeat-visit campaigns Use it: Show your Downtown Perks Card when a resident offer is active.","Call / Website / Email when available; Show Card; Save to Card; Directions","","OpenStreetMap / Overpass"
"Partner","ember-kitchen-node-6039859213","Ember Kitchen","Downtown Austin","Restaurant / Food","venue","Dining","800, West Cesar Chavez Street, Austin, TX, 78701","Create Map Plan","Restaurant / Food · Downtown Austin","Ember Kitchen","Restaurant / Food with cuisine focus: latin_american.","Partner view: People nearby are deciding where to go next. Audience: Best fit: residents, guests, and visitors already close to Downtown Austin. Opportunity: Make Ember Kitchen easy to save, find, and act on from the map. Best timing: Strongest window: lunch, after work, and weekend planning Next move: Create Map Plan","Create Map Plan; Reports; Contact","","OpenStreetMap / Overpass"
"Resident","empire-control-room-way-328649872","Empire Control Room","Downtown Austin","Bar / Nightlife","venue","Nightlife","606, East 7th Street, Austin, TX, 78701","Night Out Nearby","Bar / Nightlife · Downtown Austin","Empire Control Room","Bar / Nightlife listing in Downtown Austin.","Resident perk: Night Out Nearby. Value: Resident card access. Resident happy-hour perks, nightlife activations, and event check-ins Use it: Show your Downtown Perks Card when a resident offer is active.","Call / Website / Email when available; Show Card; Save to Card; Directions","","OpenStreetMap / Overpass"
"Partner","empire-control-room-way-328649872","Empire Control Room","Downtown Austin","Bar / Nightlife","venue","Nightlife","606, East 7th Street, Austin, TX, 78701","Promote Event","Bar / Nightlife · Downtown Austin","Empire Control Room","Bar / Nightlife listing in Downtown Austin.","Partner view: Residents are looking for nearby things to do without switching apps. Audience: Best fit: residents, guests, and groups already near the venue. Opportunity: Make the RSVP and directions path immediate from the map. Best timing: Strongest window: day-of and two hours before start Next move: Promote Event","Promote Event; Reports; Contact","","OpenStreetMap / Overpass"
"Resident","empire-garage-way-328649867","Empire Garage","Downtown Austin","Bar / Nightlife","venue","Nightlife","604, East 7th Street, 78701","Night Out Nearby","Bar / Nightlife · Downtown Austin","Empire Garage","Bar / Nightlife listing in Downtown Austin.","Resident perk: Night Out Nearby. Value: Resident card access. Resident happy-hour perks, nightlife activations, and event check-ins Use it: Show your Downtown Perks Card when a resident offer is active.","Call / Website / Email when available; Show Card; Save to Card; Directions","","OpenStreetMap / Overpass"
"Partner","empire-garage-way-328649867","Empire Garage","Downtown Austin","Bar / Nightlife","venue","Nightlife","604, East 7th Street, 78701","Promote Event","Bar / Nightlife · Downtown Austin","Empire Garage","Bar / Nightlife listing in Downtown Austin.","Partner view: Residents are looking for nearby things to do without switching apps. Audience: Best fit: residents, guests, and groups already near the venue. Opportunity: Make the RSVP and directions path immediate from the map. Best timing: Strongest window: day-of and two hours before start Next move: Promote Event","Promote Event; Reports; Contact","","OpenStreetMap / Overpass"
"Resident","estelle-s-social-lounge-way-328631296","Estelle's Social Lounge","Downtown Austin","Bar / Nightlife","venue","Nightlife","400, Colorado Street, Austin, TX, 78701","Night Out Nearby","Bar / Nightlife · Downtown Austin","Estelle's Social Lounge","Bar / Nightlife listing in Downtown Austin.","Resident perk: Night Out Nearby. Value: Resident card access. Resident happy-hour perks, nightlife activations, and event check-ins Use it: Show your Downtown Perks Card when a resident offer is active.","Call / Website / Email when available; Show Card; Save to Card; Directions","","OpenStreetMap / Overpass"
"Partner","estelle-s-social-lounge-way-328631296","Estelle's Social Lounge","Downtown Austin","Bar / Nightlife","venue","Nightlife","400, Colorado Street, Austin, TX, 78701","Promote Event","Bar / Nightlife · Downtown Austin","Estelle's Social Lounge","Bar / Nightlife listing in Downtown Austin.","Partner view: Residents are looking for nearby things to do without switching apps. Audience: Best fit: residents, guests, and groups already near the venue. Opportunity: Make the RSVP and directions path immediate from the map. Best timing: Strongest window: day-of and two hours before start Next move: Promote Event","Promote Event; Reports; Contact","","OpenStreetMap / Overpass"
"Resident","fairfield-inn-suites-austin-downtown-way-1077905075","Fairfield Inn & Suites Austin Downtown","Downtown Austin","Hotel / Hospitality","hotel","Hotel","76, East Avenue, Austin, TX, 78701","Local Guest Guide","Hotel / Hospitality · Downtown Austin","Fairfield Inn & Suites Austin Downtown","Hotel / Hospitality listing operated by Fairfield Inn & Suites.","Resident perk: Local Guest Guide. Value: Neighborhood access. Staycation perks, partner-hosted events, and sponsor activations Use it: Save it, get directions, or ask about resident access when available.","Call / Website / Email when available; Show Card; Save to Card; Directions","","OpenStreetMap / Overpass"
"Partner","fairfield-inn-suites-austin-downtown-way-1077905075","Fairfield Inn & Suites Austin Downtown","Downtown Austin","Hotel / Hospitality","hotel","Hotel","76, East Avenue, Austin, TX, 78701","Create Guest Guide","Hotel / Hospitality · Downtown Austin","Fairfield Inn & Suites Austin Downtown","Hotel / Hospitality listing operated by Fairfield Inn & Suites.","Partner view: Guests and residents nearby are looking for dinner, events, and easy walkable plans. Audience: Best fit: hotel guests, nearby residents, and visitors already walking through the area. Opportunity: Promote a concierge-style local guide or resident rate during late afternoon planning windows. Best timing: Strongest window: 3 PM to 8 PM Next move: Create Guest Guide","Create Guest Guide; Reports; Contact","","OpenStreetMap / Overpass"
"Resident","fifth-west-residence-way-845186426","Fifth & West Residence","Downtown Austin","Residential Property","property","Residential","501, West 5th Street, Austin, TX, 78701","Property Discovery","Residential Property · Downtown Austin","Fifth & West Residence","Residential Property listing in Downtown Austin.","Resident perk: Property Discovery. Value: Ask about availability. Resident onboarding, building-level perks, and local engagement Use it: Use the contact option to ask about availability, showings, or similar downtown homes.","Call / Website / Email when available; Show Card; Save to Card; Directions","","OpenStreetMap / Overpass"
"Partner","fifth-west-residence-way-845186426","Fifth & West Residence","Downtown Austin","Residential Property","property","Residential","501, West 5th Street, Austin, TX, 78701","Create Property Plan","Residential Property · Downtown Austin","Fifth & West Residence","Residential Property listing in Downtown Austin.","Partner view: Residents and prospects use this area to understand what daily life feels like around the building. Audience: Best fit: current residents, people looking at the building, brokers, and nearby businesses. Opportunity: Attach nearby perks, events, and walkable recommendations to the property story. Best timing: Strongest window: weekday lunch and after-work planning Next move: Create Property Plan","Create Property Plan; Reports; Contact","","OpenStreetMap / Overpass"
"Resident","finley-s-barber-shop-node-3245051658","Finley's Barber Shop","Downtown Austin","Retail / Business","venue","Nightlife","237, West 3rd Street, Austin, TX, 78701","Night Out Nearby","Retail / Business · Downtown Austin","Finley's Barber Shop","Retail / Business listing in Downtown Austin.","Resident perk: Night Out Nearby. Value: Resident card access. Resident discount programs and neighborhood shopping incentives Use it: Show your Downtown Perks Card when a resident offer is active.","Call / Website / Email when available; Show Card; Save to Card; Directions","","OpenStreetMap / Overpass"
"Partner","finley-s-barber-shop-node-3245051658","Finley's Barber Shop","Downtown Austin","Retail / Business","venue","Nightlife","237, West 3rd Street, Austin, TX, 78701","Create Map Plan","Retail / Business · Downtown Austin","Finley's Barber Shop","Retail / Business listing in Downtown Austin.","Partner view: People nearby are deciding where to go next. Audience: Best fit: residents, guests, and visitors already close to Downtown Austin. Opportunity: Make Finley's Barber Shop easy to save, find, and act on from the map. Best timing: Strongest window: lunch, after work, and weekend planning Next move: Create Map Plan","Create Map Plan; Reports; Contact","","OpenStreetMap / Overpass"
"Resident","firehouse-lounge-hostel-way-99256740","Firehouse Lounge & Hostel","Downtown Austin","Bar / Nightlife","venue","Nightlife","605, Brazos Street, 78701","Night Out Nearby","Bar / Nightlife · Downtown Austin","Firehouse Lounge & Hostel","Bar / Nightlife listing in Downtown Austin.","Resident perk: Night Out Nearby. Value: Resident card access. Resident happy-hour perks, nightlife activations, and event check-ins Use it: Show your Downtown Perks Card when a resident offer is active.","Call / Website / Email when available; Show Card; Save to Card; Directions","","OpenStreetMap / Overpass"
"Partner","firehouse-lounge-hostel-way-99256740","Firehouse Lounge & Hostel","Downtown Austin","Bar / Nightlife","venue","Nightlife","605, Brazos Street, 78701","Promote Event","Bar / Nightlife · Downtown Austin","Firehouse Lounge & Hostel","Bar / Nightlife listing in Downtown Austin.","Partner view: Residents are looking for nearby things to do without switching apps. Audience: Best fit: residents, guests, and groups already near the venue. Opportunity: Make the RSVP and directions path immediate from the map. Best timing: Strongest window: day-of and two hours before start Next move: Promote Event","Promote Event; Reports; Contact","","OpenStreetMap / Overpass"
"Resident","fixe-southern-house-node-8955666710","Fixe Southern House","Downtown Austin","Restaurant / Food","venue","Dining","500, West 5th Street, Austin, TX, 78701","Dining Perk","Restaurant / Food · Downtown Austin","Fixe Southern House","Restaurant / Food with cuisine focus: american.","Resident perk: Dining Perk. Value: Resident card access. Resident dining offers, specials, and repeat-visit campaigns Use it: Show your Downtown Perks Card when a resident offer is active.","Call / Website / Email when available; Show Card; Save to Card; Directions","","OpenStreetMap / Overpass"
"Partner","fixe-southern-house-node-8955666710","Fixe Southern House","Downtown Austin","Restaurant / Food","venue","Dining","500, West 5th Street, Austin, TX, 78701","Create Map Plan","Restaurant / Food · Downtown Austin","Fixe Southern House","Restaurant / Food with cuisine focus: american.","Partner view: People nearby are deciding where to go next. Audience: Best fit: residents, guests, and visitors already close to Downtown Austin. Opportunity: Make Fixe Southern House easy to save, find, and act on from the map. Best timing: Strongest window: lunch, after work, and weekend planning Next move: Create Map Plan","Create Map Plan; Reports; Contact","","OpenStreetMap / Overpass"
"Resident","four-seasons-hotel-austin-way-134807221","Four Seasons Hotel Austin","Downtown Austin","Hotel / Hospitality","hotel","Hotel","98, San Jacinto Blvd, Austin, TX, 78701","Local Guest Guide","Hotel / Hospitality · Downtown Austin","Four Seasons Hotel Austin","Hotel / Hospitality listing operated by Four Seasons.","Resident perk: Local Guest Guide. Value: Neighborhood access. Staycation perks, partner-hosted events, and sponsor activations Use it: Save it, get directions, or ask about resident access when available.","Call / Website / Email when available; Show Card; Save to Card; Directions","","OpenStreetMap / Overpass"
"Partner","four-seasons-hotel-austin-way-134807221","Four Seasons Hotel Austin","Downtown Austin","Hotel / Hospitality","hotel","Hotel","98, San Jacinto Blvd, Austin, TX, 78701","Create Guest Guide","Hotel / Hospitality · Downtown Austin","Four Seasons Hotel Austin","Hotel / Hospitality listing operated by Four Seasons.","Partner view: Guests and residents nearby are looking for dinner, events, and easy walkable plans. Audience: Best fit: hotel guests, nearby residents, and visitors already walking through the area. Opportunity: Promote a concierge-style local guide or resident rate during late afternoon planning windows. Best timing: Strongest window: 3 PM to 8 PM Next move: Create Guest Guide","Create Guest Guide; Reports; Contact","","OpenStreetMap / Overpass"
"Resident","foxy-s-proper-pub-way-1032979883","Foxy's Proper Pub","Downtown Austin","Bar / Nightlife","venue","Nightlife","201, Brazos Street, Austin, TX, 78701","Night Out Nearby","Bar / Nightlife · Downtown Austin","Foxy's Proper Pub","Bar / Nightlife listing in Downtown Austin.","Resident perk: Night Out Nearby. Value: Resident card access. Resident happy-hour perks, nightlife activations, and event check-ins Use it: Show your Downtown Perks Card when a resident offer is active.","Call / Website / Email when available; Show Card; Save to Card; Directions","","OpenStreetMap / Overpass"
"Partner","foxy-s-proper-pub-way-1032979883","Foxy's Proper Pub","Downtown Austin","Bar / Nightlife","venue","Nightlife","201, Brazos Street, Austin, TX, 78701","Promote Event","Bar / Nightlife · Downtown Austin","Foxy's Proper Pub","Bar / Nightlife listing in Downtown Austin.","Partner view: Residents are looking for nearby things to do without switching apps. Audience: Best fit: residents, guests, and groups already near the venue. Opportunity: Make the RSVP and directions path immediate from the map. Best timing: Strongest window: day-of and two hours before start Next move: Promote Event","Promote Event; Reports; Contact","","OpenStreetMap / Overpass"
"Resident","gables-republic-square-way-516276237","Gables Republic Square","Downtown Austin","Residential Property","property","Residential","401, Guadalupe Street, Austin, TX, 78701","Property Discovery","Residential Property · Downtown Austin","Gables Republic Square","Residential Property listing operated by Gables Residential.","Resident perk: Property Discovery. Value: Ask about availability. Resident onboarding, building-level perks, and local engagement Use it: Use the contact option to ask about availability, showings, or similar downtown homes.","Call / Website / Email when available; Show Card; Save to Card; Directions","","OpenStreetMap / Overpass"
"Partner","gables-republic-square-way-516276237","Gables Republic Square","Downtown Austin","Residential Property","property","Residential","401, Guadalupe Street, Austin, TX, 78701","Create Property Plan","Residential Property · Downtown Austin","Gables Republic Square","Residential Property listing operated by Gables Residential.","Partner view: Residents and prospects use this area to understand what daily life feels like around the building. Audience: Best fit: current residents, people looking at the building, brokers, and nearby businesses. Opportunity: Attach nearby perks, events, and walkable recommendations to the property story. Best timing: Strongest window: weekday lunch and after-work planning Next move: Create Property Plan","Create Property Plan; Reports; Contact","","OpenStreetMap / Overpass"
"Resident","garage-node-4908313021","Garage","Downtown Austin","Bar / Nightlife","venue","Nightlife","503, Colorado Street, Austin, TX, 78701","Cocktail bar located in a converted parking garage","Bar / Nightlife · Downtown Austin","Garage","Bar / Nightlife listing in Downtown Austin.","Resident perk: Cocktail bar located in a converted parking garage. Value: Cocktail bar located in a converted parking garage. Resident happy-hour perks, nightlife activations, and event check-ins Use it: Show your Downtown Perks Card when a resident offer is active.","Call / Website / Email when available; Show Card; Save to Card; Directions","","OpenStreetMap / Overpass"
"Partner","garage-node-4908313021","Garage","Downtown Austin","Bar / Nightlife","venue","Nightlife","503, Colorado Street, Austin, TX, 78701","Promote Event","Bar / Nightlife · Downtown Austin","Garage","Bar / Nightlife listing in Downtown Austin.","Partner view: Residents are looking for nearby things to do without switching apps. Audience: Best fit: residents, guests, and groups already near the venue. Opportunity: Make the RSVP and directions path immediate from the map. Best timing: Strongest window: day-of and two hours before start Next move: Promote Event","Promote Event; Reports; Contact","","OpenStreetMap / Overpass"
"Resident","geiser-barbering-node-13541879134","Geiser Barbering","Downtown Austin","Retail / Business","venue","Nightlife","821, West 11th Street, Austin, TX, 78701","Night Out Nearby","Retail / Business · Downtown Austin","Geiser Barbering","Retail / Business listing in Downtown Austin.","Resident perk: Night Out Nearby. Value: Resident card access. Resident discount programs and neighborhood shopping incentives Use it: Show your Downtown Perks Card when a resident offer is active.","Call / Website / Email when available; Show Card; Save to Card; Directions","","OpenStreetMap / Overpass"
"Partner","geiser-barbering-node-13541879134","Geiser Barbering","Downtown Austin","Retail / Business","venue","Nightlife","821, West 11th Street, Austin, TX, 78701","Create Map Plan","Retail / Business · Downtown Austin","Geiser Barbering","Retail / Business listing in Downtown Austin.","Partner view: People nearby are deciding where to go next. Audience: Best fit: residents, guests, and visitors already close to Downtown Austin. Opportunity: Make Geiser Barbering easy to save, find, and act on from the map. Best timing: Strongest window: lunch, after work, and weekend planning Next move: Create Map Plan","Create Map Plan; Reports; Contact","","OpenStreetMap / Overpass"
"Resident","group-therapy-node-7313191255","Group Therapy","Downtown Austin","Restaurant / Food","venue","Dining","400, Lavaca Street, Austin, TX, 78701","Dining Perk","Restaurant / Food · Downtown Austin","Group Therapy","Restaurant / Food with cuisine focus: american.","Resident perk: Dining Perk. Value: Resident card access. Resident dining offers, specials, and repeat-visit campaigns Use it: Show your Downtown Perks Card when a resident offer is active.","Call / Website / Email when available; Show Card; Save to Card; Directions","","OpenStreetMap / Overpass"
"Partner","group-therapy-node-7313191255","Group Therapy","Downtown Austin","Restaurant / Food","venue","Dining","400, Lavaca Street, Austin, TX, 78701","Create Map Plan","Restaurant / Food · Downtown Austin","Group Therapy","Restaurant / Food with cuisine focus: american.","Partner view: People nearby are deciding where to go next. Audience: Best fit: residents, guests, and visitors already close to Downtown Austin. Opportunity: Make Group Therapy easy to save, find, and act on from the map. Best timing: Strongest window: lunch, after work, and weekend planning Next move: Create Map Plan","Create Map Plan; Reports; Contact","","OpenStreetMap / Overpass"
"Resident","hampton-inn-suites-austin-at-the-university-capitol-way-236328111","Hampton Inn & Suites Austin at The University/Capitol","Downtown Austin","Hotel / Hospitality","hotel","Hotel","1701, Lavaca Street, Austin, TX, 78701","Local Guest Guide","Hotel / Hospitality · Downtown Austin","Hampton Inn & Suites Austin at The University/Capitol","Hotel / Hospitality listing operated by Hampton Inn & Suites.","Resident perk: Local Guest Guide. Value: Neighborhood access. Staycation perks, partner-hosted events, and sponsor activations Use it: Save it, get directions, or ask about resident access when available.","Call / Website / Email when available; Show Card; Save to Card; Directions","","OpenStreetMap / Overpass"
"Partner","hampton-inn-suites-austin-at-the-university-capitol-way-236328111","Hampton Inn & Suites Austin at The University/Capitol","Downtown Austin","Hotel / Hospitality","hotel","Hotel","1701, Lavaca Street, Austin, TX, 78701","Create Guest Guide","Hotel / Hospitality · Downtown Austin","Hampton Inn & Suites Austin at The University/Capitol","Hotel / Hospitality listing operated by Hampton Inn & Suites.","Partner view: Guests and residents nearby are looking for dinner, events, and easy walkable plans. Audience: Best fit: hotel guests, nearby residents, and visitors already walking through the area. Opportunity: Promote a concierge-style local guide or resident rate during late afternoon planning windows. Best timing: Strongest window: 3 PM to 8 PM Next move: Create Guest Guide","Create Guest Guide; Reports; Contact","","OpenStreetMap / Overpass"
"Resident","hampton-inn-suites-austin-downtown-way-55932518","Hampton Inn & Suites Austin Downtown","Downtown Austin","Hotel / Hospitality","hotel","Hotel","200, San Jacinto Boulevard, Austin, TX, 78701","Local Guest Guide","Hotel / Hospitality · Downtown Austin","Hampton Inn & Suites Austin Downtown","Hotel / Hospitality listing operated by Hampton Inn & Suites.","Resident perk: Local Guest Guide. Value: Neighborhood access. Staycation perks, partner-hosted events, and sponsor activations Use it: Save it, get directions, or ask about resident access when available.","Call / Website / Email when available; Show Card; Save to Card; Directions","","OpenStreetMap / Overpass"
"Partner","hampton-inn-suites-austin-downtown-way-55932518","Hampton Inn & Suites Austin Downtown","Downtown Austin","Hotel / Hospitality","hotel","Hotel","200, San Jacinto Boulevard, Austin, TX, 78701","Create Guest Guide","Hotel / Hospitality · Downtown Austin","Hampton Inn & Suites Austin Downtown","Hotel / Hospitality listing operated by Hampton Inn & Suites.","Partner view: Guests and residents nearby are looking for dinner, events, and easy walkable plans. Audience: Best fit: hotel guests, nearby residents, and visitors already walking through the area. Opportunity: Promote a concierge-style local guide or resident rate during late afternoon planning windows. Best timing: Strongest window: 3 PM to 8 PM Next move: Create Guest Guide","Create Guest Guide; Reports; Contact","","OpenStreetMap / Overpass"
"Resident","handlebar-node-1481721330","HandleBar","Downtown Austin","Bar / Nightlife","venue","Nightlife","121, East 5th Street, Austin, 78701","Night Out Nearby","Bar / Nightlife · Downtown Austin","HandleBar","Bar / Nightlife listing in Downtown Austin.","Resident perk: Night Out Nearby. Value: Resident card access. Resident happy-hour perks, nightlife activations, and event check-ins Use it: Show your Downtown Perks Card when a resident offer is active.","Call / Website / Email when available; Show Card; Save to Card; Directions","","OpenStreetMap / Overpass"
"Partner","handlebar-node-1481721330","HandleBar","Downtown Austin","Bar / Nightlife","venue","Nightlife","121, East 5th Street, Austin, 78701","Promote Event","Bar / Nightlife · Downtown Austin","HandleBar","Bar / Nightlife listing in Downtown Austin.","Partner view: Residents are looking for nearby things to do without switching apps. Audience: Best fit: residents, guests, and groups already near the venue. Opportunity: Make the RSVP and directions path immediate from the map. Best timing: Strongest window: day-of and two hours before start Next move: Promote Event","Promote Event; Reports; Contact","","OpenStreetMap / Overpass"
"Resident","hanover-brazos-street-way-55932516","Hanover Brazos Street","Downtown Austin","Residential Property","property","Residential","215, Brazos Street, Austin, TX, 78701","Property Discovery","Residential Property · Downtown Austin","Hanover Brazos Street","Residential Property listing in Downtown Austin.","Resident perk: Property Discovery. Value: Ask about availability. Resident onboarding, building-level perks, and local engagement Use it: Use the contact option to ask about availability, showings, or similar downtown homes.","Call / Website / Email when available; Show Card; Save to Card; Directions","","OpenStreetMap / Overpass"
"Partner","hanover-brazos-street-way-55932516","Hanover Brazos Street","Downtown Austin","Residential Property","property","Residential","215, Brazos Street, Austin, TX, 78701","Create Property Plan","Residential Property · Downtown Austin","Hanover Brazos Street","Residential Property listing in Downtown Austin.","Partner view: Residents and prospects use this area to understand what daily life feels like around the building. Audience: Best fit: current residents, people looking at the building, brokers, and nearby businesses. Opportunity: Attach nearby perks, events, and walkable recommendations to the property story. Best timing: Strongest window: weekday lunch and after-work planning Next move: Create Property Plan","Create Property Plan; Reports; Contact","","OpenStreetMap / Overpass"
"Resident","hanover-republic-square-way-850669088","Hanover Republic Square","Downtown Austin","Residential Property","property","Residential","305, West 5th Street, Austin, TX, 78701","Property Discovery","Residential Property · Downtown Austin","Hanover Republic Square","Residential Property listing in Downtown Austin.","Resident perk: Property Discovery. Value: Ask about availability. Resident onboarding, building-level perks, and local engagement Use it: Use the contact option to ask about availability, showings, or similar downtown homes.","Call / Website / Email when available; Show Card; Save to Card; Directions","","OpenStreetMap / Overpass"
"Partner","hanover-republic-square-way-850669088","Hanover Republic Square","Downtown Austin","Residential Property","property","Residential","305, West 5th Street, Austin, TX, 78701","Create Property Plan","Residential Property · Downtown Austin","Hanover Republic Square","Residential Property listing in Downtown Austin.","Partner view: Residents and prospects use this area to understand what daily life feels like around the building. Audience: Best fit: current residents, people looking at the building, brokers, and nearby businesses. Opportunity: Attach nearby perks, events, and walkable recommendations to the property story. Best timing: Strongest window: weekday lunch and after-work planning Next move: Create Property Plan","Create Property Plan; Reports; Contact","","OpenStreetMap / Overpass"
"Resident","hestia-node-8991731246","Hestia","Downtown Austin","Restaurant / Food","venue","Dining","607, West 3rd Street, Austin, TX, 78701","Dining Perk","Restaurant / Food · Downtown Austin","Hestia","Restaurant / Food with cuisine focus: fine_dining.","Resident perk: Dining Perk. Value: Resident card access. Resident dining offers, specials, and repeat-visit campaigns Use it: Show your Downtown Perks Card when a resident offer is active.","Call / Website / Email when available; Show Card; Save to Card; Directions","","OpenStreetMap / Overpass"
"Partner","hestia-node-8991731246","Hestia","Downtown Austin","Restaurant / Food","venue","Dining","607, West 3rd Street, Austin, TX, 78701","Create Map Plan","Restaurant / Food · Downtown Austin","Hestia","Restaurant / Food with cuisine focus: fine_dining.","Partner view: People nearby are deciding where to go next. Audience: Best fit: residents, guests, and visitors already close to Downtown Austin. Opportunity: Make Hestia easy to save, find, and act on from the map. Best timing: Strongest window: lunch, after work, and weekend planning Next move: Create Map Plan","Create Map Plan; Reports; Contact","","OpenStreetMap / Overpass"
"Resident","highland-lounge-node-3671114130","Highland Lounge","Downtown Austin","Bar / Nightlife","venue","Nightlife","404, Colorado Street, Austin, TX, 78701","Night Out Nearby","Bar / Nightlife · Downtown Austin","Highland Lounge","Bar / Nightlife listing in Downtown Austin.","Resident perk: Night Out Nearby. Value: Resident card access. Resident happy-hour perks, nightlife activations, and event check-ins Use it: Show your Downtown Perks Card when a resident offer is active.","Call / Website / Email when available; Show Card; Save to Card; Directions","","OpenStreetMap / Overpass"
"Partner","highland-lounge-node-3671114130","Highland Lounge","Downtown Austin","Bar / Nightlife","venue","Nightlife","404, Colorado Street, Austin, TX, 78701","Promote Event","Bar / Nightlife · Downtown Austin","Highland Lounge","Bar / Nightlife listing in Downtown Austin.","Partner view: Residents are looking for nearby things to do without switching apps. Audience: Best fit: residents, guests, and groups already near the venue. Opportunity: Make the RSVP and directions path immediate from the map. Best timing: Strongest window: day-of and two hours before start Next move: Promote Event","Promote Event; Reports; Contact","","OpenStreetMap / Overpass"
"Resident","hilton-austin-node-12577833089","Hilton Austin","Downtown Austin","Hotel / Hospitality","hotel","Hotel","500, East 4th Street, Austin, TX, 78701","Local Guest Guide","Hotel / Hospitality · Downtown Austin","Hilton Austin","Hotel / Hospitality listing operated by Hilton.","Resident perk: Local Guest Guide. Value: Neighborhood access. Staycation perks, partner-hosted events, and sponsor activations Use it: Save it, get directions, or ask about resident access when available.","Call / Website / Email when available; Show Card; Save to Card; Directions","","OpenStreetMap / Overpass"
"Partner","hilton-austin-node-12577833089","Hilton Austin","Downtown Austin","Hotel / Hospitality","hotel","Hotel","500, East 4th Street, Austin, TX, 78701","Create Guest Guide","Hotel / Hospitality · Downtown Austin","Hilton Austin","Hotel / Hospitality listing operated by Hilton.","Partner view: Guests and residents nearby are looking for dinner, events, and easy walkable plans. Audience: Best fit: hotel guests, nearby residents, and visitors already walking through the area. Opportunity: Promote a concierge-style local guide or resident rate during late afternoon planning windows. Best timing: Strongest window: 3 PM to 8 PM Next move: Create Guest Guide","Create Guest Guide; Reports; Contact","","OpenStreetMap / Overpass"
"Resident","hilton-garden-inn-way-960180825","Hilton Garden Inn","Downtown Austin","Hotel / Hospitality","hotel","Hotel","301, West 17th Street, Austin, TX, 78701","Local Guest Guide","Hotel / Hospitality · Downtown Austin","Hilton Garden Inn","Hotel / Hospitality listing operated by Hilton Garden Inn.","Resident perk: Local Guest Guide. Value: Neighborhood access. Staycation perks, partner-hosted events, and sponsor activations Use it: Save it, get directions, or ask about resident access when available.","Call / Website / Email when available; Show Card; Save to Card; Directions","","OpenStreetMap / Overpass"
"Partner","hilton-garden-inn-way-960180825","Hilton Garden Inn","Downtown Austin","Hotel / Hospitality","hotel","Hotel","301, West 17th Street, Austin, TX, 78701","Create Guest Guide","Hotel / Hospitality · Downtown Austin","Hilton Garden Inn","Hotel / Hospitality listing operated by Hilton Garden Inn.","Partner view: Guests and residents nearby are looking for dinner, events, and easy walkable plans. Audience: Best fit: hotel guests, nearby residents, and visitors already walking through the area. Opportunity: Promote a concierge-style local guide or resident rate during late afternoon planning windows. Best timing: Strongest window: 3 PM to 8 PM Next move: Create Guest Guide","Create Guest Guide; Reports; Contact","","OpenStreetMap / Overpass"
"Resident","hilton-garden-inn-austin-downtown-way-43957022","Hilton Garden Inn Austin Downtown","Downtown Austin","Hotel / Hospitality","hotel","Hotel","500, North Interstate 35, Austin, TX, 78701","Local Guest Guide","Hotel / Hospitality · Downtown Austin","Hilton Garden Inn Austin Downtown","Hotel / Hospitality listing operated by Hilton Garden Inn.","Resident perk: Local Guest Guide. Value: Neighborhood access. Staycation perks, partner-hosted events, and sponsor activations Use it: Save it, get directions, or ask about resident access when available.","Call / Website / Email when available; Show Card; Save to Card; Directions","","OpenStreetMap / Overpass"
"Partner","hilton-garden-inn-austin-downtown-way-43957022","Hilton Garden Inn Austin Downtown","Downtown Austin","Hotel / Hospitality","hotel","Hotel","500, North Interstate 35, Austin, TX, 78701","Create Guest Guide","Hotel / Hospitality · Downtown Austin","Hilton Garden Inn Austin Downtown","Hotel / Hospitality listing operated by Hilton Garden Inn.","Partner view: Guests and residents nearby are looking for dinner, events, and easy walkable plans. Audience: Best fit: hotel guests, nearby residents, and visitors already walking through the area. Opportunity: Promote a concierge-style local guide or resident rate during late afternoon planning windows. Best timing: Strongest window: 3 PM to 8 PM Next move: Create Guest Guide","Create Guest Guide; Reports; Contact","","OpenStreetMap / Overpass"
"Resident","holiday-inn-express-suites-austin-downtown-university-by-ihg-way-516285432","Holiday Inn Express & Suites Austin Downtown - University by IHG","Downtown Austin","Hotel / Hospitality","hotel","Hotel","805, Neches Street, Austin, TX, 78701","Local Guest Guide","Hotel / Hospitality · Downtown Austin","Holiday Inn Express & Suites Austin Downtown - University by IHG","Hotel / Hospitality listing operated by Holiday Inn Express & Suites.","Resident perk: Local Guest Guide. Value: Neighborhood access. Staycation perks, partner-hosted events, and sponsor activations Use it: Save it, get directions, or ask about resident access when available.","Call / Website / Email when available; Show Card; Save to Card; Directions","","OpenStreetMap / Overpass"
"Partner","holiday-inn-express-suites-austin-downtown-university-by-ihg-way-516285432","Holiday Inn Express & Suites Austin Downtown - University by IHG","Downtown Austin","Hotel / Hospitality","hotel","Hotel","805, Neches Street, Austin, TX, 78701","Create Guest Guide","Hotel / Hospitality · Downtown Austin","Holiday Inn Express & Suites Austin Downtown - University by IHG","Hotel / Hospitality listing operated by Holiday Inn Express & Suites.","Partner view: Guests and residents nearby are looking for dinner, events, and easy walkable plans. Audience: Best fit: hotel guests, nearby residents, and visitors already walking through the area. Opportunity: Promote a concierge-style local guide or resident rate during late afternoon planning windows. Best timing: Strongest window: 3 PM to 8 PM Next move: Create Guest Guide","Create Guest Guide; Reports; Contact","","OpenStreetMap / Overpass"
"Resident","homewood-suites-austin-downtown-way-516291552","Homewood Suites Austin Downtown","Downtown Austin","Hotel / Hospitality","hotel","Hotel","78, East Avenue, Austin, TX, 78701","Local Guest Guide","Hotel / Hospitality · Downtown Austin","Homewood Suites Austin Downtown","Hotel / Hospitality listing operated by Homewood Suites.","Resident perk: Local Guest Guide. Value: Neighborhood access. Staycation perks, partner-hosted events, and sponsor activations Use it: Save it, get directions, or ask about resident access when available.","Call / Website / Email when available; Show Card; Save to Card; Directions","","OpenStreetMap / Overpass"
"Partner","homewood-suites-austin-downtown-way-516291552","Homewood Suites Austin Downtown","Downtown Austin","Hotel / Hospitality","hotel","Hotel","78, East Avenue, Austin, TX, 78701","Create Guest Guide","Hotel / Hospitality · Downtown Austin","Homewood Suites Austin Downtown","Hotel / Hospitality listing operated by Homewood Suites.","Partner view: Guests and residents nearby are looking for dinner, events, and easy walkable plans. Audience: Best fit: hotel guests, nearby residents, and visitors already walking through the area. Opportunity: Promote a concierge-style local guide or resident rate during late afternoon planning windows. Best timing: Strongest window: 3 PM to 8 PM Next move: Create Guest Guide","Create Guest Guide; Reports; Contact","","OpenStreetMap / Overpass"
"Resident","hotel-hospitality-east-4th-street-500-way-328723692","Hotel / Hospitality East 4th Street 500","Downtown Austin","Hotel / Hospitality","hotel","Hotel","500, East 4th Street, Austin, TX, 78701","Local Guest Guide","Hotel / Hospitality · Downtown Austin","Hotel / Hospitality East 4th Street 500","Hotel / Hospitality listing in Downtown Austin.","Resident perk: Local Guest Guide. Value: Neighborhood access. Staycation perks, partner-hosted events, and sponsor activations Use it: Save it, get directions, or ask about resident access when available.","Call / Website / Email when available; Show Card; Save to Card; Directions","","OpenStreetMap / Overpass"
"Partner","hotel-hospitality-east-4th-street-500-way-328723692","Hotel / Hospitality East 4th Street 500","Downtown Austin","Hotel / Hospitality","hotel","Hotel","500, East 4th Street, Austin, TX, 78701","Create Guest Guide","Hotel / Hospitality · Downtown Austin","Hotel / Hospitality East 4th Street 500","Hotel / Hospitality listing in Downtown Austin.","Partner view: Guests and residents nearby are looking for dinner, events, and easy walkable plans. Audience: Best fit: hotel guests, nearby residents, and visitors already walking through the area. Opportunity: Promote a concierge-style local guide or resident rate during late afternoon planning windows. Best timing: Strongest window: 3 PM to 8 PM Next move: Create Guest Guide","Create Guest Guide; Reports; Contact","","OpenStreetMap / Overpass"
"Resident","hotel-van-zandt-way-923351520","Hotel Van Zandt","Downtown Austin","Hotel / Hospitality","hotel","Hotel","605, Davis Street, Austin, TX, 78701","Local Guest Guide","Hotel / Hospitality · Downtown Austin","Hotel Van Zandt","Hotel / Hospitality listing in Downtown Austin.","Resident perk: Local Guest Guide. Value: Neighborhood access. Staycation perks, partner-hosted events, and sponsor activations Use it: Save it, get directions, or ask about resident access when available.","Call / Website / Email when available; Show Card; Save to Card; Directions","","OpenStreetMap / Overpass"
"Partner","hotel-van-zandt-way-923351520","Hotel Van Zandt","Downtown Austin","Hotel / Hospitality","hotel","Hotel","605, Davis Street, Austin, TX, 78701","Create Guest Guide","Hotel / Hospitality · Downtown Austin","Hotel Van Zandt","Hotel / Hospitality listing in Downtown Austin.","Partner view: Guests and residents nearby are looking for dinner, events, and easy walkable plans. Audience: Best fit: hotel guests, nearby residents, and visitors already walking through the area. Opportunity: Promote a concierge-style local guide or resident rate during late afternoon planning windows. Best timing: Strongest window: 3 PM to 8 PM Next move: Create Guest Guide","Create Guest Guide; Reports; Contact","","OpenStreetMap / Overpass"
"Resident","hotel-zaza-way-903084328","Hotel ZaZa","Downtown Austin","Hotel / Hospitality","hotel","Hotel","400, Lavaca Street, Austin, TX, 78701","Local Guest Guide","Hotel / Hospitality · Downtown Austin","Hotel ZaZa","Hotel / Hospitality listing in Downtown Austin.","Resident perk: Local Guest Guide. Value: Neighborhood access. Staycation perks, partner-hosted events, and sponsor activations Use it: Save it, get directions, or ask about resident access when available.","Call / Website / Email when available; Show Card; Save to Card; Directions","","OpenStreetMap / Overpass"
"Partner","hotel-zaza-way-903084328","Hotel ZaZa","Downtown Austin","Hotel / Hospitality","hotel","Hotel","400, Lavaca Street, Austin, TX, 78701","Create Guest Guide","Hotel / Hospitality · Downtown Austin","Hotel ZaZa","Hotel / Hospitality listing in Downtown Austin.","Partner view: Guests and residents nearby are looking for dinner, events, and easy walkable plans. Audience: Best fit: hotel guests, nearby residents, and visitors already walking through the area. Opportunity: Promote a concierge-style local guide or resident rate during late afternoon planning windows. Best timing: Strongest window: 3 PM to 8 PM Next move: Create Guest Guide","Create Guest Guide; Reports; Contact","","OpenStreetMap / Overpass"
"Resident","hyatt-house-way-516285435","Hyatt House","Downtown Austin","Hotel / Hospitality","hotel","Hotel","901, Neches Street, Austin, TX, 78701","Local Guest Guide","Hotel / Hospitality · Downtown Austin","Hyatt House","Hotel / Hospitality listing operated by Hyatt House.","Resident perk: Local Guest Guide. Value: Neighborhood access. Staycation perks, partner-hosted events, and sponsor activations Use it: Save it, get directions, or ask about resident access when available.","Call / Website / Email when available; Show Card; Save to Card; Directions","","OpenStreetMap / Overpass"
"Partner","hyatt-house-way-516285435","Hyatt House","Downtown Austin","Hotel / Hospitality","hotel","Hotel","901, Neches Street, Austin, TX, 78701","Create Guest Guide","Hotel / Hospitality · Downtown Austin","Hyatt House","Hotel / Hospitality listing operated by Hyatt House.","Partner view: Guests and residents nearby are looking for dinner, events, and easy walkable plans. Audience: Best fit: hotel guests, nearby residents, and visitors already walking through the area. Opportunity: Promote a concierge-style local guide or resident rate during late afternoon planning windows. Best timing: Strongest window: 3 PM to 8 PM Next move: Create Guest Guide","Create Guest Guide; Reports; Contact","","OpenStreetMap / Overpass"
"Resident","hyatt-place-way-231125471","Hyatt Place","Downtown Austin","Hotel / Hospitality","hotel","Hotel","211, East 3rd Street, Austin, TX, 78701","Local Guest Guide","Hotel / Hospitality · Downtown Austin","Hyatt Place","Hotel / Hospitality listing operated by Hyatt Place.","Resident perk: Local Guest Guide. Value: Neighborhood access. Staycation perks, partner-hosted events, and sponsor activations Use it: Save it, get directions, or ask about resident access when available.","Call / Website / Email when available; Show Card; Save to Card; Directions","","OpenStreetMap / Overpass"
"Partner","hyatt-place-way-231125471","Hyatt Place","Downtown Austin","Hotel / Hospitality","hotel","Hotel","211, East 3rd Street, Austin, TX, 78701","Create Guest Guide","Hotel / Hospitality · Downtown Austin","Hyatt Place","Hotel / Hospitality listing operated by Hyatt Place.","Partner view: Guests and residents nearby are looking for dinner, events, and easy walkable plans. Audience: Best fit: hotel guests, nearby residents, and visitors already walking through the area. Opportunity: Promote a concierge-style local guide or resident rate during late afternoon planning windows. Best timing: Strongest window: 3 PM to 8 PM Next move: Create Guest Guide","Create Guest Guide; Reports; Contact","","OpenStreetMap / Overpass"
"Resident","idlewild-coffee-node-12248654929","Idlewild Coffee","Downtown Austin","Coffee / Cafe","venue","Coffee","824, West 12th Street, Austin, TX, 78701","Coffee Stop","Coffee / Cafe · Downtown Austin","Idlewild Coffee","Coffee / Cafe with cuisine focus: coffee_shop.","Resident perk: Coffee Stop. Value: Resident card access. Morning perk loops, loyalty rewards, and community meetup anchors Use it: Show your Downtown Perks Card when a resident offer is active.","Call / Website / Email when available; Show Card; Save to Card; Directions","","OpenStreetMap / Overpass"
"Partner","idlewild-coffee-node-12248654929","Idlewild Coffee","Downtown Austin","Coffee / Cafe","venue","Coffee","824, West 12th Street, Austin, TX, 78701","Create Map Plan","Coffee / Cafe · Downtown Austin","Idlewild Coffee","Coffee / Cafe with cuisine focus: coffee_shop.","Partner view: People nearby are deciding where to go next. Audience: Best fit: residents, guests, and visitors already close to Downtown Austin. Opportunity: Make Idlewild Coffee easy to save, find, and act on from the map. Best timing: Strongest window: lunch, after work, and weekend planning Next move: Create Map Plan","Create Map Plan; Reports; Contact","","OpenStreetMap / Overpass"
"Resident","ihop-way-312335034","IHOP","Downtown Austin","Restaurant / Food","venue","Dining","707, East Cesar Chavez Street, Austin, TX, 78701","Dining Perk","Restaurant / Food · Downtown Austin","IHOP","Restaurant / Food with cuisine focus: breakfast;pancake.","Resident perk: Dining Perk. Value: Resident card access. Resident dining offers, specials, and repeat-visit campaigns Use it: Show your Downtown Perks Card when a resident offer is active.","Call / Website / Email when available; Show Card; Save to Card; Directions","","OpenStreetMap / Overpass"
"Partner","ihop-way-312335034","IHOP","Downtown Austin","Restaurant / Food","venue","Dining","707, East Cesar Chavez Street, Austin, TX, 78701","Create Map Plan","Restaurant / Food · Downtown Austin","IHOP","Restaurant / Food with cuisine focus: breakfast;pancake.","Partner view: People nearby are deciding where to go next. Audience: Best fit: residents, guests, and visitors already close to Downtown Austin. Opportunity: Make IHOP easy to save, find, and act on from the map. Best timing: Strongest window: lunch, after work, and weekend planning Next move: Create Map Plan","Create Map Plan; Reports; Contact","","OpenStreetMap / Overpass"
"Resident","intelligentsia-node-7024063231","Intelligentsia","Downtown Austin","Coffee / Cafe","venue","Coffee","607, West 3rd Street, Austin, TX, 78701","Coffee Stop","Coffee / Cafe · Downtown Austin","Intelligentsia","Coffee / Cafe with cuisine focus: coffee_shop.","Resident perk: Coffee Stop. Value: Resident card access. Morning perk loops, loyalty rewards, and community meetup anchors Use it: Show your Downtown Perks Card when a resident offer is active.","Call / Website / Email when available; Show Card; Save to Card; Directions","","OpenStreetMap / Overpass"
"Partner","intelligentsia-node-7024063231","Intelligentsia","Downtown Austin","Coffee / Cafe","venue","Coffee","607, West 3rd Street, Austin, TX, 78701","Create Map Plan","Coffee / Cafe · Downtown Austin","Intelligentsia","Coffee / Cafe with cuisine focus: coffee_shop.","Partner view: People nearby are deciding where to go next. Audience: Best fit: residents, guests, and visitors already close to Downtown Austin. Opportunity: Make Intelligentsia easy to save, find, and act on from the map. Best timing: Strongest window: lunch, after work, and weekend planning Next move: Create Map Plan","Create Map Plan; Reports; Contact","","OpenStreetMap / Overpass"
"Resident","j-carver-s-oyster-bar-chophouse-way-1362339086","J Carver’s Oyster Bar & Chophouse","Downtown Austin","Restaurant / Food","venue","Dining","509, Rio Grande Street, Austin, TX, 78701","Dining Perk","Restaurant / Food · Downtown Austin","J Carver’s Oyster Bar & Chophouse","Restaurant / Food with cuisine focus: seafood;steak_house.","Resident perk: Dining Perk. Value: Resident card access. Resident dining offers, specials, and repeat-visit campaigns Use it: Show your Downtown Perks Card when a resident offer is active.","Call / Website / Email when available; Show Card; Save to Card; Directions","","OpenStreetMap / Overpass"
"Partner","j-carver-s-oyster-bar-chophouse-way-1362339086","J Carver’s Oyster Bar & Chophouse","Downtown Austin","Restaurant / Food","venue","Dining","509, Rio Grande Street, Austin, TX, 78701","Create Map Plan","Restaurant / Food · Downtown Austin","J Carver’s Oyster Bar & Chophouse","Restaurant / Food with cuisine focus: seafood;steak_house.","Partner view: People nearby are deciding where to go next. Audience: Best fit: residents, guests, and visitors already close to Downtown Austin. Opportunity: Make J Carver’s Oyster Bar & Chophouse easy to save, find, and act on from the map. Best timing: Strongest window: lunch, after work, and weekend planning Next move: Create Map Plan","Create Map Plan; Reports; Contact","","OpenStreetMap / Overpass"
"Resident","jimmy-john-s-way-381834200","Jimmy John's","Downtown Austin","Restaurant / Food","venue","Dining","601, West Martin Luther King Jr Boulevard, Austin, TX, 78701","Dining Perk","Restaurant / Food · Downtown Austin","Jimmy John's","Restaurant / Food with cuisine focus: sandwich.","Resident perk: Dining Perk. Value: Resident card access. Resident dining offers, specials, and repeat-visit campaigns Use it: Show your Downtown Perks Card when a resident offer is active.","Call / Website / Email when available; Show Card; Save to Card; Directions","","OpenStreetMap / Overpass"
"Partner","jimmy-john-s-way-381834200","Jimmy John's","Downtown Austin","Restaurant / Food","venue","Dining","601, West Martin Luther King Jr Boulevard, Austin, TX, 78701","Create Map Plan","Restaurant / Food · Downtown Austin","Jimmy John's","Restaurant / Food with cuisine focus: sandwich.","Partner view: People nearby are deciding where to go next. Audience: Best fit: residents, guests, and visitors already close to Downtown Austin. Opportunity: Make Jimmy John's easy to save, find, and act on from the map. Best timing: Strongest window: lunch, after work, and weekend planning Next move: Create Map Plan","Create Map Plan; Reports; Contact","","OpenStreetMap / Overpass"
"Resident","juiceland-node-7024063230","JuiceLand","Downtown Austin","Restaurant / Food","venue","Dining","607, West 3rd Street, Austin, TX, 78701","Dining Perk","Restaurant / Food · Downtown Austin","JuiceLand","Restaurant / Food with cuisine focus: juice;smoothie.","Resident perk: Dining Perk. Value: Resident card access. Resident dining offers, specials, and repeat-visit campaigns Use it: Show your Downtown Perks Card when a resident offer is active.","Call / Website / Email when available; Show Card; Save to Card; Directions","","OpenStreetMap / Overpass"
"Partner","juiceland-node-7024063230","JuiceLand","Downtown Austin","Restaurant / Food","venue","Dining","607, West 3rd Street, Austin, TX, 78701","Create Map Plan","Restaurant / Food · Downtown Austin","JuiceLand","Restaurant / Food with cuisine focus: juice;smoothie.","Partner view: People nearby are deciding where to go next. Audience: Best fit: residents, guests, and visitors already close to Downtown Austin. Opportunity: Make JuiceLand easy to save, find, and act on from the map. Best timing: Strongest window: lunch, after work, and weekend planning Next move: Create Map Plan","Create Map Plan; Reports; Contact","","OpenStreetMap / Overpass"
"Resident","kalimotxo-node-7024063232","Kalimotxo","Downtown Austin","Bar / Nightlife","venue","Nightlife","607, West 3rd Street, Austin, TX, 78701","Night Out Nearby","Bar / Nightlife · Downtown Austin","Kalimotxo","Bar / Nightlife listing in Downtown Austin.","Resident perk: Night Out Nearby. Value: Resident card access. Resident happy-hour perks, nightlife activations, and event check-ins Use it: Show your Downtown Perks Card when a resident offer is active.","Call / Website / Email when available; Show Card; Save to Card; Directions","","OpenStreetMap / Overpass"
"Partner","kalimotxo-node-7024063232","Kalimotxo","Downtown Austin","Bar / Nightlife","venue","Nightlife","607, West 3rd Street, Austin, TX, 78701","Promote Event","Bar / Nightlife · Downtown Austin","Kalimotxo","Bar / Nightlife listing in Downtown Austin.","Partner view: Residents are looking for nearby things to do without switching apps. Audience: Best fit: residents, guests, and groups already near the venue. Opportunity: Make the RSVP and directions path immediate from the map. Best timing: Strongest window: day-of and two hours before start Next move: Promote Event","Promote Event; Reports; Contact","","OpenStreetMap / Overpass"
"Resident","koriente-restaurant-way-328605865","Koriente Restaurant","Downtown Austin","Restaurant / Food","venue","Dining","621, East 7th Street, 78701","Dining Perk","Restaurant / Food · Downtown Austin","Koriente Restaurant","Restaurant / Food listing in Downtown Austin.","Resident perk: Dining Perk. Value: Resident card access. Resident dining offers, specials, and repeat-visit campaigns Use it: Show your Downtown Perks Card when a resident offer is active.","Call / Website / Email when available; Show Card; Save to Card; Directions","","OpenStreetMap / Overpass"
"Partner","koriente-restaurant-way-328605865","Koriente Restaurant","Downtown Austin","Restaurant / Food","venue","Dining","621, East 7th Street, 78701","Create Map Plan","Restaurant / Food · Downtown Austin","Koriente Restaurant","Restaurant / Food listing in Downtown Austin.","Partner view: People nearby are deciding where to go next. Audience: Best fit: residents, guests, and visitors already close to Downtown Austin. Opportunity: Make Koriente Restaurant easy to save, find, and act on from the map. Best timing: Strongest window: lunch, after work, and weekend planning Next move: Create Map Plan","Create Map Plan; Reports; Contact","","OpenStreetMap / Overpass"
"Resident","la-quinta-inn-relation-6344579","La Quinta Inn","Downtown Austin","Hotel / Hospitality","hotel","Hotel","300, East 11th Street, Austin, TX, 78701","Local Guest Guide","Hotel / Hospitality · Downtown Austin","La Quinta Inn","Hotel / Hospitality listing operated by La Quinta Inn.","Resident perk: Local Guest Guide. Value: Neighborhood access. Staycation perks, partner-hosted events, and sponsor activations Use it: Save it, get directions, or ask about resident access when available.","Call / Website / Email when available; Show Card; Save to Card; Directions","","OpenStreetMap / Overpass"
"Partner","la-quinta-inn-relation-6344579","La Quinta Inn","Downtown Austin","Hotel / Hospitality","hotel","Hotel","300, East 11th Street, Austin, TX, 78701","Create Guest Guide","Hotel / Hospitality · Downtown Austin","La Quinta Inn","Hotel / Hospitality listing operated by La Quinta Inn.","Partner view: Guests and residents nearby are looking for dinner, events, and easy walkable plans. Audience: Best fit: hotel guests, nearby residents, and visitors already walking through the area. Opportunity: Promote a concierge-style local guide or resident rate during late afternoon planning windows. Best timing: Strongest window: 3 PM to 8 PM Next move: Create Guest Guide","Create Guest Guide; Reports; Contact","","OpenStreetMap / Overpass"
"Resident","le-caf-cr-pe-node-1483653960","Le Café Crêpe","Downtown Austin","Coffee / Cafe","venue","Coffee","200, San Jacinto Boulevard, Austin, TX, 78701","Coffee Stop","Coffee / Cafe · Downtown Austin","Le Café Crêpe","Coffee / Cafe with cuisine focus: crepe;french.","Resident perk: Coffee Stop. Value: Resident card access. Morning perk loops, loyalty rewards, and community meetup anchors Use it: Show your Downtown Perks Card when a resident offer is active.","Call / Website / Email when available; Show Card; Save to Card; Directions","","OpenStreetMap / Overpass"
"Partner","le-caf-cr-pe-node-1483653960","Le Café Crêpe","Downtown Austin","Coffee / Cafe","venue","Coffee","200, San Jacinto Boulevard, Austin, TX, 78701","Create Map Plan","Coffee / Cafe · Downtown Austin","Le Café Crêpe","Coffee / Cafe with cuisine focus: crepe;french.","Partner view: People nearby are deciding where to go next. Audience: Best fit: residents, guests, and visitors already close to Downtown Austin. Opportunity: Make Le Café Crêpe easy to save, find, and act on from the map. Best timing: Strongest window: lunch, after work, and weekend planning Next move: Create Map Plan","Create Map Plan; Reports; Contact","","OpenStreetMap / Overpass"
"Resident","league-of-rebels-node-3248363280","League of Rebels","Downtown Austin","Retail / Business","venue","Civic","360, Nueces Street, Austin, TX, 78701","Nearby Downtown Option","Retail / Business · Downtown Austin","League of Rebels","Retail / Business listing in Downtown Austin.","Resident perk: Nearby Downtown Option. Value: Save it or go now. Resident discount programs and neighborhood shopping incentives Use it: Save it, get directions, or show your Downtown Perks Card if access is available.","Call / Website / Email when available; Show Card; Save to Card; Directions","","OpenStreetMap / Overpass"
"Partner","league-of-rebels-node-3248363280","League of Rebels","Downtown Austin","Retail / Business","venue","Civic","360, Nueces Street, Austin, TX, 78701","Create Map Plan","Retail / Business · Downtown Austin","League of Rebels","Retail / Business listing in Downtown Austin.","Partner view: People nearby are deciding where to go next. Audience: Best fit: residents, guests, and visitors already close to Downtown Austin. Opportunity: Make League of Rebels easy to save, find, and act on from the map. Best timing: Strongest window: lunch, after work, and weekend planning Next move: Create Map Plan","Create Map Plan; Reports; Contact","","OpenStreetMap / Overpass"
"Resident","line-way-37417989","LINE","Downtown Austin","Hotel / Hospitality","hotel","Hotel","101, East Cesar Chavez Street, 78701","Local Guest Guide","Hotel / Hospitality · Downtown Austin","LINE","Hotel / Hospitality listing in Downtown Austin.","Resident perk: Local Guest Guide. Value: Neighborhood access. Staycation perks, partner-hosted events, and sponsor activations Use it: Save it, get directions, or ask about resident access when available.","Call / Website / Email when available; Show Card; Save to Card; Directions","","OpenStreetMap / Overpass"
"Partner","line-way-37417989","LINE","Downtown Austin","Hotel / Hospitality","hotel","Hotel","101, East Cesar Chavez Street, 78701","Create Guest Guide","Hotel / Hospitality · Downtown Austin","LINE","Hotel / Hospitality listing in Downtown Austin.","Partner view: Guests and residents nearby are looking for dinner, events, and easy walkable plans. Audience: Best fit: hotel guests, nearby residents, and visitors already walking through the area. Opportunity: Promote a concierge-style local guide or resident rate during late afternoon planning windows. Best timing: Strongest window: 3 PM to 8 PM Next move: Create Guest Guide","Create Guest Guide; Reports; Contact","","OpenStreetMap / Overpass"
"Resident","love-tito-s-node-3245483196","Love, Tito's","Downtown Austin","Retail / Business","venue","Civic","215, Lavaca Street, Austin, TX, 78701","Nearby Downtown Option","Retail / Business · Downtown Austin","Love, Tito's","Retail / Business listing in Downtown Austin.","Resident perk: Nearby Downtown Option. Value: Save it or go now. Resident discount programs and neighborhood shopping incentives Use it: Save it, get directions, or show your Downtown Perks Card if access is available.","Call / Website / Email when available; Show Card; Save to Card; Directions","","OpenStreetMap / Overpass"
"Partner","love-tito-s-node-3245483196","Love, Tito's","Downtown Austin","Retail / Business","venue","Civic","215, Lavaca Street, Austin, TX, 78701","Create Map Plan","Retail / Business · Downtown Austin","Love, Tito's","Retail / Business listing in Downtown Austin.","Partner view: People nearby are deciding where to go next. Audience: Best fit: residents, guests, and visitors already close to Downtown Austin. Opportunity: Make Love, Tito's easy to save, find, and act on from the map. Best timing: Strongest window: lunch, after work, and weekend planning Next move: Create Map Plan","Create Map Plan; Reports; Contact","","OpenStreetMap / Overpass"
"Resident","mai-thai-node-2334038870","Mai Thai","Downtown Austin","Restaurant / Food","venue","Dining","207, San Jacinto Boulevard, Austin, TX, 78701","Dining Perk","Restaurant / Food · Downtown Austin","Mai Thai","Restaurant / Food with cuisine focus: thai.","Resident perk: Dining Perk. Value: Resident card access. Resident dining offers, specials, and repeat-visit campaigns Use it: Show your Downtown Perks Card when a resident offer is active.","Call / Website / Email when available; Show Card; Save to Card; Directions","","OpenStreetMap / Overpass"
"Partner","mai-thai-node-2334038870","Mai Thai","Downtown Austin","Restaurant / Food","venue","Dining","207, San Jacinto Boulevard, Austin, TX, 78701","Create Map Plan","Restaurant / Food · Downtown Austin","Mai Thai","Restaurant / Food with cuisine focus: thai.","Partner view: People nearby are deciding where to go next. Audience: Best fit: residents, guests, and visitors already close to Downtown Austin. Opportunity: Make Mai Thai easy to save, find, and act on from the map. Best timing: Strongest window: lunch, after work, and weekend planning Next move: Create Map Plan","Create Map Plan; Reports; Contact","","OpenStreetMap / Overpass"
"Resident","maiko-sushi-node-1483653753","Maiko Sushi","Downtown Austin","Restaurant / Food","venue","Dining","207, San Jacinto Boulevard, Austin, TX, 78701","Dining Perk","Restaurant / Food · Downtown Austin","Maiko Sushi","Restaurant / Food with cuisine focus: sushi.","Resident perk: Dining Perk. Value: Resident card access. Resident dining offers, specials, and repeat-visit campaigns Use it: Show your Downtown Perks Card when a resident offer is active.","Call / Website / Email when available; Show Card; Save to Card; Directions","","OpenStreetMap / Overpass"
"Partner","maiko-sushi-node-1483653753","Maiko Sushi","Downtown Austin","Restaurant / Food","venue","Dining","207, San Jacinto Boulevard, Austin, TX, 78701","Create Map Plan","Restaurant / Food · Downtown Austin","Maiko Sushi","Restaurant / Food with cuisine focus: sushi.","Partner view: People nearby are deciding where to go next. Audience: Best fit: residents, guests, and visitors already close to Downtown Austin. Opportunity: Make Maiko Sushi easy to save, find, and act on from the map. Best timing: Strongest window: lunch, after work, and weekend planning Next move: Create Map Plan","Create Map Plan; Reports; Contact","","OpenStreetMap / Overpass"
"Resident","manny-s-node-11679087442","Manny's","Downtown Austin","Restaurant / Food","venue","Dining","303, West 5th Street, Austin, TX, 78701","Dining Perk","Restaurant / Food · Downtown Austin","Manny's","Restaurant / Food listing in Downtown Austin.","Resident perk: Dining Perk. Value: Resident card access. Resident dining offers, specials, and repeat-visit campaigns Use it: Show your Downtown Perks Card when a resident offer is active.","Call / Website / Email when available; Show Card; Save to Card; Directions","","OpenStreetMap / Overpass"
"Partner","manny-s-node-11679087442","Manny's","Downtown Austin","Restaurant / Food","venue","Dining","303, West 5th Street, Austin, TX, 78701","Create Map Plan","Restaurant / Food · Downtown Austin","Manny's","Restaurant / Food listing in Downtown Austin.","Partner view: People nearby are deciding where to go next. Audience: Best fit: residents, guests, and visitors already close to Downtown Austin. Opportunity: Make Manny's easy to save, find, and act on from the map. Best timing: Strongest window: lunch, after work, and weekend planning Next move: Create Map Plan","Create Map Plan; Reports; Contact","","OpenStreetMap / Overpass"
"Resident","meat-bread-node-7925574095","Meat & Bread","Downtown Austin","Restaurant / Food","venue","Dining","360, Nueces Street, Austin, TX, 78701","Dining Perk","Restaurant / Food · Downtown Austin","Meat & Bread","Restaurant / Food with cuisine focus: sandwich.","Resident perk: Dining Perk. Value: Resident card access. Resident dining offers, specials, and repeat-visit campaigns Use it: Show your Downtown Perks Card when a resident offer is active.","Call / Website / Email when available; Show Card; Save to Card; Directions","","OpenStreetMap / Overpass"
"Partner","meat-bread-node-7925574095","Meat & Bread","Downtown Austin","Restaurant / Food","venue","Dining","360, Nueces Street, Austin, TX, 78701","Create Map Plan","Restaurant / Food · Downtown Austin","Meat & Bread","Restaurant / Food with cuisine focus: sandwich.","Partner view: People nearby are deciding where to go next. Audience: Best fit: residents, guests, and visitors already close to Downtown Austin. Opportunity: Make Meat & Bread easy to save, find, and act on from the map. Best timing: Strongest window: lunch, after work, and weekend planning Next move: Create Map Plan","Create Map Plan; Reports; Contact","","OpenStreetMap / Overpass"
"Resident","merit-coffee-node-8931050056","Merit Coffee","Downtown Austin","Coffee / Cafe","venue","Coffee","222, West Avenue, Austin, TX, 78701","Coffee Stop","Coffee / Cafe · Downtown Austin","Merit Coffee","Coffee / Cafe listing in Downtown Austin.","Resident perk: Coffee Stop. Value: Resident card access. Morning perk loops, loyalty rewards, and community meetup anchors Use it: Show your Downtown Perks Card when a resident offer is active.","Call / Website / Email when available; Show Card; Save to Card; Directions","","OpenStreetMap / Overpass"
"Partner","merit-coffee-node-8931050056","Merit Coffee","Downtown Austin","Coffee / Cafe","venue","Coffee","222, West Avenue, Austin, TX, 78701","Create Map Plan","Coffee / Cafe · Downtown Austin","Merit Coffee","Coffee / Cafe listing in Downtown Austin.","Partner view: People nearby are deciding where to go next. Audience: Best fit: residents, guests, and visitors already close to Downtown Austin. Opportunity: Make Merit Coffee easy to save, find, and act on from the map. Best timing: Strongest window: lunch, after work, and weekend planning Next move: Create Map Plan","Create Map Plan; Reports; Contact","","OpenStreetMap / Overpass"
"Resident","milago-way-134786203","Milago","Downtown Austin","Residential Property","property","Residential","Austin, TX, 78701","Property Discovery","Residential Property · Downtown Austin","Milago","Residential Property listing in Downtown Austin.","Resident perk: Property Discovery. Value: Ask about availability. Resident onboarding, building-level perks, and local engagement Use it: Use the contact option to ask about availability, showings, or similar downtown homes.","Call / Website / Email when available; Show Card; Save to Card; Directions","","OpenStreetMap / Overpass"
"Partner","milago-way-134786203","Milago","Downtown Austin","Residential Property","property","Residential","Austin, TX, 78701","Create Property Plan","Residential Property · Downtown Austin","Milago","Residential Property listing in Downtown Austin.","Partner view: Residents and prospects use this area to understand what daily life feels like around the building. Audience: Best fit: current residents, people looking at the building, brokers, and nearby businesses. Opportunity: Attach nearby perks, events, and walkable recommendations to the property story. Best timing: Strongest window: weekday lunch and after-work planning Next move: Create Property Plan","Create Property Plan; Reports; Contact","","OpenStreetMap / Overpass"
"Resident","my-name-is-joe-coffee-node-4906380121","My Name Is Joe Coffee","Downtown Austin","Coffee / Cafe","venue","Coffee","503, Colorado Street, 78701","Coffee Stop","Coffee / Cafe · Downtown Austin","My Name Is Joe Coffee","Coffee / Cafe with cuisine focus: breakfast;coffee_shop.","Resident perk: Coffee Stop. Value: Resident card access. Morning perk loops, loyalty rewards, and community meetup anchors Use it: Show your Downtown Perks Card when a resident offer is active.","Call / Website / Email when available; Show Card; Save to Card; Directions","","OpenStreetMap / Overpass"
"Partner","my-name-is-joe-coffee-node-4906380121","My Name Is Joe Coffee","Downtown Austin","Coffee / Cafe","venue","Coffee","503, Colorado Street, 78701","Create Map Plan","Coffee / Cafe · Downtown Austin","My Name Is Joe Coffee","Coffee / Cafe with cuisine focus: breakfast;coffee_shop.","Partner view: People nearby are deciding where to go next. Audience: Best fit: residents, guests, and visitors already close to Downtown Austin. Opportunity: Make My Name Is Joe Coffee easy to save, find, and act on from the map. Best timing: Strongest window: lunch, after work, and weekend planning Next move: Create Map Plan","Create Map Plan; Reports; Contact","","OpenStreetMap / Overpass"
"Resident","natiivo-way-971496029","Natiivo","Downtown Austin","Residential Property","property","Residential","48, East Avenue, Austin, TX, 78701","Property Discovery","Residential Property · Downtown Austin","Natiivo","Residential Property listing in Downtown Austin.","Resident perk: Property Discovery. Value: Ask about availability. Resident onboarding, building-level perks, and local engagement Use it: Use the contact option to ask about availability, showings, or similar downtown homes.","Call / Website / Email when available; Show Card; Save to Card; Directions","","OpenStreetMap / Overpass"
"Partner","natiivo-way-971496029","Natiivo","Downtown Austin","Residential Property","property","Residential","48, East Avenue, Austin, TX, 78701","Create Property Plan","Residential Property · Downtown Austin","Natiivo","Residential Property listing in Downtown Austin.","Partner view: Residents and prospects use this area to understand what daily life feels like around the building. Audience: Best fit: current residents, people looking at the building, brokers, and nearby businesses. Opportunity: Attach nearby perks, events, and walkable recommendations to the property story. Best timing: Strongest window: weekday lunch and after-work planning Next move: Create Property Plan","Create Property Plan; Reports; Contact","","OpenStreetMap / Overpass"
"Resident","neon-grotto-way-231123161","Neon Grotto","Downtown Austin","Bar / Nightlife","venue","Nightlife","318, Colorado Street, Austin, TX, 78701","Night Out Nearby","Bar / Nightlife · Downtown Austin","Neon Grotto","Bar / Nightlife listing in Downtown Austin.","Resident perk: Night Out Nearby. Value: Resident card access. Resident happy-hour perks, nightlife activations, and event check-ins Use it: Show your Downtown Perks Card when a resident offer is active.","Call / Website / Email when available; Show Card; Save to Card; Directions","","OpenStreetMap / Overpass"
"Partner","neon-grotto-way-231123161","Neon Grotto","Downtown Austin","Bar / Nightlife","venue","Nightlife","318, Colorado Street, Austin, TX, 78701","Promote Event","Bar / Nightlife · Downtown Austin","Neon Grotto","Bar / Nightlife listing in Downtown Austin.","Partner view: Residents are looking for nearby things to do without switching apps. Audience: Best fit: residents, guests, and groups already near the venue. Opportunity: Make the RSVP and directions path immediate from the map. Best timing: Strongest window: day-of and two hours before start Next move: Promote Event","Promote Event; Reports; Contact","","OpenStreetMap / Overpass"
"Resident","no-comply-skate-shop-node-12248654928","No-Comply Skate Shop","Downtown Austin","Retail / Business","venue","Civic","824, West 12th Street, Austin, TX, 78701","Nearby Downtown Option","Retail / Business · Downtown Austin","No-Comply Skate Shop","Retail / Business listing in Downtown Austin.","Resident perk: Nearby Downtown Option. Value: Save it or go now. Resident discount programs and neighborhood shopping incentives Use it: Save it, get directions, or show your Downtown Perks Card if access is available.","Call / Website / Email when available; Show Card; Save to Card; Directions","","OpenStreetMap / Overpass"
"Partner","no-comply-skate-shop-node-12248654928","No-Comply Skate Shop","Downtown Austin","Retail / Business","venue","Civic","824, West 12th Street, Austin, TX, 78701","Create Map Plan","Retail / Business · Downtown Austin","No-Comply Skate Shop","Retail / Business listing in Downtown Austin.","Partner view: People nearby are deciding where to go next. Audience: Best fit: residents, guests, and visitors already close to Downtown Austin. Opportunity: Make No-Comply Skate Shop easy to save, find, and act on from the map. Best timing: Strongest window: lunch, after work, and weekend planning Next move: Create Map Plan","Create Map Plan; Reports; Contact","","OpenStreetMap / Overpass"
"Resident","oilcan-harry-s-way-231123159","Oilcan Harry's","Downtown Austin","Bar / Nightlife","venue","Nightlife","211, West 4th Street, Austin, TX, 78701","Night Out Nearby","Bar / Nightlife · Downtown Austin","Oilcan Harry's","Bar / Nightlife listing in Downtown Austin.","Resident perk: Night Out Nearby. Value: Resident card access. Resident happy-hour perks, nightlife activations, and event check-ins Use it: Show your Downtown Perks Card when a resident offer is active.","Call / Website / Email when available; Show Card; Save to Card; Directions","","OpenStreetMap / Overpass"
"Partner","oilcan-harry-s-way-231123159","Oilcan Harry's","Downtown Austin","Bar / Nightlife","venue","Nightlife","211, West 4th Street, Austin, TX, 78701","Promote Event","Bar / Nightlife · Downtown Austin","Oilcan Harry's","Bar / Nightlife listing in Downtown Austin.","Partner view: Residents are looking for nearby things to do without switching apps. Audience: Best fit: residents, guests, and groups already near the venue. Opportunity: Make the RSVP and directions path immediate from the map. Best timing: Strongest window: day-of and two hours before start Next move: Promote Event","Promote Event; Reports; Contact","","OpenStreetMap / Overpass"
"Resident","oma-s-kitchen-node-11872745746","Oma's Kitchen","Downtown Austin","Restaurant / Food","venue","Dining","78701","Dining Perk","Restaurant / Food · Downtown Austin","Oma's Kitchen","Restaurant / Food with cuisine focus: korean.","Resident perk: Dining Perk. Value: Resident card access. Resident dining offers, specials, and repeat-visit campaigns Use it: Show your Downtown Perks Card when a resident offer is active.","Call / Website / Email when available; Show Card; Save to Card; Directions","","OpenStreetMap / Overpass"
"Partner","oma-s-kitchen-node-11872745746","Oma's Kitchen","Downtown Austin","Restaurant / Food","venue","Dining","78701","Create Map Plan","Restaurant / Food · Downtown Austin","Oma's Kitchen","Restaurant / Food with cuisine focus: korean.","Partner view: People nearby are deciding where to go next. Audience: Best fit: residents, guests, and visitors already close to Downtown Austin. Opportunity: Make Oma's Kitchen easy to save, find, and act on from the map. Best timing: Strongest window: lunch, after work, and weekend planning Next move: Create Map Plan","Create Map Plan; Reports; Contact","","OpenStreetMap / Overpass"
"Resident","omni-austin-hotel-downtown-way-183289651","Omni Austin Hotel Downtown","Downtown Austin","Hotel / Hospitality","hotel","Hotel","700, San Jacinto, Austin, TX, 78701","Local Guest Guide","Hotel / Hospitality · Downtown Austin","Omni Austin Hotel Downtown","Hotel / Hospitality listing operated by Omni Hotels & Resorts.","Resident perk: Local Guest Guide. Value: Neighborhood access. Staycation perks, partner-hosted events, and sponsor activations Use it: Save it, get directions, or ask about resident access when available.","Call / Website / Email when available; Show Card; Save to Card; Directions","","OpenStreetMap / Overpass"
"Partner","omni-austin-hotel-downtown-way-183289651","Omni Austin Hotel Downtown","Downtown Austin","Hotel / Hospitality","hotel","Hotel","700, San Jacinto, Austin, TX, 78701","Create Guest Guide","Hotel / Hospitality · Downtown Austin","Omni Austin Hotel Downtown","Hotel / Hospitality listing operated by Omni Hotels & Resorts.","Partner view: Guests and residents nearby are looking for dinner, events, and easy walkable plans. Audience: Best fit: hotel guests, nearby residents, and visitors already walking through the area. Opportunity: Promote a concierge-style local guide or resident rate during late afternoon planning windows. Best timing: Strongest window: 3 PM to 8 PM Next move: Create Guest Guide","Create Guest Guide; Reports; Contact","","OpenStreetMap / Overpass"
"Resident","orangetheory-fitness-node-3849777728","Orangetheory Fitness","Downtown Austin","Wellness / Recreation","venue","Civic","401, West 3rd Street, Austin, TX, 78701","Nearby Downtown Option","Wellness / Recreation · Downtown Austin","Orangetheory Fitness","Wellness / Recreation listing operated by Orangetheory Fitness.","Resident perk: Nearby Downtown Option. Value: Save it or go now. Fitness and outdoor activity alignment for resident wellbeing loops Use it: Save it, get directions, or show your Downtown Perks Card if access is available.","Call / Website / Email when available; Show Card; Save to Card; Directions","","OpenStreetMap / Overpass"
"Partner","orangetheory-fitness-node-3849777728","Orangetheory Fitness","Downtown Austin","Wellness / Recreation","venue","Civic","401, West 3rd Street, Austin, TX, 78701","Create Map Plan","Wellness / Recreation · Downtown Austin","Orangetheory Fitness","Wellness / Recreation listing operated by Orangetheory Fitness.","Partner view: People nearby are deciding where to go next. Audience: Best fit: residents, guests, and visitors already close to Downtown Austin. Opportunity: Make Orangetheory Fitness easy to save, find, and act on from the map. Best timing: Strongest window: lunch, after work, and weekend planning Next move: Create Map Plan","Create Map Plan; Reports; Contact","","OpenStreetMap / Overpass"
"Resident","p6-rooftop-bar-node-13289348601","P6 – Rooftop Bar","Downtown Austin","Restaurant / Food","venue","Dining","111, East Cesar Chavez, Austin, TX, 78701","Rooftop Mediterranean restaurant inside the Line hotel overlooking Lady Bird Lake","Restaurant / Food · Downtown Austin","P6 – Rooftop Bar","Restaurant / Food listing in Downtown Austin.","Resident perk: Rooftop Mediterranean restaurant inside the Line hotel overlooking Lady Bird Lake. Value: Rooftop Mediterranean restaurant inside the Line hotel overlooking Lady Bird Lake. Resident dining offers, specials, and repeat-visit campaigns Use it: Save it, get directions, or ask about resident access when available.","Call / Website / Email when available; Show Card; Save to Card; Directions","","OpenStreetMap / Overpass"
"Partner","p6-rooftop-bar-node-13289348601","P6 – Rooftop Bar","Downtown Austin","Restaurant / Food","venue","Dining","111, East Cesar Chavez, Austin, TX, 78701","Create Guest Guide","Restaurant / Food · Downtown Austin","P6 – Rooftop Bar","Restaurant / Food listing in Downtown Austin.","Partner view: Guests and residents nearby are looking for dinner, events, and easy walkable plans. Audience: Best fit: hotel guests, nearby residents, and visitors already walking through the area. Opportunity: Promote a concierge-style local guide or resident rate during late afternoon planning windows. Best timing: Strongest window: 3 PM to 8 PM Next move: Create Guest Guide","Create Guest Guide; Reports; Contact","","OpenStreetMap / Overpass"
"Resident","parker-jazz-club-node-5921568654","Parker Jazz Club","Downtown Austin","Bar / Nightlife","venue","Nightlife","117, West 4th Street, Austin, TX, 78701","Night Out Nearby","Bar / Nightlife · Downtown Austin","Parker Jazz Club","Bar / Nightlife listing in Downtown Austin.","Resident perk: Night Out Nearby. Value: Resident card access. Resident happy-hour perks, nightlife activations, and event check-ins Use it: Show your Downtown Perks Card when a resident offer is active.","Call / Website / Email when available; Show Card; Save to Card; Directions","","OpenStreetMap / Overpass"
"Partner","parker-jazz-club-node-5921568654","Parker Jazz Club","Downtown Austin","Bar / Nightlife","venue","Nightlife","117, West 4th Street, Austin, TX, 78701","Promote Event","Bar / Nightlife · Downtown Austin","Parker Jazz Club","Bar / Nightlife listing in Downtown Austin.","Partner view: Residents are looking for nearby things to do without switching apps. Audience: Best fit: residents, guests, and groups already near the venue. Opportunity: Make the RSVP and directions path immediate from the map. Best timing: Strongest window: day-of and two hours before start Next move: Promote Event","Promote Event; Reports; Contact","","OpenStreetMap / Overpass"
"Resident","p-ch-way-328631276","Péché","Downtown Austin","Restaurant / Food","venue","Dining","208, West 4th Street, Austin, TX, 78701","Dining Perk","Restaurant / Food · Downtown Austin","Péché","Restaurant / Food with cuisine focus: french.","Resident perk: Dining Perk. Value: Resident card access. Resident dining offers, specials, and repeat-visit campaigns Use it: Show your Downtown Perks Card when a resident offer is active.","Call / Website / Email when available; Show Card; Save to Card; Directions","","OpenStreetMap / Overpass"
"Partner","p-ch-way-328631276","Péché","Downtown Austin","Restaurant / Food","venue","Dining","208, West 4th Street, Austin, TX, 78701","Create Map Plan","Restaurant / Food · Downtown Austin","Péché","Restaurant / Food with cuisine focus: french.","Partner view: People nearby are deciding where to go next. Audience: Best fit: residents, guests, and visitors already close to Downtown Austin. Opportunity: Make Péché easy to save, find, and act on from the map. Best timing: Strongest window: lunch, after work, and weekend planning Next move: Create Map Plan","Create Map Plan; Reports; Contact","","OpenStreetMap / Overpass"
"Resident","perfect-strangers-node-12516662246","Perfect Strangers","Downtown Austin","Restaurant / Food","venue","Dining","400, Lavaca Street, Austin, TX, 78701","Dining Perk","Restaurant / Food · Downtown Austin","Perfect Strangers","Restaurant / Food with cuisine focus: breakfast;brunch.","Resident perk: Dining Perk. Value: Resident card access. Resident dining offers, specials, and repeat-visit campaigns Use it: Show your Downtown Perks Card when a resident offer is active.","Call / Website / Email when available; Show Card; Save to Card; Directions","","OpenStreetMap / Overpass"
"Partner","perfect-strangers-node-12516662246","Perfect Strangers","Downtown Austin","Restaurant / Food","venue","Dining","400, Lavaca Street, Austin, TX, 78701","Create Map Plan","Restaurant / Food · Downtown Austin","Perfect Strangers","Restaurant / Food with cuisine focus: breakfast;brunch.","Partner view: People nearby are deciding where to go next. Audience: Best fit: residents, guests, and visitors already close to Downtown Austin. Opportunity: Make Perfect Strangers easy to save, find, and act on from the map. Best timing: Strongest window: lunch, after work, and weekend planning Next move: Create Map Plan","Create Map Plan; Reports; Contact","","OpenStreetMap / Overpass"
"Resident","pleblab-node-11867134623","PlebLab","Downtown Austin","Other Relevant Listing","venue","Civic","800, Brazos St Suite 260, Austin, TX, 78701","PlebLab's mission is to foster an inclusive community of developers, hackers, creatives, and enthusiasts of open-source software/hardware. Creating a space where individuals can collaborate, elevate their skills, and transform seemingly impossible ideas i","Other Relevant Listing · Downtown Austin","PlebLab","Other Relevant Listing listing in Downtown Austin.","Resident perk: PlebLab's mission is to foster an inclusive community of developers, hackers, creatives, and enthusiasts of open-source software/hardware. Creating a space where individuals can collaborate, elevate their skills, and transform seemingly impossible ideas i. Value: PlebLab's mission is to foster an inclusive community of developers, hackers, creatives, and enthusiasts of open-source software/hardware. Creating a space where individuals can collaborate, elevate their skills, and transform seemingly impossible ideas i. Potential Downtown Perks partner listing based on location relevance Use it: Save it, get directions, or show your Downtown Perks Card if access is available.","Call / Website / Email when available; Show Card; Save to Card; Directions","","OpenStreetMap / Overpass"
"Partner","pleblab-node-11867134623","PlebLab","Downtown Austin","Other Relevant Listing","venue","Civic","800, Brazos St Suite 260, Austin, TX, 78701","Create Map Plan","Other Relevant Listing · Downtown Austin","PlebLab","Other Relevant Listing listing in Downtown Austin.","Partner view: People nearby are deciding where to go next. Audience: Best fit: residents, guests, and visitors already close to Downtown Austin. Opportunity: Make PlebLab easy to save, find, and act on from the map. Best timing: Strongest window: lunch, after work, and weekend planning Next move: Create Map Plan","Create Map Plan; Reports; Contact","","OpenStreetMap / Overpass"
"Resident","polvo-s-node-4027267068","Polvo's","Downtown Austin","Restaurant / Food","venue","Dining","360, Nueces Street, Austin, TX, 78701","Dining Perk","Restaurant / Food · Downtown Austin","Polvo's","Restaurant / Food listing in Downtown Austin.","Resident perk: Dining Perk. Value: Resident card access. Resident dining offers, specials, and repeat-visit campaigns Use it: Show your Downtown Perks Card when a resident offer is active.","Call / Website / Email when available; Show Card; Save to Card; Directions","","OpenStreetMap / Overpass"
"Partner","polvo-s-node-4027267068","Polvo's","Downtown Austin","Restaurant / Food","venue","Dining","360, Nueces Street, Austin, TX, 78701","Create Map Plan","Restaurant / Food · Downtown Austin","Polvo's","Restaurant / Food listing in Downtown Austin.","Partner view: People nearby are deciding where to go next. Audience: Best fit: residents, guests, and visitors already close to Downtown Austin. Opportunity: Make Polvo's easy to save, find, and act on from the map. Best timing: Strongest window: lunch, after work, and weekend planning Next move: Create Map Plan","Create Map Plan; Reports; Contact","","OpenStreetMap / Overpass"
"Resident","powder-room-node-11679087443","Powder Room","Downtown Austin","Bar / Nightlife","venue","Nightlife","303, West 5th Street, Austin, TX, 78701","Night Out Nearby","Bar / Nightlife · Downtown Austin","Powder Room","Bar / Nightlife listing in Downtown Austin.","Resident perk: Night Out Nearby. Value: Resident card access. Resident happy-hour perks, nightlife activations, and event check-ins Use it: Show your Downtown Perks Card when a resident offer is active.","Call / Website / Email when available; Show Card; Save to Card; Directions","","OpenStreetMap / Overpass"
"Partner","powder-room-node-11679087443","Powder Room","Downtown Austin","Bar / Nightlife","venue","Nightlife","303, West 5th Street, Austin, TX, 78701","Promote Event","Bar / Nightlife · Downtown Austin","Powder Room","Bar / Nightlife listing in Downtown Austin.","Partner view: Residents are looking for nearby things to do without switching apps. Audience: Best fit: residents, guests, and groups already near the venue. Opportunity: Make the RSVP and directions path immediate from the map. Best timing: Strongest window: day-of and two hours before start Next move: Promote Event","Promote Event; Reports; Contact","","OpenStreetMap / Overpass"
"Resident","press-cleaners-node-7211858916","Press Cleaners","Downtown Austin","Retail / Business","venue","Civic","701, Brazos Street, Austin, TX, 78701","Nearby Downtown Option","Retail / Business · Downtown Austin","Press Cleaners","Retail / Business listing operated by Ryan Harmon.","Resident perk: Nearby Downtown Option. Value: Save it or go now. Resident discount programs and neighborhood shopping incentives Use it: Save it, get directions, or show your Downtown Perks Card if access is available.","Call / Website / Email when available; Show Card; Save to Card; Directions","","OpenStreetMap / Overpass"
"Partner","press-cleaners-node-7211858916","Press Cleaners","Downtown Austin","Retail / Business","venue","Civic","701, Brazos Street, Austin, TX, 78701","Create Map Plan","Retail / Business · Downtown Austin","Press Cleaners","Retail / Business listing operated by Ryan Harmon.","Partner view: People nearby are deciding where to go next. Audience: Best fit: residents, guests, and visitors already close to Downtown Austin. Opportunity: Make Press Cleaners easy to save, find, and act on from the map. Best timing: Strongest window: lunch, after work, and weekend planning Next move: Create Map Plan","Create Map Plan; Reports; Contact","","OpenStreetMap / Overpass"
"Resident","proper-sandos-node-3849776342","Proper Sandos","Downtown Austin","Restaurant / Food","venue","Dining","202 ½, Nueces Street, Austin, TX, 78701","Dining Perk","Restaurant / Food · Downtown Austin","Proper Sandos","Restaurant / Food with cuisine focus: sandwich;japanese.","Resident perk: Dining Perk. Value: Resident card access. Resident dining offers, specials, and repeat-visit campaigns Use it: Show your Downtown Perks Card when a resident offer is active.","Call / Website / Email when available; Show Card; Save to Card; Directions","","OpenStreetMap / Overpass"
"Partner","proper-sandos-node-3849776342","Proper Sandos","Downtown Austin","Restaurant / Food","venue","Dining","202 ½, Nueces Street, Austin, TX, 78701","Create Map Plan","Restaurant / Food · Downtown Austin","Proper Sandos","Restaurant / Food with cuisine focus: sandwich;japanese.","Partner view: People nearby are deciding where to go next. Audience: Best fit: residents, guests, and visitors already close to Downtown Austin. Opportunity: Make Proper Sandos easy to save, find, and act on from the map. Best timing: Strongest window: lunch, after work, and weekend planning Next move: Create Map Plan","Create Map Plan; Reports; Contact","","OpenStreetMap / Overpass"
"Resident","rain-on-4th-way-231123155","Rain on 4th","Downtown Austin","Bar / Nightlife","venue","Nightlife","217, West 4th Street, Austin, TX, 78701","Night Out Nearby","Bar / Nightlife · Downtown Austin","Rain on 4th","Bar / Nightlife listing in Downtown Austin.","Resident perk: Night Out Nearby. Value: Resident card access. Resident happy-hour perks, nightlife activations, and event check-ins Use it: Show your Downtown Perks Card when a resident offer is active.","Call / Website / Email when available; Show Card; Save to Card; Directions","","OpenStreetMap / Overpass"
"Partner","rain-on-4th-way-231123155","Rain on 4th","Downtown Austin","Bar / Nightlife","venue","Nightlife","217, West 4th Street, Austin, TX, 78701","Promote Event","Bar / Nightlife · Downtown Austin","Rain on 4th","Bar / Nightlife listing in Downtown Austin.","Partner view: Residents are looking for nearby things to do without switching apps. Audience: Best fit: residents, guests, and groups already near the venue. Opportunity: Make the RSVP and directions path immediate from the map. Best timing: Strongest window: day-of and two hours before start Next move: Promote Event","Promote Event; Reports; Contact","","OpenStreetMap / Overpass"
"Resident","ranch-616-way-99868611","Ranch 616","Downtown Austin","Restaurant / Food","venue","Dining","610, Nueces Street, 78701","Dining Perk","Restaurant / Food · Downtown Austin","Ranch 616","Restaurant / Food listing in Downtown Austin.","Resident perk: Dining Perk. Value: Resident card access. Resident dining offers, specials, and repeat-visit campaigns Use it: Show your Downtown Perks Card when a resident offer is active.","Call / Website / Email when available; Show Card; Save to Card; Directions","","OpenStreetMap / Overpass"
"Partner","ranch-616-way-99868611","Ranch 616","Downtown Austin","Restaurant / Food","venue","Dining","610, Nueces Street, 78701","Create Map Plan","Restaurant / Food · Downtown Austin","Ranch 616","Restaurant / Food listing in Downtown Austin.","Partner view: People nearby are deciding where to go next. Audience: Best fit: residents, guests, and visitors already close to Downtown Austin. Opportunity: Make Ranch 616 easy to save, find, and act on from the map. Best timing: Strongest window: lunch, after work, and weekend planning Next move: Create Map Plan","Create Map Plan; Reports; Contact","","OpenStreetMap / Overpass"
"Resident","red-ash-way-1020753278","Red Ash","Downtown Austin","Restaurant / Food","venue","Dining","303, Colorado Street, Austin, TX, 78701","Dining Perk","Restaurant / Food · Downtown Austin","Red Ash","Restaurant / Food with cuisine focus: italian.","Resident perk: Dining Perk. Value: Resident card access. Resident dining offers, specials, and repeat-visit campaigns Use it: Show your Downtown Perks Card when a resident offer is active.","Call / Website / Email when available; Show Card; Save to Card; Directions","","OpenStreetMap / Overpass"
"Partner","red-ash-way-1020753278","Red Ash","Downtown Austin","Restaurant / Food","venue","Dining","303, Colorado Street, Austin, TX, 78701","Create Map Plan","Restaurant / Food · Downtown Austin","Red Ash","Restaurant / Food with cuisine focus: italian.","Partner view: People nearby are deciding where to go next. Audience: Best fit: residents, guests, and visitors already close to Downtown Austin. Opportunity: Make Red Ash easy to save, find, and act on from the map. Best timing: Strongest window: lunch, after work, and weekend planning Next move: Create Map Plan","Create Map Plan; Reports; Contact","","OpenStreetMap / Overpass"
"Resident","red-farm-node-3849776337","Red Farm","Downtown Austin","Restaurant / Food","venue","Dining","201, West 3rd Street, Austin, TX, 78701","Dining Perk","Restaurant / Food · Downtown Austin","Red Farm","Restaurant / Food with cuisine focus: chinese.","Resident perk: Dining Perk. Value: Resident card access. Resident dining offers, specials, and repeat-visit campaigns Use it: Show your Downtown Perks Card when a resident offer is active.","Call / Website / Email when available; Show Card; Save to Card; Directions","","OpenStreetMap / Overpass"
"Partner","red-farm-node-3849776337","Red Farm","Downtown Austin","Restaurant / Food","venue","Dining","201, West 3rd Street, Austin, TX, 78701","Create Map Plan","Restaurant / Food · Downtown Austin","Red Farm","Restaurant / Food with cuisine focus: chinese.","Partner view: People nearby are deciding where to go next. Audience: Best fit: residents, guests, and visitors already close to Downtown Austin. Opportunity: Make Red Farm easy to save, find, and act on from the map. Best timing: Strongest window: lunch, after work, and weekend planning Next move: Create Map Plan","Create Map Plan; Reports; Contact","","OpenStreetMap / Overpass"
"Resident","reina-rooftop-node-12202766906","Reina Rooftop","Downtown Austin","Bar / Nightlife","venue","Nightlife","206, Trinity Street, Austin, TX, 78701","Night Out Nearby","Bar / Nightlife · Downtown Austin","Reina Rooftop","Bar / Nightlife listing in Downtown Austin.","Resident perk: Night Out Nearby. Value: Resident card access. Resident happy-hour perks, nightlife activations, and event check-ins Use it: Show your Downtown Perks Card when a resident offer is active.","Call / Website / Email when available; Show Card; Save to Card; Directions","","OpenStreetMap / Overpass"
"Partner","reina-rooftop-node-12202766906","Reina Rooftop","Downtown Austin","Bar / Nightlife","venue","Nightlife","206, Trinity Street, Austin, TX, 78701","Promote Event","Bar / Nightlife · Downtown Austin","Reina Rooftop","Bar / Nightlife listing in Downtown Austin.","Partner view: Residents are looking for nearby things to do without switching apps. Audience: Best fit: residents, guests, and groups already near the venue. Opportunity: Make the RSVP and directions path immediate from the map. Best timing: Strongest window: day-of and two hours before start Next move: Promote Event","Promote Event; Reports; Contact","","OpenStreetMap / Overpass"
"Resident","remedy-node-3248363276","Remedy","Downtown Austin","Bar / Nightlife","venue","Nightlife","360, Nueces Street, Austin, TX, 78701","Night Out Nearby","Bar / Nightlife · Downtown Austin","Remedy","Bar / Nightlife listing in Downtown Austin.","Resident perk: Night Out Nearby. Value: Resident card access. Resident happy-hour perks, nightlife activations, and event check-ins Use it: Show your Downtown Perks Card when a resident offer is active.","Call / Website / Email when available; Show Card; Save to Card; Directions","","OpenStreetMap / Overpass"
"Partner","remedy-node-3248363276","Remedy","Downtown Austin","Bar / Nightlife","venue","Nightlife","360, Nueces Street, Austin, TX, 78701","Promote Event","Bar / Nightlife · Downtown Austin","Remedy","Bar / Nightlife listing in Downtown Austin.","Partner view: Residents are looking for nearby things to do without switching apps. Audience: Best fit: residents, guests, and groups already near the venue. Opportunity: Make the RSVP and directions path immediate from the map. Best timing: Strongest window: day-of and two hours before start Next move: Promote Event","Promote Event; Reports; Contact","","OpenStreetMap / Overpass"
"Resident","republic-square-way-903143008","Republic Square","Downtown Austin","Wellness / Recreation","civic","Civic","422, Guadalupe Street, Austin, TX, 78701","Nearby Downtown Option","Wellness / Recreation · Downtown Austin","Republic Square","Wellness / Recreation listing in Downtown Austin.","Resident perk: Nearby Downtown Option. Value: Save it or go now. Fitness and outdoor activity alignment for resident wellbeing loops Use it: Save it, get directions, or show your Downtown Perks Card if access is available.","Call / Website / Email when available; Show Card; Save to Card; Directions","","OpenStreetMap / Overpass"
"Partner","republic-square-way-903143008","Republic Square","Downtown Austin","Wellness / Recreation","civic","Civic","422, Guadalupe Street, Austin, TX, 78701","Create Map Plan","Wellness / Recreation · Downtown Austin","Republic Square","Wellness / Recreation listing in Downtown Austin.","Partner view: People nearby are deciding where to go next. Audience: Best fit: residents, guests, and visitors already close to Downtown Austin. Opportunity: Make Republic Square easy to save, find, and act on from the map. Best timing: Strongest window: lunch, after work, and weekend planning Next move: Create Map Plan","Create Map Plan; Reports; Contact","","OpenStreetMap / Overpass"
"Resident","residence-inn-austin-downtown-convention-center-way-923358549","Residence Inn Austin Downtown/Convention Center","Downtown Austin","Hotel / Hospitality","hotel","Hotel","300, East 4th Street, Austin, TX, 78701","Local Guest Guide","Hotel / Hospitality · Downtown Austin","Residence Inn Austin Downtown/Convention Center","Hotel / Hospitality listing operated by Residence Inn.","Resident perk: Local Guest Guide. Value: Neighborhood access. Staycation perks, partner-hosted events, and sponsor activations Use it: Save it, get directions, or ask about resident access when available.","Call / Website / Email when available; Show Card; Save to Card; Directions","","OpenStreetMap / Overpass"
"Partner","residence-inn-austin-downtown-convention-center-way-923358549","Residence Inn Austin Downtown/Convention Center","Downtown Austin","Hotel / Hospitality","hotel","Hotel","300, East 4th Street, Austin, TX, 78701","Create Guest Guide","Hotel / Hospitality · Downtown Austin","Residence Inn Austin Downtown/Convention Center","Hotel / Hospitality listing operated by Residence Inn.","Partner view: Guests and residents nearby are looking for dinner, events, and easy walkable plans. Audience: Best fit: hotel guests, nearby residents, and visitors already walking through the area. Opportunity: Promote a concierge-style local guide or resident rate during late afternoon planning windows. Best timing: Strongest window: 3 PM to 8 PM Next move: Create Guest Guide","Create Guest Guide; Reports; Contact","","OpenStreetMap / Overpass"
"Resident","residential-property-west-3rd-street-800-way-1207924934","Residential Property West 3rd Street 800","Downtown Austin","Residential Property","property","Residential","800, West 3rd Street, Austin, TX, 78701","Property Discovery","Residential Property · Downtown Austin","Residential Property West 3rd Street 800","Residential Property listing in Downtown Austin.","Resident perk: Property Discovery. Value: Ask about availability. Resident onboarding, building-level perks, and local engagement Use it: Use the contact option to ask about availability, showings, or similar downtown homes.","Call / Website / Email when available; Show Card; Save to Card; Directions","","OpenStreetMap / Overpass"
"Partner","residential-property-west-3rd-street-800-way-1207924934","Residential Property West 3rd Street 800","Downtown Austin","Residential Property","property","Residential","800, West 3rd Street, Austin, TX, 78701","Create Property Plan","Residential Property · Downtown Austin","Residential Property West 3rd Street 800","Residential Property listing in Downtown Austin.","Partner view: Residents and prospects use this area to understand what daily life feels like around the building. Audience: Best fit: current residents, people looking at the building, brokers, and nearby businesses. Opportunity: Attach nearby perks, events, and walkable recommendations to the property story. Best timing: Strongest window: weekday lunch and after-work planning Next move: Create Property Plan","Create Property Plan; Reports; Contact","","OpenStreetMap / Overpass"
"Resident","residential-property-west-3rd-street-820-way-1207924932","Residential Property West 3rd Street 820","Downtown Austin","Residential Property","property","Residential","820, West 3rd Street, Austin, TX, 78701","Property Discovery","Residential Property · Downtown Austin","Residential Property West 3rd Street 820","Residential Property listing in Downtown Austin.","Resident perk: Property Discovery. Value: Ask about availability. Resident onboarding, building-level perks, and local engagement Use it: Use the contact option to ask about availability, showings, or similar downtown homes.","Call / Website / Email when available; Show Card; Save to Card; Directions","","OpenStreetMap / Overpass"
"Partner","residential-property-west-3rd-street-820-way-1207924932","Residential Property West 3rd Street 820","Downtown Austin","Residential Property","property","Residential","820, West 3rd Street, Austin, TX, 78701","Create Property Plan","Residential Property · Downtown Austin","Residential Property West 3rd Street 820","Residential Property listing in Downtown Austin.","Partner view: Residents and prospects use this area to understand what daily life feels like around the building. Audience: Best fit: current residents, people looking at the building, brokers, and nearby businesses. Opportunity: Attach nearby perks, events, and walkable recommendations to the property story. Best timing: Strongest window: weekday lunch and after-work planning Next move: Create Property Plan","Create Property Plan; Reports; Contact","","OpenStreetMap / Overpass"
"Resident","residential-property-west-3rd-street-830-relation-7480397","Residential Property West 3rd Street 830","Downtown Austin","Residential Property","property","Residential","830, West 3rd Street, Austin, TX, 78701","Property Discovery","Residential Property · Downtown Austin","Residential Property West 3rd Street 830","Residential Property listing in Downtown Austin.","Resident perk: Property Discovery. Value: Ask about availability. Resident onboarding, building-level perks, and local engagement Use it: Use the contact option to ask about availability, showings, or similar downtown homes.","Call / Website / Email when available; Show Card; Save to Card; Directions","","OpenStreetMap / Overpass"
"Partner","residential-property-west-3rd-street-830-relation-7480397","Residential Property West 3rd Street 830","Downtown Austin","Residential Property","property","Residential","830, West 3rd Street, Austin, TX, 78701","Create Property Plan","Residential Property · Downtown Austin","Residential Property West 3rd Street 830","Residential Property listing in Downtown Austin.","Partner view: Residents and prospects use this area to understand what daily life feels like around the building. Audience: Best fit: current residents, people looking at the building, brokers, and nearby businesses. Opportunity: Attach nearby perks, events, and walkable recommendations to the property story. Best timing: Strongest window: weekday lunch and after-work planning Next move: Create Property Plan","Create Property Plan; Reports; Contact","","OpenStreetMap / Overpass"
"Resident","residential-property-west-avenue-300-way-99868617","Residential Property West Avenue 300","Downtown Austin","Residential Property","property","Residential","300, West Avenue, Austin, TX, 78701","Property Discovery","Residential Property · Downtown Austin","Residential Property West Avenue 300","Residential Property listing in Downtown Austin.","Resident perk: Property Discovery. Value: Ask about availability. Resident onboarding, building-level perks, and local engagement Use it: Use the contact option to ask about availability, showings, or similar downtown homes.","Call / Website / Email when available; Show Card; Save to Card; Directions","","OpenStreetMap / Overpass"
"Partner","residential-property-west-avenue-300-way-99868617","Residential Property West Avenue 300","Downtown Austin","Residential Property","property","Residential","300, West Avenue, Austin, TX, 78701","Create Property Plan","Residential Property · Downtown Austin","Residential Property West Avenue 300","Residential Property listing in Downtown Austin.","Partner view: Residents and prospects use this area to understand what daily life feels like around the building. Audience: Best fit: current residents, people looking at the building, brokers, and nearby businesses. Opportunity: Attach nearby perks, events, and walkable recommendations to the property story. Best timing: Strongest window: weekday lunch and after-work planning Next move: Create Property Plan","Create Property Plan; Reports; Contact","","OpenStreetMap / Overpass"
"Resident","restaurant-fran-ois-node-3248363281","Restaurant François","Downtown Austin","Restaurant / Food","venue","Dining","401, West 3rd Street, Austin, TX, 78701","Dining Perk","Restaurant / Food · Downtown Austin","Restaurant François","Restaurant / Food with cuisine focus: french.","Resident perk: Dining Perk. Value: Resident card access. Resident dining offers, specials, and repeat-visit campaigns Use it: Show your Downtown Perks Card when a resident offer is active.","Call / Website / Email when available; Show Card; Save to Card; Directions","","OpenStreetMap / Overpass"
"Partner","restaurant-fran-ois-node-3248363281","Restaurant François","Downtown Austin","Restaurant / Food","venue","Dining","401, West 3rd Street, Austin, TX, 78701","Create Map Plan","Restaurant / Food · Downtown Austin","Restaurant François","Restaurant / Food with cuisine focus: french.","Partner view: People nearby are deciding where to go next. Audience: Best fit: residents, guests, and visitors already close to Downtown Austin. Opportunity: Make Restaurant François easy to save, find, and act on from the map. Best timing: Strongest window: lunch, after work, and weekend planning Next move: Create Map Plan","Create Map Plan; Reports; Contact","","OpenStreetMap / Overpass"
"Resident","revoluci-n-coffee-juice-node-1483653748","Revolución Coffee + Juice","Downtown Austin","Coffee / Cafe","venue","Coffee","207, San Jacinto Boulevard, Austin, TX, 78701","Coffee Stop","Coffee / Cafe · Downtown Austin","Revolución Coffee + Juice","Coffee / Cafe with cuisine focus: coffee_shop.","Resident perk: Coffee Stop. Value: Resident card access. Morning perk loops, loyalty rewards, and community meetup anchors Use it: Show your Downtown Perks Card when a resident offer is active.","Call / Website / Email when available; Show Card; Save to Card; Directions","","OpenStreetMap / Overpass"
"Partner","revoluci-n-coffee-juice-node-1483653748","Revolución Coffee + Juice","Downtown Austin","Coffee / Cafe","venue","Coffee","207, San Jacinto Boulevard, Austin, TX, 78701","Create Map Plan","Coffee / Cafe · Downtown Austin","Revolución Coffee + Juice","Coffee / Cafe with cuisine focus: coffee_shop.","Partner view: People nearby are deciding where to go next. Audience: Best fit: residents, guests, and visitors already close to Downtown Austin. Opportunity: Make Revolución Coffee + Juice easy to save, find, and act on from the map. Best timing: Strongest window: lunch, after work, and weekend planning Next move: Create Map Plan","Create Map Plan; Reports; Contact","","OpenStreetMap / Overpass"
"Resident","reyrey-taqueria-10de10-node-12202766908","ReyRey + Taqueria 10de10","Downtown Austin","Bar / Nightlife","venue","Nightlife","206, Trinity Street, Austin, TX, 78701","Night Out Nearby","Bar / Nightlife · Downtown Austin","ReyRey + Taqueria 10de10","Bar / Nightlife listing in Downtown Austin.","Resident perk: Night Out Nearby. Value: Resident card access. Resident happy-hour perks, nightlife activations, and event check-ins Use it: Show your Downtown Perks Card when a resident offer is active.","Call / Website / Email when available; Show Card; Save to Card; Directions","","OpenStreetMap / Overpass"
"Partner","reyrey-taqueria-10de10-node-12202766908","ReyRey + Taqueria 10de10","Downtown Austin","Bar / Nightlife","venue","Nightlife","206, Trinity Street, Austin, TX, 78701","Promote Event","Bar / Nightlife · Downtown Austin","ReyRey + Taqueria 10de10","Bar / Nightlife listing in Downtown Austin.","Partner view: Residents are looking for nearby things to do without switching apps. Audience: Best fit: residents, guests, and groups already near the venue. Opportunity: Make the RSVP and directions path immediate from the map. Best timing: Strongest window: day-of and two hours before start Next move: Promote Event","Promote Event; Reports; Contact","","OpenStreetMap / Overpass"
"Resident","rio-way-99868601","Rio","Downtown Austin","Bar / Nightlife","venue","Nightlife","620, Rio Grande Street, Austin, TX, 78701","Night Out Nearby","Bar / Nightlife · Downtown Austin","Rio","Bar / Nightlife listing in Downtown Austin.","Resident perk: Night Out Nearby. Value: Resident card access. Resident happy-hour perks, nightlife activations, and event check-ins Use it: Show your Downtown Perks Card when a resident offer is active.","Call / Website / Email when available; Show Card; Save to Card; Directions","","OpenStreetMap / Overpass"
"Partner","rio-way-99868601","Rio","Downtown Austin","Bar / Nightlife","venue","Nightlife","620, Rio Grande Street, Austin, TX, 78701","Promote Event","Bar / Nightlife · Downtown Austin","Rio","Bar / Nightlife listing in Downtown Austin.","Partner view: Residents are looking for nearby things to do without switching apps. Audience: Best fit: residents, guests, and groups already near the venue. Opportunity: Make the RSVP and directions path immediate from the map. Best timing: Strongest window: day-of and two hours before start Next move: Promote Event","Promote Event; Reports; Contact","","OpenStreetMap / Overpass"
"Resident","rio-house-apartments-way-381834319","Rio House Apartments","Downtown Austin","Residential Property","property","Residential","606, West 17th Street, Austin, TX, 78701","Property Discovery","Residential Property · Downtown Austin","Rio House Apartments","Residential Property listing in Downtown Austin.","Resident perk: Property Discovery. Value: Ask about availability. Resident onboarding, building-level perks, and local engagement Use it: Use the contact option to ask about availability, showings, or similar downtown homes.","Call / Website / Email when available; Show Card; Save to Card; Directions","","OpenStreetMap / Overpass"
"Partner","rio-house-apartments-way-381834319","Rio House Apartments","Downtown Austin","Residential Property","property","Residential","606, West 17th Street, Austin, TX, 78701","Create Property Plan","Residential Property · Downtown Austin","Rio House Apartments","Residential Property listing in Downtown Austin.","Partner view: Residents and prospects use this area to understand what daily life feels like around the building. Audience: Best fit: current residents, people looking at the building, brokers, and nearby businesses. Opportunity: Attach nearby perks, events, and walkable recommendations to the property story. Best timing: Strongest window: weekday lunch and after-work planning Next move: Create Property Plan","Create Property Plan; Reports; Contact","","OpenStreetMap / Overpass"
"Resident","roaring-fork-node-1483931115","Roaring Fork","Downtown Austin","Restaurant / Food","venue","Dining","701, Crongress Avenue, 78701","Dining Perk","Restaurant / Food · Downtown Austin","Roaring Fork","Restaurant / Food with cuisine focus: steak_house.","Resident perk: Dining Perk. Value: Resident card access. Resident dining offers, specials, and repeat-visit campaigns Use it: Show your Downtown Perks Card when a resident offer is active.","Call / Website / Email when available; Show Card; Save to Card; Directions","","OpenStreetMap / Overpass"
"Partner","roaring-fork-node-1483931115","Roaring Fork","Downtown Austin","Restaurant / Food","venue","Dining","701, Crongress Avenue, 78701","Create Map Plan","Restaurant / Food · Downtown Austin","Roaring Fork","Restaurant / Food with cuisine focus: steak_house.","Partner view: People nearby are deciding where to go next. Audience: Best fit: residents, guests, and visitors already close to Downtown Austin. Opportunity: Make Roaring Fork easy to save, find, and act on from the map. Best timing: Strongest window: lunch, after work, and weekend planning Next move: Create Map Plan","Create Map Plan; Reports; Contact","","OpenStreetMap / Overpass"
"Resident","roma-node-12202766907","Roma","Downtown Austin","Bar / Nightlife","venue","Nightlife","206, Trinity Street, Austin, TX, 78701","Night Out Nearby","Bar / Nightlife · Downtown Austin","Roma","Bar / Nightlife listing in Downtown Austin.","Resident perk: Night Out Nearby. Value: Resident card access. Resident happy-hour perks, nightlife activations, and event check-ins Use it: Show your Downtown Perks Card when a resident offer is active.","Call / Website / Email when available; Show Card; Save to Card; Directions","","OpenStreetMap / Overpass"
"Partner","roma-node-12202766907","Roma","Downtown Austin","Bar / Nightlife","venue","Nightlife","206, Trinity Street, Austin, TX, 78701","Promote Event","Bar / Nightlife · Downtown Austin","Roma","Bar / Nightlife listing in Downtown Austin.","Partner view: Residents are looking for nearby things to do without switching apps. Audience: Best fit: residents, guests, and groups already near the venue. Opportunity: Make the RSVP and directions path immediate from the map. Best timing: Strongest window: day-of and two hours before start Next move: Promote Event","Promote Event; Reports; Contact","","OpenStreetMap / Overpass"
"Resident","rosen-s-bagels-way-724582090","Rosen's Bagels","Downtown Austin","Coffee / Cafe","venue","Coffee","422, Guadalupe Street, Austin, TX, 78701","Coffee Stop","Coffee / Cafe · Downtown Austin","Rosen's Bagels","Coffee / Cafe with cuisine focus: american.","Resident perk: Coffee Stop. Value: Resident card access. Morning perk loops, loyalty rewards, and community meetup anchors Use it: Show your Downtown Perks Card when a resident offer is active.","Call / Website / Email when available; Show Card; Save to Card; Directions","","OpenStreetMap / Overpass"
"Partner","rosen-s-bagels-way-724582090","Rosen's Bagels","Downtown Austin","Coffee / Cafe","venue","Coffee","422, Guadalupe Street, Austin, TX, 78701","Create Map Plan","Coffee / Cafe · Downtown Austin","Rosen's Bagels","Coffee / Cafe with cuisine focus: american.","Partner view: People nearby are deciding where to go next. Audience: Best fit: residents, guests, and visitors already close to Downtown Austin. Opportunity: Make Rosen's Bagels easy to save, find, and act on from the map. Best timing: Strongest window: lunch, after work, and weekend planning Next move: Create Map Plan","Create Map Plan; Reports; Contact","","OpenStreetMap / Overpass"
"Resident","royal-blue-grocery-node-3245054362","Royal Blue Grocery","Downtown Austin","Local Grocery","venue","Coffee","241, West 3rd Street, Austin, TX, 78701","Resident grocery discount when shopping in-store","Local Grocery · Downtown Austin","Royal Blue Grocery","Local downtown grocery stop for coffee, snacks, pantry basics, wine, and quick errands.","Resident perk: Resident grocery discount when shopping in-store. Value: Resident grocery discount when shopping in-store. Resident grocery discounts and neighborhood shopping value for everyday downtown errands. Use it: Show your Downtown Perks Card at checkout when the resident offer is active.","Call / Website / Email when available; Show Card; Save to Card; Directions","","OpenStreetMap / Overpass"
"Partner","royal-blue-grocery-node-3245054362","Royal Blue Grocery","Downtown Austin","Local Grocery","venue","Coffee","241, West 3rd Street, Austin, TX, 78701","Create Map Plan","Local Grocery · Downtown Austin","Royal Blue Grocery","Local downtown grocery stop for coffee, snacks, pantry basics, wine, and quick errands.","Partner view: People nearby are deciding where to go next. Audience: Best fit: residents, guests, and visitors already close to Downtown Austin. Opportunity: Make Royal Blue Grocery easy to save, find, and act on from the map. Best timing: Strongest window: lunch, after work, and weekend planning Next move: Create Map Plan","Create Map Plan; Reports; Contact","","OpenStreetMap / Overpass"
"Resident","royal-blue-grocery-node-3248363279","Royal Blue Grocery","Downtown Austin","Local Grocery","venue","Coffee","360, Nueces Street, Austin, TX, 78701","Resident grocery discount when shopping in-store","Local Grocery · Downtown Austin","Royal Blue Grocery","Local downtown grocery stop for coffee, snacks, pantry basics, wine, and quick errands.","Resident perk: Resident grocery discount when shopping in-store. Value: Resident grocery discount when shopping in-store. Resident grocery discounts and neighborhood shopping value for everyday downtown errands. Use it: Show your Downtown Perks Card at checkout when the resident offer is active.","Call / Website / Email when available; Show Card; Save to Card; Directions","","OpenStreetMap / Overpass"
"Partner","royal-blue-grocery-node-3248363279","Royal Blue Grocery","Downtown Austin","Local Grocery","venue","Coffee","360, Nueces Street, Austin, TX, 78701","Create Map Plan","Local Grocery · Downtown Austin","Royal Blue Grocery","Local downtown grocery stop for coffee, snacks, pantry basics, wine, and quick errands.","Partner view: People nearby are deciding where to go next. Audience: Best fit: residents, guests, and visitors already close to Downtown Austin. Opportunity: Make Royal Blue Grocery easy to save, find, and act on from the map. Best timing: Strongest window: lunch, after work, and weekend planning Next move: Create Map Plan","Create Map Plan; Reports; Contact","","OpenStreetMap / Overpass"
"Resident","royal-blue-grocery-node-9494461582","Royal Blue Grocery","Downtown Austin","Local Grocery","venue","Coffee","301, Brazos Street, Austin, TX, 78701","Resident grocery discount when shopping in-store","Local Grocery · Downtown Austin","Royal Blue Grocery","Local downtown grocery stop for coffee, snacks, pantry basics, wine, and quick errands.","Resident perk: Resident grocery discount when shopping in-store. Value: Resident grocery discount when shopping in-store. Resident grocery discounts and neighborhood shopping value for everyday downtown errands. Use it: Show your Downtown Perks Card at checkout when the resident offer is active.","Call / Website / Email when available; Show Card; Save to Card; Directions","","OpenStreetMap / Overpass"
"Partner","royal-blue-grocery-node-9494461582","Royal Blue Grocery","Downtown Austin","Local Grocery","venue","Coffee","301, Brazos Street, Austin, TX, 78701","Create Map Plan","Local Grocery · Downtown Austin","Royal Blue Grocery","Local downtown grocery stop for coffee, snacks, pantry basics, wine, and quick errands.","Partner view: People nearby are deciding where to go next. Audience: Best fit: residents, guests, and visitors already close to Downtown Austin. Opportunity: Make Royal Blue Grocery easy to save, find, and act on from the map. Best timing: Strongest window: lunch, after work, and weekend planning Next move: Create Map Plan","Create Map Plan; Reports; Contact","","OpenStreetMap / Overpass"
"Resident","scholz-garten-way-93079507","Scholz Garten","Downtown Austin","Bar / Nightlife","venue","Nightlife","1607, San Jacinto Boulevard, Austin, 78701","Night Out Nearby","Bar / Nightlife · Downtown Austin","Scholz Garten","Bar / Nightlife listing in Downtown Austin.","Resident perk: Night Out Nearby. Value: Resident card access. Resident happy-hour perks, nightlife activations, and event check-ins Use it: Show your Downtown Perks Card when a resident offer is active.","Call / Website / Email when available; Show Card; Save to Card; Directions","","OpenStreetMap / Overpass"
"Partner","scholz-garten-way-93079507","Scholz Garten","Downtown Austin","Bar / Nightlife","venue","Nightlife","1607, San Jacinto Boulevard, Austin, 78701","Promote Event","Bar / Nightlife · Downtown Austin","Scholz Garten","Bar / Nightlife listing in Downtown Austin.","Partner view: Residents are looking for nearby things to do without switching apps. Audience: Best fit: residents, guests, and groups already near the venue. Opportunity: Make the RSVP and directions path immediate from the map. Best timing: Strongest window: day-of and two hours before start Next move: Promote Event","Promote Event; Reports; Contact","","OpenStreetMap / Overpass"
"Resident","seven-apartments-way-516274072","Seven Apartments","Downtown Austin","Residential Property","property","Residential","615, W 7th St, Austin, TX, 78701","Property Discovery","Residential Property · Downtown Austin","Seven Apartments","Residential Property listing operated by Greystar.","Resident perk: Property Discovery. Value: Ask about availability. Resident onboarding, building-level perks, and local engagement Use it: Use the contact option to ask about availability, showings, or similar downtown homes.","Call / Website / Email when available; Show Card; Save to Card; Directions","","OpenStreetMap / Overpass"
"Partner","seven-apartments-way-516274072","Seven Apartments","Downtown Austin","Residential Property","property","Residential","615, W 7th St, Austin, TX, 78701","Create Property Plan","Residential Property · Downtown Austin","Seven Apartments","Residential Property listing operated by Greystar.","Partner view: Residents and prospects use this area to understand what daily life feels like around the building. Audience: Best fit: current residents, people looking at the building, brokers, and nearby businesses. Opportunity: Attach nearby perks, events, and walkable recommendations to the property story. Best timing: Strongest window: weekday lunch and after-work planning Next move: Create Property Plan","Create Property Plan; Reports; Contact","","OpenStreetMap / Overpass"
"Resident","starbucks-way-381834563","Starbucks","Downtown Austin","Coffee / Cafe","venue","Coffee","501, West 15th Street, Austin, TX, 78701","Coffee Stop","Coffee / Cafe · Downtown Austin","Starbucks","Coffee / Cafe with cuisine focus: coffee_shop.","Resident perk: Coffee Stop. Value: Resident card access. Morning perk loops, loyalty rewards, and community meetup anchors Use it: Show your Downtown Perks Card when a resident offer is active.","Call / Website / Email when available; Show Card; Save to Card; Directions","","OpenStreetMap / Overpass"
"Partner","starbucks-way-381834563","Starbucks","Downtown Austin","Coffee / Cafe","venue","Coffee","501, West 15th Street, Austin, TX, 78701","Create Map Plan","Coffee / Cafe · Downtown Austin","Starbucks","Coffee / Cafe with cuisine focus: coffee_shop.","Partner view: People nearby are deciding where to go next. Audience: Best fit: residents, guests, and visitors already close to Downtown Austin. Opportunity: Make Starbucks easy to save, find, and act on from the map. Best timing: Strongest window: lunch, after work, and weekend planning Next move: Create Map Plan","Create Map Plan; Reports; Contact","","OpenStreetMap / Overpass"
"Resident","starbucks-node-2332626939","Starbucks","Downtown Austin","Coffee / Cafe","venue","Coffee","300, East 4th Street, Austin, TX, 78701","Coffee Stop","Coffee / Cafe · Downtown Austin","Starbucks","Coffee / Cafe with cuisine focus: coffee_shop.","Resident perk: Coffee Stop. Value: Resident card access. Morning perk loops, loyalty rewards, and community meetup anchors Use it: Show your Downtown Perks Card when a resident offer is active.","Call / Website / Email when available; Show Card; Save to Card; Directions","","OpenStreetMap / Overpass"
"Partner","starbucks-node-2332626939","Starbucks","Downtown Austin","Coffee / Cafe","venue","Coffee","300, East 4th Street, Austin, TX, 78701","Create Map Plan","Coffee / Cafe · Downtown Austin","Starbucks","Coffee / Cafe with cuisine focus: coffee_shop.","Partner view: People nearby are deciding where to go next. Audience: Best fit: residents, guests, and visitors already close to Downtown Austin. Opportunity: Make Starbucks easy to save, find, and act on from the map. Best timing: Strongest window: lunch, after work, and weekend planning Next move: Create Map Plan","Create Map Plan; Reports; Contact","","OpenStreetMap / Overpass"
"Resident","starbucks-node-3245051655","Starbucks","Downtown Austin","Coffee / Cafe","venue","Coffee","301, West 3rd Street, Austin, TX, 78701","Coffee Stop","Coffee / Cafe · Downtown Austin","Starbucks","Coffee / Cafe with cuisine focus: coffee_shop.","Resident perk: Coffee Stop. Value: Resident card access. Morning perk loops, loyalty rewards, and community meetup anchors Use it: Show your Downtown Perks Card when a resident offer is active.","Call / Website / Email when available; Show Card; Save to Card; Directions","","OpenStreetMap / Overpass"
"Partner","starbucks-node-3245051655","Starbucks","Downtown Austin","Coffee / Cafe","venue","Coffee","301, West 3rd Street, Austin, TX, 78701","Create Map Plan","Coffee / Cafe · Downtown Austin","Starbucks","Coffee / Cafe with cuisine focus: coffee_shop.","Partner view: People nearby are deciding where to go next. Audience: Best fit: residents, guests, and visitors already close to Downtown Austin. Opportunity: Make Starbucks easy to save, find, and act on from the map. Best timing: Strongest window: lunch, after work, and weekend planning Next move: Create Map Plan","Create Map Plan; Reports; Contact","","OpenStreetMap / Overpass"
"Resident","subterra-agave-bar-node-11229118181","Subterra Agave Bar","Downtown Austin","Bar / Nightlife","venue","Nightlife","800, West Cesar Chavez Street, Austin, TX, 78701","Night Out Nearby","Bar / Nightlife · Downtown Austin","Subterra Agave Bar","Bar / Nightlife listing in Downtown Austin.","Resident perk: Night Out Nearby. Value: Resident card access. Resident happy-hour perks, nightlife activations, and event check-ins Use it: Show your Downtown Perks Card when a resident offer is active.","Call / Website / Email when available; Show Card; Save to Card; Directions","","OpenStreetMap / Overpass"
"Partner","subterra-agave-bar-node-11229118181","Subterra Agave Bar","Downtown Austin","Bar / Nightlife","venue","Nightlife","800, West Cesar Chavez Street, Austin, TX, 78701","Promote Event","Bar / Nightlife · Downtown Austin","Subterra Agave Bar","Bar / Nightlife listing in Downtown Austin.","Partner view: Residents are looking for nearby things to do without switching apps. Audience: Best fit: residents, guests, and groups already near the venue. Opportunity: Make the RSVP and directions path immediate from the map. Best timing: Strongest window: day-of and two hours before start Next move: Promote Event","Promote Event; Reports; Contact","","OpenStreetMap / Overpass"
"Resident","sustainable-food-center-farmers-market-node-9571217690","Sustainable Food Center Farmers' Market","Downtown Austin","Other Relevant Listing","venue","Civic","422, Guadalupe Street, Austin, TX, 78701","Nearby Downtown Option","Other Relevant Listing · Downtown Austin","Sustainable Food Center Farmers' Market","Other Relevant Listing listing operated by Sustainable Food Center.","Resident perk: Nearby Downtown Option. Value: Save it or go now. Potential Downtown Perks partner listing based on location relevance Use it: Save it, get directions, or show your Downtown Perks Card if access is available.","Call / Website / Email when available; Show Card; Save to Card; Directions","","OpenStreetMap / Overpass"
"Partner","sustainable-food-center-farmers-market-node-9571217690","Sustainable Food Center Farmers' Market","Downtown Austin","Other Relevant Listing","venue","Civic","422, Guadalupe Street, Austin, TX, 78701","Create Map Plan","Other Relevant Listing · Downtown Austin","Sustainable Food Center Farmers' Market","Other Relevant Listing listing operated by Sustainable Food Center.","Partner view: People nearby are deciding where to go next. Audience: Best fit: residents, guests, and visitors already close to Downtown Austin. Opportunity: Make Sustainable Food Center Farmers' Market easy to save, find, and act on from the map. Best timing: Strongest window: lunch, after work, and weekend planning Next move: Create Map Plan","Create Map Plan; Reports; Contact","","OpenStreetMap / Overpass"
"Resident","swim-club-node-12007523253","Swim Club","Downtown Austin","Restaurant / Food","venue","Dining","650, East 10th Street, Austin, TX, 78701","Dining Perk","Restaurant / Food · Downtown Austin","Swim Club","Restaurant / Food with cuisine focus: american.","Resident perk: Dining Perk. Value: Resident card access. Resident dining offers, specials, and repeat-visit campaigns Use it: Show your Downtown Perks Card when a resident offer is active.","Call / Website / Email when available; Show Card; Save to Card; Directions","","OpenStreetMap / Overpass"
"Partner","swim-club-node-12007523253","Swim Club","Downtown Austin","Restaurant / Food","venue","Dining","650, East 10th Street, Austin, TX, 78701","Create Map Plan","Restaurant / Food · Downtown Austin","Swim Club","Restaurant / Food with cuisine focus: american.","Partner view: People nearby are deciding where to go next. Audience: Best fit: residents, guests, and visitors already close to Downtown Austin. Opportunity: Make Swim Club easy to save, find, and act on from the map. Best timing: Strongest window: lunch, after work, and weekend planning Next move: Create Map Plan","Create Map Plan; Reports; Contact","","OpenStreetMap / Overpass"
"Resident","texas-chili-parlor-way-324138332","Texas Chili Parlor","Downtown Austin","Restaurant / Food","venue","Dining","1409, Lavaca Street, 78701","Dining Perk","Restaurant / Food · Downtown Austin","Texas Chili Parlor","Restaurant / Food listing in Downtown Austin.","Resident perk: Dining Perk. Value: Resident card access. Resident dining offers, specials, and repeat-visit campaigns Use it: Show your Downtown Perks Card when a resident offer is active.","Call / Website / Email when available; Show Card; Save to Card; Directions","","OpenStreetMap / Overpass"
"Partner","texas-chili-parlor-way-324138332","Texas Chili Parlor","Downtown Austin","Restaurant / Food","venue","Dining","1409, Lavaca Street, 78701","Create Map Plan","Restaurant / Food · Downtown Austin","Texas Chili Parlor","Restaurant / Food listing in Downtown Austin.","Partner view: People nearby are deciding where to go next. Audience: Best fit: residents, guests, and visitors already close to Downtown Austin. Opportunity: Make Texas Chili Parlor easy to save, find, and act on from the map. Best timing: Strongest window: lunch, after work, and weekend planning Next move: Create Map Plan","Create Map Plan; Reports; Contact","","OpenStreetMap / Overpass"
"Resident","the-cabana-bar-at-hotel-zaza-node-12516662247","The Cabana Bar at Hotel ZaZa","Downtown Austin","Bar / Nightlife","hotel","Nightlife","400, Lavaca Street, Austin, TX, 78701","Local Guest Guide","Bar / Nightlife · Downtown Austin","The Cabana Bar at Hotel ZaZa","Bar / Nightlife listing in Downtown Austin.","Resident perk: Local Guest Guide. Value: Neighborhood access. Resident happy-hour perks, nightlife activations, and event check-ins Use it: Save it, get directions, or ask about resident access when available.","Call / Website / Email when available; Show Card; Save to Card; Directions","","OpenStreetMap / Overpass"
"Partner","the-cabana-bar-at-hotel-zaza-node-12516662247","The Cabana Bar at Hotel ZaZa","Downtown Austin","Bar / Nightlife","hotel","Nightlife","400, Lavaca Street, Austin, TX, 78701","Create Guest Guide","Bar / Nightlife · Downtown Austin","The Cabana Bar at Hotel ZaZa","Bar / Nightlife listing in Downtown Austin.","Partner view: Guests and residents nearby are looking for dinner, events, and easy walkable plans. Audience: Best fit: hotel guests, nearby residents, and visitors already walking through the area. Opportunity: Promote a concierge-style local guide or resident rate during late afternoon planning windows. Best timing: Strongest window: 3 PM to 8 PM Next move: Create Guest Guide","Create Guest Guide; Reports; Contact","","OpenStreetMap / Overpass"
"Resident","the-coffehouse-at-caroline-node-10281193549","The Coffehouse at Caroline","Downtown Austin","Coffee / Cafe","venue","Coffee","109, East 7th Street, Austin, TX, 78701","Coffee Stop","Coffee / Cafe · Downtown Austin","The Coffehouse at Caroline","Coffee / Cafe listing in Downtown Austin.","Resident perk: Coffee Stop. Value: Resident card access. Morning perk loops, loyalty rewards, and community meetup anchors Use it: Show your Downtown Perks Card when a resident offer is active.","Call / Website / Email when available; Show Card; Save to Card; Directions","","OpenStreetMap / Overpass"
"Partner","the-coffehouse-at-caroline-node-10281193549","The Coffehouse at Caroline","Downtown Austin","Coffee / Cafe","venue","Coffee","109, East 7th Street, Austin, TX, 78701","Create Map Plan","Coffee / Cafe · Downtown Austin","The Coffehouse at Caroline","Coffee / Cafe listing in Downtown Austin.","Partner view: People nearby are deciding where to go next. Audience: Best fit: residents, guests, and visitors already close to Downtown Austin. Opportunity: Make The Coffehouse at Caroline easy to save, find, and act on from the map. Best timing: Strongest window: lunch, after work, and weekend planning Next move: Create Map Plan","Create Map Plan; Reports; Contact","","OpenStreetMap / Overpass"
"Resident","the-driskill-way-313917989","The Driskill","Downtown Austin","Hotel / Hospitality","hotel","Hotel","604, Brazos Street, Austin, TX, 78701","Local Guest Guide","Hotel / Hospitality · Downtown Austin","The Driskill","Hotel / Hospitality listing in Downtown Austin.","Resident perk: Local Guest Guide. Value: Neighborhood access. Staycation perks, partner-hosted events, and sponsor activations Use it: Save it, get directions, or ask about resident access when available.","Call / Website / Email when available; Show Card; Save to Card; Directions","","OpenStreetMap / Overpass"
"Partner","the-driskill-way-313917989","The Driskill","Downtown Austin","Hotel / Hospitality","hotel","Hotel","604, Brazos Street, Austin, TX, 78701","Create Guest Guide","Hotel / Hospitality · Downtown Austin","The Driskill","Hotel / Hospitality listing in Downtown Austin.","Partner view: Guests and residents nearby are looking for dinner, events, and easy walkable plans. Audience: Best fit: hotel guests, nearby residents, and visitors already walking through the area. Opportunity: Promote a concierge-style local guide or resident rate during late afternoon planning windows. Best timing: Strongest window: 3 PM to 8 PM Next move: Create Guest Guide","Create Guest Guide; Reports; Contact","","OpenStreetMap / Overpass"
"Resident","the-g-way-516187632","The G","Downtown Austin","Residential Property","property","Residential","1715, Guadalupe Street, Austin, TX, 78701","Property Discovery","Residential Property · Downtown Austin","The G","Residential Property listing in Downtown Austin.","Resident perk: Property Discovery. Value: Ask about availability. Resident onboarding, building-level perks, and local engagement Use it: Use the contact option to ask about availability, showings, or similar downtown homes.","Call / Website / Email when available; Show Card; Save to Card; Directions","","OpenStreetMap / Overpass"
"Partner","the-g-way-516187632","The G","Downtown Austin","Residential Property","property","Residential","1715, Guadalupe Street, Austin, TX, 78701","Create Property Plan","Residential Property · Downtown Austin","The G","Residential Property listing in Downtown Austin.","Partner view: Residents and prospects use this area to understand what daily life feels like around the building. Audience: Best fit: current residents, people looking at the building, brokers, and nearby businesses. Opportunity: Attach nearby perks, events, and walkable recommendations to the property story. Best timing: Strongest window: weekday lunch and after-work planning Next move: Create Property Plan","Create Property Plan; Reports; Contact","","OpenStreetMap / Overpass"
"Resident","the-guesthouse-node-6039859212","The Guesthouse","Downtown Austin","Restaurant / Food","venue","Dining","110, San Antonio Street, Austin, TX, 78701","Dining Perk","Restaurant / Food · Downtown Austin","The Guesthouse","Restaurant / Food listing in Downtown Austin.","Resident perk: Dining Perk. Value: Resident card access. Resident dining offers, specials, and repeat-visit campaigns Use it: Show your Downtown Perks Card when a resident offer is active.","Call / Website / Email when available; Show Card; Save to Card; Directions","","OpenStreetMap / Overpass"
"Partner","the-guesthouse-node-6039859212","The Guesthouse","Downtown Austin","Restaurant / Food","venue","Dining","110, San Antonio Street, Austin, TX, 78701","Create Map Plan","Restaurant / Food · Downtown Austin","The Guesthouse","Restaurant / Food listing in Downtown Austin.","Partner view: People nearby are deciding where to go next. Audience: Best fit: residents, guests, and visitors already close to Downtown Austin. Opportunity: Make The Guesthouse easy to save, find, and act on from the map. Best timing: Strongest window: lunch, after work, and weekend planning Next move: Create Map Plan","Create Map Plan; Reports; Contact","","OpenStreetMap / Overpass"
"Resident","the-pub-way-328631289","The Pub","Downtown Austin","Bar / Nightlife","venue","Nightlife","214, West 4th Street, Austin, TX, 78701","Night Out Nearby","Bar / Nightlife · Downtown Austin","The Pub","Bar / Nightlife listing in Downtown Austin.","Resident perk: Night Out Nearby. Value: Resident card access. Resident happy-hour perks, nightlife activations, and event check-ins Use it: Show your Downtown Perks Card when a resident offer is active.","Call / Website / Email when available; Show Card; Save to Card; Directions","","OpenStreetMap / Overpass"
"Partner","the-pub-way-328631289","The Pub","Downtown Austin","Bar / Nightlife","venue","Nightlife","214, West 4th Street, Austin, TX, 78701","Promote Event","Bar / Nightlife · Downtown Austin","The Pub","Bar / Nightlife listing in Downtown Austin.","Partner view: Residents are looking for nearby things to do without switching apps. Audience: Best fit: residents, guests, and groups already near the venue. Opportunity: Make the RSVP and directions path immediate from the map. Best timing: Strongest window: day-of and two hours before start Next move: Promote Event","Promote Event; Reports; Contact","","OpenStreetMap / Overpass"
"Resident","the-roosevelt-room-way-328634458","The Roosevelt Room","Downtown Austin","Bar / Nightlife","venue","Nightlife","307, West 5th Street, Austin, TX, 78701","Night Out Nearby","Bar / Nightlife · Downtown Austin","The Roosevelt Room","Bar / Nightlife listing in Downtown Austin.","Resident perk: Night Out Nearby. Value: Resident card access. Resident happy-hour perks, nightlife activations, and event check-ins Use it: Show your Downtown Perks Card when a resident offer is active.","Call / Website / Email when available; Show Card; Save to Card; Directions","","OpenStreetMap / Overpass"
"Partner","the-roosevelt-room-way-328634458","The Roosevelt Room","Downtown Austin","Bar / Nightlife","venue","Nightlife","307, West 5th Street, Austin, TX, 78701","Promote Event","Bar / Nightlife · Downtown Austin","The Roosevelt Room","Bar / Nightlife listing in Downtown Austin.","Partner view: Residents are looking for nearby things to do without switching apps. Audience: Best fit: residents, guests, and groups already near the venue. Opportunity: Make the RSVP and directions path immediate from the map. Best timing: Strongest window: day-of and two hours before start Next move: Promote Event","Promote Event; Reports; Contact","","OpenStreetMap / Overpass"
"Resident","the-shoal-relation-18159376","The Shoal","Downtown Austin","Residential Property","property","Residential","827, West 12th Street, Austin, TX, 78701","Property Discovery","Residential Property · Downtown Austin","The Shoal","Residential Property listing in Downtown Austin.","Resident perk: Property Discovery. Value: Ask about availability. Resident onboarding, building-level perks, and local engagement Use it: Use the contact option to ask about availability, showings, or similar downtown homes.","Call / Website / Email when available; Show Card; Save to Card; Directions","","OpenStreetMap / Overpass"
"Partner","the-shoal-relation-18159376","The Shoal","Downtown Austin","Residential Property","property","Residential","827, West 12th Street, Austin, TX, 78701","Create Property Plan","Residential Property · Downtown Austin","The Shoal","Residential Property listing in Downtown Austin.","Partner view: Residents and prospects use this area to understand what daily life feels like around the building. Audience: Best fit: current residents, people looking at the building, brokers, and nearby businesses. Opportunity: Attach nearby perks, events, and walkable recommendations to the property story. Best timing: Strongest window: weekday lunch and after-work planning Next move: Create Property Plan","Create Property Plan; Reports; Contact","","OpenStreetMap / Overpass"
"Resident","the-shore-way-135049624","The Shore","Downtown Austin","Residential Property","property","Residential","603, Davis Street, Austin, TX, 78701","Property Discovery","Residential Property · Downtown Austin","The Shore","Residential Property listing in Downtown Austin.","Resident perk: Property Discovery. Value: Ask about availability. Resident onboarding, building-level perks, and local engagement Use it: Use the contact option to ask about availability, showings, or similar downtown homes.","Call / Website / Email when available; Show Card; Save to Card; Directions","","OpenStreetMap / Overpass"
"Partner","the-shore-way-135049624","The Shore","Downtown Austin","Residential Property","property","Residential","603, Davis Street, Austin, TX, 78701","Create Property Plan","Residential Property · Downtown Austin","The Shore","Residential Property listing in Downtown Austin.","Partner view: Residents and prospects use this area to understand what daily life feels like around the building. Audience: Best fit: current residents, people looking at the building, brokers, and nearby businesses. Opportunity: Attach nearby perks, events, and walkable recommendations to the property story. Best timing: Strongest window: weekday lunch and after-work planning Next move: Create Property Plan","Create Property Plan; Reports; Contact","","OpenStreetMap / Overpass"
"Resident","the-tox-node-8999638865","The Tox","Downtown Austin","Retail / Business","venue","Civic","360, Nueces Street, Austin, TX, 78701","Nearby Downtown Option","Retail / Business · Downtown Austin","The Tox","Retail / Business listing in Downtown Austin.","Resident perk: Nearby Downtown Option. Value: Save it or go now. Resident discount programs and neighborhood shopping incentives Use it: Save it, get directions, or show your Downtown Perks Card if access is available.","Call / Website / Email when available; Show Card; Save to Card; Directions","","OpenStreetMap / Overpass"
"Partner","the-tox-node-8999638865","The Tox","Downtown Austin","Retail / Business","venue","Civic","360, Nueces Street, Austin, TX, 78701","Create Map Plan","Retail / Business · Downtown Austin","The Tox","Retail / Business listing in Downtown Austin.","Partner view: People nearby are deciding where to go next. Audience: Best fit: residents, guests, and visitors already close to Downtown Austin. Opportunity: Make The Tox easy to save, find, and act on from the map. Best timing: Strongest window: lunch, after work, and weekend planning Next move: Create Map Plan","Create Map Plan; Reports; Contact","","OpenStreetMap / Overpass"
"Resident","the-ups-store-node-12523187422","The UPS Store","Downtown Austin","Retail / Business","venue","Civic","1108, Lavaca Street, Austin, TX, 78701","Nearby Downtown Option","Retail / Business · Downtown Austin","The UPS Store","Retail / Business listing operated by The UPS Store.","Resident perk: Nearby Downtown Option. Value: Save it or go now. Resident discount programs and neighborhood shopping incentives Use it: Save it, get directions, or show your Downtown Perks Card if access is available.","Call / Website / Email when available; Show Card; Save to Card; Directions","","OpenStreetMap / Overpass"
"Partner","the-ups-store-node-12523187422","The UPS Store","Downtown Austin","Retail / Business","venue","Civic","1108, Lavaca Street, Austin, TX, 78701","Create Map Plan","Retail / Business · Downtown Austin","The UPS Store","Retail / Business listing operated by The UPS Store.","Partner view: People nearby are deciding where to go next. Audience: Best fit: residents, guests, and visitors already close to Downtown Austin. Opportunity: Make The UPS Store easy to save, find, and act on from the map. Best timing: Strongest window: lunch, after work, and weekend planning Next move: Create Map Plan","Create Map Plan; Reports; Contact","","OpenStreetMap / Overpass"
"Resident","the-westin-austin-downtown-way-448210521","The Westin Austin Downtown","Downtown Austin","Hotel / Hospitality","hotel","Hotel","310, East 5th Street, Austin, TX, 78701","Local Guest Guide","Hotel / Hospitality · Downtown Austin","The Westin Austin Downtown","Hotel / Hospitality listing operated by Westin.","Resident perk: Local Guest Guide. Value: Neighborhood access. Staycation perks, partner-hosted events, and sponsor activations Use it: Save it, get directions, or ask about resident access when available.","Call / Website / Email when available; Show Card; Save to Card; Directions","","OpenStreetMap / Overpass"
"Partner","the-westin-austin-downtown-way-448210521","The Westin Austin Downtown","Downtown Austin","Hotel / Hospitality","hotel","Hotel","310, East 5th Street, Austin, TX, 78701","Create Guest Guide","Hotel / Hospitality · Downtown Austin","The Westin Austin Downtown","Hotel / Hospitality listing operated by Westin.","Partner view: Guests and residents nearby are looking for dinner, events, and easy walkable plans. Audience: Best fit: hotel guests, nearby residents, and visitors already walking through the area. Opportunity: Promote a concierge-style local guide or resident rate during late afternoon planning windows. Best timing: Strongest window: 3 PM to 8 PM Next move: Create Guest Guide","Create Guest Guide; Reports; Contact","","OpenStreetMap / Overpass"
"Resident","thompson-austin-way-927242882","Thompson Austin","Downtown Austin","Hotel / Hospitality","hotel","Hotel","501, Brazos Street, Austin, TX, 78701","Local Guest Guide","Hotel / Hospitality · Downtown Austin","Thompson Austin","Hotel / Hospitality listing operated by Thompson Hotels.","Resident perk: Local Guest Guide. Value: Neighborhood access. Staycation perks, partner-hosted events, and sponsor activations Use it: Save it, get directions, or ask about resident access when available.","Call / Website / Email when available; Show Card; Save to Card; Directions","","OpenStreetMap / Overpass"
"Partner","thompson-austin-way-927242882","Thompson Austin","Downtown Austin","Hotel / Hospitality","hotel","Hotel","501, Brazos Street, Austin, TX, 78701","Create Guest Guide","Hotel / Hospitality · Downtown Austin","Thompson Austin","Hotel / Hospitality listing operated by Thompson Hotels.","Partner view: Guests and residents nearby are looking for dinner, events, and easy walkable plans. Audience: Best fit: hotel guests, nearby residents, and visitors already walking through the area. Opportunity: Promote a concierge-style local guide or resident rate during late afternoon planning windows. Best timing: Strongest window: 3 PM to 8 PM Next move: Create Guest Guide","Create Guest Guide; Reports; Contact","","OpenStreetMap / Overpass"
"Resident","torchy-s-tacos-node-8178233808","Torchy's Tacos","Downtown Austin","Restaurant / Food","venue","Dining","110, San Antonio Street, Austin, TX, 78701","Dining Perk","Restaurant / Food · Downtown Austin","Torchy's Tacos","Restaurant / Food with cuisine focus: tex-mex.","Resident perk: Dining Perk. Value: Resident card access. Resident dining offers, specials, and repeat-visit campaigns Use it: Show your Downtown Perks Card when a resident offer is active.","Call / Website / Email when available; Show Card; Save to Card; Directions","","OpenStreetMap / Overpass"
"Partner","torchy-s-tacos-node-8178233808","Torchy's Tacos","Downtown Austin","Restaurant / Food","venue","Dining","110, San Antonio Street, Austin, TX, 78701","Create Map Plan","Restaurant / Food · Downtown Austin","Torchy's Tacos","Restaurant / Food with cuisine focus: tex-mex.","Partner view: People nearby are deciding where to go next. Audience: Best fit: residents, guests, and visitors already close to Downtown Austin. Opportunity: Make Torchy's Tacos easy to save, find, and act on from the map. Best timing: Strongest window: lunch, after work, and weekend planning Next move: Create Map Plan","Create Map Plan; Reports; Contact","","OpenStreetMap / Overpass"
"Resident","traphouseatx-node-3849777216","TraphouseATX","Downtown Austin","Restaurant / Food","venue","Dining","310, Colorado Street, 78701","Dining Perk","Restaurant / Food · Downtown Austin","TraphouseATX","Restaurant / Food with cuisine focus: caribbean.","Resident perk: Dining Perk. Value: Resident card access. Resident dining offers, specials, and repeat-visit campaigns Use it: Show your Downtown Perks Card when a resident offer is active.","Call / Website / Email when available; Show Card; Save to Card; Directions","","OpenStreetMap / Overpass"
"Partner","traphouseatx-node-3849777216","TraphouseATX","Downtown Austin","Restaurant / Food","venue","Dining","310, Colorado Street, 78701","Create Map Plan","Restaurant / Food · Downtown Austin","TraphouseATX","Restaurant / Food with cuisine focus: caribbean.","Partner view: People nearby are deciding where to go next. Audience: Best fit: residents, guests, and visitors already close to Downtown Austin. Opportunity: Make TraphouseATX easy to save, find, and act on from the map. Best timing: Strongest window: lunch, after work, and weekend planning Next move: Create Map Plan","Create Map Plan; Reports; Contact","","OpenStreetMap / Overpass"
"Resident","truluck-s-node-11071595410","Truluck's","Downtown Austin","Restaurant / Food","venue","Dining","300, Colorado Street, Austin, TX, 78701","Dining Perk","Restaurant / Food · Downtown Austin","Truluck's","Restaurant / Food with cuisine focus: seafood.","Resident perk: Dining Perk. Value: Resident card access. Resident dining offers, specials, and repeat-visit campaigns Use it: Show your Downtown Perks Card when a resident offer is active.","Call / Website / Email when available; Show Card; Save to Card; Directions","","OpenStreetMap / Overpass"
"Partner","truluck-s-node-11071595410","Truluck's","Downtown Austin","Restaurant / Food","venue","Dining","300, Colorado Street, Austin, TX, 78701","Create Map Plan","Restaurant / Food · Downtown Austin","Truluck's","Restaurant / Food with cuisine focus: seafood.","Partner view: People nearby are deciding where to go next. Audience: Best fit: residents, guests, and visitors already close to Downtown Austin. Opportunity: Make Truluck's easy to save, find, and act on from the map. Best timing: Strongest window: lunch, after work, and weekend planning Next move: Create Map Plan","Create Map Plan; Reports; Contact","","OpenStreetMap / Overpass"
"Resident","twin-liquors-node-8883805121","Twin Liquors","Downtown Austin","Retail / Business","venue","Civic","1600, Lavaca Street, Austin, TX, 78701","Nearby Downtown Option","Retail / Business · Downtown Austin","Twin Liquors","Retail / Business listing in Downtown Austin.","Resident perk: Nearby Downtown Option. Value: Save it or go now. Resident discount programs and neighborhood shopping incentives Use it: Save it, get directions, or show your Downtown Perks Card if access is available.","Call / Website / Email when available; Show Card; Save to Card; Directions","","OpenStreetMap / Overpass"
"Partner","twin-liquors-node-8883805121","Twin Liquors","Downtown Austin","Retail / Business","venue","Civic","1600, Lavaca Street, Austin, TX, 78701","Create Map Plan","Retail / Business · Downtown Austin","Twin Liquors","Retail / Business listing in Downtown Austin.","Partner view: People nearby are deciding where to go next. Audience: Best fit: residents, guests, and visitors already close to Downtown Austin. Opportunity: Make Twin Liquors easy to save, find, and act on from the map. Best timing: Strongest window: lunch, after work, and weekend planning Next move: Create Map Plan","Create Map Plan; Reports; Contact","","OpenStreetMap / Overpass"
"Resident","vaquero-taquero-node-3849778812","Vaquero Taquero","Downtown Austin","Restaurant / Food","venue","Dining","603, Sabine Street, 78701","Dining Perk","Restaurant / Food · Downtown Austin","Vaquero Taquero","Restaurant / Food with cuisine focus: mexican;tex-mex.","Resident perk: Dining Perk. Value: Resident card access. Resident dining offers, specials, and repeat-visit campaigns Use it: Show your Downtown Perks Card when a resident offer is active.","Call / Website / Email when available; Show Card; Save to Card; Directions","","OpenStreetMap / Overpass"
"Partner","vaquero-taquero-node-3849778812","Vaquero Taquero","Downtown Austin","Restaurant / Food","venue","Dining","603, Sabine Street, 78701","Create Map Plan","Restaurant / Food · Downtown Austin","Vaquero Taquero","Restaurant / Food with cuisine focus: mexican;tex-mex.","Partner view: People nearby are deciding where to go next. Audience: Best fit: residents, guests, and visitors already close to Downtown Austin. Opportunity: Make Vaquero Taquero easy to save, find, and act on from the map. Best timing: Strongest window: lunch, after work, and weekend planning Next move: Create Map Plan","Create Map Plan; Reports; Contact","","OpenStreetMap / Overpass"
"Resident","vesper-atx-way-971496026","Vesper ATX","Downtown Austin","Residential Property","property","Residential","84, East Avenue, Austin, TX, 78701","Property Discovery","Residential Property · Downtown Austin","Vesper ATX","Residential Property listing in Downtown Austin.","Resident perk: Property Discovery. Value: Ask about availability. Resident onboarding, building-level perks, and local engagement Use it: Use the contact option to ask about availability, showings, or similar downtown homes.","Call / Website / Email when available; Show Card; Save to Card; Directions","","OpenStreetMap / Overpass"
"Partner","vesper-atx-way-971496026","Vesper ATX","Downtown Austin","Residential Property","property","Residential","84, East Avenue, Austin, TX, 78701","Create Property Plan","Residential Property · Downtown Austin","Vesper ATX","Residential Property listing in Downtown Austin.","Partner view: Residents and prospects use this area to understand what daily life feels like around the building. Audience: Best fit: current residents, people looking at the building, brokers, and nearby businesses. Opportunity: Attach nearby perks, events, and walkable recommendations to the property story. Best timing: Strongest window: weekday lunch and after-work planning Next move: Create Property Plan","Create Property Plan; Reports; Contact","","OpenStreetMap / Overpass"
"Resident","w-austin-way-134807228","W Austin","Downtown Austin","Hotel / Hospitality","hotel","Hotel","200, Lavaca Street, Austin, TX, 78701","Local Guest Guide","Hotel / Hospitality · Downtown Austin","W Austin","Hotel / Hospitality listing operated by W Hotels.","Resident perk: Local Guest Guide. Value: Neighborhood access. Staycation perks, partner-hosted events, and sponsor activations Use it: Save it, get directions, or ask about resident access when available.","Call / Website / Email when available; Show Card; Save to Card; Directions","","OpenStreetMap / Overpass"
"Partner","w-austin-way-134807228","W Austin","Downtown Austin","Hotel / Hospitality","hotel","Hotel","200, Lavaca Street, Austin, TX, 78701","Create Guest Guide","Hotel / Hospitality · Downtown Austin","W Austin","Hotel / Hospitality listing operated by W Hotels.","Partner view: Guests and residents nearby are looking for dinner, events, and easy walkable plans. Audience: Best fit: hotel guests, nearby residents, and visitors already walking through the area. Opportunity: Promote a concierge-style local guide or resident rate during late afternoon planning windows. Best timing: Strongest window: 3 PM to 8 PM Next move: Create Guest Guide","Create Guest Guide; Reports; Contact","","OpenStreetMap / Overpass"
"Resident","wanderlust-wine-co-way-328715930","Wanderlust Wine Co.","Downtown Austin","Bar / Nightlife","venue","Nightlife","610, North Interstate Highway 35 Service Road, 78701","Night Out Nearby","Bar / Nightlife · Downtown Austin","Wanderlust Wine Co.","Bar / Nightlife listing in Downtown Austin.","Resident perk: Night Out Nearby. Value: Resident card access. Resident happy-hour perks, nightlife activations, and event check-ins Use it: Show your Downtown Perks Card when a resident offer is active.","Call / Website / Email when available; Show Card; Save to Card; Directions","","OpenStreetMap / Overpass"
"Partner","wanderlust-wine-co-way-328715930","Wanderlust Wine Co.","Downtown Austin","Bar / Nightlife","venue","Nightlife","610, North Interstate Highway 35 Service Road, 78701","Promote Event","Bar / Nightlife · Downtown Austin","Wanderlust Wine Co.","Bar / Nightlife listing in Downtown Austin.","Partner view: Residents are looking for nearby things to do without switching apps. Audience: Best fit: residents, guests, and groups already near the venue. Opportunity: Make the RSVP and directions path immediate from the map. Best timing: Strongest window: day-of and two hours before start Next move: Promote Event","Promote Event; Reports; Contact","","OpenStreetMap / Overpass"
"Resident","waterloo-park-way-92460015","Waterloo Park","Downtown Austin","Wellness / Recreation","venue","Civic","500, East 12th Street, Austin, TX, 78701","Nearby Downtown Option","Wellness / Recreation · Downtown Austin","Waterloo Park","Wellness / Recreation listing in Downtown Austin.","Resident perk: Nearby Downtown Option. Value: Save it or go now. Fitness and outdoor activity alignment for resident wellbeing loops Use it: Save it, get directions, or show your Downtown Perks Card if access is available.","Call / Website / Email when available; Show Card; Save to Card; Directions","","OpenStreetMap / Overpass"
"Partner","waterloo-park-way-92460015","Waterloo Park","Downtown Austin","Wellness / Recreation","venue","Civic","500, East 12th Street, Austin, TX, 78701","Create Map Plan","Wellness / Recreation · Downtown Austin","Waterloo Park","Wellness / Recreation listing in Downtown Austin.","Partner view: People nearby are deciding where to go next. Audience: Best fit: residents, guests, and visitors already close to Downtown Austin. Opportunity: Make Waterloo Park easy to save, find, and act on from the map. Best timing: Strongest window: lunch, after work, and weekend planning Next move: Create Map Plan","Create Map Plan; Reports; Contact","","OpenStreetMap / Overpass"
"Resident","wax-myrtle-s-club-pool-way-1021003040","Wax Myrtle's Club & Pool","Downtown Austin","Restaurant / Food","venue","Dining","506, San Jacinto Boulevard, Austin, TX, 78701","Restaurant on Level 4 of the Thompson and tommie hotel buildings","Restaurant / Food · Downtown Austin","Wax Myrtle's Club & Pool","Restaurant / Food listing in Downtown Austin.","Resident perk: Restaurant on Level 4 of the Thompson and tommie hotel buildings. Value: Restaurant on Level 4 of the Thompson and tommie hotel buildings. Resident dining offers, specials, and repeat-visit campaigns Use it: Save it, get directions, or ask about resident access when available.","Call / Website / Email when available; Show Card; Save to Card; Directions","","OpenStreetMap / Overpass"
"Partner","wax-myrtle-s-club-pool-way-1021003040","Wax Myrtle's Club & Pool","Downtown Austin","Restaurant / Food","venue","Dining","506, San Jacinto Boulevard, Austin, TX, 78701","Create Guest Guide","Restaurant / Food · Downtown Austin","Wax Myrtle's Club & Pool","Restaurant / Food listing in Downtown Austin.","Partner view: Guests and residents nearby are looking for dinner, events, and easy walkable plans. Audience: Best fit: hotel guests, nearby residents, and visitors already walking through the area. Opportunity: Promote a concierge-style local guide or resident rate during late afternoon planning windows. Best timing: Strongest window: 3 PM to 8 PM Next move: Create Guest Guide","Create Guest Guide; Reports; Contact","","OpenStreetMap / Overpass"
"Resident","which-wich-node-3245051653","Which Wich?","Downtown Austin","Restaurant / Food","venue","Dining","247, West 3rd Street, Austin, TX, 78701","Dining Perk","Restaurant / Food · Downtown Austin","Which Wich?","Restaurant / Food with cuisine focus: sandwich.","Resident perk: Dining Perk. Value: Resident card access. Resident dining offers, specials, and repeat-visit campaigns Use it: Show your Downtown Perks Card when a resident offer is active.","Call / Website / Email when available; Show Card; Save to Card; Directions","","OpenStreetMap / Overpass"
"Partner","which-wich-node-3245051653","Which Wich?","Downtown Austin","Restaurant / Food","venue","Dining","247, West 3rd Street, Austin, TX, 78701","Create Map Plan","Restaurant / Food · Downtown Austin","Which Wich?","Restaurant / Food with cuisine focus: sandwich.","Partner view: People nearby are deciding where to go next. Audience: Best fit: residents, guests, and visitors already close to Downtown Austin. Opportunity: Make Which Wich? easy to save, find, and act on from the map. Best timing: Strongest window: lunch, after work, and weekend planning Next move: Create Map Plan","Create Map Plan; Reports; Contact","","OpenStreetMap / Overpass"
"Resident","whiskey-tango-foxtrot-icehouse-way-99868680","Whiskey Tango Foxtrot Icehouse","Downtown Austin","Bar / Nightlife","venue","Nightlife","512, Rio Grande Street, 78701","Night Out Nearby","Bar / Nightlife · Downtown Austin","Whiskey Tango Foxtrot Icehouse","Bar / Nightlife listing in Downtown Austin.","Resident perk: Night Out Nearby. Value: Resident card access. Resident happy-hour perks, nightlife activations, and event check-ins Use it: Show your Downtown Perks Card when a resident offer is active.","Call / Website / Email when available; Show Card; Save to Card; Directions","","OpenStreetMap / Overpass"
"Partner","whiskey-tango-foxtrot-icehouse-way-99868680","Whiskey Tango Foxtrot Icehouse","Downtown Austin","Bar / Nightlife","venue","Nightlife","512, Rio Grande Street, 78701","Promote Event","Bar / Nightlife · Downtown Austin","Whiskey Tango Foxtrot Icehouse","Bar / Nightlife listing in Downtown Austin.","Partner view: Residents are looking for nearby things to do without switching apps. Audience: Best fit: residents, guests, and groups already near the venue. Opportunity: Make the RSVP and directions path immediate from the map. Best timing: Strongest window: day-of and two hours before start Next move: Promote Event","Promote Event; Reports; Contact","","OpenStreetMap / Overpass"
"Resident","william-paul-floral-design-way-1350764219","William Paul Floral Design","Downtown Austin","Retail / Business","venue","Civic","1403, Lavaca Street, Austin, TX, 78701","Nearby Downtown Option","Retail / Business · Downtown Austin","William Paul Floral Design","Retail / Business listing in Downtown Austin.","Resident perk: Nearby Downtown Option. Value: Save it or go now. Resident discount programs and neighborhood shopping incentives Use it: Save it, get directions, or show your Downtown Perks Card if access is available.","Call / Website / Email when available; Show Card; Save to Card; Directions","","OpenStreetMap / Overpass"
"Partner","william-paul-floral-design-way-1350764219","William Paul Floral Design","Downtown Austin","Retail / Business","venue","Civic","1403, Lavaca Street, Austin, TX, 78701","Create Map Plan","Retail / Business · Downtown Austin","William Paul Floral Design","Retail / Business listing in Downtown Austin.","Partner view: People nearby are deciding where to go next. Audience: Best fit: residents, guests, and visitors already close to Downtown Austin. Opportunity: Make William Paul Floral Design easy to save, find, and act on from the map. Best timing: Strongest window: lunch, after work, and weekend planning Next move: Create Map Plan","Create Map Plan; Reports; Contact","","OpenStreetMap / Overpass"
"Resident","wooldridge-square-park-way-187386594","Wooldridge Square Park","Downtown Austin","Wellness / Recreation","venue","Civic","900, Guadalupe Street, Austin, TX, 78701","Nearby Downtown Option","Wellness / Recreation · Downtown Austin","Wooldridge Square Park","Wellness / Recreation listing in Downtown Austin.","Resident perk: Nearby Downtown Option. Value: Save it or go now. Fitness and outdoor activity alignment for resident wellbeing loops Use it: Save it, get directions, or show your Downtown Perks Card if access is available.","Call / Website / Email when available; Show Card; Save to Card; Directions","","OpenStreetMap / Overpass"
"Partner","wooldridge-square-park-way-187386594","Wooldridge Square Park","Downtown Austin","Wellness / Recreation","venue","Civic","900, Guadalupe Street, Austin, TX, 78701","Create Map Plan","Wellness / Recreation · Downtown Austin","Wooldridge Square Park","Wellness / Recreation listing in Downtown Austin.","Partner view: People nearby are deciding where to go next. Audience: Best fit: residents, guests, and visitors already close to Downtown Austin. Opportunity: Make Wooldridge Square Park easy to save, find, and act on from the map. Best timing: Strongest window: lunch, after work, and weekend planning Next move: Create Map Plan","Create Map Plan; Reports; Contact","","OpenStreetMap / Overpass"
"Resident","worldmark-austin-node-5133166923","WorldMark Austin","Downtown Austin","Hotel / Hospitality","hotel","Hotel","805, Nueces Street, Austin, TX, 78701","Local Guest Guide","Hotel / Hospitality · Downtown Austin","WorldMark Austin","Hotel / Hospitality listing operated by WorldMark by Wyndham.","Resident perk: Local Guest Guide. Value: Neighborhood access. Staycation perks, partner-hosted events, and sponsor activations Use it: Save it, get directions, or ask about resident access when available.","Call / Website / Email when available; Show Card; Save to Card; Directions","","OpenStreetMap / Overpass"
"Partner","worldmark-austin-node-5133166923","WorldMark Austin","Downtown Austin","Hotel / Hospitality","hotel","Hotel","805, Nueces Street, Austin, TX, 78701","Create Guest Guide","Hotel / Hospitality · Downtown Austin","WorldMark Austin","Hotel / Hospitality listing operated by WorldMark by Wyndham.","Partner view: Guests and residents nearby are looking for dinner, events, and easy walkable plans. Audience: Best fit: hotel guests, nearby residents, and visitors already walking through the area. Opportunity: Promote a concierge-style local guide or resident rate during late afternoon planning windows. Best timing: Strongest window: 3 PM to 8 PM Next move: Create Guest Guide","Create Guest Guide; Reports; Contact","","OpenStreetMap / Overpass"
"Resident","wu-chow-node-3849778288","Wu Chow","Downtown Austin","Restaurant / Food","venue","Dining","500, West 5th Street, 78701","Dining Perk","Restaurant / Food · Downtown Austin","Wu Chow","Restaurant / Food with cuisine focus: chinese.","Resident perk: Dining Perk. Value: Resident card access. Resident dining offers, specials, and repeat-visit campaigns Use it: Show your Downtown Perks Card when a resident offer is active.","Call / Website / Email when available; Show Card; Save to Card; Directions","","OpenStreetMap / Overpass"
"Partner","wu-chow-node-3849778288","Wu Chow","Downtown Austin","Restaurant / Food","venue","Dining","500, West 5th Street, 78701","Create Map Plan","Restaurant / Food · Downtown Austin","Wu Chow","Restaurant / Food with cuisine focus: chinese.","Partner view: People nearby are deciding where to go next. Audience: Best fit: residents, guests, and visitors already close to Downtown Austin. Opportunity: Make Wu Chow easy to save, find, and act on from the map. Best timing: Strongest window: lunch, after work, and weekend planning Next move: Create Map Plan","Create Map Plan; Reports; Contact","","OpenStreetMap / Overpass"
"Resident","zanzibar-node-9631755875","Zanzibar","Downtown Austin","Restaurant / Food","venue","Dining","304, East Cesar Chavez Street, Austin, TX, 78701","Dining Perk","Restaurant / Food · Downtown Austin","Zanzibar","Restaurant / Food listing in Downtown Austin.","Resident perk: Dining Perk. Value: Resident card access. Resident dining offers, specials, and repeat-visit campaigns Use it: Show your Downtown Perks Card when a resident offer is active.","Call / Website / Email when available; Show Card; Save to Card; Directions","","OpenStreetMap / Overpass"
"Partner","zanzibar-node-9631755875","Zanzibar","Downtown Austin","Restaurant / Food","venue","Dining","304, East Cesar Chavez Street, Austin, TX, 78701","Create Map Plan","Restaurant / Food · Downtown Austin","Zanzibar","Restaurant / Food listing in Downtown Austin.","Partner view: People nearby are deciding where to go next. Audience: Best fit: residents, guests, and visitors already close to Downtown Austin. Opportunity: Make Zanzibar easy to save, find, and act on from the map. Best timing: Strongest window: lunch, after work, and weekend planning Next move: Create Map Plan","Create Map Plan; Reports; Contact","","OpenStreetMap / Overpass"
"Resident","ziki-node-11390659811","Ziki","Downtown Austin","Restaurant / Food","venue","Dining","604, Driskill Street, Austin, TX, 78701","Dining Perk","Restaurant / Food · Downtown Austin","Ziki","Restaurant / Food with cuisine focus: greek.","Resident perk: Dining Perk. Value: Resident card access. Resident dining offers, specials, and repeat-visit campaigns Use it: Show your Downtown Perks Card when a resident offer is active.","Call / Website / Email when available; Show Card; Save to Card; Directions","","OpenStreetMap / Overpass"
"Partner","ziki-node-11390659811","Ziki","Downtown Austin","Restaurant / Food","venue","Dining","604, Driskill Street, Austin, TX, 78701","Create Map Plan","Restaurant / Food · Downtown Austin","Ziki","Restaurant / Food with cuisine focus: greek.","Partner view: People nearby are deciding where to go next. Audience: Best fit: residents, guests, and visitors already close to Downtown Austin. Opportunity: Make Ziki easy to save, find, and act on from the map. Best timing: Strongest window: lunch, after work, and weekend planning Next move: Create Map Plan","Create Map Plan; Reports; Contact","","OpenStreetMap / Overpass"
"Resident","holiday-inn-austin-town-lake-way-134786196","Holiday Inn Austin Town Lake","Lady Bird Lake","Hotel / Hospitality","hotel","Hotel","20, North Interstate 35, Austin, TX, 78701","Local Guest Guide","Hotel / Hospitality · Lady Bird Lake","Holiday Inn Austin Town Lake","Hotel / Hospitality listing operated by Holiday Inn.","Resident perk: Local Guest Guide. Value: Neighborhood access. Staycation perks, partner-hosted events, and sponsor activations Use it: Save it, get directions, or ask about resident access when available.","Call / Website / Email when available; Show Card; Save to Card; Directions","","OpenStreetMap / Overpass"
"Partner","holiday-inn-austin-town-lake-way-134786196","Holiday Inn Austin Town Lake","Lady Bird Lake","Hotel / Hospitality","hotel","Hotel","20, North Interstate 35, Austin, TX, 78701","Create Guest Guide","Hotel / Hospitality · Lady Bird Lake","Holiday Inn Austin Town Lake","Hotel / Hospitality listing operated by Holiday Inn.","Partner view: Guests and residents nearby are looking for dinner, events, and easy walkable plans. Audience: Best fit: hotel guests, nearby residents, and visitors already walking through the area. Opportunity: Promote a concierge-style local guide or resident rate during late afternoon planning windows. Best timing: Strongest window: 3 PM to 8 PM Next move: Create Guest Guide","Create Guest Guide; Reports; Contact","","OpenStreetMap / Overpass"
"Resident","lakeside-apartmments-way-134807223","Lakeside Apartmments","Lady Bird Lake","Residential Property","property","Residential","85, Trinity Street, Austin, TX, 78701","Property Discovery","Residential Property · Lady Bird Lake","Lakeside Apartmments","Residential Property listing in Downtown Austin.","Resident perk: Property Discovery. Value: Ask about availability. Resident onboarding, building-level perks, and local engagement Use it: Use the contact option to ask about availability, showings, or similar downtown homes.","Call / Website / Email when available; Show Card; Save to Card; Directions","","OpenStreetMap / Overpass"
"Partner","lakeside-apartmments-way-134807223","Lakeside Apartmments","Lady Bird Lake","Residential Property","property","Residential","85, Trinity Street, Austin, TX, 78701","Create Property Plan","Residential Property · Lady Bird Lake","Lakeside Apartmments","Residential Property listing in Downtown Austin.","Partner view: Residents and prospects use this area to understand what daily life feels like around the building. Audience: Best fit: current residents, people looking at the building, brokers, and nearby businesses. Opportunity: Attach nearby perks, events, and walkable recommendations to the property story. Best timing: Strongest window: weekday lunch and after-work planning Next move: Create Property Plan","Create Property Plan; Reports; Contact","","OpenStreetMap / Overpass"
"Resident","partner-rivian","Rivian","Lady Bird Lake","Brand / Mobility","brand","Campaign","Downtown Austin, TX 78701","Priority test drives & resident charging perks","Brand / Mobility · Lady Bird Lake","Rivian","Mobility brand partner connected to resident test drives and downtown charging interest.","Resident perk: Priority test drives & resident charging perks. Value: Priority test drives & resident charging perks. Mobility brand partner connected to resident test drives and downtown charging interest. Use it: Save it, get directions, or check the panel for resident access.","Call / Website / Email when available; Show Card; Save to Card; Directions","/images/brands/stay-put-sign.jpg","Downtown Perks supplemental partner layer"
"Partner","partner-rivian","Rivian","Lady Bird Lake","Brand / Mobility","brand","Campaign","Downtown Austin, TX 78701","Plan Brand Moment","Brand / Mobility · Lady Bird Lake","Rivian","Mobility brand partner connected to resident test drives and downtown charging interest.","Partner view: People nearby are choosing what to do, where to go, and what feels useful today. Audience: Best fit: residents, visitors, and event-goers moving through Lady Bird Lake. Opportunity: Place Rivian near the moments where the brand is useful, not just visible. Best timing: Strongest window: event days, weekends, and after-work planning Next move: Plan Brand Moment","Plan Brand Moment; Reports; Contact","/images/brands/stay-put-sign.jpg","Downtown Perks supplemental partner layer"
"Resident","roberta-crenshaw-overlook-at-shoal-beach-at-town-lake-metro-park-way-1025373978","Roberta Crenshaw Overlook at Shoal Beach at Town Lake Metro Park","Lady Bird Lake","Wellness / Recreation","venue","Civic","201, West Cesar Chavez Street, Austin, TX, 78701","Nearby Downtown Option","Wellness / Recreation · Lady Bird Lake","Roberta Crenshaw Overlook at Shoal Beach at Town Lake Metro Park","Wellness / Recreation listing operated by Austin Parks and Recreation Department.","Resident perk: Nearby Downtown Option. Value: Save it or go now. Fitness and outdoor activity alignment for resident wellbeing loops Use it: Save it, get directions, or show your Downtown Perks Card if access is available.","Call / Website / Email when available; Show Card; Save to Card; Directions","","OpenStreetMap / Overpass"
"Partner","roberta-crenshaw-overlook-at-shoal-beach-at-town-lake-metro-park-way-1025373978","Roberta Crenshaw Overlook at Shoal Beach at Town Lake Metro Park","Lady Bird Lake","Wellness / Recreation","venue","Civic","201, West Cesar Chavez Street, Austin, TX, 78701","Create Map Plan","Wellness / Recreation · Lady Bird Lake","Roberta Crenshaw Overlook at Shoal Beach at Town Lake Metro Park","Wellness / Recreation listing operated by Austin Parks and Recreation Department.","Partner view: People nearby are deciding where to go next. Audience: Best fit: residents, guests, and visitors already close to Lady Bird Lake. Opportunity: Make Roberta Crenshaw Overlook at Shoal Beach at Town Lake Metro Park easy to save, find, and act on from the map. Best timing: Strongest window: lunch, after work, and weekend planning Next move: Create Map Plan","Create Map Plan; Reports; Contact","","OpenStreetMap / Overpass"
"Resident","shoal-beach-at-town-lake-metropolitan-park-relation-13730487","Shoal Beach at Town Lake Metropolitan Park","Lady Bird Lake","Wellness / Recreation","venue","Civic","707, West Cesar Chavez Street, Austin, TX, 78701","Nearby Downtown Option","Wellness / Recreation · Lady Bird Lake","Shoal Beach at Town Lake Metropolitan Park","Wellness / Recreation listing operated by Austin Parks and Recreation Department.","Resident perk: Nearby Downtown Option. Value: Save it or go now. Fitness and outdoor activity alignment for resident wellbeing loops Use it: Save it, get directions, or show your Downtown Perks Card if access is available.","Call / Website / Email when available; Show Card; Save to Card; Directions","","OpenStreetMap / Overpass"
"Partner","shoal-beach-at-town-lake-metropolitan-park-relation-13730487","Shoal Beach at Town Lake Metropolitan Park","Lady Bird Lake","Wellness / Recreation","venue","Civic","707, West Cesar Chavez Street, Austin, TX, 78701","Create Map Plan","Wellness / Recreation · Lady Bird Lake","Shoal Beach at Town Lake Metropolitan Park","Wellness / Recreation listing operated by Austin Parks and Recreation Department.","Partner view: People nearby are deciding where to go next. Audience: Best fit: residents, guests, and visitors already close to Lady Bird Lake. Opportunity: Make Shoal Beach at Town Lake Metropolitan Park easy to save, find, and act on from the map. Best timing: Strongest window: lunch, after work, and weekend planning Next move: Create Map Plan","Create Map Plan; Reports; Contact","","OpenStreetMap / Overpass"
"Resident","towers-of-town-lake-way-881814658","Towers of Town Lake","Lady Bird Lake","Residential Property","property","Residential","40, North Interstate 35, Austin, TX, 78701","Property Discovery","Residential Property · Lady Bird Lake","Towers of Town Lake","Residential Property listing in Downtown Austin.","Resident perk: Property Discovery. Value: Ask about availability. Resident onboarding, building-level perks, and local engagement Use it: Use the contact option to ask about availability, showings, or similar downtown homes.","Call / Website / Email when available; Show Card; Save to Card; Directions","","OpenStreetMap / Overpass"
"Partner","towers-of-town-lake-way-881814658","Towers of Town Lake","Lady Bird Lake","Residential Property","property","Residential","40, North Interstate 35, Austin, TX, 78701","Create Property Plan","Residential Property · Lady Bird Lake","Towers of Town Lake","Residential Property listing in Downtown Austin.","Partner view: Residents and prospects use this area to understand what daily life feels like around the building. Audience: Best fit: current residents, people looking at the building, brokers, and nearby businesses. Opportunity: Attach nearby perks, events, and walkable recommendations to the property story. Best timing: Strongest window: weekday lunch and after-work planning Next move: Create Property Plan","Create Property Plan; Reports; Contact","","OpenStreetMap / Overpass"
"Resident","waller-beach-at-town-lake-metropolitan-park-relation-8477377","Waller Beach at Town Lake Metropolitan Park","Lady Bird Lake","Wellness / Recreation","venue","Civic","30, East Avenue, Austin, TX, 78701","Nearby Downtown Option","Wellness / Recreation · Lady Bird Lake","Waller Beach at Town Lake Metropolitan Park","Wellness / Recreation listing operated by Austin Parks and Recreation Department.","Resident perk: Nearby Downtown Option. Value: Save it or go now. Fitness and outdoor activity alignment for resident wellbeing loops Use it: Save it, get directions, or show your Downtown Perks Card if access is available.","Call / Website / Email when available; Show Card; Save to Card; Directions","","OpenStreetMap / Overpass"
"Partner","waller-beach-at-town-lake-metropolitan-park-relation-8477377","Waller Beach at Town Lake Metropolitan Park","Lady Bird Lake","Wellness / Recreation","venue","Civic","30, East Avenue, Austin, TX, 78701","Create Map Plan","Wellness / Recreation · Lady Bird Lake","Waller Beach at Town Lake Metropolitan Park","Wellness / Recreation listing operated by Austin Parks and Recreation Department.","Partner view: People nearby are deciding where to go next. Audience: Best fit: residents, guests, and visitors already close to Lady Bird Lake. Opportunity: Make Waller Beach at Town Lake Metropolitan Park easy to save, find, and act on from the map. Best timing: Strongest window: lunch, after work, and weekend planning Next move: Create Map Plan","Create Map Plan; Reports; Contact","","OpenStreetMap / Overpass"
"Resident","partner-yeti","YETI","Lady Bird Lake","Brand / Retail","brand","Campaign","South Congress District, Austin TX, 78701","Free custom engraving for verified residents","Brand / Retail · Lady Bird Lake","YETI","Brand partner mapped for resident lifestyle and downtown retail moments.","Resident perk: Free custom engraving for verified residents. Value: Free custom engraving for verified residents. Brand partner mapped for resident lifestyle and downtown retail moments. Use it: Save it, get directions, or check the panel for resident access.","Call / Website / Email when available; Show Card; Save to Card; Directions","/images/brands/stay-put-sign.jpg","Downtown Perks supplemental partner layer"
"Partner","partner-yeti","YETI","Lady Bird Lake","Brand / Retail","brand","Campaign","South Congress District, Austin TX, 78701","Plan Brand Moment","Brand / Retail · Lady Bird Lake","YETI","Brand partner mapped for resident lifestyle and downtown retail moments.","Partner view: People nearby are choosing what to do, where to go, and what feels useful today. Audience: Best fit: residents, visitors, and event-goers moving through Lady Bird Lake. Opportunity: Place YETI near the moments where the brand is useful, not just visible. Best timing: Strongest window: event days, weekends, and after-work planning Next move: Plan Brand Moment","Plan Brand Moment; Reports; Contact","/images/brands/stay-put-sign.jpg","Downtown Perks supplemental partner layer"
"Resident","70-rainey-way-884211637","70 Rainey","Rainey","Residential Property","property","Residential","70, Rainey Street, Austin, TX, 78701","Property Discovery","Residential Property · Rainey","70 Rainey","Residential Property listing in Downtown Austin.","Resident perk: Property Discovery. Value: Ask about availability. Resident onboarding, building-level perks, and local engagement Use it: Use the contact option to ask about availability, showings, or similar downtown homes.","Call / Website / Email when available; Show Card; Save to Card; Directions","/images/map-entities/properties/70-rainey.jpeg","OpenStreetMap / Overpass"
"Partner","70-rainey-way-884211637","70 Rainey","Rainey","Residential Property","property","Residential","70, Rainey Street, Austin, TX, 78701","Create Property Plan","Residential Property · Rainey","70 Rainey","Residential Property listing in Downtown Austin.","Partner view: Residents and prospects use this area to understand what daily life feels like around the building. Audience: Best fit: current residents, people looking at the building, brokers, and nearby businesses. Opportunity: Attach nearby perks, events, and walkable recommendations to the property story. Best timing: Strongest window: weekday lunch and after-work planning Next move: Create Property Plan","Create Property Plan; Reports; Contact","/images/map-entities/properties/70-rainey.jpeg","OpenStreetMap / Overpass"
"Resident","priority-70-rainey","70 Rainey","Rainey","Priority Building / Property","property","Residential","70 Rainey St, Austin TX, 78701","Herb garden harvest share","Priority Building / Property · Rainey","70 Rainey","Rainey residential tower mapped as a priority resident anchor.","Resident perk: Herb garden harvest share. Value: Herb garden harvest share. Rainey residential tower mapped as a priority resident anchor. Use it: Use the contact option to ask about availability, showings, or similar downtown homes.","Call / Website / Email when available; Show Card; Save to Card; Directions","/images/map-entities/properties/70-rainey.jpeg","Downtown Perks supplemental partner layer"
"Partner","priority-70-rainey","70 Rainey","Rainey","Priority Building / Property","property","Residential","70 Rainey St, Austin TX, 78701","Create Property Plan","Priority Building / Property · Rainey","70 Rainey","Rainey residential tower mapped as a priority resident anchor.","Partner view: Residents and prospects use this area to understand what daily life feels like around the building. Audience: Best fit: current residents, people looking at the building, brokers, and nearby businesses. Opportunity: Attach nearby perks, events, and walkable recommendations to the property story. Best timing: Strongest window: weekday lunch and after-work planning Next move: Create Property Plan","Create Property Plan; Reports; Contact","/images/map-entities/properties/70-rainey.jpeg","Downtown Perks supplemental partner layer"
"Resident","70-rainey-st-unit-1409-legends-property-70-rainey-st-unit-1409-austin-tx-78701-9192982","70 Rainey ST Unit: 1409","Rainey","Residential Property","property","Legends","70 Rainey ST Unit: 1409","Property Discovery","Residential Property · Rainey","70 Rainey ST Unit: 1409","Live right in the heart of Rainey District! 70 Rainey, an award winning High rise building offers residents the luxury of a convenient location, and over the top amenities. Designed with modern finishes that run throughout, this truly is one of the most gorgeous buildings in Aust","Resident perk: Property Discovery. Value: Ask about availability. Resident onboarding, building-level perks, and local engagement Use it: Use the contact option to ask about availability, showings, or similar downtown homes.","Call / Website / Email when available; Show Card; Save to Card; Directions","","Legends Property Export (2026-02-27)"
"Partner","70-rainey-st-unit-1409-legends-property-70-rainey-st-unit-1409-austin-tx-78701-9192982","70 Rainey ST Unit: 1409","Rainey","Residential Property","property","Legends","70 Rainey ST Unit: 1409","Create Property Plan","Residential Property · Rainey","70 Rainey ST Unit: 1409","Live right in the heart of Rainey District! 70 Rainey, an award winning High rise building offers residents the luxury of a convenient location, and over the top amenities. Designed with modern finishes that run throughout, this truly is one of the most gorgeous buildings in Aust","Partner view: Residents and prospects use this area to understand what daily life feels like around the building. Audience: Best fit: current residents, people looking at the building, brokers, and nearby businesses. Opportunity: Attach nearby perks, events, and walkable recommendations to the property story. Best timing: Strongest window: weekday lunch and after-work planning Next move: Create Property Plan","Create Property Plan; Reports; Contact","","Legends Property Export (2026-02-27)"
"Resident","augustine-way-312335027","Augustine","Rainey","Bar / Nightlife","venue","Nightlife","86, Rainey Street, Austin, TX, 78701","Night Out Nearby","Bar / Nightlife · Rainey","Augustine","Bar / Nightlife listing in Downtown Austin.","Resident perk: Night Out Nearby. Value: Resident card access. Resident happy-hour perks, nightlife activations, and event check-ins Use it: Show your Downtown Perks Card when a resident offer is active.","Call / Website / Email when available; Show Card; Save to Card; Directions","","OpenStreetMap / Overpass"
"Partner","augustine-way-312335027","Augustine","Rainey","Bar / Nightlife","venue","Nightlife","86, Rainey Street, Austin, TX, 78701","Promote Event","Bar / Nightlife · Rainey","Augustine","Bar / Nightlife listing in Downtown Austin.","Partner view: Residents are looking for nearby things to do without switching apps. Audience: Best fit: residents, guests, and groups already near the venue. Opportunity: Make the RSVP and directions path immediate from the map. Best timing: Strongest window: day-of and two hours before start Next move: Promote Event","Promote Event; Reports; Contact","","OpenStreetMap / Overpass"
"Resident","partner-bangers","Banger's","Rainey","Restaurant + Beer Garden","venue","Dining","79 Rainey St, Austin TX, 78701","Free appetizer with entree","Restaurant + Beer Garden · Rainey","Banger's","Rainey's neighborhood beer garden and community gathering spot for food, beer, groups, and live-music energy.","Resident perk: Free appetizer with entree. Value: Free appetizer with entree. Rainey's neighborhood beer garden and community gathering spot for food, beer, groups, and live-music energy. Use it: Show your Downtown Perks Card when a resident offer is active.","Call / Website / Email when available; Show Card; Save to Card; Directions","/images/map-entities/rainey-bars/bangers.jpg","Downtown Perks supplemental partner layer"
"Partner","partner-bangers","Banger's","Rainey","Restaurant + Beer Garden","venue","Dining","79 Rainey St, Austin TX, 78701","Create Map Plan","Restaurant + Beer Garden · Rainey","Banger's","Rainey's neighborhood beer garden and community gathering spot for food, beer, groups, and live-music energy.","Partner view: People nearby are deciding where to go next. Audience: Best fit: residents, guests, and visitors already close to Rainey. Opportunity: Make Banger's easy to save, find, and act on from the map. Best timing: Strongest window: lunch, after work, and weekend planning Next move: Create Map Plan","Create Map Plan; Reports; Contact","/images/map-entities/rainey-bars/bangers.jpg","Downtown Perks supplemental partner layer"
"Resident","banger-s-sausage-house-beer-garden-node-12485227010","Banger’s Sausage House & Beer Garden","Rainey","Other Relevant Listing","venue","Nightlife","79, Rainey Street, Austin, TX, 78701","Nearby Downtown Option","Other Relevant Listing · Rainey","Banger’s Sausage House & Beer Garden","Other Relevant Listing listing in Downtown Austin.","Resident perk: Nearby Downtown Option. Value: Save it or go now. Potential Downtown Perks partner listing based on location relevance Use it: Save it, get directions, or show your Downtown Perks Card if access is available.","Call / Website / Email when available; Show Card; Save to Card; Directions","","OpenStreetMap / Overpass"
"Partner","banger-s-sausage-house-beer-garden-node-12485227010","Banger’s Sausage House & Beer Garden","Rainey","Other Relevant Listing","venue","Nightlife","79, Rainey Street, Austin, TX, 78701","Create Map Plan","Other Relevant Listing · Rainey","Banger’s Sausage House & Beer Garden","Other Relevant Listing listing in Downtown Austin.","Partner view: People nearby are deciding where to go next. Audience: Best fit: residents, guests, and visitors already close to Rainey. Opportunity: Make Banger’s Sausage House & Beer Garden easy to save, find, and act on from the map. Best timing: Strongest window: lunch, after work, and weekend planning Next move: Create Map Plan","Create Map Plan; Reports; Contact","","OpenStreetMap / Overpass"
"Resident","banger-s-sausage-house-and-beer-garden-way-312335014","Banger's Sausage House and Beer Garden","Rainey","Bar / Nightlife","venue","Nightlife","79, Rainey Street, Austin, TX, 78701","$1 off draft pours during partner windows","Bar / Nightlife · Rainey","Banger's Sausage House and Beer Garden","Bar / Nightlife listing in Downtown Austin.","Resident perk: $1 off draft pours during partner windows. Value: $1 off draft pours during partner windows. Resident happy-hour perks, nightlife activations, and event check-ins Use it: Show your Downtown Perks Card when a resident offer is active.","Call / Website / Email when available; Show Card; Save to Card; Directions","","OpenStreetMap / Overpass"
"Partner","banger-s-sausage-house-and-beer-garden-way-312335014","Banger's Sausage House and Beer Garden","Rainey","Bar / Nightlife","venue","Nightlife","79, Rainey Street, Austin, TX, 78701","Promote Event","Bar / Nightlife · Rainey","Banger's Sausage House and Beer Garden","Bar / Nightlife listing in Downtown Austin.","Partner view: Residents are looking for nearby things to do without switching apps. Audience: Best fit: residents, guests, and groups already near the venue. Opportunity: Make the RSVP and directions path immediate from the map. Best timing: Strongest window: day-of and two hours before start Next move: Promote Event","Promote Event; Reports; Contact","","OpenStreetMap / Overpass"
"Resident","cantina-512-node-10216293838","Cantina 512","Rainey","Bar / Nightlife","venue","Nightlife","70, Rainey Street, Austin, TX, 78701","Night Out Nearby","Bar / Nightlife · Rainey","Cantina 512","Bar / Nightlife listing in Downtown Austin.","Resident perk: Night Out Nearby. Value: Resident card access. Resident happy-hour perks, nightlife activations, and event check-ins Use it: Show your Downtown Perks Card when a resident offer is active.","Call / Website / Email when available; Show Card; Save to Card; Directions","","OpenStreetMap / Overpass"
"Partner","cantina-512-node-10216293838","Cantina 512","Rainey","Bar / Nightlife","venue","Nightlife","70, Rainey Street, Austin, TX, 78701","Promote Event","Bar / Nightlife · Rainey","Cantina 512","Bar / Nightlife listing in Downtown Austin.","Partner view: Residents are looking for nearby things to do without switching apps. Audience: Best fit: residents, guests, and groups already near the venue. Opportunity: Make the RSVP and directions path immediate from the map. Best timing: Strongest window: day-of and two hours before start Next move: Promote Event","Promote Event; Reports; Contact","","OpenStreetMap / Overpass"
"Resident","emmer-rye-node-8991620975","Emmer & Rye","Rainey","Restaurant / Food","venue","Dining","51, Rainey Street, Austin, TX, 78701","Dining Perk","Restaurant / Food · Rainey","Emmer & Rye","Restaurant / Food with cuisine focus: american.","Resident perk: Dining Perk. Value: Resident card access. Resident dining offers, specials, and repeat-visit campaigns Use it: Show your Downtown Perks Card when a resident offer is active.","Call / Website / Email when available; Show Card; Save to Card; Directions","","OpenStreetMap / Overpass"
"Partner","emmer-rye-node-8991620975","Emmer & Rye","Rainey","Restaurant / Food","venue","Dining","51, Rainey Street, Austin, TX, 78701","Create Map Plan","Restaurant / Food · Rainey","Emmer & Rye","Restaurant / Food with cuisine focus: american.","Partner view: People nearby are deciding where to go next. Audience: Best fit: residents, guests, and visitors already close to Rainey. Opportunity: Make Emmer & Rye easy to save, find, and act on from the map. Best timing: Strongest window: lunch, after work, and weekend planning Next move: Create Map Plan","Create Map Plan; Reports; Contact","","OpenStreetMap / Overpass"
"Resident","partner-emmer-rye","Emmer & Rye","Rainey","Restaurant / Premium Dining","venue","Dining","51 Rainey St, Austin TX, 78701","Free appetizer with entree","Restaurant / Premium Dining · Rainey","Emmer & Rye","Michelin-recognized Rainey restaurant and a premium dining anchor for resident dinner plans.","Resident perk: Free appetizer with entree. Value: Free appetizer with entree. Michelin-recognized Rainey restaurant and a premium dining anchor for resident dinner plans. Use it: Show your Downtown Perks Card when a resident offer is active.","Call / Website / Email when available; Show Card; Save to Card; Directions","/images/map-entities/rainey-bars/emmer-rye.avif","Downtown Perks supplemental partner layer"
"Partner","partner-emmer-rye","Emmer & Rye","Rainey","Restaurant / Premium Dining","venue","Dining","51 Rainey St, Austin TX, 78701","Create Map Plan","Restaurant / Premium Dining · Rainey","Emmer & Rye","Michelin-recognized Rainey restaurant and a premium dining anchor for resident dinner plans.","Partner view: People nearby are deciding where to go next. Audience: Best fit: residents, guests, and visitors already close to Rainey. Opportunity: Make Emmer & Rye easy to save, find, and act on from the map. Best timing: Strongest window: lunch, after work, and weekend planning Next move: Create Map Plan","Create Map Plan; Reports; Contact","/images/map-entities/rainey-bars/emmer-rye.avif","Downtown Perks supplemental partner layer"
"Resident","partner-geraldines","Geraldine's","Rainey","Restaurant + Music","venue","Dining","605 Davis St, Austin TX, 78701","Priority reservations and resident chef tasting","Restaurant + Music · Rainey","Geraldine's","Upscale dining and live music destination inside Hotel Van Zandt.","Resident perk: Priority reservations and resident chef tasting. Value: Priority reservations and resident chef tasting. Upscale dining and live music destination inside Hotel Van Zandt. Use it: Save it, get directions, or ask about resident access when available.","Call / Website / Email when available; Show Card; Save to Card; Directions","/images/map-entities/rainey-bars/geraldines.jpg","Downtown Perks supplemental partner layer"
"Partner","partner-geraldines","Geraldine's","Rainey","Restaurant + Music","venue","Dining","605 Davis St, Austin TX, 78701","Create Guest Guide","Restaurant + Music · Rainey","Geraldine's","Upscale dining and live music destination inside Hotel Van Zandt.","Partner view: Guests and residents nearby are looking for dinner, events, and easy walkable plans. Audience: Best fit: hotel guests, nearby residents, and visitors already walking through the area. Opportunity: Promote a concierge-style local guide or resident rate during late afternoon planning windows. Best timing: Strongest window: 3 PM to 8 PM Next move: Create Guest Guide","Create Guest Guide; Reports; Contact","/images/map-entities/rainey-bars/geraldines.jpg","Downtown Perks supplemental partner layer"
"Resident","partner-half-step","Half Step","Rainey","Craft Cocktail Bar","venue","Nightlife","75 1/2 Rainey St, Austin TX, 78701","Priority access for verified residents","Craft Cocktail Bar · Rainey","Half Step","Craft cocktail bar mapped for resident access, late-evening plans, and nearby hospitality loops.","Resident perk: Priority access for verified residents. Value: Priority access for verified residents. Craft cocktail bar mapped for resident access, late-evening plans, and nearby hospitality loops. Use it: Show your Downtown Perks Card when a resident offer is active.","Call / Website / Email when available; Show Card; Save to Card; Directions","/images/map-entities/rainey-bars/rainey-street.jpeg","Downtown Perks supplemental partner layer"
"Partner","partner-half-step","Half Step","Rainey","Craft Cocktail Bar","venue","Nightlife","75 1/2 Rainey St, Austin TX, 78701","Create Map Plan","Craft Cocktail Bar · Rainey","Half Step","Craft cocktail bar mapped for resident access, late-evening plans, and nearby hospitality loops.","Partner view: People nearby are deciding where to go next. Audience: Best fit: residents, guests, and visitors already close to Rainey. Opportunity: Make Half Step easy to save, find, and act on from the map. Best timing: Strongest window: lunch, after work, and weekend planning Next move: Create Map Plan","Create Map Plan; Reports; Contact","/images/map-entities/rainey-bars/rainey-street.jpeg","Downtown Perks supplemental partner layer"
"Resident","partner-hotel-van-zandt","Hotel Van Zandt","Rainey","Hotel / Hospitality","hotel","Hotel","605 Davis St, Austin TX, 78701","Resident rate & rooftop access","Hotel / Hospitality · Rainey","Hotel Van Zandt","Hospitality partner connecting guests and residents to downtown recommendations.","Resident perk: Resident rate & rooftop access. Value: Resident rate & rooftop access. Hospitality partner connecting guests and residents to downtown recommendations. Use it: Save it, get directions, or ask about resident access when available.","Call / Website / Email when available; Show Card; Save to Card; Directions","/images/venues/downtown-dining-patio.png","Downtown Perks supplemental partner layer"
"Partner","partner-hotel-van-zandt","Hotel Van Zandt","Rainey","Hotel / Hospitality","hotel","Hotel","605 Davis St, Austin TX, 78701","Create Guest Guide","Hotel / Hospitality · Rainey","Hotel Van Zandt","Hospitality partner connecting guests and residents to downtown recommendations.","Partner view: Guests and residents nearby are looking for dinner, events, and easy walkable plans. Audience: Best fit: hotel guests, nearby residents, and visitors already walking through the area. Opportunity: Promote a concierge-style local guide or resident rate during late afternoon planning windows. Best timing: Strongest window: 3 PM to 8 PM Next move: Create Guest Guide","Create Guest Guide; Reports; Contact","/images/venues/downtown-dining-patio.png","Downtown Perks supplemental partner layer"
"Resident","icenhauer-s-way-312335012","Icenhauer's","Rainey","Bar / Nightlife","venue","Nightlife","83, Rainey Street, Austin, TX, 78701","Night Out Nearby","Bar / Nightlife · Rainey","Icenhauer's","Bar / Nightlife listing in Downtown Austin.","Resident perk: Night Out Nearby. Value: Resident card access. Resident happy-hour perks, nightlife activations, and event check-ins Use it: Show your Downtown Perks Card when a resident offer is active.","Call / Website / Email when available; Show Card; Save to Card; Directions","","OpenStreetMap / Overpass"
"Partner","icenhauer-s-way-312335012","Icenhauer's","Rainey","Bar / Nightlife","venue","Nightlife","83, Rainey Street, Austin, TX, 78701","Promote Event","Bar / Nightlife · Rainey","Icenhauer's","Bar / Nightlife listing in Downtown Austin.","Partner view: Residents are looking for nearby things to do without switching apps. Audience: Best fit: residents, guests, and groups already near the venue. Opportunity: Make the RSVP and directions path immediate from the map. Best timing: Strongest window: day-of and two hours before start Next move: Promote Event","Promote Event; Reports; Contact","","OpenStreetMap / Overpass"
"Resident","idle-hands-way-312335011","Idle Hands","Rainey","Bar / Nightlife","venue","Nightlife","85, Rainey Street, Austin, TX, 78701","Night Out Nearby","Bar / Nightlife · Rainey","Idle Hands","Bar / Nightlife listing in Downtown Austin.","Resident perk: Night Out Nearby. Value: Resident card access. Resident happy-hour perks, nightlife activations, and event check-ins Use it: Show your Downtown Perks Card when a resident offer is active.","Call / Website / Email when available; Show Card; Save to Card; Directions","","OpenStreetMap / Overpass"
"Partner","idle-hands-way-312335011","Idle Hands","Rainey","Bar / Nightlife","venue","Nightlife","85, Rainey Street, Austin, TX, 78701","Promote Event","Bar / Nightlife · Rainey","Idle Hands","Bar / Nightlife listing in Downtown Austin.","Partner view: Residents are looking for nearby things to do without switching apps. Audience: Best fit: residents, guests, and groups already near the venue. Opportunity: Make the RSVP and directions path immediate from the map. Best timing: Strongest window: day-of and two hours before start Next move: Promote Event","Promote Event; Reports; Contact","","OpenStreetMap / Overpass"
"Resident","lucille-way-312335015","Lucille","Rainey","Bar / Nightlife","venue","Nightlife","77, Rainey Street, Austin, TX, 78701","Night Out Nearby","Bar / Nightlife · Rainey","Lucille","Bar / Nightlife listing in Downtown Austin.","Resident perk: Night Out Nearby. Value: Resident card access. Resident happy-hour perks, nightlife activations, and event check-ins Use it: Show your Downtown Perks Card when a resident offer is active.","Call / Website / Email when available; Show Card; Save to Card; Directions","","OpenStreetMap / Overpass"
"Partner","lucille-way-312335015","Lucille","Rainey","Bar / Nightlife","venue","Nightlife","77, Rainey Street, Austin, TX, 78701","Promote Event","Bar / Nightlife · Rainey","Lucille","Bar / Nightlife listing in Downtown Austin.","Partner view: Residents are looking for nearby things to do without switching apps. Audience: Best fit: residents, guests, and groups already near the venue. Opportunity: Make the RSVP and directions path immediate from the map. Best timing: Strongest window: day-of and two hours before start Next move: Promote Event","Promote Event; Reports; Contact","","OpenStreetMap / Overpass"
"Resident","lustre-pearl-way-379221708","Lustre Pearl","Rainey","Bar / Nightlife","venue","Nightlife","94, Rainey Street, Austin, TX, 78701","$2 off featured drinks","Bar / Nightlife · Rainey","Lustre Pearl","Bar / Nightlife listing in Downtown Austin.","Resident perk: $2 off featured drinks. Value: $2 off featured drinks. Resident happy-hour perks, nightlife activations, and event check-ins Use it: Show your Downtown Perks Card when a resident offer is active.","Call / Website / Email when available; Show Card; Save to Card; Directions","","OpenStreetMap / Overpass"
"Partner","lustre-pearl-way-379221708","Lustre Pearl","Rainey","Bar / Nightlife","venue","Nightlife","94, Rainey Street, Austin, TX, 78701","Promote Event","Bar / Nightlife · Rainey","Lustre Pearl","Bar / Nightlife listing in Downtown Austin.","Partner view: Residents are looking for nearby things to do without switching apps. Audience: Best fit: residents, guests, and groups already near the venue. Opportunity: Make the RSVP and directions path immediate from the map. Best timing: Strongest window: day-of and two hours before start Next move: Promote Event","Promote Event; Reports; Contact","","OpenStreetMap / Overpass"
"Resident","partner-lustre-pearl","Lustre Pearl Rainey","Rainey","Rainey Classic Patio Bar","venue","Happy hour","94 Rainey St, Austin TX, 78701","Happy hour pricing for verified residents","Rainey Classic Patio Bar · Rainey","Lustre Pearl Rainey","Rainey classic patio bar with strong resident nightlife and group-plan context.","Resident perk: Happy hour pricing for verified residents. Value: Happy hour pricing for verified residents. Rainey classic patio bar with strong resident nightlife and group-plan context. Use it: Show your Downtown Perks Card when a resident offer is active.","Call / Website / Email when available; Show Card; Save to Card; Directions","/images/map-entities/rainey-bars/rainey-street.jpeg","Downtown Perks supplemental partner layer"
"Partner","partner-lustre-pearl","Lustre Pearl Rainey","Rainey","Rainey Classic Patio Bar","venue","Happy hour","94 Rainey St, Austin TX, 78701","Create Map Plan","Rainey Classic Patio Bar · Rainey","Lustre Pearl Rainey","Rainey classic patio bar with strong resident nightlife and group-plan context.","Partner view: People nearby are deciding where to go next. Audience: Best fit: residents, guests, and visitors already close to Rainey. Opportunity: Make Lustre Pearl Rainey easy to save, find, and act on from the map. Best timing: Strongest window: lunch, after work, and weekend planning Next move: Create Map Plan","Create Map Plan; Reports; Contact","/images/map-entities/rainey-bars/rainey-street.jpeg","Downtown Perks supplemental partner layer"
"Resident","partner-lustre-pearl-rainey","Lustre Pearl Rainey","Rainey","Venue / Bar","venue","Nightlife","Rainey Street, Austin TX, 78701","First round on us for new move-ins","Venue / Bar · Rainey","Lustre Pearl Rainey","Rainey resident activation for new move-ins and nearby plans.","Resident perk: First round on us for new move-ins. Value: First round on us for new move-ins. Rainey resident activation for new move-ins and nearby plans. Use it: Show your Downtown Perks Card when a resident offer is active.","Call / Website / Email when available; Show Card; Save to Card; Directions","/images/venues/downtown-dining-patio.png","Downtown Perks supplemental partner layer"
"Partner","partner-lustre-pearl-rainey","Lustre Pearl Rainey","Rainey","Venue / Bar","venue","Nightlife","Rainey Street, Austin TX, 78701","Create Map Plan","Venue / Bar · Rainey","Lustre Pearl Rainey","Rainey resident activation for new move-ins and nearby plans.","Partner view: People nearby are deciding where to go next. Audience: Best fit: residents, guests, and visitors already close to Rainey. Opportunity: Make Lustre Pearl Rainey easy to save, find, and act on from the map. Best timing: Strongest window: lunch, after work, and weekend planning Next move: Create Map Plan","Create Map Plan; Reports; Contact","/images/venues/downtown-dining-patio.png","Downtown Perks supplemental partner layer"
"Resident","millenium-rainey-way-516291558","Millenium Rainey","Rainey","Residential Property","property","Residential","91, Rainey Street, Austin, TX, 78701","Property Discovery","Residential Property · Rainey","Millenium Rainey","Residential Property listing in Downtown Austin.","Resident perk: Property Discovery. Value: Ask about availability. Resident onboarding, building-level perks, and local engagement Use it: Use the contact option to ask about availability, showings, or similar downtown homes.","Call / Website / Email when available; Show Card; Save to Card; Directions","","OpenStreetMap / Overpass"
"Partner","millenium-rainey-way-516291558","Millenium Rainey","Rainey","Residential Property","property","Residential","91, Rainey Street, Austin, TX, 78701","Create Property Plan","Residential Property · Rainey","Millenium Rainey","Residential Property listing in Downtown Austin.","Partner view: Residents and prospects use this area to understand what daily life feels like around the building. Audience: Best fit: current residents, people looking at the building, brokers, and nearby businesses. Opportunity: Attach nearby perks, events, and walkable recommendations to the property story. Best timing: Strongest window: weekday lunch and after-work planning Next move: Create Property Plan","Create Property Plan; Reports; Contact","","OpenStreetMap / Overpass"
"Resident","modern-austin-residences-way-1124723253","Modern Austin Residences","Rainey","Residential Property","property","Residential","90, Rainey Street, Austin, TX, 78701","Property Discovery","Residential Property · Rainey","Modern Austin Residences","Residential Property listing in Downtown Austin.","Resident perk: Property Discovery. Value: Ask about availability. Resident onboarding, building-level perks, and local engagement Use it: Use the contact option to ask about availability, showings, or similar downtown homes.","Call / Website / Email when available; Show Card; Save to Card; Directions","","OpenStreetMap / Overpass"
"Partner","modern-austin-residences-way-1124723253","Modern Austin Residences","Rainey","Residential Property","property","Residential","90, Rainey Street, Austin, TX, 78701","Create Property Plan","Residential Property · Rainey","Modern Austin Residences","Residential Property listing in Downtown Austin.","Partner view: Residents and prospects use this area to understand what daily life feels like around the building. Audience: Best fit: current residents, people looking at the building, brokers, and nearby businesses. Opportunity: Attach nearby perks, events, and walkable recommendations to the property story. Best timing: Strongest window: weekday lunch and after-work planning Next move: Create Property Plan","Create Property Plan; Reports; Contact","","OpenStreetMap / Overpass"
"Resident","parlor-room-way-312335028","Parlor Room","Rainey","Bar / Nightlife","venue","Nightlife","88, Rainey Street, Austin, TX, 78701","Night Out Nearby","Bar / Nightlife · Rainey","Parlor Room","Bar / Nightlife listing in Downtown Austin.","Resident perk: Night Out Nearby. Value: Resident card access. Resident happy-hour perks, nightlife activations, and event check-ins Use it: Show your Downtown Perks Card when a resident offer is active.","Call / Website / Email when available; Show Card; Save to Card; Directions","","OpenStreetMap / Overpass"
"Partner","parlor-room-way-312335028","Parlor Room","Rainey","Bar / Nightlife","venue","Nightlife","88, Rainey Street, Austin, TX, 78701","Promote Event","Bar / Nightlife · Rainey","Parlor Room","Bar / Nightlife listing in Downtown Austin.","Partner view: Residents are looking for nearby things to do without switching apps. Audience: Best fit: residents, guests, and groups already near the venue. Opportunity: Make the RSVP and directions path immediate from the map. Best timing: Strongest window: day-of and two hours before start Next move: Promote Event","Promote Event; Reports; Contact","","OpenStreetMap / Overpass"
"Resident","priority-the-paseo","Paseo","Rainey","Mixed Use / Residential + Retail","mixed_use","Residential","Rainey Street District, Austin TX, 78701","Resident welcome package","Mixed Use / Residential + Retail · Rainey","Paseo","Mixed-use residential and retail project reshaping the Rainey district alongside the newer residential towers.","Resident perk: Resident welcome package. Value: Resident welcome package. Mixed-use residential and retail project reshaping the Rainey district alongside the newer residential towers. Use it: Use the contact option to ask about availability, showings, or similar downtown homes.","Call / Website / Email when available; Show Card; Save to Card; Directions","/images/properties/bowie-attached.jpg","Downtown Perks supplemental partner layer"
"Partner","priority-the-paseo","Paseo","Rainey","Mixed Use / Residential + Retail","mixed_use","Residential","Rainey Street District, Austin TX, 78701","Create Property Plan","Mixed Use / Residential + Retail · Rainey","Paseo","Mixed-use residential and retail project reshaping the Rainey district alongside the newer residential towers.","Partner view: Residents and prospects use this area to understand what daily life feels like around the building. Audience: Best fit: current residents, people looking at the building, brokers, and nearby businesses. Opportunity: Attach nearby perks, events, and walkable recommendations to the property story. Best timing: Strongest window: weekday lunch and after-work planning Next move: Create Property Plan","Create Property Plan; Reports; Contact","/images/properties/bowie-attached.jpg","Downtown Perks supplemental partner layer"
"Resident","roar-node-8991620972","Roar","Rainey","Retail / Business","venue","Civic","43, Rainey Street, Austin, TX, 78701","Nearby Downtown Option","Retail / Business · Rainey","Roar","Retail / Business listing in Downtown Austin.","Resident perk: Nearby Downtown Option. Value: Save it or go now. Resident discount programs and neighborhood shopping incentives Use it: Save it, get directions, or show your Downtown Perks Card if access is available.","Call / Website / Email when available; Show Card; Save to Card; Directions","","OpenStreetMap / Overpass"
"Partner","roar-node-8991620972","Roar","Rainey","Retail / Business","venue","Civic","43, Rainey Street, Austin, TX, 78701","Create Map Plan","Retail / Business · Rainey","Roar","Retail / Business listing in Downtown Austin.","Partner view: People nearby are deciding where to go next. Audience: Best fit: residents, guests, and visitors already close to Rainey. Opportunity: Make Roar easy to save, find, and act on from the map. Best timing: Strongest window: lunch, after work, and weekend planning Next move: Create Map Plan","Create Map Plan; Reports; Contact","","OpenStreetMap / Overpass"
"Resident","royal-blue-grocery-node-8991620974","Royal Blue Grocery","Rainey","Local Grocery","venue","Coffee","51, Rainey Street, Austin, TX, 78701","Resident grocery discount when shopping in-store","Local Grocery · Rainey","Royal Blue Grocery","Local downtown grocery stop for coffee, snacks, pantry basics, wine, and quick errands.","Resident perk: Resident grocery discount when shopping in-store. Value: Resident grocery discount when shopping in-store. Resident grocery discounts and neighborhood shopping value for everyday downtown errands. Use it: Show your Downtown Perks Card at checkout when the resident offer is active.","Call / Website / Email when available; Show Card; Save to Card; Directions","","OpenStreetMap / Overpass"
"Partner","royal-blue-grocery-node-8991620974","Royal Blue Grocery","Rainey","Local Grocery","venue","Coffee","51, Rainey Street, Austin, TX, 78701","Create Map Plan","Local Grocery · Rainey","Royal Blue Grocery","Local downtown grocery stop for coffee, snacks, pantry basics, wine, and quick errands.","Partner view: People nearby are deciding where to go next. Audience: Best fit: residents, guests, and visitors already close to Rainey. Opportunity: Make Royal Blue Grocery easy to save, find, and act on from the map. Best timing: Strongest window: lunch, after work, and weekend planning Next move: Create Map Plan","Create Map Plan; Reports; Contact","","OpenStreetMap / Overpass"
"Resident","salvation-pizza-node-8991620971","Salvation Pizza","Rainey","Restaurant / Food","venue","Dining","51, Rainey Street, Austin, TX, 78701","Dining Perk","Restaurant / Food · Rainey","Salvation Pizza","Restaurant / Food with cuisine focus: pizza.","Resident perk: Dining Perk. Value: Resident card access. Resident dining offers, specials, and repeat-visit campaigns Use it: Show your Downtown Perks Card when a resident offer is active.","Call / Website / Email when available; Show Card; Save to Card; Directions","","OpenStreetMap / Overpass"
"Partner","salvation-pizza-node-8991620971","Salvation Pizza","Rainey","Restaurant / Food","venue","Dining","51, Rainey Street, Austin, TX, 78701","Create Map Plan","Restaurant / Food · Rainey","Salvation Pizza","Restaurant / Food with cuisine focus: pizza.","Partner view: People nearby are deciding where to go next. Audience: Best fit: residents, guests, and visitors already close to Rainey. Opportunity: Make Salvation Pizza easy to save, find, and act on from the map. Best timing: Strongest window: lunch, after work, and weekend planning Next move: Create Map Plan","Create Map Plan; Reports; Contact","","OpenStreetMap / Overpass"
"Resident","stagger-lee-way-312335010","Stagger Lee","Rainey","Bar / Nightlife","venue","Nightlife","87, Rainey Street, Austin, TX, 78701","Night Out Nearby","Bar / Nightlife · Rainey","Stagger Lee","Bar / Nightlife listing in Downtown Austin.","Resident perk: Night Out Nearby. Value: Resident card access. Resident happy-hour perks, nightlife activations, and event check-ins Use it: Show your Downtown Perks Card when a resident offer is active.","Call / Website / Email when available; Show Card; Save to Card; Directions","","OpenStreetMap / Overpass"
"Partner","stagger-lee-way-312335010","Stagger Lee","Rainey","Bar / Nightlife","venue","Nightlife","87, Rainey Street, Austin, TX, 78701","Promote Event","Bar / Nightlife · Rainey","Stagger Lee","Bar / Nightlife listing in Downtown Austin.","Partner view: Residents are looking for nearby things to do without switching apps. Audience: Best fit: residents, guests, and groups already near the venue. Opportunity: Make the RSVP and directions path immediate from the map. Best timing: Strongest window: day-of and two hours before start Next move: Promote Event","Promote Event; Reports; Contact","","OpenStreetMap / Overpass"
"Resident","standard-proof-whiskey-co-austin-node-8991620973","Standard Proof Whiskey Co - Austin","Rainey","Bar / Nightlife","venue","Nightlife","51, Rainey Street, Austin, TX, 78701","Night Out Nearby","Bar / Nightlife · Rainey","Standard Proof Whiskey Co - Austin","Bar / Nightlife listing in Downtown Austin.","Resident perk: Night Out Nearby. Value: Resident card access. Resident happy-hour perks, nightlife activations, and event check-ins Use it: Show your Downtown Perks Card when a resident offer is active.","Call / Website / Email when available; Show Card; Save to Card; Directions","","OpenStreetMap / Overpass"
"Partner","standard-proof-whiskey-co-austin-node-8991620973","Standard Proof Whiskey Co - Austin","Rainey","Bar / Nightlife","venue","Nightlife","51, Rainey Street, Austin, TX, 78701","Promote Event","Bar / Nightlife · Rainey","Standard Proof Whiskey Co - Austin","Bar / Nightlife listing in Downtown Austin.","Partner view: Residents are looking for nearby things to do without switching apps. Audience: Best fit: residents, guests, and groups already near the venue. Opportunity: Make the RSVP and directions path immediate from the map. Best timing: Strongest window: day-of and two hours before start Next move: Promote Event","Promote Event; Reports; Contact","","OpenStreetMap / Overpass"
"Resident","priority-the-shore","The Shore","Rainey","Priority Building / Property","property","Residential","603 Davis ST, Austin TX, 78701","Verified Resident: Lakeside Infinity Pool Access","Priority Building / Property · Rainey","The Shore","Lakeside residential building with verified resident access context.","Resident perk: Verified Resident: Lakeside Infinity Pool Access. Value: Verified Resident: Lakeside Infinity Pool Access. Lakeside residential building with verified resident access context. Use it: Use the contact option to ask about availability, showings, or similar downtown homes.","Call / Website / Email when available; Show Card; Save to Card; Directions","/images/properties/bowie-attached.jpg","Downtown Perks supplemental partner layer"
"Partner","priority-the-shore","The Shore","Rainey","Priority Building / Property","property","Residential","603 Davis ST, Austin TX, 78701","Create Property Plan","Priority Building / Property · Rainey","The Shore","Lakeside residential building with verified resident access context.","Partner view: Residents and prospects use this area to understand what daily life feels like around the building. Audience: Best fit: current residents, people looking at the building, brokers, and nearby businesses. Opportunity: Attach nearby perks, events, and walkable recommendations to the property story. Best timing: Strongest window: weekday lunch and after-work planning Next move: Create Property Plan","Create Property Plan; Reports; Contact","/images/properties/bowie-attached.jpg","Downtown Perks supplemental partner layer"
"Resident","the-stay-put-way-1288159284","The Stay Put","Rainey","Bar / Nightlife","venue","Nightlife","73, Rainey Street, Austin, TX, 78701","15% off Sunday-Thursday","Bar / Nightlife · Rainey","The Stay Put","Bar / Nightlife listing in Downtown Austin.","Resident perk: 15% off Sunday-Thursday. Value: 15% off Sunday-Thursday. Resident happy-hour perks, nightlife activations, and event check-ins Use it: Show your Downtown Perks Card when a resident offer is active.","Call / Website / Email when available; Show Card; Save to Card; Directions","","OpenStreetMap / Overpass"
"Partner","the-stay-put-way-1288159284","The Stay Put","Rainey","Bar / Nightlife","venue","Nightlife","73, Rainey Street, Austin, TX, 78701","Promote Event","Bar / Nightlife · Rainey","The Stay Put","Bar / Nightlife listing in Downtown Austin.","Partner view: Residents are looking for nearby things to do without switching apps. Audience: Best fit: residents, guests, and groups already near the venue. Opportunity: Make the RSVP and directions path immediate from the map. Best timing: Strongest window: day-of and two hours before start Next move: Promote Event","Promote Event; Reports; Contact","","OpenStreetMap / Overpass"
"Resident","partner-stay-put","The Stay Put","Rainey","Bar + Brewery","venue","Dining","73 Rainey St, Austin TX, 78701","15% off Sunday-Thursday","Bar + Brewery · Rainey","The Stay Put","Local brewery, sports bar, patio, and easy resident stop on Rainey.","Resident perk: 15% off Sunday-Thursday. Value: 15% off Sunday-Thursday. Local brewery, sports bar, patio, and easy resident stop on Rainey. Use it: Show your Downtown Perks Card when a resident offer is active.","Call / Website / Email when available; Show Card; Save to Card; Directions","/images/map-entities/rainey-bars/stay-put.jpg","Downtown Perks supplemental partner layer"
"Partner","partner-stay-put","The Stay Put","Rainey","Bar + Brewery","venue","Dining","73 Rainey St, Austin TX, 78701","Create Map Plan","Bar + Brewery · Rainey","The Stay Put","Local brewery, sports bar, patio, and easy resident stop on Rainey.","Partner view: People nearby are deciding where to go next. Audience: Best fit: residents, guests, and visitors already close to Rainey. Opportunity: Make The Stay Put easy to save, find, and act on from the map. Best timing: Strongest window: lunch, after work, and weekend planning Next move: Create Map Plan","Create Map Plan; Reports; Contact","/images/map-entities/rainey-bars/stay-put.jpg","Downtown Perks supplemental partner layer"
"Resident","the-tipsy-alchemist-node-3825447599","The Tipsy Alchemist","Rainey","Bar / Nightlife","venue","Nightlife","70, Rainey Street, Austin, TX, 78701","Night Out Nearby","Bar / Nightlife · Rainey","The Tipsy Alchemist","Bar / Nightlife listing in Downtown Austin.","Resident perk: Night Out Nearby. Value: Resident card access. Resident happy-hour perks, nightlife activations, and event check-ins Use it: Show your Downtown Perks Card when a resident offer is active.","Call / Website / Email when available; Show Card; Save to Card; Directions","","OpenStreetMap / Overpass"
"Partner","the-tipsy-alchemist-node-3825447599","The Tipsy Alchemist","Rainey","Bar / Nightlife","venue","Nightlife","70, Rainey Street, Austin, TX, 78701","Promote Event","Bar / Nightlife · Rainey","The Tipsy Alchemist","Bar / Nightlife listing in Downtown Austin.","Partner view: Residents are looking for nearby things to do without switching apps. Audience: Best fit: residents, guests, and groups already near the venue. Opportunity: Make the RSVP and directions path immediate from the map. Best timing: Strongest window: day-of and two hours before start Next move: Promote Event","Promote Event; Reports; Contact","","OpenStreetMap / Overpass"
"Resident","unbarlievable-way-312335021","Unbarlievable","Rainey","Bar / Nightlife","venue","Nightlife","76, Rainey Street, Austin, TX, 78701","Night Out Nearby","Bar / Nightlife · Rainey","Unbarlievable","Bar / Nightlife listing in Downtown Austin.","Resident perk: Night Out Nearby. Value: Resident card access. Resident happy-hour perks, nightlife activations, and event check-ins Use it: Show your Downtown Perks Card when a resident offer is active.","Call / Website / Email when available; Show Card; Save to Card; Directions","","OpenStreetMap / Overpass"
"Partner","unbarlievable-way-312335021","Unbarlievable","Rainey","Bar / Nightlife","venue","Nightlife","76, Rainey Street, Austin, TX, 78701","Promote Event","Bar / Nightlife · Rainey","Unbarlievable","Bar / Nightlife listing in Downtown Austin.","Partner view: Residents are looking for nearby things to do without switching apps. Audience: Best fit: residents, guests, and groups already near the venue. Opportunity: Make the RSVP and directions path immediate from the map. Best timing: Strongest window: day-of and two hours before start Next move: Promote Event","Promote Event; Reports; Contact","","OpenStreetMap / Overpass"
"Resident","partner-via-313","Via 313","Rainey","Pizza / Dining","venue","Dining","96 Rainey St, Austin TX, 78701","Free appetizer with resident card","Pizza / Dining · Rainey","Via 313","Detroit-style pizza spot in downtown Austin.","Resident perk: Free appetizer with resident card. Value: Free appetizer with resident card. Detroit-style pizza spot in downtown Austin. Use it: Show your Downtown Perks Card when a resident offer is active.","Call / Website / Email when available; Show Card; Save to Card; Directions","/images/map-entities/rainey-bars/via-313.jpeg","Downtown Perks supplemental partner layer"
"Partner","partner-via-313","Via 313","Rainey","Pizza / Dining","venue","Dining","96 Rainey St, Austin TX, 78701","Create Map Plan","Pizza / Dining · Rainey","Via 313","Detroit-style pizza spot in downtown Austin.","Partner view: People nearby are deciding where to go next. Audience: Best fit: residents, guests, and visitors already close to Rainey. Opportunity: Make Via 313 easy to save, find, and act on from the map. Best timing: Strongest window: lunch, after work, and weekend planning Next move: Create Map Plan","Create Map Plan; Reports; Contact","/images/map-entities/rainey-bars/via-313.jpeg","Downtown Perks supplemental partner layer"
"Resident","via-313-pizza-node-11390573667","Via 313 Pizza","Rainey","Pizza / Dining","venue","Dining","96, Rainey Street, Austin, TX, 78701","Food trailer","Pizza / Dining · Rainey","Via 313 Pizza","Detroit-style pizza spot in downtown Austin.","Resident perk: Food trailer. Value: Food trailer. Resident dining offers, specials, and repeat-visit campaigns Use it: Show your Downtown Perks Card when a resident offer is active.","Call / Website / Email when available; Show Card; Save to Card; Directions","","OpenStreetMap / Overpass"
"Partner","via-313-pizza-node-11390573667","Via 313 Pizza","Rainey","Pizza / Dining","venue","Dining","96, Rainey Street, Austin, TX, 78701","Create Map Plan","Pizza / Dining · Rainey","Via 313 Pizza","Detroit-style pizza spot in downtown Austin.","Partner view: People nearby are deciding where to go next. Audience: Best fit: residents, guests, and visitors already close to Rainey. Opportunity: Make Via 313 Pizza easy to save, find, and act on from the map. Best timing: Strongest window: lunch, after work, and weekend planning Next move: Create Map Plan","Create Map Plan; Reports; Contact","","OpenStreetMap / Overpass"
"Resident","priority-the-waterline","Waterline","Rainey","Mixed Use / Residential + Office + Hotel + Retail","mixed_use","Dining","98 Red River St, Austin TX, 78701","Resident welcome package","Mixed Use / Residential + Office + Hotel + Retail · Rainey","Waterline","Austin's tallest tower combines residences, offices, hospitality, restaurants, and retail within a single development.","Resident perk: Resident welcome package. Value: Resident welcome package. Austin's tallest tower combines residences, offices, hospitality, restaurants, and retail within a single development. Use it: Use the contact option to ask about availability, showings, or similar downtown homes.","Call / Website / Email when available; Show Card; Save to Card; Directions","/images/properties/bowie-attached.jpg","Downtown Perks supplemental partner layer"
"Partner","priority-the-waterline","Waterline","Rainey","Mixed Use / Residential + Office + Hotel + Retail","mixed_use","Dining","98 Red River St, Austin TX, 78701","Create Guest Guide","Mixed Use / Residential + Office + Hotel + Retail · Rainey","Waterline","Austin's tallest tower combines residences, offices, hospitality, restaurants, and retail within a single development.","Partner view: Guests and residents nearby are looking for dinner, events, and easy walkable plans. Audience: Best fit: hotel guests, nearby residents, and visitors already walking through the area. Opportunity: Promote a concierge-style local guide or resident rate during late afternoon planning windows. Best timing: Strongest window: 3 PM to 8 PM Next move: Create Guest Guide","Create Guest Guide; Reports; Contact","/images/properties/bowie-attached.jpg","Downtown Perks supplemental partner layer"
"Resident","windsor-on-the-lake-way-312335050","Windsor on the Lake","Rainey","Residential Property","property","Residential","43, Rainey Street, Austin, TX, 78701","Property Discovery","Residential Property · Rainey","Windsor on the Lake","Residential Property listing in Downtown Austin.","Resident perk: Property Discovery. Value: Ask about availability. Resident onboarding, building-level perks, and local engagement Use it: Use the contact option to ask about availability, showings, or similar downtown homes.","Call / Website / Email when available; Show Card; Save to Card; Directions","","OpenStreetMap / Overpass"
"Partner","windsor-on-the-lake-way-312335050","Windsor on the Lake","Rainey","Residential Property","property","Residential","43, Rainey Street, Austin, TX, 78701","Create Property Plan","Residential Property · Rainey","Windsor on the Lake","Residential Property listing in Downtown Austin.","Partner view: Residents and prospects use this area to understand what daily life feels like around the building. Audience: Best fit: current residents, people looking at the building, brokers, and nearby businesses. Opportunity: Attach nearby perks, events, and walkable recommendations to the property story. Best timing: Strongest window: weekday lunch and after-work planning Next move: Create Property Plan","Create Property Plan; Reports; Contact","","OpenStreetMap / Overpass"
"Resident","arlo-s-node-5562252104","Arlo's","Red River","Restaurant / Food","venue","Dining","900, Red River Street, Austin, TX, 78701","Dining Perk","Restaurant / Food · Red River","Arlo's","Restaurant / Food listing in Downtown Austin.","Resident perk: Dining Perk. Value: Resident card access. Resident dining offers, specials, and repeat-visit campaigns Use it: Show your Downtown Perks Card when a resident offer is active.","Call / Website / Email when available; Show Card; Save to Card; Directions","","OpenStreetMap / Overpass"
"Partner","arlo-s-node-5562252104","Arlo's","Red River","Restaurant / Food","venue","Dining","900, Red River Street, Austin, TX, 78701","Create Map Plan","Restaurant / Food · Red River","Arlo's","Restaurant / Food listing in Downtown Austin.","Partner view: People nearby are deciding where to go next. Audience: Best fit: residents, guests, and visitors already close to Red River. Opportunity: Make Arlo's easy to save, find, and act on from the map. Best timing: Strongest window: lunch, after work, and weekend planning Next move: Create Map Plan","Create Map Plan; Reports; Contact","","OpenStreetMap / Overpass"
"Resident","barbarella-way-328605851","Barbarella","Red River","Bar / Nightlife","venue","Nightlife","611, Red River Street, Austin, TX, 78701","Night Out Nearby","Bar / Nightlife · Red River","Barbarella","Bar / Nightlife listing in Downtown Austin.","Resident perk: Night Out Nearby. Value: Resident card access. Resident happy-hour perks, nightlife activations, and event check-ins Use it: Show your Downtown Perks Card when a resident offer is active.","Call / Website / Email when available; Show Card; Save to Card; Directions","","OpenStreetMap / Overpass"
"Partner","barbarella-way-328605851","Barbarella","Red River","Bar / Nightlife","venue","Nightlife","611, Red River Street, Austin, TX, 78701","Promote Event","Bar / Nightlife · Red River","Barbarella","Bar / Nightlife listing in Downtown Austin.","Partner view: Residents are looking for nearby things to do without switching apps. Audience: Best fit: residents, guests, and groups already near the venue. Opportunity: Make the RSVP and directions path immediate from the map. Best timing: Strongest window: day-of and two hours before start Next move: Promote Event","Promote Event; Reports; Contact","","OpenStreetMap / Overpass"
"Resident","cheer-up-charlies-way-328649887","Cheer Up Charlies","Red River","Bar / Nightlife","venue","Nightlife","900, Red River Street, Austin, 78701","Night Out Nearby","Bar / Nightlife · Red River","Cheer Up Charlies","Bar / Nightlife listing in Downtown Austin.","Resident perk: Night Out Nearby. Value: Resident card access. Resident happy-hour perks, nightlife activations, and event check-ins Use it: Show your Downtown Perks Card when a resident offer is active.","Call / Website / Email when available; Show Card; Save to Card; Directions","","OpenStreetMap / Overpass"
"Partner","cheer-up-charlies-way-328649887","Cheer Up Charlies","Red River","Bar / Nightlife","venue","Nightlife","900, Red River Street, Austin, 78701","Promote Event","Bar / Nightlife · Red River","Cheer Up Charlies","Bar / Nightlife listing in Downtown Austin.","Partner view: Residents are looking for nearby things to do without switching apps. Audience: Best fit: residents, guests, and groups already near the venue. Opportunity: Make the RSVP and directions path immediate from the map. Best timing: Strongest window: day-of and two hours before start Next move: Promote Event","Promote Event; Reports; Contact","","OpenStreetMap / Overpass"
"Resident","chess-club-node-3355462801","Chess Club","Red River","Bar / Nightlife","venue","Nightlife","617, Red River Street, Austin, TX, 78701","Night Out Nearby","Bar / Nightlife · Red River","Chess Club","Bar / Nightlife listing in Downtown Austin.","Resident perk: Night Out Nearby. Value: Resident card access. Resident happy-hour perks, nightlife activations, and event check-ins Use it: Show your Downtown Perks Card when a resident offer is active.","Call / Website / Email when available; Show Card; Save to Card; Directions","","OpenStreetMap / Overpass"
"Partner","chess-club-node-3355462801","Chess Club","Red River","Bar / Nightlife","venue","Nightlife","617, Red River Street, Austin, TX, 78701","Promote Event","Bar / Nightlife · Red River","Chess Club","Bar / Nightlife listing in Downtown Austin.","Partner view: Residents are looking for nearby things to do without switching apps. Audience: Best fit: residents, guests, and groups already near the venue. Opportunity: Make the RSVP and directions path immediate from the map. Best timing: Strongest window: day-of and two hours before start Next move: Promote Event","Promote Event; Reports; Contact","","OpenStreetMap / Overpass"
"Resident","denton-a-cooley-pavillion-way-27397931","Denton A. Cooley Pavillion","Red River","Wellness / Recreation","venue","Civic","1601, Red River Street, TX, 78701","Nearby Downtown Option","Wellness / Recreation · Red River","Denton A. Cooley Pavillion","Wellness / Recreation listing in Downtown Austin.","Resident perk: Nearby Downtown Option. Value: Save it or go now. Fitness and outdoor activity alignment for resident wellbeing loops Use it: Save it, get directions, or show your Downtown Perks Card if access is available.","Call / Website / Email when available; Show Card; Save to Card; Directions","","OpenStreetMap / Overpass"
"Partner","denton-a-cooley-pavillion-way-27397931","Denton A. Cooley Pavillion","Red River","Wellness / Recreation","venue","Civic","1601, Red River Street, TX, 78701","Create Map Plan","Wellness / Recreation · Red River","Denton A. Cooley Pavillion","Wellness / Recreation listing in Downtown Austin.","Partner view: People nearby are deciding where to go next. Audience: Best fit: residents, guests, and visitors already close to Red River. Opportunity: Make Denton A. Cooley Pavillion easy to save, find, and act on from the map. Best timing: Strongest window: lunch, after work, and weekend planning Next move: Create Map Plan","Create Map Plan; Reports; Contact","","OpenStreetMap / Overpass"
"Resident","elysium-node-3849779422","Elysium","Red River","Bar / Nightlife","venue","Nightlife","705, Red River Street, 78701","Night Out Nearby","Bar / Nightlife · Red River","Elysium","Bar / Nightlife listing in Downtown Austin.","Resident perk: Night Out Nearby. Value: Resident card access. Resident happy-hour perks, nightlife activations, and event check-ins Use it: Show your Downtown Perks Card when a resident offer is active.","Call / Website / Email when available; Show Card; Save to Card; Directions","","OpenStreetMap / Overpass"
"Partner","elysium-node-3849779422","Elysium","Red River","Bar / Nightlife","venue","Nightlife","705, Red River Street, 78701","Promote Event","Bar / Nightlife · Red River","Elysium","Bar / Nightlife listing in Downtown Austin.","Partner view: Residents are looking for nearby things to do without switching apps. Audience: Best fit: residents, guests, and groups already near the venue. Opportunity: Make the RSVP and directions path immediate from the map. Best timing: Strongest window: day-of and two hours before start Next move: Promote Event","Promote Event; Reports; Contact","","OpenStreetMap / Overpass"
"Resident","fairmont-austin-way-134786106","Fairmont Austin","Red River","Hotel / Hospitality","hotel","Hotel","101, Red River Street, Austin, TX, 78701","Local Guest Guide","Hotel / Hospitality · Red River","Fairmont Austin","Hotel / Hospitality listing operated by Fairmont.","Resident perk: Local Guest Guide. Value: Neighborhood access. Staycation perks, partner-hosted events, and sponsor activations Use it: Save it, get directions, or ask about resident access when available.","Call / Website / Email when available; Show Card; Save to Card; Directions","","OpenStreetMap / Overpass"
"Partner","fairmont-austin-way-134786106","Fairmont Austin","Red River","Hotel / Hospitality","hotel","Hotel","101, Red River Street, Austin, TX, 78701","Create Guest Guide","Hotel / Hospitality · Red River","Fairmont Austin","Hotel / Hospitality listing operated by Fairmont.","Partner view: Guests and residents nearby are looking for dinner, events, and easy walkable plans. Audience: Best fit: hotel guests, nearby residents, and visitors already walking through the area. Opportunity: Promote a concierge-style local guide or resident rate during late afternoon planning windows. Best timing: Strongest window: 3 PM to 8 PM Next move: Create Guest Guide","Create Guest Guide; Reports; Contact","","OpenStreetMap / Overpass"
"Resident","hotel-indigo-austin-downtown-university-node-3849779925","Hotel Indigo Austin Downtown - University","Red River","Hotel / Hospitality","hotel","Hotel","810, Red River Street, 78701","Local Guest Guide","Hotel / Hospitality · Red River","Hotel Indigo Austin Downtown - University","Hotel / Hospitality listing operated by Hotel Indigo.","Resident perk: Local Guest Guide. Value: Neighborhood access. Staycation perks, partner-hosted events, and sponsor activations Use it: Save it, get directions, or ask about resident access when available.","Call / Website / Email when available; Show Card; Save to Card; Directions","","OpenStreetMap / Overpass"
"Partner","hotel-indigo-austin-downtown-university-node-3849779925","Hotel Indigo Austin Downtown - University","Red River","Hotel / Hospitality","hotel","Hotel","810, Red River Street, 78701","Create Guest Guide","Hotel / Hospitality · Red River","Hotel Indigo Austin Downtown - University","Hotel / Hospitality listing operated by Hotel Indigo.","Partner view: Guests and residents nearby are looking for dinner, events, and easy walkable plans. Audience: Best fit: hotel guests, nearby residents, and visitors already walking through the area. Opportunity: Promote a concierge-style local guide or resident rate during late afternoon planning windows. Best timing: Strongest window: 3 PM to 8 PM Next move: Create Guest Guide","Create Guest Guide; Reports; Contact","","OpenStreetMap / Overpass"
"Resident","iron-works-barbecue-way-379165920","Iron Works Barbecue","Red River","Restaurant / Food","venue","Dining","100, Red River Street, 78701","Dining Perk","Restaurant / Food · Red River","Iron Works Barbecue","Restaurant / Food with cuisine focus: barbecue.","Resident perk: Dining Perk. Value: Resident card access. Resident dining offers, specials, and repeat-visit campaigns Use it: Show your Downtown Perks Card when a resident offer is active.","Call / Website / Email when available; Show Card; Save to Card; Directions","","OpenStreetMap / Overpass"
"Partner","iron-works-barbecue-way-379165920","Iron Works Barbecue","Red River","Restaurant / Food","venue","Dining","100, Red River Street, 78701","Create Map Plan","Restaurant / Food · Red River","Iron Works Barbecue","Restaurant / Food with cuisine focus: barbecue.","Partner view: People nearby are deciding where to go next. Audience: Best fit: residents, guests, and visitors already close to Red River. Opportunity: Make Iron Works Barbecue easy to save, find, and act on from the map. Best timing: Strongest window: lunch, after work, and weekend planning Next move: Create Map Plan","Create Map Plan; Reports; Contact","","OpenStreetMap / Overpass"
"Resident","event-morning-yoga-waterloo","Morning Yoga at Waterloo Park","Red River","Event / Wellness","event","Event","Waterloo Park, Austin, TX 78701","Event RSVP","Event / Wellness · Red River","Morning Yoga at Waterloo Park","Start your morning with a community yoga session in Waterloo Park. Bring a mat, water, and a neighbor.","Resident perk: Event RSVP. Value: Save or RSVP. Start your morning with a community yoga session in Waterloo Park. Bring a mat, water, and a neighbor. Use it: Save it to your card and check the event details before you go.","Call / Website / Email when available; Show Card; Save to Card; Directions","","Downtown Perks event layer"
"Partner","event-morning-yoga-waterloo","Morning Yoga at Waterloo Park","Red River","Event / Wellness","event","Event","Waterloo Park, Austin, TX 78701","Promote Event","Event / Wellness · Red River","Morning Yoga at Waterloo Park","Start your morning with a community yoga session in Waterloo Park. Bring a mat, water, and a neighbor.","Partner view: Residents are looking for nearby things to do without switching apps. Audience: Best fit: residents, guests, and groups already near the venue. Opportunity: Make the RSVP and directions path immediate from the map. Best timing: Strongest window: day-of and two hours before start Next move: Promote Event","Promote Event; Reports; Contact","","Downtown Perks event layer"
"Resident","pelons-tex-mex-way-379166316","Pelons Tex Mex","Red River","Restaurant / Food","venue","Dining","802, Red River Street, 78701","Dining Perk","Restaurant / Food · Red River","Pelons Tex Mex","Restaurant / Food with cuisine focus: tex-mex.","Resident perk: Dining Perk. Value: Resident card access. Resident dining offers, specials, and repeat-visit campaigns Use it: Show your Downtown Perks Card when a resident offer is active.","Call / Website / Email when available; Show Card; Save to Card; Directions","","OpenStreetMap / Overpass"
"Partner","pelons-tex-mex-way-379166316","Pelons Tex Mex","Red River","Restaurant / Food","venue","Dining","802, Red River Street, 78701","Create Map Plan","Restaurant / Food · Red River","Pelons Tex Mex","Restaurant / Food with cuisine focus: tex-mex.","Partner view: People nearby are deciding where to go next. Audience: Best fit: residents, guests, and visitors already close to Red River. Opportunity: Make Pelons Tex Mex easy to save, find, and act on from the map. Best timing: Strongest window: lunch, after work, and weekend planning Next move: Create Map Plan","Create Map Plan; Reports; Contact","","OpenStreetMap / Overpass"
"Resident","stubs-bbq-way-379166013","Stubs BBQ","Red River","Restaurant / Food","venue","Dining","801, Red River Street, 78701","Dining Perk","Restaurant / Food · Red River","Stubs BBQ","Restaurant / Food with cuisine focus: barbecue.","Resident perk: Dining Perk. Value: Resident card access. Resident dining offers, specials, and repeat-visit campaigns Use it: Show your Downtown Perks Card when a resident offer is active.","Call / Website / Email when available; Show Card; Save to Card; Directions","","OpenStreetMap / Overpass"
"Partner","stubs-bbq-way-379166013","Stubs BBQ","Red River","Restaurant / Food","venue","Dining","801, Red River Street, 78701","Create Map Plan","Restaurant / Food · Red River","Stubs BBQ","Restaurant / Food with cuisine focus: barbecue.","Partner view: People nearby are deciding where to go next. Audience: Best fit: residents, guests, and visitors already close to Red River. Opportunity: Make Stubs BBQ easy to save, find, and act on from the map. Best timing: Strongest window: lunch, after work, and weekend planning Next move: Create Map Plan","Create Map Plan; Reports; Contact","","OpenStreetMap / Overpass"
"Resident","swan-dive-way-328605873","Swan Dive","Red River","Bar / Nightlife","venue","Nightlife","615, Red River Street, Austin, TX, 78701","Night Out Nearby","Bar / Nightlife · Red River","Swan Dive","Bar / Nightlife listing in Downtown Austin.","Resident perk: Night Out Nearby. Value: Resident card access. Resident happy-hour perks, nightlife activations, and event check-ins Use it: Show your Downtown Perks Card when a resident offer is active.","Call / Website / Email when available; Show Card; Save to Card; Directions","","OpenStreetMap / Overpass"
"Partner","swan-dive-way-328605873","Swan Dive","Red River","Bar / Nightlife","venue","Nightlife","615, Red River Street, Austin, TX, 78701","Promote Event","Bar / Nightlife · Red River","Swan Dive","Bar / Nightlife listing in Downtown Austin.","Partner view: Residents are looking for nearby things to do without switching apps. Audience: Best fit: residents, guests, and groups already near the venue. Opportunity: Make the RSVP and directions path immediate from the map. Best timing: Strongest window: day-of and two hours before start Next move: Promote Event","Promote Event; Reports; Contact","","OpenStreetMap / Overpass"
"Resident","the-13th-floor-node-1481420720","The 13th Floor","Red River","Bar / Nightlife","venue","Nightlife","711, Red River Street, Austin, TX, 78701","Night Out Nearby","Bar / Nightlife · Red River","The 13th Floor","Bar / Nightlife listing in Downtown Austin.","Resident perk: Night Out Nearby. Value: Resident card access. Resident happy-hour perks, nightlife activations, and event check-ins Use it: Show your Downtown Perks Card when a resident offer is active.","Call / Website / Email when available; Show Card; Save to Card; Directions","","OpenStreetMap / Overpass"
"Partner","the-13th-floor-node-1481420720","The 13th Floor","Red River","Bar / Nightlife","venue","Nightlife","711, Red River Street, Austin, TX, 78701","Promote Event","Bar / Nightlife · Red River","The 13th Floor","Bar / Nightlife listing in Downtown Austin.","Partner view: Residents are looking for nearby things to do without switching apps. Audience: Best fit: residents, guests, and groups already near the venue. Opportunity: Make the RSVP and directions path immediate from the map. Best timing: Strongest window: day-of and two hours before start Next move: Promote Event","Promote Event; Reports; Contact","","OpenStreetMap / Overpass"
"Resident","the-beverly-at-medical-center-way-328649861","The Beverly at Medical Center","Red River","Residential Property","property","Residential","901, Red River Street, Austin, TX, 78701","Property Discovery","Residential Property · Red River","The Beverly at Medical Center","Residential Property listing in Downtown Austin.","Resident perk: Property Discovery. Value: Ask about availability. Resident onboarding, building-level perks, and local engagement Use it: Use the contact option to ask about availability, showings, or similar downtown homes.","Call / Website / Email when available; Show Card; Save to Card; Directions","","OpenStreetMap / Overpass"
"Partner","the-beverly-at-medical-center-way-328649861","The Beverly at Medical Center","Red River","Residential Property","property","Residential","901, Red River Street, Austin, TX, 78701","Create Property Plan","Residential Property · Red River","The Beverly at Medical Center","Residential Property listing in Downtown Austin.","Partner view: Residents and prospects use this area to understand what daily life feels like around the building. Audience: Best fit: current residents, people looking at the building, brokers, and nearby businesses. Opportunity: Attach nearby perks, events, and walkable recommendations to the property story. Best timing: Strongest window: weekday lunch and after-work planning Next move: Create Property Plan","Create Property Plan; Reports; Contact","","OpenStreetMap / Overpass"
"Resident","the-quincy-way-960185446","The Quincy","Red River","Residential Property","property","Residential","91, Red River Street, Austin, TX, 78701","Property Discovery","Residential Property · Red River","The Quincy","Residential Property listing in Downtown Austin.","Resident perk: Property Discovery. Value: Ask about availability. Resident onboarding, building-level perks, and local engagement Use it: Use the contact option to ask about availability, showings, or similar downtown homes.","Call / Website / Email when available; Show Card; Save to Card; Directions","","OpenStreetMap / Overpass"
"Partner","the-quincy-way-960185446","The Quincy","Red River","Residential Property","property","Residential","91, Red River Street, Austin, TX, 78701","Create Property Plan","Residential Property · Red River","The Quincy","Residential Property listing in Downtown Austin.","Partner view: Residents and prospects use this area to understand what daily life feels like around the building. Audience: Best fit: current residents, people looking at the building, brokers, and nearby businesses. Opportunity: Attach nearby perks, events, and walkable recommendations to the property story. Best timing: Strongest window: weekday lunch and after-work planning Next move: Create Property Plan","Create Property Plan; Reports; Contact","","OpenStreetMap / Overpass"
"Resident","valhalla-way-379166132","Valhalla","Red River","Bar / Nightlife","venue","Nightlife","710, Red River Street, 78701","Night Out Nearby","Bar / Nightlife · Red River","Valhalla","Bar / Nightlife listing in Downtown Austin.","Resident perk: Night Out Nearby. Value: Resident card access. Resident happy-hour perks, nightlife activations, and event check-ins Use it: Show your Downtown Perks Card when a resident offer is active.","Call / Website / Email when available; Show Card; Save to Card; Directions","","OpenStreetMap / Overpass"
"Partner","valhalla-way-379166132","Valhalla","Red River","Bar / Nightlife","venue","Nightlife","710, Red River Street, 78701","Promote Event","Bar / Nightlife · Red River","Valhalla","Bar / Nightlife listing in Downtown Austin.","Partner view: Residents are looking for nearby things to do without switching apps. Audience: Best fit: residents, guests, and groups already near the venue. Opportunity: Make the RSVP and directions path immediate from the map. Best timing: Strongest window: day-of and two hours before start Next move: Promote Event","Promote Event; Reports; Contact","","OpenStreetMap / Overpass"
"Resident","civic-waterloo-greenway","Waterloo Greenway","Red River","Civic / Public Space","civic","Campaign","Waterloo Park, Austin TX, 78701","Park Activation & Green Space Access","Civic / Public Space · Red River","Waterloo Greenway","Urban park system and public space partner in downtown Austin.","Resident perk: Park Activation & Green Space Access. Value: Park Activation & Green Space Access. Urban park system and public space partner in downtown Austin. Use it: Save it, get directions, or show your Downtown Perks Card if access is available.","Call / Website / Email when available; Show Card; Save to Card; Directions","/images/residents/downtown-rooftop-evening.png","Downtown Perks supplemental partner layer"
"Partner","civic-waterloo-greenway","Waterloo Greenway","Red River","Civic / Public Space","civic","Campaign","Waterloo Park, Austin TX, 78701","Create Map Plan","Civic / Public Space · Red River","Waterloo Greenway","Urban park system and public space partner in downtown Austin.","Partner view: People nearby are deciding where to go next. Audience: Best fit: residents, guests, and visitors already close to Red River. Opportunity: Make Waterloo Greenway easy to save, find, and act on from the map. Best timing: Strongest window: lunch, after work, and weekend planning Next move: Create Map Plan","Create Map Plan; Reports; Contact","/images/residents/downtown-rooftop-evening.png","Downtown Perks supplemental partner layer"
"Resident","legends-real-estate-222-west-ave-2301","222 West Ave # 2301","Seaholm","Legends Real Estate / For Sale","property","Legends","222 West Ave # 2301, Austin TX, 78701","Exclusive District Integration Guide","Legends Real Estate / For Sale · Seaholm","222 West Ave # 2301","Downtown Austin residence connected to the Legends Real Estate verified listing layer.","Resident perk: Exclusive District Integration Guide. Value: Exclusive District Integration Guide. Downtown Austin residence connected to the Legends Real Estate verified listing layer. Use it: Use the contact option to ask about availability, showings, or similar downtown homes.","Call / Website / Email when available; Show Card; Save to Card; Directions","/images/properties/bowie-attached.jpg","Downtown Perks supplemental partner layer"
"Partner","legends-real-estate-222-west-ave-2301","222 West Ave # 2301","Seaholm","Legends Real Estate / For Sale","property","Legends","222 West Ave # 2301, Austin TX, 78701","Create Property Plan","Legends Real Estate / For Sale · Seaholm","222 West Ave # 2301","Downtown Austin residence connected to the Legends Real Estate verified listing layer.","Partner view: Residents and prospects use this area to understand what daily life feels like around the building. Audience: Best fit: current residents, people looking at the building, brokers, and nearby businesses. Opportunity: Attach nearby perks, events, and walkable recommendations to the property story. Best timing: Strongest window: weekday lunch and after-work planning Next move: Create Property Plan","Create Property Plan; Reports; Contact","/images/properties/bowie-attached.jpg","Downtown Perks supplemental partner layer"
"Resident","partner-equinox","Equinox","Seaholm","Brand / Wellness","brand","Campaign","Downtown Austin, TX 78701","Complimentary high-tier assessment & session","Brand / Wellness · Seaholm","Equinox","Premium wellness partner connected to resident movement and downtown routines.","Resident perk: Complimentary high-tier assessment & session. Value: Complimentary high-tier assessment & session. Premium wellness partner connected to resident movement and downtown routines. Use it: Save it, get directions, or check the panel for resident access.","Call / Website / Email when available; Show Card; Save to Card; Directions","/images/brands/stay-put-sign.jpg","Downtown Perks supplemental partner layer"
"Partner","partner-equinox","Equinox","Seaholm","Brand / Wellness","brand","Campaign","Downtown Austin, TX 78701","Plan Brand Moment","Brand / Wellness · Seaholm","Equinox","Premium wellness partner connected to resident movement and downtown routines.","Partner view: People nearby are choosing what to do, where to go, and what feels useful today. Audience: Best fit: residents, visitors, and event-goers moving through Seaholm. Opportunity: Place Equinox near the moments where the brand is useful, not just visible. Best timing: Strongest window: event days, weekends, and after-work planning Next move: Plan Brand Moment","Plan Brand Moment; Reports; Contact","/images/brands/stay-put-sign.jpg","Downtown Perks supplemental partner layer"
"Resident","fleet-feet-node-8928045234","Fleet Feet","Seaholm","Retail / Business","venue","Civic","211, Walter Seaholm Drive, Austin, TX, 78701","Nearby Downtown Option","Retail / Business · Seaholm","Fleet Feet","Retail / Business listing operated by Fleet Feet.","Resident perk: Nearby Downtown Option. Value: Save it or go now. Resident discount programs and neighborhood shopping incentives Use it: Save it, get directions, or show your Downtown Perks Card if access is available.","Call / Website / Email when available; Show Card; Save to Card; Directions","","OpenStreetMap / Overpass"
"Partner","fleet-feet-node-8928045234","Fleet Feet","Seaholm","Retail / Business","venue","Civic","211, Walter Seaholm Drive, Austin, TX, 78701","Create Map Plan","Retail / Business · Seaholm","Fleet Feet","Retail / Business listing operated by Fleet Feet.","Partner view: People nearby are deciding where to go next. Audience: Best fit: residents, guests, and visitors already close to Seaholm. Opportunity: Make Fleet Feet easy to save, find, and act on from the map. Best timing: Strongest window: lunch, after work, and weekend planning Next move: Create Map Plan","Create Map Plan; Reports; Contact","","OpenStreetMap / Overpass"
"Resident","healthy-pet-node-8220261373","Healthy Pet","Seaholm","Retail / Business","venue","Civic","211, Walter Seaholm Drive, 78701","Nearby Downtown Option","Retail / Business · Seaholm","Healthy Pet","Retail / Business listing in Downtown Austin.","Resident perk: Nearby Downtown Option. Value: Save it or go now. Resident discount programs and neighborhood shopping incentives Use it: Save it, get directions, or show your Downtown Perks Card if access is available.","Call / Website / Email when available; Show Card; Save to Card; Directions","","OpenStreetMap / Overpass"
"Partner","healthy-pet-node-8220261373","Healthy Pet","Seaholm","Retail / Business","venue","Civic","211, Walter Seaholm Drive, 78701","Create Map Plan","Retail / Business · Seaholm","Healthy Pet","Retail / Business listing in Downtown Austin.","Partner view: People nearby are deciding where to go next. Audience: Best fit: residents, guests, and visitors already close to Seaholm. Opportunity: Make Healthy Pet easy to save, find, and act on from the map. Best timing: Strongest window: lunch, after work, and weekend planning Next move: Create Map Plan","Create Map Plan; Reports; Contact","","OpenStreetMap / Overpass"
"Resident","rivian-downtown-austin-activation","Rivian Downtown Activation","Seaholm","Brand / Activation","brand","Campaign","Seaholm District, Austin, TX 78701","Resident Access","Brand / Activation · Seaholm","Rivian Downtown Activation","A downtown brand moment tied to resident movement, test-drive interest, and nearby lifestyle stops.","Resident perk: Resident Access. Value: Local partner moment. A downtown brand moment tied to resident movement, test-drive interest, and nearby lifestyle stops. Use it: Save it, get directions, or check the panel for resident access.","Call / Website / Email when available; Show Card; Save to Card; Directions","","Downtown Perks brand partner layer"
"Partner","rivian-downtown-austin-activation","Rivian Downtown Activation","Seaholm","Brand / Activation","brand","Campaign","Seaholm District, Austin, TX 78701","Plan Brand Moment","Brand / Activation · Seaholm","Rivian Downtown Activation","A downtown brand moment tied to resident movement, test-drive interest, and nearby lifestyle stops.","Partner view: People nearby are choosing what to do, where to go, and what feels useful today. Audience: Best fit: residents, visitors, and event-goers moving through Seaholm. Opportunity: Place Rivian Downtown Activation near the moments where the brand is useful, not just visible. Best timing: Strongest window: event days, weekends, and after-work planning Next move: Plan Brand Moment","Plan Brand Moment; Reports; Contact","","Downtown Perks brand partner layer"
"Resident","ruiz-salon-node-8220261375","Ruiz Salon","Seaholm","Retail / Business","venue","Civic","211, Walter Seaholm Drive, Austin, TX, 78701","Nearby Downtown Option","Retail / Business · Seaholm","Ruiz Salon","Retail / Business listing in Downtown Austin.","Resident perk: Nearby Downtown Option. Value: Save it or go now. Resident discount programs and neighborhood shopping incentives Use it: Save it, get directions, or show your Downtown Perks Card if access is available.","Call / Website / Email when available; Show Card; Save to Card; Directions","","OpenStreetMap / Overpass"
"Partner","ruiz-salon-node-8220261375","Ruiz Salon","Seaholm","Retail / Business","venue","Civic","211, Walter Seaholm Drive, Austin, TX, 78701","Create Map Plan","Retail / Business · Seaholm","Ruiz Salon","Retail / Business listing in Downtown Austin.","Partner view: People nearby are deciding where to go next. Audience: Best fit: residents, guests, and visitors already close to Seaholm. Opportunity: Make Ruiz Salon easy to save, find, and act on from the map. Best timing: Strongest window: lunch, after work, and weekend planning Next move: Create Map Plan","Create Map Plan; Reports; Contact","","OpenStreetMap / Overpass"
"Resident","event-run-club","Run Club","Seaholm","Event / Fitness","event","Coffee","Shoal Creek Trailhead, Austin, TX 78701","Coffee Stop","Event / Fitness · Seaholm","Run Club","Start nearby, finish with coffee after. Built for residents who want movement without another app or group thread.","Resident perk: Coffee Stop. Value: Resident card access. Start nearby, finish with coffee after. Built for residents who want movement without another app or group thread. Use it: Show your Downtown Perks Card when a resident offer is active.","Call / Website / Email when available; Show Card; Save to Card; Directions","","Downtown Perks event layer"
"Partner","event-run-club","Run Club","Seaholm","Event / Fitness","event","Coffee","Shoal Creek Trailhead, Austin, TX 78701","Promote Event","Event / Fitness · Seaholm","Run Club","Start nearby, finish with coffee after. Built for residents who want movement without another app or group thread.","Partner view: Residents are looking for nearby things to do without switching apps. Audience: Best fit: residents, guests, and groups already near the venue. Opportunity: Make the RSVP and directions path immediate from the map. Best timing: Strongest window: day-of and two hours before start Next move: Promote Event","Promote Event; Reports; Contact","","Downtown Perks event layer"
"Resident","the-baked-bear-node-8220261376","The Baked Bear","Seaholm","Restaurant / Food","venue","Dining","211, Walter Seaholm Drive, Austin, TX, 78701","Dining Perk","Restaurant / Food · Seaholm","The Baked Bear","Restaurant / Food with cuisine focus: ice_cream.","Resident perk: Dining Perk. Value: Resident card access. Resident dining offers, specials, and repeat-visit campaigns Use it: Show your Downtown Perks Card when a resident offer is active.","Call / Website / Email when available; Show Card; Save to Card; Directions","","OpenStreetMap / Overpass"
"Partner","the-baked-bear-node-8220261376","The Baked Bear","Seaholm","Restaurant / Food","venue","Dining","211, Walter Seaholm Drive, Austin, TX, 78701","Create Map Plan","Restaurant / Food · Seaholm","The Baked Bear","Restaurant / Food with cuisine focus: ice_cream.","Partner view: People nearby are deciding where to go next. Audience: Best fit: residents, guests, and visitors already close to Seaholm. Opportunity: Make The Baked Bear easy to save, find, and act on from the map. Best timing: Strongest window: lunch, after work, and weekend planning Next move: Create Map Plan","Create Map Plan; Reports; Contact","","OpenStreetMap / Overpass"
"Resident","priority-the-independent","The Independent","Seaholm","Priority Building / Property","property","Residential","301 West Ave, Austin TX, 78701","Skydeck guest passes","Priority Building / Property · Seaholm","The Independent","Iconic downtown residential tower connected to resident perks and local discovery.","Resident perk: Skydeck guest passes. Value: Skydeck guest passes. Iconic downtown residential tower connected to resident perks and local discovery. Use it: Use the contact option to ask about availability, showings, or similar downtown homes.","Call / Website / Email when available; Show Card; Save to Card; Directions","/images/properties/bowie-attached.jpg","Downtown Perks supplemental partner layer"
"Partner","priority-the-independent","The Independent","Seaholm","Priority Building / Property","property","Residential","301 West Ave, Austin TX, 78701","Create Property Plan","Priority Building / Property · Seaholm","The Independent","Iconic downtown residential tower connected to resident perks and local discovery.","Partner view: Residents and prospects use this area to understand what daily life feels like around the building. Audience: Best fit: current residents, people looking at the building, brokers, and nearby businesses. Opportunity: Attach nearby perks, events, and walkable recommendations to the property story. Best timing: Strongest window: weekday lunch and after-work planning Next move: Create Property Plan","Create Property Plan; Reports; Contact","/images/properties/bowie-attached.jpg","Downtown Perks supplemental partner layer"
"Resident","legends-real-estate-independent-3201","The Independent #3201","Seaholm","Legends Real Estate / For Sale","property","Legends","501 West Ave #3201, Austin TX, 78701","Architectural Heritage Document","Legends Real Estate / For Sale · Seaholm","The Independent #3201","Signature Independent residence connected to Legends Real Estate's downtown inventory layer.","Resident perk: Architectural Heritage Document. Value: Architectural Heritage Document. Signature Independent residence connected to Legends Real Estate's downtown inventory layer. Use it: Use the contact option to ask about availability, showings, or similar downtown homes.","Call / Website / Email when available; Show Card; Save to Card; Directions","/images/properties/bowie-attached.jpg","Downtown Perks supplemental partner layer"
"Partner","legends-real-estate-independent-3201","The Independent #3201","Seaholm","Legends Real Estate / For Sale","property","Legends","501 West Ave #3201, Austin TX, 78701","Create Property Plan","Legends Real Estate / For Sale · Seaholm","The Independent #3201","Signature Independent residence connected to Legends Real Estate's downtown inventory layer.","Partner view: Residents and prospects use this area to understand what daily life feels like around the building. Audience: Best fit: current residents, people looking at the building, brokers, and nearby businesses. Opportunity: Attach nearby perks, events, and walkable recommendations to the property story. Best timing: Strongest window: weekday lunch and after-work planning Next move: Create Property Plan","Create Property Plan; Reports; Contact","/images/properties/bowie-attached.jpg","Downtown Perks supplemental partner layer"
"Resident","trader-joe-s-node-3810482243","Trader Joe's","Seaholm","Retail / Business","venue","Civic","211, Walter Seaholm Drive, Austin, TX, 78701","Nearby Downtown Option","Retail / Business · Seaholm","Trader Joe's","Retail / Business listing operated by Trader Joe's.","Resident perk: Nearby Downtown Option. Value: Save it or go now. Resident discount programs and neighborhood shopping incentives Use it: Save it, get directions, or show your Downtown Perks Card if access is available.","Call / Website / Email when available; Show Card; Save to Card; Directions","","OpenStreetMap / Overpass"
"Partner","trader-joe-s-node-3810482243","Trader Joe's","Seaholm","Retail / Business","venue","Civic","211, Walter Seaholm Drive, Austin, TX, 78701","Create Map Plan","Retail / Business · Seaholm","Trader Joe's","Retail / Business listing operated by Trader Joe's.","Partner view: People nearby are deciding where to go next. Audience: Best fit: residents, guests, and visitors already close to Seaholm. Opportunity: Make Trader Joe's easy to save, find, and act on from the map. Best timing: Strongest window: lunch, after work, and weekend planning Next move: Create Map Plan","Create Map Plan; Reports; Contact","","OpenStreetMap / Overpass"
"Resident","priority-6th-guadalupe","6th & Guadalupe","West 6th","Priority Building / Property","property","Residential","400 W 6th St, Austin TX, 78701","Property Discovery","Priority Building / Property · West 6th","6th & Guadalupe","Mixed-use downtown tower at the 6th Street corridor.","Resident perk: Property Discovery. Value: Ask about availability. Mixed-use downtown tower at the 6th Street corridor. Use it: Use the contact option to ask about availability, showings, or similar downtown homes.","Call / Website / Email when available; Show Card; Save to Card; Directions","/images/properties/bowie-attached.jpg","Downtown Perks supplemental partner layer"
"Partner","priority-6th-guadalupe","6th & Guadalupe","West 6th","Priority Building / Property","property","Residential","400 W 6th St, Austin TX, 78701","Create Property Plan","Priority Building / Property · West 6th","6th & Guadalupe","Mixed-use downtown tower at the 6th Street corridor.","Partner view: Residents and prospects use this area to understand what daily life feels like around the building. Audience: Best fit: current residents, people looking at the building, brokers, and nearby businesses. Opportunity: Attach nearby perks, events, and walkable recommendations to the property story. Best timing: Strongest window: weekday lunch and after-work planning Next move: Create Property Plan","Create Property Plan; Reports; Contact","/images/properties/bowie-attached.jpg","Downtown Perks supplemental partner layer"
"Resident","austin-wine-merchant-way-99868651","Austin Wine Merchant","West 6th","Retail / Business","venue","Civic","512, West 6th Street, Austin, TX, 78701","Nearby Downtown Option","Retail / Business · West 6th","Austin Wine Merchant","Retail / Business listing in Downtown Austin.","Resident perk: Nearby Downtown Option. Value: Save it or go now. Resident discount programs and neighborhood shopping incentives Use it: Save it, get directions, or show your Downtown Perks Card if access is available.","Call / Website / Email when available; Show Card; Save to Card; Directions","","OpenStreetMap / Overpass"
"Partner","austin-wine-merchant-way-99868651","Austin Wine Merchant","West 6th","Retail / Business","venue","Civic","512, West 6th Street, Austin, TX, 78701","Create Map Plan","Retail / Business · West 6th","Austin Wine Merchant","Retail / Business listing in Downtown Austin.","Partner view: People nearby are deciding where to go next. Audience: Best fit: residents, guests, and visitors already close to West 6th. Opportunity: Make Austin Wine Merchant easy to save, find, and act on from the map. Best timing: Strongest window: lunch, after work, and weekend planning Next move: Create Map Plan","Create Map Plan; Reports; Contact","","OpenStreetMap / Overpass"
"Resident","buford-s-way-1317394746","Buford's","West 6th","Bar / Nightlife","venue","Nightlife","700, West 6th Street, Austin, TX, 78701","Night Out Nearby","Bar / Nightlife · West 6th","Buford's","Bar / Nightlife listing in Downtown Austin.","Resident perk: Night Out Nearby. Value: Resident card access. Resident happy-hour perks, nightlife activations, and event check-ins Use it: Show your Downtown Perks Card when a resident offer is active.","Call / Website / Email when available; Show Card; Save to Card; Directions","","OpenStreetMap / Overpass"
"Partner","buford-s-way-1317394746","Buford's","West 6th","Bar / Nightlife","venue","Nightlife","700, West 6th Street, Austin, TX, 78701","Promote Event","Bar / Nightlife · West 6th","Buford's","Bar / Nightlife listing in Downtown Austin.","Partner view: Residents are looking for nearby things to do without switching apps. Audience: Best fit: residents, guests, and groups already near the venue. Opportunity: Make the RSVP and directions path immediate from the map. Best timing: Strongest window: day-of and two hours before start Next move: Promote Event","Promote Event; Reports; Contact","","OpenStreetMap / Overpass"
"Resident","bull-bowl-node-12513317003","Bull & Bowl","West 6th","Restaurant / Food","venue","Dining","501, West 6th Street, Austin, TX, 78701","Dining Perk","Restaurant / Food · West 6th","Bull & Bowl","Restaurant / Food with cuisine focus: american.","Resident perk: Dining Perk. Value: Resident card access. Resident dining offers, specials, and repeat-visit campaigns Use it: Show your Downtown Perks Card when a resident offer is active.","Call / Website / Email when available; Show Card; Save to Card; Directions","","OpenStreetMap / Overpass"
"Partner","bull-bowl-node-12513317003","Bull & Bowl","West 6th","Restaurant / Food","venue","Dining","501, West 6th Street, Austin, TX, 78701","Create Map Plan","Restaurant / Food · West 6th","Bull & Bowl","Restaurant / Food with cuisine focus: american.","Partner view: People nearby are deciding where to go next. Audience: Best fit: residents, guests, and visitors already close to West 6th. Opportunity: Make Bull & Bowl easy to save, find, and act on from the map. Best timing: Strongest window: lunch, after work, and weekend planning Next move: Create Map Plan","Create Map Plan; Reports; Contact","","OpenStreetMap / Overpass"
"Resident","canopy-by-hilton-relation-13599015","Canopy by Hilton","West 6th","Hotel / Hospitality","hotel","Hotel","612, West 6th Street, Austin, TX, 78701","Local Guest Guide","Hotel / Hospitality · West 6th","Canopy by Hilton","Hotel / Hospitality listing operated by Canopy.","Resident perk: Local Guest Guide. Value: Neighborhood access. Staycation perks, partner-hosted events, and sponsor activations Use it: Save it, get directions, or ask about resident access when available.","Call / Website / Email when available; Show Card; Save to Card; Directions","","OpenStreetMap / Overpass"
"Partner","canopy-by-hilton-relation-13599015","Canopy by Hilton","West 6th","Hotel / Hospitality","hotel","Hotel","612, West 6th Street, Austin, TX, 78701","Create Guest Guide","Hotel / Hospitality · West 6th","Canopy by Hilton","Hotel / Hospitality listing operated by Canopy.","Partner view: Guests and residents nearby are looking for dinner, events, and easy walkable plans. Audience: Best fit: hotel guests, nearby residents, and visitors already walking through the area. Opportunity: Promote a concierge-style local guide or resident rate during late afternoon planning windows. Best timing: Strongest window: 3 PM to 8 PM Next move: Create Guest Guide","Create Guest Guide; Reports; Contact","","OpenStreetMap / Overpass"
"Resident","concrete-cowboy-way-99868632","Concrete Cowboy","West 6th","Bar / Nightlife","venue","Nightlife","719, West 6th Street, 78701","Night Out Nearby","Bar / Nightlife · West 6th","Concrete Cowboy","Bar / Nightlife listing in Downtown Austin.","Resident perk: Night Out Nearby. Value: Resident card access. Resident happy-hour perks, nightlife activations, and event check-ins Use it: Show your Downtown Perks Card when a resident offer is active.","Call / Website / Email when available; Show Card; Save to Card; Directions","","OpenStreetMap / Overpass"
"Partner","concrete-cowboy-way-99868632","Concrete Cowboy","West 6th","Bar / Nightlife","venue","Nightlife","719, West 6th Street, 78701","Promote Event","Bar / Nightlife · West 6th","Concrete Cowboy","Bar / Nightlife listing in Downtown Austin.","Partner view: Residents are looking for nearby things to do without switching apps. Audience: Best fit: residents, guests, and groups already near the venue. Opportunity: Make the RSVP and directions path immediate from the map. Best timing: Strongest window: day-of and two hours before start Next move: Promote Event","Promote Event; Reports; Contact","","OpenStreetMap / Overpass"
"Resident","coyote-ugly-way-328607264","Coyote Ugly","West 6th","Bar / Nightlife","venue","Nightlife","501, East 6th Street, Austin, TX, 78701","Night Out Nearby","Bar / Nightlife · West 6th","Coyote Ugly","Bar / Nightlife listing operated by Coyote Ugly Saloon.","Resident perk: Night Out Nearby. Value: Resident card access. Resident happy-hour perks, nightlife activations, and event check-ins Use it: Show your Downtown Perks Card when a resident offer is active.","Call / Website / Email when available; Show Card; Save to Card; Directions","","OpenStreetMap / Overpass"
"Partner","coyote-ugly-way-328607264","Coyote Ugly","West 6th","Bar / Nightlife","venue","Nightlife","501, East 6th Street, Austin, TX, 78701","Promote Event","Bar / Nightlife · West 6th","Coyote Ugly","Bar / Nightlife listing operated by Coyote Ugly Saloon.","Partner view: Residents are looking for nearby things to do without switching apps. Audience: Best fit: residents, guests, and groups already near the venue. Opportunity: Make the RSVP and directions path immediate from the map. Best timing: Strongest window: day-of and two hours before start Next move: Promote Event","Promote Event; Reports; Contact","","OpenStreetMap / Overpass"
"Resident","devil-may-care-way-1243589077","Devil May Care","West 6th","Bar / Nightlife","venue","Nightlife","500, West 6th Street, Austin, TX, 78701","Night Out Nearby","Bar / Nightlife · West 6th","Devil May Care","Bar / Nightlife listing in Downtown Austin.","Resident perk: Night Out Nearby. Value: Resident card access. Resident happy-hour perks, nightlife activations, and event check-ins Use it: Show your Downtown Perks Card when a resident offer is active.","Call / Website / Email when available; Show Card; Save to Card; Directions","","OpenStreetMap / Overpass"
"Partner","devil-may-care-way-1243589077","Devil May Care","West 6th","Bar / Nightlife","venue","Nightlife","500, West 6th Street, Austin, TX, 78701","Promote Event","Bar / Nightlife · West 6th","Devil May Care","Bar / Nightlife listing in Downtown Austin.","Partner view: Residents are looking for nearby things to do without switching apps. Audience: Best fit: residents, guests, and groups already near the venue. Opportunity: Make the RSVP and directions path immediate from the map. Best timing: Strongest window: day-of and two hours before start Next move: Promote Event","Promote Event; Reports; Contact","","OpenStreetMap / Overpass"
"Resident","flamingo-cantina-way-328607280","Flamingo Cantina","West 6th","Bar / Nightlife","venue","Nightlife","515, East 6th Street, 78701","Night Out Nearby","Bar / Nightlife · West 6th","Flamingo Cantina","Bar / Nightlife listing in Downtown Austin.","Resident perk: Night Out Nearby. Value: Resident card access. Resident happy-hour perks, nightlife activations, and event check-ins Use it: Show your Downtown Perks Card when a resident offer is active.","Call / Website / Email when available; Show Card; Save to Card; Directions","","OpenStreetMap / Overpass"
"Partner","flamingo-cantina-way-328607280","Flamingo Cantina","West 6th","Bar / Nightlife","venue","Nightlife","515, East 6th Street, 78701","Promote Event","Bar / Nightlife · West 6th","Flamingo Cantina","Bar / Nightlife listing in Downtown Austin.","Partner view: Residents are looking for nearby things to do without switching apps. Audience: Best fit: residents, guests, and groups already near the venue. Opportunity: Make the RSVP and directions path immediate from the map. Best timing: Strongest window: day-of and two hours before start Next move: Promote Event","Promote Event; Reports; Contact","","OpenStreetMap / Overpass"
"Resident","good-intentions-way-328607273","Good Intentions","West 6th","Bar / Nightlife","venue","Nightlife","401, East 6th Street, 78701","Night Out Nearby","Bar / Nightlife · West 6th","Good Intentions","Bar / Nightlife listing in Downtown Austin.","Resident perk: Night Out Nearby. Value: Resident card access. Resident happy-hour perks, nightlife activations, and event check-ins Use it: Show your Downtown Perks Card when a resident offer is active.","Call / Website / Email when available; Show Card; Save to Card; Directions","","OpenStreetMap / Overpass"
"Partner","good-intentions-way-328607273","Good Intentions","West 6th","Bar / Nightlife","venue","Nightlife","401, East 6th Street, 78701","Promote Event","Bar / Nightlife · West 6th","Good Intentions","Bar / Nightlife listing in Downtown Austin.","Partner view: Residents are looking for nearby things to do without switching apps. Audience: Best fit: residents, guests, and groups already near the venue. Opportunity: Make the RSVP and directions path immediate from the map. Best timing: Strongest window: day-of and two hours before start Next move: Promote Event","Promote Event; Reports; Contact","","OpenStreetMap / Overpass"
"Resident","green-light-social-way-99868647","Green Light Social","West 6th","Bar / Nightlife","venue","Nightlife","720, West 6th Street, Austin, TX, 78701","Night Out Nearby","Bar / Nightlife · West 6th","Green Light Social","Bar / Nightlife listing in Downtown Austin.","Resident perk: Night Out Nearby. Value: Resident card access. Resident happy-hour perks, nightlife activations, and event check-ins Use it: Show your Downtown Perks Card when a resident offer is active.","Call / Website / Email when available; Show Card; Save to Card; Directions","","OpenStreetMap / Overpass"
"Partner","green-light-social-way-99868647","Green Light Social","West 6th","Bar / Nightlife","venue","Nightlife","720, West 6th Street, Austin, TX, 78701","Promote Event","Bar / Nightlife · West 6th","Green Light Social","Bar / Nightlife listing in Downtown Austin.","Partner view: Residents are looking for nearby things to do without switching apps. Audience: Best fit: residents, guests, and groups already near the venue. Opportunity: Make the RSVP and directions path immediate from the map. Best timing: Strongest window: day-of and two hours before start Next move: Promote Event","Promote Event; Reports; Contact","","OpenStreetMap / Overpass"
"Resident","green-light-social-node-3849779883","Green Light Social","West 6th","Bar / Nightlife","venue","Nightlife","720, West 6th Street, 78701","Night Out Nearby","Bar / Nightlife · West 6th","Green Light Social","Bar / Nightlife listing in Downtown Austin.","Resident perk: Night Out Nearby. Value: Resident card access. Resident happy-hour perks, nightlife activations, and event check-ins Use it: Show your Downtown Perks Card when a resident offer is active.","Call / Website / Email when available; Show Card; Save to Card; Directions","","OpenStreetMap / Overpass"
"Partner","green-light-social-node-3849779883","Green Light Social","West 6th","Bar / Nightlife","venue","Nightlife","720, West 6th Street, 78701","Promote Event","Bar / Nightlife · West 6th","Green Light Social","Bar / Nightlife listing in Downtown Austin.","Partner view: Residents are looking for nearby things to do without switching apps. Audience: Best fit: residents, guests, and groups already near the venue. Opportunity: Make the RSVP and directions path immediate from the map. Best timing: Strongest window: day-of and two hours before start Next move: Promote Event","Promote Event; Reports; Contact","","OpenStreetMap / Overpass"
"Resident","happy-chicks-node-1481633361","Happy Chicks","West 6th","Restaurant / Food","venue","Dining","214, East 6th Street, Austin, TX, 78701","Dining Perk","Restaurant / Food · West 6th","Happy Chicks","Restaurant / Food with cuisine focus: chicken.","Resident perk: Dining Perk. Value: Resident card access. Resident dining offers, specials, and repeat-visit campaigns Use it: Show your Downtown Perks Card when a resident offer is active.","Call / Website / Email when available; Show Card; Save to Card; Directions","","OpenStreetMap / Overpass"
"Partner","happy-chicks-node-1481633361","Happy Chicks","West 6th","Restaurant / Food","venue","Dining","214, East 6th Street, Austin, TX, 78701","Create Map Plan","Restaurant / Food · West 6th","Happy Chicks","Restaurant / Food with cuisine focus: chicken.","Partner view: People nearby are deciding where to go next. Audience: Best fit: residents, guests, and visitors already close to West 6th. Opportunity: Make Happy Chicks easy to save, find, and act on from the map. Best timing: Strongest window: lunch, after work, and weekend planning Next move: Create Map Plan","Create Map Plan; Reports; Contact","","OpenStreetMap / Overpass"
"Resident","hoffbrau-steaks-way-99868671","Hoffbrau Steaks","West 6th","Restaurant / Food","venue","Dining","613, West 6th Street, 78701","Dining Perk","Restaurant / Food · West 6th","Hoffbrau Steaks","Restaurant / Food listing in Downtown Austin.","Resident perk: Dining Perk. Value: Resident card access. Resident dining offers, specials, and repeat-visit campaigns Use it: Show your Downtown Perks Card when a resident offer is active.","Call / Website / Email when available; Show Card; Save to Card; Directions","","OpenStreetMap / Overpass"
"Partner","hoffbrau-steaks-way-99868671","Hoffbrau Steaks","West 6th","Restaurant / Food","venue","Dining","613, West 6th Street, 78701","Create Map Plan","Restaurant / Food · West 6th","Hoffbrau Steaks","Restaurant / Food listing in Downtown Austin.","Partner view: People nearby are deciding where to go next. Audience: Best fit: residents, guests, and visitors already close to West 6th. Opportunity: Make Hoffbrau Steaks easy to save, find, and act on from the map. Best timing: Strongest window: lunch, after work, and weekend planning Next move: Create Map Plan","Create Map Plan; Reports; Contact","","OpenStreetMap / Overpass"
"Resident","jewboy-sliders-way-1316797916","JewBoy Sliders","West 6th","Restaurant / Food","venue","Dining","1111, East 6th Street, Austin, TX, 78701","Dining Perk","Restaurant / Food · West 6th","JewBoy Sliders","Restaurant / Food with cuisine focus: burger.","Resident perk: Dining Perk. Value: Resident card access. Resident dining offers, specials, and repeat-visit campaigns Use it: Show your Downtown Perks Card when a resident offer is active.","Call / Website / Email when available; Show Card; Save to Card; Directions","","OpenStreetMap / Overpass"
"Partner","jewboy-sliders-way-1316797916","JewBoy Sliders","West 6th","Restaurant / Food","venue","Dining","1111, East 6th Street, Austin, TX, 78701","Create Map Plan","Restaurant / Food · West 6th","JewBoy Sliders","Restaurant / Food with cuisine focus: burger.","Partner view: People nearby are deciding where to go next. Audience: Best fit: residents, guests, and visitors already close to West 6th. Opportunity: Make JewBoy Sliders easy to save, find, and act on from the map. Best timing: Strongest window: lunch, after work, and weekend planning Next move: Create Map Plan","Create Map Plan; Reports; Contact","","OpenStreetMap / Overpass"
"Resident","key-bar-way-379165967","Key Bar","West 6th","Bar / Nightlife","venue","Nightlife","617, West 6th Street, 78701","Night Out Nearby","Bar / Nightlife · West 6th","Key Bar","Bar / Nightlife listing in Downtown Austin.","Resident perk: Night Out Nearby. Value: Resident card access. Resident happy-hour perks, nightlife activations, and event check-ins Use it: Show your Downtown Perks Card when a resident offer is active.","Call / Website / Email when available; Show Card; Save to Card; Directions","","OpenStreetMap / Overpass"
"Partner","key-bar-way-379165967","Key Bar","West 6th","Bar / Nightlife","venue","Nightlife","617, West 6th Street, 78701","Promote Event","Bar / Nightlife · West 6th","Key Bar","Bar / Nightlife listing in Downtown Austin.","Partner view: Residents are looking for nearby things to do without switching apps. Audience: Best fit: residents, guests, and groups already near the venue. Opportunity: Make the RSVP and directions path immediate from the map. Best timing: Strongest window: day-of and two hours before start Next move: Promote Event","Promote Event; Reports; Contact","","OpenStreetMap / Overpass"
"Resident","little-woodrow-s-way-1243589069","Little Woodrow's","West 6th","Bar / Nightlife","venue","Nightlife","520, West 6th Street, 78701","Night Out Nearby","Bar / Nightlife · West 6th","Little Woodrow's","Bar / Nightlife listing in Downtown Austin.","Resident perk: Night Out Nearby. Value: Resident card access. Resident happy-hour perks, nightlife activations, and event check-ins Use it: Show your Downtown Perks Card when a resident offer is active.","Call / Website / Email when available; Show Card; Save to Card; Directions","","OpenStreetMap / Overpass"
"Partner","little-woodrow-s-way-1243589069","Little Woodrow's","West 6th","Bar / Nightlife","venue","Nightlife","520, West 6th Street, 78701","Promote Event","Bar / Nightlife · West 6th","Little Woodrow's","Bar / Nightlife listing in Downtown Austin.","Partner view: Residents are looking for nearby things to do without switching apps. Audience: Best fit: residents, guests, and groups already near the venue. Opportunity: Make the RSVP and directions path immediate from the map. Best timing: Strongest window: day-of and two hours before start Next move: Promote Event","Promote Event; Reports; Contact","","OpenStreetMap / Overpass"
"Resident","lonesome-dove-bistro-node-4948072436","Lonesome Dove Bistro","West 6th","Restaurant / Food","venue","Dining","123, West 6th Street, Austin, TX, 78701","Dining Perk","Restaurant / Food · West 6th","Lonesome Dove Bistro","Restaurant / Food with cuisine focus: western.","Resident perk: Dining Perk. Value: Resident card access. Resident dining offers, specials, and repeat-visit campaigns Use it: Show your Downtown Perks Card when a resident offer is active.","Call / Website / Email when available; Show Card; Save to Card; Directions","","OpenStreetMap / Overpass"
"Partner","lonesome-dove-bistro-node-4948072436","Lonesome Dove Bistro","West 6th","Restaurant / Food","venue","Dining","123, West 6th Street, Austin, TX, 78701","Create Map Plan","Restaurant / Food · West 6th","Lonesome Dove Bistro","Restaurant / Food with cuisine focus: western.","Partner view: People nearby are deciding where to go next. Audience: Best fit: residents, guests, and visitors already close to West 6th. Opportunity: Make Lonesome Dove Bistro easy to save, find, and act on from the map. Best timing: Strongest window: lunch, after work, and weekend planning Next move: Create Map Plan","Create Map Plan; Reports; Contact","","OpenStreetMap / Overpass"
"Resident","mayfair-node-12513317004","Mayfair","West 6th","Bar / Nightlife","venue","Nightlife","501, West 6th Street, Austin, TX, 78701","Night Out Nearby","Bar / Nightlife · West 6th","Mayfair","Bar / Nightlife listing in Downtown Austin.","Resident perk: Night Out Nearby. Value: Resident card access. Resident happy-hour perks, nightlife activations, and event check-ins Use it: Show your Downtown Perks Card when a resident offer is active.","Call / Website / Email when available; Show Card; Save to Card; Directions","","OpenStreetMap / Overpass"
"Partner","mayfair-node-12513317004","Mayfair","West 6th","Bar / Nightlife","venue","Nightlife","501, West 6th Street, Austin, TX, 78701","Promote Event","Bar / Nightlife · West 6th","Mayfair","Bar / Nightlife listing in Downtown Austin.","Partner view: Residents are looking for nearby things to do without switching apps. Audience: Best fit: residents, guests, and groups already near the venue. Opportunity: Make the RSVP and directions path immediate from the map. Best timing: Strongest window: day-of and two hours before start Next move: Promote Event","Promote Event; Reports; Contact","","OpenStreetMap / Overpass"
"Resident","onetaco-taquer-a-way-1243589076","OneTaco Taquería","West 6th","Restaurant / Food","venue","Dining","520, West 6th Street, Austin, TX, 78701","Dining Perk","Restaurant / Food · West 6th","OneTaco Taquería","Restaurant / Food with cuisine focus: mexican.","Resident perk: Dining Perk. Value: Resident card access. Resident dining offers, specials, and repeat-visit campaigns Use it: Show your Downtown Perks Card when a resident offer is active.","Call / Website / Email when available; Show Card; Save to Card; Directions","","OpenStreetMap / Overpass"
"Partner","onetaco-taquer-a-way-1243589076","OneTaco Taquería","West 6th","Restaurant / Food","venue","Dining","520, West 6th Street, Austin, TX, 78701","Create Map Plan","Restaurant / Food · West 6th","OneTaco Taquería","Restaurant / Food with cuisine focus: mexican.","Partner view: People nearby are deciding where to go next. Audience: Best fit: residents, guests, and visitors already close to West 6th. Opportunity: Make OneTaco Taquería easy to save, find, and act on from the map. Best timing: Strongest window: lunch, after work, and weekend planning Next move: Create Map Plan","Create Map Plan; Reports; Contact","","OpenStreetMap / Overpass"
"Resident","parlor-and-yard-way-99868668","Parlor and Yard","West 6th","Restaurant / Food","venue","Dining","601, West 6th Street, 78701","Dining Perk","Restaurant / Food · West 6th","Parlor and Yard","Restaurant / Food listing in Downtown Austin.","Resident perk: Dining Perk. Value: Resident card access. Resident dining offers, specials, and repeat-visit campaigns Use it: Show your Downtown Perks Card when a resident offer is active.","Call / Website / Email when available; Show Card; Save to Card; Directions","","OpenStreetMap / Overpass"
"Partner","parlor-and-yard-way-99868668","Parlor and Yard","West 6th","Restaurant / Food","venue","Dining","601, West 6th Street, 78701","Create Map Plan","Restaurant / Food · West 6th","Parlor and Yard","Restaurant / Food listing in Downtown Austin.","Partner view: People nearby are deciding where to go next. Audience: Best fit: residents, guests, and visitors already close to West 6th. Opportunity: Make Parlor and Yard easy to save, find, and act on from the map. Best timing: Strongest window: lunch, after work, and weekend planning Next move: Create Map Plan","Create Map Plan; Reports; Contact","","OpenStreetMap / Overpass"
"Resident","play-on-west-6th-way-1243789762","Play on West 6th","West 6th","Bar / Nightlife","venue","Nightlife","620, West 6th Street, Austin, TX, 78701","Night Out Nearby","Bar / Nightlife · West 6th","Play on West 6th","Bar / Nightlife listing in Downtown Austin.","Resident perk: Night Out Nearby. Value: Resident card access. Resident happy-hour perks, nightlife activations, and event check-ins Use it: Show your Downtown Perks Card when a resident offer is active.","Call / Website / Email when available; Show Card; Save to Card; Directions","","OpenStreetMap / Overpass"
"Partner","play-on-west-6th-way-1243789762","Play on West 6th","West 6th","Bar / Nightlife","venue","Nightlife","620, West 6th Street, Austin, TX, 78701","Promote Event","Bar / Nightlife · West 6th","Play on West 6th","Bar / Nightlife listing in Downtown Austin.","Partner view: Residents are looking for nearby things to do without switching apps. Audience: Best fit: residents, guests, and groups already near the venue. Opportunity: Make the RSVP and directions path immediate from the map. Best timing: Strongest window: day-of and two hours before start Next move: Promote Event","Promote Event; Reports; Contact","","OpenStreetMap / Overpass"
"Resident","pop-way-1243789761","Pop","West 6th","Bar / Nightlife","venue","Nightlife","620, West 6th Street, Austin, TX, 78701","Night Out Nearby","Bar / Nightlife · West 6th","Pop","Bar / Nightlife listing in Downtown Austin.","Resident perk: Night Out Nearby. Value: Resident card access. Resident happy-hour perks, nightlife activations, and event check-ins Use it: Show your Downtown Perks Card when a resident offer is active.","Call / Website / Email when available; Show Card; Save to Card; Directions","","OpenStreetMap / Overpass"
"Partner","pop-way-1243789761","Pop","West 6th","Bar / Nightlife","venue","Nightlife","620, West 6th Street, Austin, TX, 78701","Promote Event","Bar / Nightlife · West 6th","Pop","Bar / Nightlife listing in Downtown Austin.","Partner view: Residents are looking for nearby things to do without switching apps. Audience: Best fit: residents, guests, and groups already near the venue. Opportunity: Make the RSVP and directions path immediate from the map. Best timing: Strongest window: day-of and two hours before start Next move: Promote Event","Promote Event; Reports; Contact","","OpenStreetMap / Overpass"
"Resident","roppolo-s-pizza-way-328529689","Roppolo's Pizza","West 6th","Restaurant / Food","venue","Dining","316, East 6th Street, 78701","Dining Perk","Restaurant / Food · West 6th","Roppolo's Pizza","Restaurant / Food with cuisine focus: pizza.","Resident perk: Dining Perk. Value: Resident card access. Resident dining offers, specials, and repeat-visit campaigns Use it: Show your Downtown Perks Card when a resident offer is active.","Call / Website / Email when available; Show Card; Save to Card; Directions","","OpenStreetMap / Overpass"
"Partner","roppolo-s-pizza-way-328529689","Roppolo's Pizza","West 6th","Restaurant / Food","venue","Dining","316, East 6th Street, 78701","Create Map Plan","Restaurant / Food · West 6th","Roppolo's Pizza","Restaurant / Food with cuisine focus: pizza.","Partner view: People nearby are deciding where to go next. Audience: Best fit: residents, guests, and visitors already close to West 6th. Opportunity: Make Roppolo's Pizza easy to save, find, and act on from the map. Best timing: Strongest window: lunch, after work, and weekend planning Next move: Create Map Plan","Create Map Plan; Reports; Contact","","OpenStreetMap / Overpass"
"Resident","rustic-tap-node-7132324320","Rustic Tap","West 6th","Bar / Nightlife","venue","Nightlife","613, West 6th Street, Austin, TX, 78701","Night Out Nearby","Bar / Nightlife · West 6th","Rustic Tap","Bar / Nightlife listing in Downtown Austin.","Resident perk: Night Out Nearby. Value: Resident card access. Resident happy-hour perks, nightlife activations, and event check-ins Use it: Show your Downtown Perks Card when a resident offer is active.","Call / Website / Email when available; Show Card; Save to Card; Directions","","OpenStreetMap / Overpass"
"Partner","rustic-tap-node-7132324320","Rustic Tap","West 6th","Bar / Nightlife","venue","Nightlife","613, West 6th Street, Austin, TX, 78701","Promote Event","Bar / Nightlife · West 6th","Rustic Tap","Bar / Nightlife listing in Downtown Austin.","Partner view: Residents are looking for nearby things to do without switching apps. Audience: Best fit: residents, guests, and groups already near the venue. Opportunity: Make the RSVP and directions path immediate from the map. Best timing: Strongest window: day-of and two hours before start Next move: Promote Event","Promote Event; Reports; Contact","","OpenStreetMap / Overpass"
"Resident","sixth-and-guadalupe-way-972654803","Sixth and Guadalupe","West 6th","Other Relevant Listing","venue","Civic","400, West 6th Street, Austin, TX, 78701","Nearby Downtown Option","Other Relevant Listing · West 6th","Sixth and Guadalupe","Other Relevant Listing listing in Downtown Austin.","Resident perk: Nearby Downtown Option. Value: Save it or go now. Potential Downtown Perks partner listing based on location relevance Use it: Save it, get directions, or show your Downtown Perks Card if access is available.","Call / Website / Email when available; Show Card; Save to Card; Directions","","OpenStreetMap / Overpass"
"Partner","sixth-and-guadalupe-way-972654803","Sixth and Guadalupe","West 6th","Other Relevant Listing","venue","Civic","400, West 6th Street, Austin, TX, 78701","Create Map Plan","Other Relevant Listing · West 6th","Sixth and Guadalupe","Other Relevant Listing listing in Downtown Austin.","Partner view: People nearby are deciding where to go next. Audience: Best fit: residents, guests, and visitors already close to West 6th. Opportunity: Make Sixth and Guadalupe easy to save, find, and act on from the map. Best timing: Strongest window: lunch, after work, and weekend planning Next move: Create Map Plan","Create Map Plan; Reports; Contact","","OpenStreetMap / Overpass"
"Resident","star-bar-way-99868659","Star Bar","West 6th","Bar / Nightlife","venue","Nightlife","600, West 6th Street, Austin, TX, 78701","Night Out Nearby","Bar / Nightlife · West 6th","Star Bar","Bar / Nightlife listing in Downtown Austin.","Resident perk: Night Out Nearby. Value: Resident card access. Resident happy-hour perks, nightlife activations, and event check-ins Use it: Show your Downtown Perks Card when a resident offer is active.","Call / Website / Email when available; Show Card; Save to Card; Directions","","OpenStreetMap / Overpass"
"Partner","star-bar-way-99868659","Star Bar","West 6th","Bar / Nightlife","venue","Nightlife","600, West 6th Street, Austin, TX, 78701","Promote Event","Bar / Nightlife · West 6th","Star Bar","Bar / Nightlife listing in Downtown Austin.","Partner view: Residents are looking for nearby things to do without switching apps. Audience: Best fit: residents, guests, and groups already near the venue. Opportunity: Make the RSVP and directions path immediate from the map. Best timing: Strongest window: day-of and two hours before start Next move: Promote Event","Promote Event; Reports; Contact","","OpenStreetMap / Overpass"
"Resident","tenten-node-12513317002","Tenten","West 6th","Restaurant / Food","venue","Dining","501, West 6th Street, Austin, TX, 78701","Dining Perk","Restaurant / Food · West 6th","Tenten","Restaurant / Food with cuisine focus: japanese.","Resident perk: Dining Perk. Value: Resident card access. Resident dining offers, specials, and repeat-visit campaigns Use it: Show your Downtown Perks Card when a resident offer is active.","Call / Website / Email when available; Show Card; Save to Card; Directions","","OpenStreetMap / Overpass"
"Partner","tenten-node-12513317002","Tenten","West 6th","Restaurant / Food","venue","Dining","501, West 6th Street, Austin, TX, 78701","Create Map Plan","Restaurant / Food · West 6th","Tenten","Restaurant / Food with cuisine focus: japanese.","Partner view: People nearby are deciding where to go next. Audience: Best fit: residents, guests, and visitors already close to West 6th. Opportunity: Make Tenten easy to save, find, and act on from the map. Best timing: Strongest window: lunch, after work, and weekend planning Next move: Create Map Plan","Create Map Plan; Reports; Contact","","OpenStreetMap / Overpass"
"Resident","the-dogwood-way-99868624","The Dogwood","West 6th","Bar / Nightlife","venue","Nightlife","715, West 6th Street, Austin, TX, 78701","Night Out Nearby","Bar / Nightlife · West 6th","The Dogwood","Bar / Nightlife listing in Downtown Austin.","Resident perk: Night Out Nearby. Value: Resident card access. Resident happy-hour perks, nightlife activations, and event check-ins Use it: Show your Downtown Perks Card when a resident offer is active.","Call / Website / Email when available; Show Card; Save to Card; Directions","","OpenStreetMap / Overpass"
"Partner","the-dogwood-way-99868624","The Dogwood","West 6th","Bar / Nightlife","venue","Nightlife","715, West 6th Street, Austin, TX, 78701","Promote Event","Bar / Nightlife · West 6th","The Dogwood","Bar / Nightlife listing in Downtown Austin.","Partner view: Residents are looking for nearby things to do without switching apps. Audience: Best fit: residents, guests, and groups already near the venue. Opportunity: Make the RSVP and directions path immediate from the map. Best timing: Strongest window: day-of and two hours before start Next move: Promote Event","Promote Event; Reports; Contact","","OpenStreetMap / Overpass"
"Resident","the-iron-bear-node-1481633387","The Iron Bear","West 6th","Bar / Nightlife","venue","Nightlife","301, West 6th Street, Austin, TX, 78701","Night Out Nearby","Bar / Nightlife · West 6th","The Iron Bear","Bar / Nightlife listing in Downtown Austin.","Resident perk: Night Out Nearby. Value: Resident card access. Resident happy-hour perks, nightlife activations, and event check-ins Use it: Show your Downtown Perks Card when a resident offer is active.","Call / Website / Email when available; Show Card; Save to Card; Directions","","OpenStreetMap / Overpass"
"Partner","the-iron-bear-node-1481633387","The Iron Bear","West 6th","Bar / Nightlife","venue","Nightlife","301, West 6th Street, Austin, TX, 78701","Promote Event","Bar / Nightlife · West 6th","The Iron Bear","Bar / Nightlife listing in Downtown Austin.","Partner view: Residents are looking for nearby things to do without switching apps. Audience: Best fit: residents, guests, and groups already near the venue. Opportunity: Make the RSVP and directions path immediate from the map. Best timing: Strongest window: day-of and two hours before start Next move: Promote Event","Promote Event; Reports; Contact","","OpenStreetMap / Overpass"
"Resident","thistle-cafe-node-12800944897","Thistle Cafe","West 6th","Coffee / Cafe","venue","Coffee","221, West 6th Street, Austin, TX, 78701","Coffee Stop","Coffee / Cafe · West 6th","Thistle Cafe","Coffee / Cafe listing in Downtown Austin.","Resident perk: Coffee Stop. Value: Resident card access. Morning perk loops, loyalty rewards, and community meetup anchors Use it: Show your Downtown Perks Card when a resident offer is active.","Call / Website / Email when available; Show Card; Save to Card; Directions","","OpenStreetMap / Overpass"
"Partner","thistle-cafe-node-12800944897","Thistle Cafe","West 6th","Coffee / Cafe","venue","Coffee","221, West 6th Street, Austin, TX, 78701","Create Map Plan","Coffee / Cafe · West 6th","Thistle Cafe","Coffee / Cafe listing in Downtown Austin.","Partner view: People nearby are deciding where to go next. Audience: Best fit: residents, guests, and visitors already close to West 6th. Opportunity: Make Thistle Cafe easy to save, find, and act on from the map. Best timing: Strongest window: lunch, after work, and weekend planning Next move: Create Map Plan","Create Map Plan; Reports; Contact","","OpenStreetMap / Overpass"
"Resident","via-313-way-1350777573","Via 313","West 6th","Pizza / Dining","venue","Dining","600, West 6th Street, Austin, TX, 78701","Dining Perk","Pizza / Dining · West 6th","Via 313","Detroit-style pizza spot in downtown Austin.","Resident perk: Dining Perk. Value: Resident card access. Resident dining offers, specials, and repeat-visit campaigns Use it: Show your Downtown Perks Card when a resident offer is active.","Call / Website / Email when available; Show Card; Save to Card; Directions","","OpenStreetMap / Overpass"
"Partner","via-313-way-1350777573","Via 313","West 6th","Pizza / Dining","venue","Dining","600, West 6th Street, Austin, TX, 78701","Create Map Plan","Pizza / Dining · West 6th","Via 313","Detroit-style pizza spot in downtown Austin.","Partner view: People nearby are deciding where to go next. Audience: Best fit: residents, guests, and visitors already close to West 6th. Opportunity: Make Via 313 easy to save, find, and act on from the map. Best timing: Strongest window: lunch, after work, and weekend planning Next move: Create Map Plan","Create Map Plan; Reports; Contact","","OpenStreetMap / Overpass"
"Resident","walton-s-fancy-staple-way-99868618","Walton's Fancy & Staple","West 6th","Restaurant / Food","venue","Dining","609, West 6th Street, Austin, TX, 78701","Dining Perk","Restaurant / Food · West 6th","Walton's Fancy & Staple","Restaurant / Food listing in Downtown Austin.","Resident perk: Dining Perk. Value: Resident card access. Resident dining offers, specials, and repeat-visit campaigns Use it: Show your Downtown Perks Card when a resident offer is active.","Call / Website / Email when available; Show Card; Save to Card; Directions","","OpenStreetMap / Overpass"
"Partner","walton-s-fancy-staple-way-99868618","Walton's Fancy & Staple","West 6th","Restaurant / Food","venue","Dining","609, West 6th Street, Austin, TX, 78701","Create Map Plan","Restaurant / Food · West 6th","Walton's Fancy & Staple","Restaurant / Food listing in Downtown Austin.","Partner view: People nearby are deciding where to go next. Audience: Best fit: residents, guests, and visitors already close to West 6th. Opportunity: Make Walton's Fancy & Staple easy to save, find, and act on from the map. Best timing: Strongest window: lunch, after work, and weekend planning Next move: Create Map Plan","Create Map Plan; Reports; Contact","","OpenStreetMap / Overpass"
"Resident","legends-rent-1908-san-antonio-306","1908 San Antonio #306","West Campus","Residential Property","property","Legends","1908 San Antonio #306, Austin, TX 78705","Exclusive Property Access","Legends Real Estate · Residential Property · West Campus","1908 San Antonio #306","Want to live here? This Downtown Austin rental is listed at $1,750/mo. 1 bed • 1 bath • 649 sq ft • 190 days on market. Downtown Perks residents can contact Legends Real Estate for availability, showing times, and access to property options that may not always be surfaced on other listing sites.","Resident perk: Exclusive Property Access. Value: $1,750/mo · 1 bd · 1 ba · 649 sq ft. 1908 San Antonio #306 is available through Legends Real Estate. Downtown Perks residents can contact Legends to discover availability, showing options, and property opportunities that may not always be easy to find on other listing sites. Use it: Use the contact form to ask about availability, showing times, private tour options, and similar downtown properties.","Call / Website / Email when available; Show Card; Save to Card; Directions","/images/legends-listings/3854745b.jpeg","Legends Real Estate verified listing layer"
"Partner","legends-rent-1908-san-antonio-306","1908 San Antonio #306","West Campus","Residential Property","property","Legends","1908 San Antonio #306, Austin, TX 78705","Create Property Plan","Legends Real Estate · Residential Property · West Campus","1908 San Antonio #306","Want to live here? This Downtown Austin rental is listed at $1,750/mo. 1 bed • 1 bath • 649 sq ft • 190 days on market. Downtown Perks residents can contact Legends Real Estate for availability, showing times, and access to property options that may not always be surfaced on other listing sites.","Partner view: Residents and prospects use this area to understand what daily life feels like around the building. Audience: Best fit: current residents, people looking at the building, brokers, and nearby businesses. Opportunity: Attach nearby perks, events, and walkable recommendations to the property story. Best timing: Strongest window: weekday lunch and after-work planning Next move: Create Property Plan","Create Property Plan; Reports; Contact","/images/legends-listings/3854745b.jpeg","Legends Real Estate verified listing layer"