record_status,parent_entity_id,entity_id,slug,name,record_type,category,partner_type,brand,district,latitude,longitude,address,source_layer,pin_key,pin_label,pin_asset_path,has_perk,is_inkind,offer_summary,listing_brand_property_business_overview,resident_badge,resident_eyebrow,resident_meta,resident_panel_copy,resident_signal,resident_context_labels,resident_insight_grid,resident_actions,partner_badge,partner_eyebrow,partner_meta,partner_panel_copy,partner_signal,partner_context_labels,partner_insight_grid,partner_actions,image_path,source_url,valid_through,terms_summary,verification_status
current_map_entity,,comedy-mothership,comedy-mothership,Comedy Mothership,culture,culture,venue,,East Downtown,30.2676,-97.7385,"320 E 6th St, Austin, TX",culture,dining,Dining,/pins/circular/categories/dining.svg,False,False,,Downtown comedy anchor with strong nightlife and dinner crossover.,culture,East Downtown,Nearby / Resident ready,Downtown comedy anchor with strong nightlife and dinner crossover.,,Activation details | Offer/perk | Redemption locations | Campaign analytics,,Save -> toggle_saved_state | Nearby Perks -> /map?mode=resident&tab=map&filter=perks&near=comedy-mothership | External maps directions -> google_maps_url | Save -> toggle_saved_state,culture,East Downtown,Nearby / Partner signal,Downtown comedy anchor with strong nightlife and dinner crossover.,,Activation details | Offer/perk | Redemption locations | Campaign analytics,,Launch Campaign -> /partners/campaigns?entityId=comedy-mothership | View Reports -> /partner-workspace/overview | View Dashboard -> /partner-workspace | Resident View -> /map?mode=resident&tab=map | Edit Visibility -> open_visibility_controls | View Audience -> open_audience_view | Contact -> /contact,/images/motion/5OVOBur8PVysCm5FG_VdOAa7gUhIy1_fvE5kZsu0GsuYm7SNjgBBbVIIlHOziVJCOc7KQxMoc4JfYS5n4KfGSTDmXb6UZcEuaFk9nCXQkN1E78Sv8Pa4g4ktnmgi139nJwRbEqIhH7K1xlwdOC-afhNU2-a7TMFg6QTIvalBTTn4eKA2rlRgzVjsBrBtko0R.jpeg,,,,Imported from current map inventory
current_map_entity,,bangers,bangers,Banger's,venue,food,venue,,Rainey,30.2589,-97.7382,"79 Rainey St, Austin, TX",venue,dining,Dining,/pins/circular/categories/dining.svg,False,False,,Large Rainey beer garden and dining anchor with resident social pull.,food,Rainey,Nearby / Resident ready,Large Rainey beer garden and dining anchor with resident social pull.,,Activation details | Offer/perk | Redemption locations | Campaign analytics,,Save -> toggle_saved_state | Nearby Perks -> /map?mode=resident&tab=map&filter=perks&near=bangers | External maps directions -> google_maps_url | Save -> toggle_saved_state,food,Rainey,Nearby / Partner signal,Large Rainey beer garden and dining anchor with resident social pull.,,Activation details | Offer/perk | Redemption locations | Campaign analytics,,Launch Campaign -> /partners/campaigns?entityId=bangers | View Reports -> /partner-workspace/overview | View Dashboard -> /partner-workspace | Resident View -> /map?mode=resident&tab=map | Edit Visibility -> open_visibility_controls | View Audience -> open_audience_view | Contact -> /contact,/images/partner_dining_patio_1779052819620.png,,,,Imported from current map inventory
current_map_entity,,lustre-pearl,lustre-pearl,Lustre Pearl,nightlife,nightlife,venue,,Rainey,30.2584,-97.7388,"94 Rainey St, Austin, TX",nightlife,dining,Dining,/pins/circular/categories/dining.svg,False,False,,Rainey nightlife patio with strong mixer and resident event fit.,nightlife,Rainey,Nearby / Resident ready,Rainey nightlife patio with strong mixer and resident event fit.,,Activation details | Offer/perk | Redemption locations | Campaign analytics,,Save -> toggle_saved_state | Nearby Perks -> /map?mode=resident&tab=map&filter=perks&near=lustre-pearl | External maps directions -> google_maps_url | Save -> toggle_saved_state,nightlife,Rainey,Nearby / Partner signal,Rainey nightlife patio with strong mixer and resident event fit.,,Activation details | Offer/perk | Redemption locations | Campaign analytics,,Launch Campaign -> /partners/campaigns?entityId=lustre-pearl | View Reports -> /partner-workspace/overview | View Dashboard -> /partner-workspace | Resident View -> /map?mode=resident&tab=map | Edit Visibility -> open_visibility_controls | View Audience -> open_audience_view | Contact -> /contact,/images/motion/5OVOBur8PVysCm5FG_VdOAa7gUhIy1_fvE5kZsu0GsuYm7SNjgBBbVIIlHOziVJCOc7KQxMoc4JfYS5n4KfGSTDmXb6UZcEuaFk9nCXQkN1E78Sv8Pa4g4ktnmgi139nJwRbEqIhH7K1xlwdOC-afhNU2-a7TMFg6QTIvalBTTn4eKA2rlRgzVjsBrBtko0R.jpeg,,,,Imported from current map inventory
current_map_entity,,half-step,half-step,Half Step,nightlife,nightlife,venue,,Rainey,30.2592,-97.7385,"75 1/2 Rainey St, Austin, TX",nightlife,dining,Dining,/pins/circular/categories/dining.svg,False,False,,Cocktail destination on Rainey with strong post-event and happy-hour pull.,nightlife,Rainey,Nearby / Resident ready,Cocktail destination on Rainey with strong post-event and happy-hour pull.,,Activation details | Offer/perk | Redemption locations | Campaign analytics,,Save -> toggle_saved_state | Nearby Perks -> /map?mode=resident&tab=map&filter=perks&near=half-step | External maps directions -> google_maps_url | Save -> toggle_saved_state,nightlife,Rainey,Nearby / Partner signal,Cocktail destination on Rainey with strong post-event and happy-hour pull.,,Activation details | Offer/perk | Redemption locations | Campaign analytics,,Launch Campaign -> /partners/campaigns?entityId=half-step | View Reports -> /partner-workspace/overview | View Dashboard -> /partner-workspace | Resident View -> /map?mode=resident&tab=map | Edit Visibility -> open_visibility_controls | View Audience -> open_audience_view | Contact -> /contact,/images/partner/drop-in-images/inkind-table-spread.jpg,,,,Imported from current map inventory
current_map_entity,,the-independent,the-independent,The Independent,building,property,property,,Seaholm,30.2686,-97.7522,"301 West Ave, Austin, TX",property,property,Property,/pins/circular/categories/residential.svg,False,False,,Seaholm residential tower with premium downtown walkability.,Property,Seaholm,Nearby / Resident ready,Seaholm residential tower with premium downtown walkability.,,Nearby perks | Walkable context | Listing details | Events nearby,,View Property -> /map?mode=resident&tab=map&filter=Properties&entityId=the-independent | Contact Property -> open_property_contact_form | Nearby Perks -> /map?mode=resident&tab=map&filter=perks&near=the-independent | External maps directions -> google_maps_url | Show Card -> /map?mode=resident&tab=pass&sourceEntity=the-independent | Save -> toggle_saved_state,Property,Seaholm,Nearby / Partner signal,Residential visibility and listing activity near Seaholm.,,Nearby perks | Walkable context | Listing details | Events nearby,,View Property -> /map?mode=partner&tab=map&filter=Properties&entityId=the-independent | Contact Property -> open_property_contact_form | Nearby Perks -> /map?mode=resident&tab=map&filter=perks&near=the-independent | External maps directions -> google_maps_url | Show Card -> /map?mode=resident&tab=pass&sourceEntity=the-independent | Save -> toggle_saved_state,/images/independent_residential_1779052707992.png,,,,Imported from current map inventory
current_map_entity,,44-east-ave,44-east-ave,44 East Ave,building,property,property,,Rainey,30.2572,-97.7389,"44 East Ave, Austin, TX",property,property,Property,/pins/circular/categories/residential.svg,False,False,,Rainey-adjacent residential tower connected to Lady Bird Lake and nightlife.,Property,Rainey,Nearby / Resident ready,Rainey-adjacent residential tower connected to Lady Bird Lake and nightlife.,,Nearby perks | Walkable context | Listing details | Events nearby,,View Property -> /map?mode=resident&tab=map&filter=Properties&entityId=44-east-ave | Contact Property -> open_property_contact_form | Nearby Perks -> /map?mode=resident&tab=map&filter=perks&near=44-east-ave | External maps directions -> google_maps_url | Show Card -> /map?mode=resident&tab=pass&sourceEntity=44-east-ave | Save -> toggle_saved_state,Property,Rainey,Nearby / Partner signal,Residential visibility and listing activity near Rainey.,,Nearby perks | Walkable context | Listing details | Events nearby,,View Property -> /map?mode=partner&tab=map&filter=Properties&entityId=44-east-ave | Contact Property -> open_property_contact_form | Nearby Perks -> /map?mode=resident&tab=map&filter=perks&near=44-east-ave | External maps directions -> google_maps_url | Show Card -> /map?mode=resident&tab=pass&sourceEntity=44-east-ave | Save -> toggle_saved_state,/images/austonian_lobby_1779052725341.png,,,,Imported from current map inventory
current_map_entity,,hotel-van-zandt,hotel-van-zandt,Hotel Van Zandt,hotel,hotel,hotel,,Rainey,30.259966,-97.739141,"605 Davis St, Austin, TX",hotel,hotel,Hotel,/pins/circular/categories/hotels.svg,False,False,,Rainey hospitality anchor connected to Geraldine’s and local nightlife.,Hotel,Rainey,Nearby / Hospitality hub,Rainey hospitality anchor connected to Geraldine’s and local nightlife.,,Open venues inside | Nearby experiences | Current activations | Walk radius,,Save -> toggle_saved_state | Nearby Perks -> /map?mode=resident&tab=map&filter=perks&near=hotel-van-zandt | External maps directions -> google_maps_url | Save -> toggle_saved_state,Hotel,Rainey,Nearby / Partner signal,Rainey hospitality anchor connected to Geraldine’s and local nightlife.,,Open venues inside | Nearby experiences | Current activations | Walk radius,,Launch Campaign -> /partners/campaigns?entityId=hotel-van-zandt | View Reports -> /partner-workspace/overview | View Dashboard -> /partner-workspace | Resident View -> /map?mode=resident&tab=map | Edit Visibility -> open_visibility_controls | View Audience -> open_audience_view | Contact -> /contact,/images/hospitality/FVYZlJYG9EOdXp31bh8GIkk3w6mSV8U8I1d9Zqofl--jqIENgWsuqVYVSszwDnFwze8BBSM4tzTLq2Uch3eNsNN7jLRha9DXMuJzwOPIu6IS3i4KPsJjwWZhQG2_2udJyaVJSu7yMNnkDqcXa6Ni_h8cHea5qSaBgHQQcnKPXlD7NqsIYGDxz2TQ1IACJQRP.jpeg,,,,Imported from current map inventory
current_map_entity,,four-seasons-austin,four-seasons-austin,Four Seasons Hotel Austin,hotel,hotel,hotel,,Congress,30.26162,-97.74226,"98 San Jacinto Blvd, Austin, TX",hotel,four_seasons,Four Seasons,/pins/circular/brands/four-seasons.svg,False,False,,Luxury hotel on Lady Bird Lake with Congress and event proximity.,Hotel,Congress,Nearby / Hospitality hub,Luxury hotel on Lady Bird Lake with Congress and event proximity.,,Open venues inside | Nearby experiences | Current activations | Walk radius,,Save -> toggle_saved_state | Nearby Perks -> /map?mode=resident&tab=map&filter=perks&near=four-seasons-austin | External maps directions -> google_maps_url | Save -> toggle_saved_state,Hotel,Congress,Nearby / Partner signal,Luxury hotel on Lady Bird Lake with Congress and event proximity.,,Open venues inside | Nearby experiences | Current activations | Walk radius,,Launch Campaign -> /partners/campaigns?entityId=four-seasons-austin | View Reports -> /partner-workspace/overview | View Dashboard -> /partner-workspace | Resident View -> /map?mode=resident&tab=map | Edit Visibility -> open_visibility_controls | View Audience -> open_audience_view | Contact -> /contact,/images/waustin_pool_1779052756806.png,,,,Imported from current map inventory
current_map_entity,,the-shore,the-shore,The Shore,building,property,property,,Rainey,30.2586,-97.7382,"603 Davis St, Austin, TX",property,property,Property,/pins/circular/categories/residential.svg,False,False,,Rainey residential anchor beside Lady Bird Lake.,Property,Rainey,Nearby / Resident ready,Rainey residential anchor beside Lady Bird Lake.,,Nearby perks | Walkable context | Listing details | Events nearby,,View Property -> /map?mode=resident&tab=map&filter=Properties&entityId=the-shore | Contact Property -> open_property_contact_form | Nearby Perks -> /map?mode=resident&tab=map&filter=perks&near=the-shore | External maps directions -> google_maps_url | Show Card -> /map?mode=resident&tab=pass&sourceEntity=the-shore | Save -> toggle_saved_state,Property,Rainey,Nearby / Partner signal,Residential visibility and listing activity near Rainey.,,Nearby perks | Walkable context | Listing details | Events nearby,,View Property -> /map?mode=partner&tab=map&filter=Properties&entityId=the-shore | Contact Property -> open_property_contact_form | Nearby Perks -> /map?mode=resident&tab=map&filter=perks&near=the-shore | External maps directions -> google_maps_url | Show Card -> /map?mode=resident&tab=pass&sourceEntity=the-shore | Save -> toggle_saved_state,/images/austonian_lobby_1779052725341.png,,,,Imported from current map inventory
current_map_entity,,milago,milago,Milago,building,property,property,,Rainey,30.2582,-97.7397,"54 Rainey St, Austin, TX",property,property,Property,/pins/circular/categories/residential.svg,False,False,,Rainey residential building with immediate lake and nightlife access.,Property,Rainey,Nearby / Resident ready,Rainey residential building with immediate lake and nightlife access.,,Nearby perks | Walkable context | Listing details | Events nearby,,View Property -> /map?mode=resident&tab=map&filter=Properties&entityId=milago | Contact Property -> open_property_contact_form | Nearby Perks -> /map?mode=resident&tab=map&filter=perks&near=milago | External maps directions -> google_maps_url | Show Card -> /map?mode=resident&tab=pass&sourceEntity=milago | Save -> toggle_saved_state,Property,Rainey,Nearby / Partner signal,Residential visibility and listing activity near Rainey.,,Nearby perks | Walkable context | Listing details | Events nearby,,View Property -> /map?mode=partner&tab=map&filter=Properties&entityId=milago | Contact Property -> open_property_contact_form | Nearby Perks -> /map?mode=resident&tab=map&filter=perks&near=milago | External maps directions -> google_maps_url | Show Card -> /map?mode=resident&tab=pass&sourceEntity=milago | Save -> toggle_saved_state,/images/motion/5OVOBur8PVysCm5FG_VdOAa7gUhIy1_fvE5kZsu0GsuYm7SNjgBBbVIIlHOziVJCOc7KQxMoc4JfYS5n4KfGSTDmXb6UZcEuaFk9nCXQkN1E78Sv8Pa4g4ktnmgi139nJwRbEqIhH7K1xlwdOC-afhNU2-a7TMFg6QTIvalBTTn4eKA2rlRgzVjsBrBtko0R.jpeg,,,,Imported from current map inventory
current_map_entity,,geraldines,geraldines,Geraldine's,venue,food,venue,,Rainey,30.2574,-97.738,"605 Davis St, Austin, TX",venue,dining,Dining,/pins/circular/categories/dining.svg,False,False,,Hotel Van Zandt restaurant and live music destination.,food,Rainey,Nearby / Resident ready,Hotel Van Zandt restaurant and live music destination.,,Activation details | Offer/perk | Redemption locations | Campaign analytics,,Save -> toggle_saved_state | Nearby Perks -> /map?mode=resident&tab=map&filter=perks&near=geraldines | External maps directions -> google_maps_url | Save -> toggle_saved_state,food,Rainey,Nearby / Partner signal,Hotel Van Zandt restaurant and live music destination.,,Activation details | Offer/perk | Redemption locations | Campaign analytics,,Launch Campaign -> /partners/campaigns?entityId=geraldines | View Reports -> /partner-workspace/overview | View Dashboard -> /partner-workspace | Resident View -> /map?mode=resident&tab=map | Edit Visibility -> open_visibility_controls | View Audience -> open_audience_view | Contact -> /contact,/images/partner/drop-in-images/inkind-plated-dinner.jpg,,,,Imported from current map inventory
current_map_entity,,le-cafe-crepe,le-cafe-crepe,Le Café Crêpe,coffee,coffee,venue,,Congress,30.2636,-97.7415,"200 San Jacinto Blvd, Austin, TX",coffee,dining,Dining,/pins/circular/categories/dining.svg,False,False,,Cafe and casual breakfast stop near Congress.,coffee,Congress,Nearby / Resident ready,Cafe and casual breakfast stop near Congress.,,Activation details | Offer/perk | Redemption locations | Campaign analytics,,Save -> toggle_saved_state | Nearby Perks -> /map?mode=resident&tab=map&filter=perks&near=le-cafe-crepe | External maps directions -> google_maps_url | Save -> toggle_saved_state,coffee,Congress,Nearby / Partner signal,Cafe and casual breakfast stop near Congress.,,Activation details | Offer/perk | Redemption locations | Campaign analytics,,Launch Campaign -> /partners/campaigns?entityId=le-cafe-crepe | View Reports -> /partner-workspace/overview | View Dashboard -> /partner-workspace | Resident View -> /map?mode=resident&tab=map | Edit Visibility -> open_visibility_controls | View Audience -> open_audience_view | Contact -> /contact,/images/partner_coffee_shop_1779052868356.png,,,,Imported from current map inventory
current_map_entity,,merit-coffee,merit-coffee,Merit Coffee,coffee,coffee,venue,,Seaholm,30.2675,-97.751,"222 West Ave, Austin, TX",coffee,dining,Dining,/pins/circular/categories/dining.svg,False,False,,Seaholm coffee stop tied to resident errands and workday movement.,coffee,Seaholm,Nearby / Resident ready,Seaholm coffee stop tied to resident errands and workday movement.,,Activation details | Offer/perk | Redemption locations | Campaign analytics,,Save -> toggle_saved_state | Nearby Perks -> /map?mode=resident&tab=map&filter=perks&near=merit-coffee | External maps directions -> google_maps_url | Save -> toggle_saved_state,coffee,Seaholm,Nearby / Partner signal,Seaholm coffee stop tied to resident errands and workday movement.,,Activation details | Offer/perk | Redemption locations | Campaign analytics,,Launch Campaign -> /partners/campaigns?entityId=merit-coffee | View Reports -> /partner-workspace/overview | View Dashboard -> /partner-workspace | Resident View -> /map?mode=resident&tab=map | Edit Visibility -> open_visibility_controls | View Audience -> open_audience_view | Contact -> /contact,/images/partner_coffee_shop_1779052868356.png,,,,Imported from current map inventory
current_map_entity,,trader-joes,trader-joes,Trader Joe's,retail,retail,retail,,Seaholm,30.2673,-97.7527,"211 Walter Seaholm Dr, Austin, TX",retail,retail,Retail,/pins/circular/categories/retail.svg,False,False,,Seaholm grocery anchor for daily resident routines.,retail,Seaholm,Nearby / Resident ready,Seaholm grocery anchor for daily resident routines.,,Activation details | Offer/perk | Redemption locations | Campaign analytics,,Save -> toggle_saved_state | Nearby Perks -> /map?mode=resident&tab=map&filter=perks&near=trader-joes | External maps directions -> google_maps_url | Save -> toggle_saved_state,retail,Seaholm,Nearby / Partner signal,Seaholm grocery anchor for daily resident routines.,,Activation details | Offer/perk | Redemption locations | Campaign analytics,,Launch Campaign -> /partners/campaigns?entityId=trader-joes | View Reports -> /partner-workspace/overview | View Dashboard -> /partner-workspace | Resident View -> /map?mode=resident&tab=map | Edit Visibility -> open_visibility_controls | View Audience -> open_audience_view | Contact -> /contact,/images/commercial_street_level_1779052788888.png,,,,Imported from current map inventory
current_map_entity,,royal-blue-grocery,royal-blue-grocery,Royal Blue Grocery,retail,retail,retail,,Congress,30.2653,-97.7416,"301 Brazos St, Austin, TX",retail,retail,Retail,/pins/circular/categories/retail.svg,False,False,,Compact downtown grocery and grab-and-go retail stop.,retail,Congress,Nearby / Resident ready,Compact downtown grocery and grab-and-go retail stop.,,Activation details | Offer/perk | Redemption locations | Campaign analytics,,Save -> toggle_saved_state | Nearby Perks -> /map?mode=resident&tab=map&filter=perks&near=royal-blue-grocery | External maps directions -> google_maps_url | Save -> toggle_saved_state,retail,Congress,Nearby / Partner signal,Compact downtown grocery and grab-and-go retail stop.,,Activation details | Offer/perk | Redemption locations | Campaign analytics,,Launch Campaign -> /partners/campaigns?entityId=royal-blue-grocery | View Reports -> /partner-workspace/overview | View Dashboard -> /partner-workspace | Resident View -> /map?mode=resident&tab=map | Edit Visibility -> open_visibility_controls | View Audience -> open_audience_view | Contact -> /contact,/images/commercial_street_level_1779052788888.png,,,,Imported from current map inventory
current_map_entity,,acl-live,acl-live,ACL Live,event,event,venue,,Warehouse,30.265,-97.7472,"310 W Willie Nelson Blvd, Austin, TX",event,dining,Dining,/pins/circular/categories/dining.svg,False,False,,Downtown live music venue and event demand generator.,Event,Warehouse,Nearby / Resident ready,Downtown live music venue and event demand generator.,,Activation details | Offer/perk | Redemption locations | Campaign analytics,,RSVP -> toggle_rsvp_state | View on Map -> /map?mode=resident&tab=map&filter=Events&entityId=acl-live | Show Card -> /map?mode=resident&tab=pass&sourceEntity=acl-live | External maps directions -> google_maps_url | Save -> toggle_saved_state,Event,Warehouse,Nearby / Partner signal,Downtown live music venue and event demand generator.,,Activation details | Offer/perk | Redemption locations | Campaign analytics,,Launch Campaign -> /partners/campaigns?entityId=acl-live | View Reports -> /partner-workspace/overview | View Dashboard -> /partner-workspace | Resident View -> /map?mode=resident&tab=map | Edit Visibility -> open_visibility_controls | View Audience -> open_audience_view | Contact -> /contact,/images/moody_theater_live_music_1779052684229.png,,,,Imported from current map inventory
current_map_entity,,bookpeople,bookpeople,BookPeople,retail,retail,retail,,West Downtown,30.2712,-97.7536,"603 N Lamar Blvd, Austin, TX",retail,retail,Retail,/pins/circular/categories/retail.svg,False,False,,Austin bookstore and cultural retail anchor near Lamar.,retail,West Downtown,Nearby / Resident ready,Austin bookstore and cultural retail anchor near Lamar.,,Activation details | Offer/perk | Redemption locations | Campaign analytics,,Save -> toggle_saved_state | Nearby Perks -> /map?mode=resident&tab=map&filter=perks&near=bookpeople | External maps directions -> google_maps_url | Save -> toggle_saved_state,retail,West Downtown,Nearby / Partner signal,Austin bookstore and cultural retail anchor near Lamar.,,Activation details | Offer/perk | Redemption locations | Campaign analytics,,Launch Campaign -> /partners/campaigns?entityId=bookpeople | View Reports -> /partner-workspace/overview | View Dashboard -> /partner-workspace | Resident View -> /map?mode=resident&tab=map | Edit Visibility -> open_visibility_controls | View Audience -> open_audience_view | Contact -> /contact,/images/downtown_art_walk_1779052670656.png,,,,Imported from current map inventory
current_map_entity,,castle-hill-fitness,castle-hill-fitness,Castle Hill Fitness,fitness,wellness,venue,,West Downtown,30.276,-97.7527,"1112 N Lamar Blvd, Austin, TX",fitness,dining,Dining,/pins/circular/categories/dining.svg,False,False,,Wellness and fitness destination with strong resident routine fit.,wellness,West Downtown,Nearby / Resident ready,Wellness and fitness destination with strong resident routine fit.,,Activation details | Offer/perk | Redemption locations | Campaign analytics,,Save -> toggle_saved_state | Nearby Perks -> /map?mode=resident&tab=map&filter=perks&near=castle-hill-fitness | External maps directions -> google_maps_url | Save -> toggle_saved_state,wellness,West Downtown,Nearby / Partner signal,Wellness and fitness destination with strong resident routine fit.,,Activation details | Offer/perk | Redemption locations | Campaign analytics,,Launch Campaign -> /partners/campaigns?entityId=castle-hill-fitness | View Reports -> /partner-workspace/overview | View Dashboard -> /partner-workspace | Resident View -> /map?mode=resident&tab=map | Edit Visibility -> open_visibility_controls | View Audience -> open_audience_view | Contact -> /contact,/images/brands/lululemon-yoga-stage.webp,,,,Imported from current map inventory
current_map_entity,,equinox,equinox,Equinox,fitness,wellness,venue,,Congress,30.251,-97.749,"1007 S Congress Ave, Austin, TX",fitness,dining,Dining,/pins/circular/categories/dining.svg,False,False,,Premium fitness destination for downtown residents and workers.,wellness,Congress,Nearby / Resident ready,Premium fitness destination for downtown residents and workers.,,Activation details | Offer/perk | Redemption locations | Campaign analytics,,Save -> toggle_saved_state | Nearby Perks -> /map?mode=resident&tab=map&filter=perks&near=equinox | External maps directions -> google_maps_url | Save -> toggle_saved_state,wellness,Congress,Nearby / Partner signal,Premium fitness destination for downtown residents and workers.,,Activation details | Offer/perk | Redemption locations | Campaign analytics,,Launch Campaign -> /partners/campaigns?entityId=equinox | View Reports -> /partner-workspace/overview | View Dashboard -> /partner-workspace | Resident View -> /map?mode=resident&tab=map | Edit Visibility -> open_visibility_controls | View Audience -> open_audience_view | Contact -> /contact,/images/partner_wellness_1779052883675.png,,,,Imported from current map inventory
current_map_entity,,austin-proper,austin-proper,Austin Proper,hotel,hotel,hotel,,Seaholm,30.266281,-97.750109,"600 W 2nd St, Austin, TX",hotel,hotel,Hotel,/pins/circular/categories/hotels.svg,False,False,,Design-led hotel and residential hospitality anchor near Seaholm.,Hotel,Seaholm,Nearby / Hospitality hub,Design-led hotel and residential hospitality anchor near Seaholm.,,Open venues inside | Nearby experiences | Current activations | Walk radius,,Save -> toggle_saved_state | Nearby Perks -> /map?mode=resident&tab=map&filter=perks&near=austin-proper | External maps directions -> google_maps_url | Save -> toggle_saved_state,Hotel,Seaholm,Nearby / Partner signal,Design-led hotel and residential hospitality anchor near Seaholm.,,Open venues inside | Nearby experiences | Current activations | Walk radius,,Launch Campaign -> /partners/campaigns?entityId=austin-proper | View Reports -> /partner-workspace/overview | View Dashboard -> /partner-workspace | Resident View -> /map?mode=resident&tab=map | Edit Visibility -> open_visibility_controls | View Audience -> open_audience_view | Contact -> /contact,/images/seaholm_coworking_1779052742037.png,,,,Imported from current map inventory
current_map_entity,,natiivo,natiivo,Natiivo,building,property,property,,Rainey,30.2569,-97.7386,"48 East Ave, Austin, TX",property,property,Property,/pins/circular/categories/residential.svg,False,False,,Rainey hospitality-residential tower with guest and resident overlap.,Property,Rainey,Nearby / Resident ready,Rainey hospitality-residential tower with guest and resident overlap.,,Nearby perks | Walkable context | Listing details | Events nearby,,View Property -> /map?mode=resident&tab=map&filter=Properties&entityId=natiivo | Contact Property -> open_property_contact_form | Nearby Perks -> /map?mode=resident&tab=map&filter=perks&near=natiivo | External maps directions -> google_maps_url | Show Card -> /map?mode=resident&tab=pass&sourceEntity=natiivo | Save -> toggle_saved_state,Property,Rainey,Nearby / Partner signal,Residential visibility and listing activity near Rainey.,,Nearby perks | Walkable context | Listing details | Events nearby,,View Property -> /map?mode=partner&tab=map&filter=Properties&entityId=natiivo | Contact Property -> open_property_contact_form | Nearby Perks -> /map?mode=resident&tab=map&filter=perks&near=natiivo | External maps directions -> google_maps_url | Show Card -> /map?mode=resident&tab=pass&sourceEntity=natiivo | Save -> toggle_saved_state,/images/austonian_lobby_1779052725341.png,,,,Imported from current map inventory
current_map_entity,,austin-marriott-downtown,austin-marriott-downtown,Austin Marriott Downtown,hotel,hotel,hotel,,Congress,30.2631,-97.741,"304 E Cesar Chavez St, Austin, TX",hotel,hotel,Hotel,/pins/circular/categories/hotels.svg,False,False,,Convention and downtown hospitality anchor near Congress and Rainey.,Hotel,Congress,Nearby / Hospitality hub,Convention and downtown hospitality anchor near Congress and Rainey.,,Open venues inside | Nearby experiences | Current activations | Walk radius,,Save -> toggle_saved_state | Nearby Perks -> /map?mode=resident&tab=map&filter=perks&near=austin-marriott-downtown | External maps directions -> google_maps_url | Save -> toggle_saved_state,Hotel,Congress,Nearby / Partner signal,Convention and downtown hospitality anchor near Congress and Rainey.,,Open venues inside | Nearby experiences | Current activations | Walk radius,,Launch Campaign -> /partners/campaigns?entityId=austin-marriott-downtown | View Reports -> /partner-workspace/overview | View Dashboard -> /partner-workspace | Resident View -> /map?mode=resident&tab=map | Edit Visibility -> open_visibility_controls | View Audience -> open_audience_view | Contact -> /contact,/images/hospitality/FVYZlJYG9EOdXp31bh8GIkk3w6mSV8U8I1d9Zqofl--jqIENgWsuqVYVSszwDnFwze8BBSM4tzTLq2Uch3eNsNN7jLRha9DXMuJzwOPIu6IS3i4KPsJjwWZhQG2_2udJyaVJSu7yMNnkDqcXa6Ni_h8cHea5qSaBgHQQcnKPXlD7NqsIYGDxz2TQ1IACJQRP.jpeg,,,,Imported from current map inventory
current_map_entity,,waterloo-park,waterloo-park,Waterloo Park,community,community,civic,,East Downtown,30.2736,-97.7352,"500 E 12th St, Austin, TX",community,civic,Civic,/pins/circular/categories/civic.svg,False,False,,Civic park and event space with morning wellness and cultural programming.,community,East Downtown,Nearby / Resident ready,Civic park and event space with morning wellness and cultural programming.,,District reach | Resident participation | Walkability activity | Community events,,Community Participation -> /map?mode=resident&tab=map&filter=Community&entityId=waterloo-park | Partner View -> /map?mode=partner&tab=map&filter=Civic&entityId=waterloo-park | Save -> toggle_saved_state,community,East Downtown,Nearby / Partner signal,Civic park and event space with morning wellness and cultural programming.,,District reach | Resident participation | Walkability activity | Community events,,Launch Civic Campaign -> /partners/campaigns?network=dana&sourceEntity=waterloo-park | View District Report -> /partner-workspace/overview?network=dana&sourceEntity=waterloo-park | Resident View -> /map?mode=resident&tab=map&filter=Civic&entityId=waterloo-park | Contact -> /contact,/images/brands/lululemon-yoga-stage.webp,,,,Imported from current map inventory
current_map_entity,,antones,antones,Antone's,culture,culture,venue,,East Downtown,30.2666,-97.7394,"305 E 5th St, Austin, TX",culture,dining,Dining,/pins/circular/categories/dining.svg,False,False,,Historic Austin music venue and nightlife demand anchor.,culture,East Downtown,Nearby / Resident ready,Historic Austin music venue and nightlife demand anchor.,,Activation details | Offer/perk | Redemption locations | Campaign analytics,,Save -> toggle_saved_state | Nearby Perks -> /map?mode=resident&tab=map&filter=perks&near=antones | External maps directions -> google_maps_url | Save -> toggle_saved_state,culture,East Downtown,Nearby / Partner signal,Historic Austin music venue and nightlife demand anchor.,,Activation details | Offer/perk | Redemption locations | Campaign analytics,,Launch Campaign -> /partners/campaigns?entityId=antones | View Reports -> /partner-workspace/overview | View Dashboard -> /partner-workspace | Resident View -> /map?mode=resident&tab=map | Edit Visibility -> open_visibility_controls | View Audience -> open_audience_view | Contact -> /contact,/images/moody_theater_live_music_1779052684229.png,,,,Imported from current map inventory
current_map_entity,,the-contemporary-austin,the-contemporary-austin,The Contemporary Austin,culture,culture,civic,,Congress,30.269,-97.7428,"700 Congress Ave, Austin, TX",culture,civic,Civic,/pins/circular/categories/civic.svg,False,False,,Downtown art and culture anchor with member and event programming.,culture,Congress,Nearby / Resident ready,Downtown art and culture anchor with member and event programming.,,District reach | Resident participation | Walkability activity | Community events,,Community Participation -> /map?mode=resident&tab=map&filter=Community&entityId=the-contemporary-austin | Partner View -> /map?mode=partner&tab=map&filter=Civic&entityId=the-contemporary-austin | Save -> toggle_saved_state,culture,Congress,Nearby / Partner signal,Downtown art and culture anchor with member and event programming.,,District reach | Resident participation | Walkability activity | Community events,,Launch Civic Campaign -> /partners/campaigns?network=dana&sourceEntity=the-contemporary-austin | View District Report -> /partner-workspace/overview?network=dana&sourceEntity=the-contemporary-austin | Resident View -> /map?mode=resident&tab=map&filter=Civic&entityId=the-contemporary-austin | Contact -> /contact,/images/downtown_art_walk_1779052670656.png,,,,Imported from current map inventory
current_map_entity,,press-cleaners,press-cleaners,Press Cleaners,retail,retail,retail,,West Downtown,30.2664,-97.7468,"Downtown Austin, TX",retail,retail,Retail,/pins/circular/categories/retail.svg,False,False,,Downtown service stop for residents and hospitality guests.,retail,West Downtown,Nearby / Resident ready,Downtown service stop for residents and hospitality guests.,,Activation details | Offer/perk | Redemption locations | Campaign analytics,,Save -> toggle_saved_state | Nearby Perks -> /map?mode=resident&tab=map&filter=perks&near=press-cleaners | External maps directions -> google_maps_url | Save -> toggle_saved_state,retail,West Downtown,Nearby / Partner signal,Downtown service stop for residents and hospitality guests.,,Activation details | Offer/perk | Redemption locations | Campaign analytics,,Launch Campaign -> /partners/campaigns?entityId=press-cleaners | View Reports -> /partner-workspace/overview | View Dashboard -> /partner-workspace | Resident View -> /map?mode=resident&tab=map | Edit Visibility -> open_visibility_controls | View Audience -> open_audience_view | Contact -> /contact,/images/partner_hotel_rooftop_1779052803267.png,,,,Imported from current map inventory
current_map_entity,,rainey-food-drink-loop,rainey-food-drink-loop,Rainey Street Food + Drink Loop,event,event,venue,,Rainey,30.2588,-97.7384,"Rainey Street, Austin, TX",event,dining,Dining,/pins/circular/categories/dining.svg,False,False,,"A walkable Rainey route linking dinner, drinks, resident pass activity, and partner offers.",Event,Rainey,Nearby / Resident ready,"A walkable Rainey route linking dinner, drinks, resident pass activity, and partner offers.",,Activation details | Offer/perk | Redemption locations | Campaign analytics,,RSVP -> toggle_rsvp_state | View on Map -> /map?mode=resident&tab=map&filter=Events&entityId=rainey-food-drink-loop | Show Card -> /map?mode=resident&tab=pass&sourceEntity=rainey-food-drink-loop | External maps directions -> google_maps_url | Save -> toggle_saved_state,Event,Rainey,Nearby / Partner signal,"A walkable Rainey route linking dinner, drinks, resident pass activity, and partner offers.",,Activation details | Offer/perk | Redemption locations | Campaign analytics,,Launch Campaign -> /partners/campaigns?entityId=rainey-food-drink-loop | View Reports -> /partner-workspace/overview | View Dashboard -> /partner-workspace | Resident View -> /map?mode=resident&tab=map | Edit Visibility -> open_visibility_controls | View Audience -> open_audience_view | Contact -> /contact,/images/partner_dining_patio_1779052819620.png,,,,Imported from current map inventory
current_map_entity,,stand-up-showcase-comedy-mothership,stand-up-showcase-comedy-mothership,Stand-Up Showcase at Comedy Mothership,event,event,venue,,East Downtown,30.2676,-97.7385,"320 E 6th St, Austin, TX",event,dining,Dining,/pins/circular/categories/dining.svg,False,False,,Comedy night with nearby food and nightlife recommendations.,Event,East Downtown,Nearby / Resident ready,Comedy night with nearby food and nightlife recommendations.,,Activation details | Offer/perk | Redemption locations | Campaign analytics,,RSVP -> toggle_rsvp_state | View on Map -> /map?mode=resident&tab=map&filter=Events&entityId=stand-up-showcase-comedy-mothership | Show Card -> /map?mode=resident&tab=pass&sourceEntity=stand-up-showcase-comedy-mothership | External maps directions -> google_maps_url | Save -> toggle_saved_state,Event,East Downtown,Nearby / Partner signal,Comedy night with nearby food and nightlife recommendations.,,Activation details | Offer/perk | Redemption locations | Campaign analytics,,Launch Campaign -> /partners/campaigns?entityId=stand-up-showcase-comedy-mothership | View Reports -> /partner-workspace/overview | View Dashboard -> /partner-workspace | Resident View -> /map?mode=resident&tab=map | Edit Visibility -> open_visibility_controls | View Audience -> open_audience_view | Contact -> /contact,/images/downtown_art_walk_1779052670656.png,,,,Imported from current map inventory
current_map_entity,,resident-mixer-lustre-pearl,resident-mixer-lustre-pearl,Resident Mixer Night at Lustre Pearl,event,event,venue,,Rainey,30.2584,-97.7388,"94 Rainey St, Austin, TX",event,dining,Dining,/pins/circular/categories/dining.svg,False,False,,Resident mixer night on Rainey tied to nearby pass activity.,Event,Rainey,Nearby / Resident ready,Resident mixer night on Rainey tied to nearby pass activity.,,Activation details | Offer/perk | Redemption locations | Campaign analytics,,RSVP -> toggle_rsvp_state | View on Map -> /map?mode=resident&tab=map&filter=Events&entityId=resident-mixer-lustre-pearl | Show Card -> /map?mode=resident&tab=pass&sourceEntity=resident-mixer-lustre-pearl | External maps directions -> google_maps_url | Save -> toggle_saved_state,Event,Rainey,Nearby / Partner signal,Resident mixer night on Rainey tied to nearby pass activity.,,Activation details | Offer/perk | Redemption locations | Campaign analytics,,Launch Campaign -> /partners/campaigns?entityId=resident-mixer-lustre-pearl | View Reports -> /partner-workspace/overview | View Dashboard -> /partner-workspace | Resident View -> /map?mode=resident&tab=map | Edit Visibility -> open_visibility_controls | View Audience -> open_audience_view | Contact -> /contact,/images/events/resident-mixer-cool-night.jpeg,,,,Imported from current map inventory
current_map_entity,,contemporary-members-night,contemporary-members-night,Contemporary Austin Gallery Members Night,event,event,civic,,Congress,30.269,-97.7428,"700 Congress Ave, Austin, TX",event,civic,Civic,/pins/circular/categories/civic.svg,False,False,,Gallery night with culture-to-dinner downtown movement.,Event,Congress,Nearby / Resident ready,Gallery night with culture-to-dinner downtown movement.,,District reach | Resident participation | Walkability activity | Community events,,Community Participation -> /map?mode=resident&tab=map&filter=Community&entityId=contemporary-members-night | Partner View -> /map?mode=partner&tab=map&filter=Civic&entityId=contemporary-members-night | Save -> toggle_saved_state,Event,Congress,Nearby / Partner signal,Gallery night with culture-to-dinner downtown movement.,,District reach | Resident participation | Walkability activity | Community events,,Launch Civic Campaign -> /partners/campaigns?network=dana&sourceEntity=contemporary-members-night | View District Report -> /partner-workspace/overview?network=dana&sourceEntity=contemporary-members-night | Resident View -> /map?mode=resident&tab=map&filter=Civic&entityId=contemporary-members-night | Contact -> /contact,/images/downtown_art_walk_1779052670656.png,,,,Imported from current map inventory
current_map_entity,,morning-yoga-waterloo-park,morning-yoga-waterloo-park,Morning Yoga at Waterloo Park,event,event,civic,,East Downtown,30.2736,-97.7352,"500 E 12th St, Austin, TX",event,civic,Civic,/pins/circular/categories/civic.svg,False,False,,Morning wellness event connected to nearby coffee and civic participation.,Event,East Downtown,Nearby / Resident ready,Morning wellness event connected to nearby coffee and civic participation.,,District reach | Resident participation | Walkability activity | Community events,,Community Participation -> /map?mode=resident&tab=map&filter=Community&entityId=morning-yoga-waterloo-park | Partner View -> /map?mode=partner&tab=map&filter=Civic&entityId=morning-yoga-waterloo-park | Save -> toggle_saved_state,Event,East Downtown,Nearby / Partner signal,Morning wellness event connected to nearby coffee and civic participation.,,District reach | Resident participation | Walkability activity | Community events,,Launch Civic Campaign -> /partners/campaigns?network=dana&sourceEntity=morning-yoga-waterloo-park | View District Report -> /partner-workspace/overview?network=dana&sourceEntity=morning-yoga-waterloo-park | Resident View -> /map?mode=resident&tab=map&filter=Civic&entityId=morning-yoga-waterloo-park | Contact -> /contact,/images/events/morning-yoga-waterloo.jpeg,,,,Imported from current map inventory
current_map_entity,,craft-cocktail-masterclass-half-step,craft-cocktail-masterclass-half-step,Craft Cocktail Masterclass at Half Step,event,event,venue,,Rainey,30.2592,-97.7385,"75 1/2 Rainey St, Austin, TX",event,dining,Dining,/pins/circular/categories/dining.svg,False,False,,Cocktail activation for residents and nearby nightlife guests.,Event,Rainey,Nearby / Resident ready,Cocktail activation for residents and nearby nightlife guests.,,Activation details | Offer/perk | Redemption locations | Campaign analytics,,RSVP -> toggle_rsvp_state | View on Map -> /map?mode=resident&tab=map&filter=Events&entityId=craft-cocktail-masterclass-half-step | Show Card -> /map?mode=resident&tab=pass&sourceEntity=craft-cocktail-masterclass-half-step | External maps directions -> google_maps_url | Save -> toggle_saved_state,Event,Rainey,Nearby / Partner signal,Cocktail activation for residents and nearby nightlife guests.,,Activation details | Offer/perk | Redemption locations | Campaign analytics,,Launch Campaign -> /partners/campaigns?entityId=craft-cocktail-masterclass-half-step | View Reports -> /partner-workspace/overview | View Dashboard -> /partner-workspace | Resident View -> /map?mode=resident&tab=map | Edit Visibility -> open_visibility_controls | View Audience -> open_audience_view | Contact -> /contact,/images/motion/5OVOBur8PVysCm5FG_VdOAa7gUhIy1_fvE5kZsu0GsuYm7SNjgBBbVIIlHOziVJCOc7KQxMoc4JfYS5n4KfGSTDmXb6UZcEuaFk9nCXQkN1E78Sv8Pa4g4ktnmgi139nJwRbEqIhH7K1xlwdOC-afhNU2-a7TMFg6QTIvalBTTn4eKA2rlRgzVjsBrBtko0R.jpeg,,,,Imported from current map inventory
current_map_entity,,dana-civic-network,dana-civic-network,DANA,civic,District intelligence partner,civic,,Downtown Core,30.2672,-97.7431,,civic,dana,DANA,/pins/circular/brands/dana.svg,True,False,Civic activation and resident engagement layer,"Find community activations, resident mixers, walkability recommendations, neighborhood events, and district programming tied to downtown participation.",Civic,Downtown Core,0.1 mi / Resident ready,"Find community activations, resident mixers, walkability recommendations, neighborhood events, and district programming tied to downtown participation.",Civic activation and resident engagement layer,District reach | Resident participation | Walkability activity | Community events,,Community Participation -> /map?mode=resident&tab=map&filter=Community&entityId=dana-civic-network | Partner View -> /map?mode=partner&tab=map&filter=Civic&entityId=dana-civic-network | Save -> toggle_saved_state,Civic,Downtown Core,0.1 mi / Partner signal,"Downtown Austin's civic activation and resident engagement network powering neighborhood participation, local business visibility, walkability intelligence, and community movement.",Civic activation and resident engagement layer,District reach | Resident participation | Walkability activity | Community events,,Launch Civic Campaign -> /partners/campaigns?network=dana&sourceEntity=dana-civic-network | View District Report -> /partner-workspace/overview?network=dana&sourceEntity=dana-civic-network | Resident View -> /map?mode=resident&tab=map&filter=Civic&entityId=dana-civic-network | Contact -> /contact,/images/civic_republic_square_1779052838327.png,,,,Imported from current map inventory
current_map_entity,,daa-downtown-alliance,daa-downtown-alliance,DAA,civic,District operations partner,civic,,Downtown Core,30.2678,-97.7428,,civic,daa,DAA,/pins/circular/brands/daa.svg,True,False,District operations and downtown business participation layer,"Explore district activations, community events, downtown programming, business participation, and walkability recommendations.",Civic,Downtown Core,0.2 mi / Resident ready,"Explore district activations, community events, downtown programming, business participation, and walkability recommendations.",District operations and downtown business participation layer,District reach | Resident participation | Walkability activity | Community events,,Community Participation -> /map?mode=resident&tab=map&filter=Community&entityId=daa-downtown-alliance | Partner View -> /map?mode=partner&tab=map&filter=Civic&entityId=daa-downtown-alliance | Save -> toggle_saved_state,Civic,Downtown Core,0.2 mi / Partner signal,"Downtown Austin's district alliance supporting business participation, economic visibility, activation coordination, neighborhood programming, and downtown operational intelligence.",District operations and downtown business participation layer,District reach | Resident participation | Walkability activity | Community events,,Launch District Campaign -> /partners/campaigns?network=daa&sourceEntity=daa-downtown-alliance | View District Report -> /partner-workspace/overview?network=daa&sourceEntity=daa-downtown-alliance | Resident View -> /map?mode=resident&tab=map&filter=Civic&entityId=daa-downtown-alliance | Contact -> /contact,/images/civic_lake_trail_1779052853070.png,,,,Imported from current map inventory
current_map_entity,,civic-waterloo,,Waterloo Greenway,civic,Community activation,civic,,Red River,30.272,-97.734,,civic,civic,Civic,/pins/circular/categories/civic.svg,True,False,Park activation and green space access,"Park programming, wellness participation, and trail-adjacent resident movement.",Civic,Red River,0.5 mi / Resident ready,"Park programming, wellness participation, and trail-adjacent resident movement.",Park activation and green space access,District reach | Resident participation | Walkability activity | Community events,,Community Participation -> /map?mode=resident&tab=map&filter=Community&entityId=civic-waterloo | Partner View -> /map?mode=partner&tab=map&filter=Civic&entityId=civic-waterloo | Save -> toggle_saved_state,Civic,Red River,0.5 mi / Partner signal,,Park activation and green space access,District reach | Resident participation | Walkability activity | Community events,,Launch Civic Campaign -> /partners/campaigns?network=dana&sourceEntity=civic-waterloo | View District Report -> /partner-workspace/overview?network=dana&sourceEntity=civic-waterloo | Resident View -> /map?mode=resident&tab=map&filter=Civic&entityId=civic-waterloo | Contact -> /contact,/images/events/resident-mixer-cool-night.jpeg,,,,Imported from current map inventory
current_map_entity,,brand-inkind,inkind,inKind,brand,inkind,inkind,inKind,Downtown dining network,30.2672,-97.7517,,brand,inkind,inKind,/pins/circular/brands/inkind.svg,True,True,inKind dining nearby,"Find nearby dining, cocktails, and local restaurant experiences available through inKind across downtown Austin.",Brand,Downtown dining network,0.2 mi / Participating inKind restaurant,Use your Downtown Perks card for a resident dining benefit at participating inKind restaurants nearby.,inKind dining nearby,Dining benefits | People nearby | Restaurants | Events nearby,What you get | How to use it | Dining feel | Nearby context | Best time to go,Show Card -> /map?mode=resident&tab=pass&sourceEntity=brand-inkind | View Dining Benefit -> open_offer_subview | View Venue -> open_venue_subview | Dining Nearby -> /map?mode=resident&tab=map&filter=perks&near=brand-inkind | External maps directions -> google_maps_url | Save -> toggle_saved_state,Brand,Downtown dining network,0.2 mi / Participating inKind restaurant,"inKind is showing nearby dinner interest, group dining plans, nightlife overlap, and useful moments to reach people before they choose where to go.",inKind dining nearby,Dining benefits | People nearby | Restaurants | Events nearby,Dinner interest | Group plans | Nearby flow | Best time | Suggested move,Plan Dining Push -> /partners/campaigns?network=inkind&entityId=brand-inkind | View Dining Report -> /partner-workspace/overview?network=inkind&entityId=brand-inkind | View Dashboard -> /partner-workspace/overview?network=inkind&entityId=brand-inkind | Resident View -> /map?mode=resident&tab=map&filter=inkind&entityId=brand-inkind | Edit Visibility -> open_visibility_controls | View Audience -> open_audience_view | Contact -> /contact,/images/partner/drop-in-images/inkind-table-spread.jpg,,,,Imported from current map inventory
current_map_entity,,brand-dana,dana,DANA,brand,civic,civic,,Downtown Core,30.2672,-97.7431,,civic,dana,DANA,/pins/circular/brands/dana.svg,True,False,Nearby guide and local perks,"Discover local events, neighborhood activity, and community moments happening nearby.",Civic,Downtown Core,0.4 mi / Resident ready,"Discover local events, neighborhood activity, and community moments happening nearby.",Nearby guide and local perks,District reach | Resident participation | Walkability activity | Community events,,Community Participation -> /map?mode=resident&tab=map&filter=Community&entityId=brand-dana | Partner View -> /map?mode=partner&tab=map&filter=Civic&entityId=brand-dana | Save -> toggle_saved_state,Civic,Downtown Core,0.4 mi / Partner signal,"DANA connects residents to nearby places, local perks, events, and downtown experiences.",Nearby guide and local perks,District reach | Resident participation | Walkability activity | Community events,,Launch Civic Campaign -> /partners/campaigns?network=dana&sourceEntity=brand-dana | View District Report -> /partner-workspace/overview?network=dana&sourceEntity=brand-dana | Resident View -> /map?mode=resident&tab=map&filter=Civic&entityId=brand-dana | Contact -> /contact,/images/civic_republic_square_1779052838327.png,,,,Imported from current map inventory
current_map_entity,,brand-daa,daa,DAA,brand,civic,civic,,Downtown Core,30.2678,-97.7428,,civic,daa,DAA,/pins/circular/brands/daa.svg,True,False,Nearby guide and local perks,"Discover local events, neighborhood activity, and community moments happening nearby.",Civic,Downtown Core,0.6 mi / Resident ready,"Discover local events, neighborhood activity, and community moments happening nearby.",Nearby guide and local perks,District reach | Resident participation | Walkability activity | Community events,,Community Participation -> /map?mode=resident&tab=map&filter=Community&entityId=brand-daa | Partner View -> /map?mode=partner&tab=map&filter=Civic&entityId=brand-daa | Save -> toggle_saved_state,Civic,Downtown Core,0.6 mi / Partner signal,"DAA connects residents to nearby places, local perks, events, and downtown experiences.",Nearby guide and local perks,District reach | Resident participation | Walkability activity | Community events,,Launch District Campaign -> /partners/campaigns?network=daa&sourceEntity=brand-daa | View District Report -> /partner-workspace/overview?network=daa&sourceEntity=brand-daa | Resident View -> /map?mode=resident&tab=map&filter=Civic&entityId=brand-daa | Contact -> /contact,/images/civic_lake_trail_1779052853070.png,,,,Imported from current map inventory
current_map_entity,,brand-the-shore,the-shore,The Shore,brand,property,property,,Rainey,30.2554,-97.7397,,property,property,Property,/pins/circular/categories/residential.svg,True,False,Nearby guide and local perks,"Explore nearby dining, wellness, local perks, and everyday downtown spots around The Shore.",Property,Rainey,0.2 mi / Resident ready,"Explore nearby dining, wellness, local perks, and everyday downtown spots around The Shore.",Nearby guide and local perks,Resident benefit | Nearby locations | Active offer | Campaign opportunity,,Open Resident Guide -> /brands/the-shore | Explore Nearby -> /map?mode=resident&tab=map&filter=Around%20the%20Corner&entityId=brand-the-shore | Save -> toggle_saved_state,Property,Rainey,0.2 mi / Partner signal,The Shore can turn its walkable location and Van Zandt relationship into everyday resident value.,Nearby guide and local perks,Resident benefit | Nearby locations | Active offer | Campaign opportunity,,Launch Campaign -> /partners/campaigns?brand=the-shore | View Reports -> /partner-workspace/overview?brand=the-shore | Resident View -> /map?mode=resident&tab=map&entityId=brand-the-shore | Edit Visibility -> open_visibility_controls | View Audience -> open_audience_view | Contact -> /contact,/images/austonian_lobby_1779052725341.png,,,,Imported from current map inventory
current_map_entity,,brand-the-waterline,the-waterline,The Waterline,brand,property,property,,Rainey,30.2594,-97.741,,property,property,Property,/pins/circular/categories/residential.svg,True,False,Nearby guide and local perks,"Discover dining, wellness, events, and nearby experiences connected to life at The Waterline.",Property,Rainey,0.4 mi / Resident ready,"Discover dining, wellness, events, and nearby experiences connected to life at The Waterline.",Nearby guide and local perks,Resident benefit | Nearby locations | Active offer | Campaign opportunity,,Open Resident Guide -> /brands/the-waterline | Explore Nearby -> /map?mode=resident&tab=map&filter=Around%20the%20Corner&entityId=brand-the-waterline | Save -> toggle_saved_state,Property,Rainey,0.4 mi / Partner signal,The Waterline can turn its downtown setting into a daily resident advantage.,Nearby guide and local perks,Resident benefit | Nearby locations | Active offer | Campaign opportunity,,Launch Campaign -> /partners/campaigns?brand=the-waterline | View Reports -> /partner-workspace/overview?brand=the-waterline | Resident View -> /map?mode=resident&tab=map&entityId=brand-the-waterline | Edit Visibility -> open_visibility_controls | View Audience -> open_audience_view | Contact -> /contact,/images/austonian_lobby_1779052725341.png,,,,Imported from current map inventory
current_map_entity,,brand-the-paseo,the-paseo,The Paseo,brand,property,property,,Downtown Core,30.2661,-97.7466,,property,property,Property,/pins/circular/categories/residential.svg,True,False,Nearby guide and local perks,"Find walkable dining, neighborhood events, wellness, and local experiences around The Paseo.",Property,Downtown Core,0.6 mi / Resident ready,"Find walkable dining, neighborhood events, wellness, and local experiences around The Paseo.",Nearby guide and local perks,Resident benefit | Nearby locations | Active offer | Campaign opportunity,,Open Resident Guide -> /brands/the-paseo | Explore Nearby -> /map?mode=resident&tab=map&filter=Around%20the%20Corner&entityId=brand-the-paseo | Save -> toggle_saved_state,Property,Downtown Core,0.6 mi / Partner signal,"The Paseo can give residents a clearer, more useful connection to the neighborhood around them.",Nearby guide and local perks,Resident benefit | Nearby locations | Active offer | Campaign opportunity,,Launch Campaign -> /partners/campaigns?brand=the-paseo | View Reports -> /partner-workspace/overview?brand=the-paseo | Resident View -> /map?mode=resident&tab=map&entityId=brand-the-paseo | Edit Visibility -> open_visibility_controls | View Audience -> open_audience_view | Contact -> /contact,/images/commercial_street_level_1779052788888.png,,,,Imported from current map inventory
current_map_entity,,brand-bangers,bangers,Banger's,brand,restaurant,restaurant,Banger's,Rainey,30.2578,-97.7386,,brand,dining,Dining,/pins/circular/categories/dining.svg,True,False,Nearby guide and local perks,"See what's happening nearby: dining, live music, events, and local perks around Banger's.",Brand,Rainey,0.2 mi / Resident ready,"See what's happening nearby: dining, live music, events, and local perks around Banger's.",Nearby guide and local perks,Resident benefit | Nearby locations | Active offer | Campaign opportunity,,See Nearby Dining -> /brands/bangers | Explore Nearby -> /map?mode=resident&tab=map&filter=Around%20the%20Corner&entityId=brand-bangers | Save -> toggle_saved_state,Brand,Rainey,0.2 mi / Partner signal,"Banger's can meet nearby residents during brunch, live music, happy hour, and late-night plans.",Nearby guide and local perks,Resident benefit | Nearby locations | Active offer | Campaign opportunity,,Launch Campaign -> /partners/campaigns?brand=bangers | View Reports -> /partner-workspace/overview?brand=bangers | Resident View -> /map?mode=resident&tab=map&entityId=brand-bangers | Edit Visibility -> open_visibility_controls | View Audience -> open_audience_view | Contact -> /contact,/images/partner_dining_patio_1779052819620.png,,,,Imported from current map inventory
current_map_entity,,brand-the-stay-put,the-stay-put,The Stay Put,brand,venue,venue,The Stay Put,Rainey,30.2572,-97.7382,,brand,dining,Dining,/pins/circular/categories/dining.svg,True,False,Nearby guide and local perks,"Plan your next stop: drinks, music, nearby spots, and late-night downtown energy.",Brand,Rainey,0.4 mi / Resident ready,"Plan your next stop: drinks, music, nearby spots, and late-night downtown energy.",Nearby guide and local perks,Resident benefit | Nearby locations | Active offer | Campaign opportunity,,See What's Nearby -> /brands/the-stay-put | Explore Nearby -> /map?mode=resident&tab=map&filter=Around%20the%20Corner&entityId=brand-the-stay-put | Save -> toggle_saved_state,Brand,Rainey,0.4 mi / Partner signal,The Stay Put can meet people while they are already nearby and deciding where to go next.,Nearby guide and local perks,Resident benefit | Nearby locations | Active offer | Campaign opportunity,,Launch Campaign -> /partners/campaigns?brand=the-stay-put | View Reports -> /partner-workspace/overview?brand=the-stay-put | Resident View -> /map?mode=resident&tab=map&entityId=brand-the-stay-put | Edit Visibility -> open_visibility_controls | View Audience -> open_audience_view | Contact -> /contact,/images/motion/5OVOBur8PVysCm5FG_VdOAa7gUhIy1_fvE5kZsu0GsuYm7SNjgBBbVIIlHOziVJCOc7KQxMoc4JfYS5n4KfGSTDmXb6UZcEuaFk9nCXQkN1E78Sv8Pa4g4ktnmgi139nJwRbEqIhH7K1xlwdOC-afhNU2-a7TMFg6QTIvalBTTn4eKA2rlRgzVjsBrBtko0R.jpeg,,,,Imported from current map inventory
current_map_entity,,brand-lustre-pearl,lustre-pearl,Lustre Pearl,brand,venue,venue,Lustre Pearl,Rainey,30.2582,-97.7389,,brand,dining,Dining,/pins/circular/categories/dining.svg,True,False,Nearby guide and local perks,"Plan your next stop with drinks, music, nearby spots, and late-night downtown energy.",Brand,Rainey,0.6 mi / Resident ready,"Plan your next stop with drinks, music, nearby spots, and late-night downtown energy.",Nearby guide and local perks,Resident benefit | Nearby locations | Active offer | Campaign opportunity,,Show Card -> /brands/lustre-pearl | Explore Nearby -> /map?mode=resident&tab=map&filter=Around%20the%20Corner&entityId=brand-lustre-pearl | Save -> toggle_saved_state,Brand,Rainey,0.6 mi / Partner signal,Nearby traffic and resident interest can support timely venue recommendations.,Nearby guide and local perks,Resident benefit | Nearby locations | Active offer | Campaign opportunity,,Launch Campaign -> /partners/campaigns?brand=lustre-pearl | View Reports -> /partner-workspace/overview?brand=lustre-pearl | Resident View -> /map?mode=resident&tab=map&entityId=brand-lustre-pearl | Edit Visibility -> open_visibility_controls | View Audience -> open_audience_view | Contact -> /contact,/images/motion/5OVOBur8PVysCm5FG_VdOAa7gUhIy1_fvE5kZsu0GsuYm7SNjgBBbVIIlHOziVJCOc7KQxMoc4JfYS5n4KfGSTDmXb6UZcEuaFk9nCXQkN1E78Sv8Pa4g4ktnmgi139nJwRbEqIhH7K1xlwdOC-afhNU2-a7TMFg6QTIvalBTTn4eKA2rlRgzVjsBrBtko0R.jpeg,,,,Imported from current map inventory
current_map_entity,,brand-half-step,half-step,Half Step,brand,venue,venue,Half Step,Rainey,30.2574,-97.7387,,brand,dining,Dining,/pins/circular/categories/dining.svg,True,False,Nearby guide and local perks,"Plan your next stop with drinks, music, nearby spots, and late-night downtown energy.",Brand,Rainey,0.2 mi / Resident ready,"Plan your next stop with drinks, music, nearby spots, and late-night downtown energy.",Nearby guide and local perks,Resident benefit | Nearby locations | Active offer | Campaign opportunity,,Show Card -> /brands/half-step | Explore Nearby -> /map?mode=resident&tab=map&filter=Around%20the%20Corner&entityId=brand-half-step | Save -> toggle_saved_state,Brand,Rainey,0.2 mi / Partner signal,Nearby traffic and resident interest can support timely venue recommendations.,Nearby guide and local perks,Resident benefit | Nearby locations | Active offer | Campaign opportunity,,Launch Campaign -> /partners/campaigns?brand=half-step | View Reports -> /partner-workspace/overview?brand=half-step | Resident View -> /map?mode=resident&tab=map&entityId=brand-half-step | Edit Visibility -> open_visibility_controls | View Audience -> open_audience_view | Contact -> /contact,/images/partner/drop-in-images/inkind-table-spread.jpg,,,,Imported from current map inventory
current_map_entity,,brand-comedy-mothership,comedy-mothership,Comedy Mothership,brand,culture,culture,Comedy Mothership,6th Street,30.2664,-97.7428,,brand,art,Art,/pins/circular/categories/culture.svg,True,False,Nearby guide and local perks,"Plan cultural stops, shows, art, and nearby dining around this destination.",Brand,6th Street,0.4 mi / Resident ready,"Plan cultural stops, shows, art, and nearby dining around this destination.",Nearby guide and local perks,Resident benefit | Nearby locations | Active offer | Campaign opportunity,,RSVP -> /brands/comedy-mothership | Explore Nearby -> /map?mode=resident&tab=map&filter=Around%20the%20Corner&entityId=brand-comedy-mothership | Save -> toggle_saved_state,Brand,6th Street,0.4 mi / Partner signal,Culture and event traffic can support nearby dining and stronger local plans.,Nearby guide and local perks,Resident benefit | Nearby locations | Active offer | Campaign opportunity,,Launch Campaign -> /partners/campaigns?brand=comedy-mothership | View Reports -> /partner-workspace/overview?brand=comedy-mothership | Resident View -> /map?mode=resident&tab=map&entityId=brand-comedy-mothership | Edit Visibility -> open_visibility_controls | View Audience -> open_audience_view | Contact -> /contact,/images/motion/5OVOBur8PVysCm5FG_VdOAa7gUhIy1_fvE5kZsu0GsuYm7SNjgBBbVIIlHOziVJCOc7KQxMoc4JfYS5n4KfGSTDmXb6UZcEuaFk9nCXQkN1E78Sv8Pa4g4ktnmgi139nJwRbEqIhH7K1xlwdOC-afhNU2-a7TMFg6QTIvalBTTn4eKA2rlRgzVjsBrBtko0R.jpeg,,,,Imported from current map inventory
current_map_entity,,brand-hotel-van-zandt,hotel-van-zandt,Hotel Van Zandt,brand,hotel,hotel,,Rainey,30.259966,-97.739141,,hotel,hotel,Hotel,/pins/circular/categories/hotels.svg,True,False,Nearby guide and local perks,"Explore nearby dining, live music, wellness, and local experiences around Hotel Van Zandt.",Hotel,Rainey,0.6 mi / Hospitality hub,"Explore nearby dining, live music, wellness, and local experiences around Hotel Van Zandt.",Nearby guide and local perks,Resident benefit | Nearby locations | Active offer | Campaign opportunity,,View Details -> /brands/hotel-van-zandt | Explore Nearby -> /map?mode=resident&tab=map&filter=Around%20the%20Corner&entityId=brand-hotel-van-zandt | Save -> toggle_saved_state,Hotel,Rainey,0.6 mi / Partner signal,Hotel Van Zandt can help guests move through downtown with more confidence and less friction.,Nearby guide and local perks,Resident benefit | Nearby locations | Active offer | Campaign opportunity,,Launch Campaign -> /partners/campaigns?brand=hotel-van-zandt | View Reports -> /partner-workspace/overview?brand=hotel-van-zandt | Resident View -> /map?mode=resident&tab=map&entityId=brand-hotel-van-zandt | Edit Visibility -> open_visibility_controls | View Audience -> open_audience_view | Contact -> /contact,/images/hospitality/FVYZlJYG9EOdXp31bh8GIkk3w6mSV8U8I1d9Zqofl--jqIENgWsuqVYVSszwDnFwze8BBSM4tzTLq2Uch3eNsNN7jLRha9DXMuJzwOPIu6IS3i4KPsJjwWZhQG2_2udJyaVJSu7yMNnkDqcXa6Ni_h8cHea5qSaBgHQQcnKPXlD7NqsIYGDxz2TQ1IACJQRP.jpeg,,,,Imported from current map inventory
current_map_entity,,brand-geraldines,geraldines,Geraldine's,brand,restaurant,restaurant,Geraldine's,Rainey,30.2568,-97.7391,,brand,inkind,inKind,/pins/circular/brands/inkind.svg,True,True,Nearby guide and local perks,"Explore nearby dining, neighborhood events, and local moments around this restaurant.",Brand,Rainey,0.2 mi / Participating inKind restaurant,Use your Downtown Perks card for a resident dining benefit at participating inKind restaurants nearby.,Nearby guide and local perks,Dining benefits | People nearby | Restaurants | Events nearby,What you get | How to use it | Dining feel | Nearby context | Best time to go,Show Card -> /map?mode=resident&tab=pass&sourceEntity=brand-geraldines | View Dining Benefit -> open_offer_subview | View Venue -> open_venue_subview | Dining Nearby -> /map?mode=resident&tab=map&filter=perks&near=brand-geraldines | External maps directions -> google_maps_url | Save -> toggle_saved_state,Brand,Rainey,0.2 mi / Participating inKind restaurant,"Geraldine's is showing nearby dinner interest, group dining plans, nightlife overlap, and useful moments to reach people before they choose where to go.",Nearby guide and local perks,Dining benefits | People nearby | Restaurants | Events nearby,Dinner interest | Group plans | Nearby flow | Best time | Suggested move,Plan Dining Push -> /partners/campaigns?network=inkind&entityId=brand-geraldines | View Dining Report -> /partner-workspace/overview?network=inkind&entityId=brand-geraldines | View Dashboard -> /partner-workspace/overview?network=inkind&entityId=brand-geraldines | Resident View -> /map?mode=resident&tab=map&filter=inkind&entityId=brand-geraldines | Edit Visibility -> open_visibility_controls | View Audience -> open_audience_view | Contact -> /contact,/images/partner/drop-in-images/inkind-plated-dinner.jpg,,,,Imported from current map inventory
current_map_entity,,brand-four-seasons,four-seasons,Four Seasons Austin,brand,hotel,hotel,,Downtown Core,30.26162,-97.74226,,hotel,four_seasons,Four Seasons,/pins/circular/brands/four-seasons.svg,True,False,Nearby guide and local perks,"Discover curated downtown dining, wellness, and nearby experiences around Four Seasons Austin.",Hotel,Downtown Core,0.4 mi / Hospitality hub,"Discover curated downtown dining, wellness, and nearby experiences around Four Seasons Austin.",Nearby guide and local perks,Resident benefit | Nearby locations | Active offer | Campaign opportunity,,View Details -> /brands/four-seasons | Explore Nearby -> /map?mode=resident&tab=map&filter=Around%20the%20Corner&entityId=brand-four-seasons | Save -> toggle_saved_state,Hotel,Downtown Core,0.4 mi / Partner signal,Four Seasons can give guests a more considered way to explore downtown.,Nearby guide and local perks,Resident benefit | Nearby locations | Active offer | Campaign opportunity,,Launch Campaign -> /partners/campaigns?brand=four-seasons | View Reports -> /partner-workspace/overview?brand=four-seasons | Resident View -> /map?mode=resident&tab=map&entityId=brand-four-seasons | Edit Visibility -> open_visibility_controls | View Audience -> open_audience_view | Contact -> /contact,/images/waustin_pool_1779052756806.png,,,,Imported from current map inventory
current_map_entity,,brand-four-seasons-residences,four-seasons-residences,Four Seasons Residences,brand,property,property,,Downtown Core,30.2617,-97.742,,property,four_seasons,Four Seasons,/pins/circular/brands/four-seasons.svg,True,False,Nearby guide and local perks,"Explore nearby dining, wellness, local perks, and everyday downtown experiences around Four Seasons Residences.",Property,Downtown Core,0.6 mi / Resident ready,"Explore nearby dining, wellness, local perks, and everyday downtown experiences around Four Seasons Residences.",Nearby guide and local perks,Resident benefit | Nearby locations | Active offer | Campaign opportunity,,Open Resident Guide -> /brands/four-seasons-residences | Explore Nearby -> /map?mode=resident&tab=map&filter=Around%20the%20Corner&entityId=brand-four-seasons-residences | Save -> toggle_saved_state,Property,Downtown Core,0.6 mi / Partner signal,"Four Seasons Residences can make downtown feel easier, calmer, and more useful for residents.",Nearby guide and local perks,Resident benefit | Nearby locations | Active offer | Campaign opportunity,,Launch Campaign -> /partners/campaigns?brand=four-seasons-residences | View Reports -> /partner-workspace/overview?brand=four-seasons-residences | Resident View -> /map?mode=resident&tab=map&entityId=brand-four-seasons-residences | Edit Visibility -> open_visibility_controls | View Audience -> open_audience_view | Contact -> /contact,/images/waustin_pool_1779052756806.png,,,,Imported from current map inventory
current_map_entity,,brand-the-line-austin,the-line-austin,The Line Austin,brand,hotel,hotel,,Congress,30.2627,-97.7435,,hotel,hotel,Hotel,/pins/circular/categories/hotels.svg,True,False,Nearby guide and local perks,"Explore nearby dining, live music, wellness, and local experiences around this hotel.",Hotel,Congress,0.2 mi / Hospitality hub,"Explore nearby dining, live music, wellness, and local experiences around this hotel.",Nearby guide and local perks,Resident benefit | Nearby locations | Active offer | Campaign opportunity,,Show Card -> /brands/the-line-austin | Explore Nearby -> /map?mode=resident&tab=map&filter=Around%20the%20Corner&entityId=brand-the-line-austin | Save -> toggle_saved_state,Hotel,Congress,0.2 mi / Partner signal,"Guest and resident traffic can support local dining, events, and better nearby recommendations.",Nearby guide and local perks,Resident benefit | Nearby locations | Active offer | Campaign opportunity,,Launch Campaign -> /partners/campaigns?brand=the-line-austin | View Reports -> /partner-workspace/overview?brand=the-line-austin | Resident View -> /map?mode=resident&tab=map&entityId=brand-the-line-austin | Edit Visibility -> open_visibility_controls | View Audience -> open_audience_view | Contact -> /contact,/images/hospitality/FVYZlJYG9EOdXp31bh8GIkk3w6mSV8U8I1d9Zqofl--jqIENgWsuqVYVSszwDnFwze8BBSM4tzTLq2Uch3eNsNN7jLRha9DXMuJzwOPIu6IS3i4KPsJjwWZhQG2_2udJyaVJSu7yMNnkDqcXa6Ni_h8cHea5qSaBgHQQcnKPXlD7NqsIYGDxz2TQ1IACJQRP.jpeg,,,,Imported from current map inventory
current_map_entity,,brand-fairmont-austin,fairmont-austin,Fairmont Austin,brand,hotel,hotel,,Convention Core,30.2622,-97.7404,,hotel,hotel,Hotel,/pins/circular/categories/hotels.svg,True,False,Nearby guide and local perks,"Explore nearby dining, live music, wellness, and local experiences around this hotel.",Hotel,Convention Core,0.4 mi / Hospitality hub,"Explore nearby dining, live music, wellness, and local experiences around this hotel.",Nearby guide and local perks,Resident benefit | Nearby locations | Active offer | Campaign opportunity,,Show Card -> /brands/fairmont-austin | Explore Nearby -> /map?mode=resident&tab=map&filter=Around%20the%20Corner&entityId=brand-fairmont-austin | Save -> toggle_saved_state,Hotel,Convention Core,0.4 mi / Partner signal,"Guest and resident traffic can support local dining, events, and better nearby recommendations.",Nearby guide and local perks,Resident benefit | Nearby locations | Active offer | Campaign opportunity,,Launch Campaign -> /partners/campaigns?brand=fairmont-austin | View Reports -> /partner-workspace/overview?brand=fairmont-austin | Resident View -> /map?mode=resident&tab=map&entityId=brand-fairmont-austin | Edit Visibility -> open_visibility_controls | View Audience -> open_audience_view | Contact -> /contact,/images/hospitality/FVYZlJYG9EOdXp31bh8GIkk3w6mSV8U8I1d9Zqofl--jqIENgWsuqVYVSszwDnFwze8BBSM4tzTLq2Uch3eNsNN7jLRha9DXMuJzwOPIu6IS3i4KPsJjwWZhQG2_2udJyaVJSu7yMNnkDqcXa6Ni_h8cHea5qSaBgHQQcnKPXlD7NqsIYGDxz2TQ1IACJQRP.jpeg,,,,Imported from current map inventory
current_map_entity,,brand-austin-marriott-downtown,austin-marriott-downtown,Austin Marriott Downtown,brand,hotel,hotel,,Convention Core,30.2634,-97.7402,,hotel,hotel,Hotel,/pins/circular/categories/hotels.svg,True,False,Nearby guide and local perks,"Explore nearby dining, live music, wellness, and local experiences around this hotel.",Hotel,Convention Core,0.6 mi / Hospitality hub,"Explore nearby dining, live music, wellness, and local experiences around this hotel.",Nearby guide and local perks,Resident benefit | Nearby locations | Active offer | Campaign opportunity,,Show Card -> /brands/austin-marriott-downtown | Explore Nearby -> /map?mode=resident&tab=map&filter=Around%20the%20Corner&entityId=brand-austin-marriott-downtown | Save -> toggle_saved_state,Hotel,Convention Core,0.6 mi / Partner signal,"Guest and resident traffic can support local dining, events, and better nearby recommendations.",Nearby guide and local perks,Resident benefit | Nearby locations | Active offer | Campaign opportunity,,Launch Campaign -> /partners/campaigns?brand=austin-marriott-downtown | View Reports -> /partner-workspace/overview?brand=austin-marriott-downtown | Resident View -> /map?mode=resident&tab=map&entityId=brand-austin-marriott-downtown | Edit Visibility -> open_visibility_controls | View Audience -> open_audience_view | Contact -> /contact,/images/hospitality/FVYZlJYG9EOdXp31bh8GIkk3w6mSV8U8I1d9Zqofl--jqIENgWsuqVYVSszwDnFwze8BBSM4tzTLq2Uch3eNsNN7jLRha9DXMuJzwOPIu6IS3i4KPsJjwWZhQG2_2udJyaVJSu7yMNnkDqcXa6Ni_h8cHea5qSaBgHQQcnKPXlD7NqsIYGDxz2TQ1IACJQRP.jpeg,,,,Imported from current map inventory
current_map_entity,,brand-royal-blue-grocery,royal-blue-grocery,Royal Blue Grocery,brand,retail,retail,Royal Blue Grocery,Downtown Core,30.2665,-97.7432,,brand,retail,Retail,/pins/circular/categories/retail.svg,True,False,Nearby guide and local perks,"Explore downtown events, outdoor moments, retail stops, and local experiences nearby.",Brand,Downtown Core,0.2 mi / Resident ready,"Explore downtown events, outdoor moments, retail stops, and local experiences nearby.",Nearby guide and local perks,Resident benefit | Nearby locations | Active offer | Campaign opportunity,,Show Card -> /brands/royal-blue-grocery | Explore Nearby -> /map?mode=resident&tab=map&filter=Around%20the%20Corner&entityId=brand-royal-blue-grocery | Save -> toggle_saved_state,Brand,Downtown Core,0.2 mi / Partner signal,Shopping interest and local events can bring more people into real downtown moments.,Nearby guide and local perks,Resident benefit | Nearby locations | Active offer | Campaign opportunity,,Launch Campaign -> /partners/campaigns?brand=royal-blue-grocery | View Reports -> /partner-workspace/overview?brand=royal-blue-grocery | Resident View -> /map?mode=resident&tab=map&entityId=brand-royal-blue-grocery | Edit Visibility -> open_visibility_controls | View Audience -> open_audience_view | Contact -> /contact,/images/panels/yeti.jpeg,,,,Imported from current map inventory
current_map_entity,,brand-jos-coffee,jos-coffee,Jo's Coffee,brand,coffee,coffee,Jo's Coffee,2nd Street,30.2516,-97.7494,,brand,coffee,Coffee,/pins/circular/categories/coffee.svg,True,False,Nearby guide and local perks,"Find coffee nearby for errands, work blocks, and neighborhood routines.",Brand,2nd Street,0.4 mi / Resident ready,"Find coffee nearby for errands, work blocks, and neighborhood routines.",Nearby guide and local perks,Resident benefit | Nearby locations | Active offer | Campaign opportunity,,Show Card -> /brands/jos-coffee | Explore Nearby -> /map?mode=resident&tab=map&filter=Around%20the%20Corner&entityId=brand-jos-coffee | Save -> toggle_saved_state,Brand,2nd Street,0.4 mi / Partner signal,Morning resident movement and repeat visits create reliable local interest windows.,Nearby guide and local perks,Resident benefit | Nearby locations | Active offer | Campaign opportunity,,Launch Campaign -> /partners/campaigns?brand=jos-coffee | View Reports -> /partner-workspace/overview?brand=jos-coffee | Resident View -> /map?mode=resident&tab=map&entityId=brand-jos-coffee | Edit Visibility -> open_visibility_controls | View Audience -> open_audience_view | Contact -> /contact,/images/partner_coffee_shop_1779052868356.png,,,,Imported from current map inventory
current_map_entity,,brand-merit-coffee,merit-coffee,Merit Coffee,brand,coffee,coffee,Merit Coffee,Downtown Core,30.2657,-97.7473,,brand,coffee,Coffee,/pins/circular/categories/coffee.svg,True,False,Nearby guide and local perks,"Find coffee nearby for errands, work blocks, and neighborhood routines.",Brand,Downtown Core,0.6 mi / Resident ready,"Find coffee nearby for errands, work blocks, and neighborhood routines.",Nearby guide and local perks,Resident benefit | Nearby locations | Active offer | Campaign opportunity,,Show Card -> /brands/merit-coffee | Explore Nearby -> /map?mode=resident&tab=map&filter=Around%20the%20Corner&entityId=brand-merit-coffee | Save -> toggle_saved_state,Brand,Downtown Core,0.6 mi / Partner signal,Morning resident movement and repeat visits create reliable local interest windows.,Nearby guide and local perks,Resident benefit | Nearby locations | Active offer | Campaign opportunity,,Launch Campaign -> /partners/campaigns?brand=merit-coffee | View Reports -> /partner-workspace/overview?brand=merit-coffee | Resident View -> /map?mode=resident&tab=map&entityId=brand-merit-coffee | Edit Visibility -> open_visibility_controls | View Audience -> open_audience_view | Contact -> /contact,/images/partner_coffee_shop_1779052868356.png,,,,Imported from current map inventory
current_map_entity,,brand-le-cafe-crepe,le-cafe-crepe,Le Cafe Crepe,brand,coffee,coffee,Le Cafe Crepe,Congress,30.2671,-97.7426,,brand,coffee,Coffee,/pins/circular/categories/coffee.svg,True,False,Nearby guide and local perks,"Find coffee nearby for errands, work blocks, and neighborhood routines.",Brand,Congress,0.2 mi / Resident ready,"Find coffee nearby for errands, work blocks, and neighborhood routines.",Nearby guide and local perks,Resident benefit | Nearby locations | Active offer | Campaign opportunity,,Show Card -> /brands/le-cafe-crepe | Explore Nearby -> /map?mode=resident&tab=map&filter=Around%20the%20Corner&entityId=brand-le-cafe-crepe | Save -> toggle_saved_state,Brand,Congress,0.2 mi / Partner signal,Morning resident movement and repeat visits create reliable local interest windows.,Nearby guide and local perks,Resident benefit | Nearby locations | Active offer | Campaign opportunity,,Launch Campaign -> /partners/campaigns?brand=le-cafe-crepe | View Reports -> /partner-workspace/overview?brand=le-cafe-crepe | Resident View -> /map?mode=resident&tab=map&entityId=brand-le-cafe-crepe | Edit Visibility -> open_visibility_controls | View Audience -> open_audience_view | Contact -> /contact,/images/partner_coffee_shop_1779052868356.png,,,,Imported from current map inventory
current_map_entity,,brand-fareground,fareground,Fareground,brand,restaurant,restaurant,Fareground,Congress,30.2632,-97.7438,,brand,dining,Dining,/pins/circular/categories/dining.svg,True,False,Nearby guide and local perks,"Explore nearby dining, neighborhood events, and local moments around this restaurant.",Brand,Congress,0.4 mi / Resident ready,"Explore nearby dining, neighborhood events, and local moments around this restaurant.",Nearby guide and local perks,Resident benefit | Nearby locations | Active offer | Campaign opportunity,,Show Card -> /brands/fareground | Explore Nearby -> /map?mode=resident&tab=map&filter=Around%20the%20Corner&entityId=brand-fareground | Save -> toggle_saved_state,Brand,Congress,0.4 mi / Partner signal,"Dining demand, group plans, and nearby events can bring people to the table.",Nearby guide and local perks,Resident benefit | Nearby locations | Active offer | Campaign opportunity,,Launch Campaign -> /partners/campaigns?brand=fareground | View Reports -> /partner-workspace/overview?brand=fareground | Resident View -> /map?mode=resident&tab=map&entityId=brand-fareground | Edit Visibility -> open_visibility_controls | View Audience -> open_audience_view | Contact -> /contact,/images/partner_dining_patio_1779052819620.png,,,,Imported from current map inventory
current_map_entity,,brand-acl-live,acl-live,ACL Live,brand,event,event,ACL Live,2nd Street,30.265,-97.7472,,brand,event,Event,/pins/circular/categories/events.svg,True,False,Nearby guide and local perks,"See what is happening nearby and pair it with dining, drinks, or local perks.",Brand,2nd Street,0.6 mi / Resident ready,"See what is happening nearby and pair it with dining, drinks, or local perks.",Nearby guide and local perks,Resident benefit | Nearby locations | Active offer | Campaign opportunity,,RSVP -> /brands/acl-live | Explore Nearby -> /map?mode=resident&tab=map&filter=Around%20the%20Corner&entityId=brand-acl-live | Save -> toggle_saved_state,Brand,2nd Street,0.6 mi / Partner signal,"Event attendance can send people toward nearby food, drinks, and local perks.",Nearby guide and local perks,Resident benefit | Nearby locations | Active offer | Campaign opportunity,,Launch Campaign -> /partners/campaigns?brand=acl-live | View Reports -> /partner-workspace/overview?brand=acl-live | Resident View -> /map?mode=resident&tab=map&entityId=brand-acl-live | Edit Visibility -> open_visibility_controls | View Audience -> open_audience_view | Contact -> /contact,/images/moody_theater_live_music_1779052684229.png,,,,Imported from current map inventory
current_map_entity,,brand-antones,antones,Antone's,brand,culture,culture,Antone's,Downtown Core,30.2669,-97.7429,,brand,art,Art,/pins/circular/categories/culture.svg,True,False,Nearby guide and local perks,"Plan cultural stops, shows, art, and nearby dining around this destination.",Brand,Downtown Core,0.2 mi / Resident ready,"Plan cultural stops, shows, art, and nearby dining around this destination.",Nearby guide and local perks,Resident benefit | Nearby locations | Active offer | Campaign opportunity,,RSVP -> /brands/antones | Explore Nearby -> /map?mode=resident&tab=map&filter=Around%20the%20Corner&entityId=brand-antones | Save -> toggle_saved_state,Brand,Downtown Core,0.2 mi / Partner signal,Culture and event traffic can support nearby dining and stronger local plans.,Nearby guide and local perks,Resident benefit | Nearby locations | Active offer | Campaign opportunity,,Launch Campaign -> /partners/campaigns?brand=antones | View Reports -> /partner-workspace/overview?brand=antones | Resident View -> /map?mode=resident&tab=map&entityId=brand-antones | Edit Visibility -> open_visibility_controls | View Audience -> open_audience_view | Contact -> /contact,/images/moody_theater_live_music_1779052684229.png,,,,Imported from current map inventory
current_map_entity,,brand-the-contemporary-austin,the-contemporary-austin,The Contemporary Austin,brand,culture,culture,The Contemporary Austin,Congress,30.2686,-97.7438,,brand,art,Art,/pins/circular/categories/culture.svg,True,False,Nearby guide and local perks,"Plan cultural stops, shows, art, and nearby dining around this destination.",Brand,Congress,0.4 mi / Resident ready,"Plan cultural stops, shows, art, and nearby dining around this destination.",Nearby guide and local perks,Resident benefit | Nearby locations | Active offer | Campaign opportunity,,RSVP -> /brands/the-contemporary-austin | Explore Nearby -> /map?mode=resident&tab=map&filter=Around%20the%20Corner&entityId=brand-the-contemporary-austin | Save -> toggle_saved_state,Brand,Congress,0.4 mi / Partner signal,Culture and event traffic can support nearby dining and stronger local plans.,Nearby guide and local perks,Resident benefit | Nearby locations | Active offer | Campaign opportunity,,Launch Campaign -> /partners/campaigns?brand=the-contemporary-austin | View Reports -> /partner-workspace/overview?brand=the-contemporary-austin | Resident View -> /map?mode=resident&tab=map&entityId=brand-the-contemporary-austin | Edit Visibility -> open_visibility_controls | View Audience -> open_audience_view | Contact -> /contact,/images/downtown_art_walk_1779052670656.png,,,,Imported from current map inventory
current_map_entity,,brand-bookpeople,bookpeople,BookPeople,brand,retail,retail,BookPeople,Market District,30.2718,-97.752,,brand,retail,Retail,/pins/circular/categories/retail.svg,True,False,Nearby guide and local perks,"Explore downtown events, outdoor moments, retail stops, and local experiences nearby.",Brand,Market District,0.6 mi / Resident ready,"Explore downtown events, outdoor moments, retail stops, and local experiences nearby.",Nearby guide and local perks,Resident benefit | Nearby locations | Active offer | Campaign opportunity,,Show Card -> /brands/bookpeople | Explore Nearby -> /map?mode=resident&tab=map&filter=Around%20the%20Corner&entityId=brand-bookpeople | Save -> toggle_saved_state,Brand,Market District,0.6 mi / Partner signal,Shopping interest and local events can bring more people into real downtown moments.,Nearby guide and local perks,Resident benefit | Nearby locations | Active offer | Campaign opportunity,,Launch Campaign -> /partners/campaigns?brand=bookpeople | View Reports -> /partner-workspace/overview?brand=bookpeople | Resident View -> /map?mode=resident&tab=map&entityId=brand-bookpeople | Edit Visibility -> open_visibility_controls | View Audience -> open_audience_view | Contact -> /contact,/images/panels/yeti.jpeg,,,,Imported from current map inventory
current_map_entity,,brand-trader-joes,trader-joes,Trader Joe's,brand,retail,retail,Trader Joe's,Seaholm,30.2672,-97.7501,,brand,retail,Retail,/pins/circular/categories/retail.svg,True,False,Nearby guide and local perks,"Explore downtown events, outdoor moments, retail stops, and local experiences nearby.",Brand,Seaholm,0.2 mi / Resident ready,"Explore downtown events, outdoor moments, retail stops, and local experiences nearby.",Nearby guide and local perks,Resident benefit | Nearby locations | Active offer | Campaign opportunity,,Show Card -> /brands/trader-joes | Explore Nearby -> /map?mode=resident&tab=map&filter=Around%20the%20Corner&entityId=brand-trader-joes | Save -> toggle_saved_state,Brand,Seaholm,0.2 mi / Partner signal,Shopping interest and local events can bring more people into real downtown moments.,Nearby guide and local perks,Resident benefit | Nearby locations | Active offer | Campaign opportunity,,Launch Campaign -> /partners/campaigns?brand=trader-joes | View Reports -> /partner-workspace/overview?brand=trader-joes | Resident View -> /map?mode=resident&tab=map&entityId=brand-trader-joes | Edit Visibility -> open_visibility_controls | View Audience -> open_audience_view | Contact -> /contact,/images/panels/yeti.jpeg,,,,Imported from current map inventory
current_map_entity,,brand-yeti,yeti,YETI,brand,retail,retail,YETI,2nd Street,30.2648,-97.7478,,brand,yeti,YETI,/pins/circular/brands/yeti.svg,True,False,Nearby guide and local perks,"Explore downtown events, outdoor moments, and local experiences connected to YETI.",Brand,2nd Street,0.4 mi / Resident ready,"Explore downtown events, outdoor moments, and local experiences connected to YETI.",Nearby guide and local perks,Resident benefit | Nearby locations | Active offer | Campaign opportunity,,See What's Nearby -> /brands/yeti | Explore Nearby -> /map?mode=resident&tab=map&filter=Around%20the%20Corner&entityId=brand-yeti | Save -> toggle_saved_state,Brand,2nd Street,0.4 mi / Partner signal,"YETI can meet downtown residents through events, trail routines, and local product moments.",Nearby guide and local perks,Resident benefit | Nearby locations | Active offer | Campaign opportunity,,Launch Campaign -> /partners/campaigns?brand=yeti | View Reports -> /partner-workspace/overview?brand=yeti | Resident View -> /map?mode=resident&tab=map&entityId=brand-yeti | Edit Visibility -> open_visibility_controls | View Audience -> open_audience_view | Contact -> /contact,/images/panels/yeti.jpeg,,,,Imported from current map inventory
current_map_entity,,brand-rivian,rivian,Rivian,brand,retail,retail,Rivian,Downtown Core,30.2655,-97.7468,,brand,rivian,Rivian,/pins/circular/brands/rivian.svg,True,False,Nearby guide and local perks,"Explore test drives, local events, and neighborhood experiences connected to Rivian.",Brand,Downtown Core,0.6 mi / Resident ready,"Explore test drives, local events, and neighborhood experiences connected to Rivian.",Nearby guide and local perks,Resident benefit | Nearby locations | Active offer | Campaign opportunity,,View Details -> /brands/rivian | Explore Nearby -> /map?mode=resident&tab=map&filter=Around%20the%20Corner&entityId=brand-rivian | Save -> toggle_saved_state,Brand,Downtown Core,0.6 mi / Partner signal,Rivian can turn downtown curiosity into reserved experiences and local interest from people already nearby.,Nearby guide and local perks,Resident benefit | Nearby locations | Active offer | Campaign opportunity,,Launch Campaign -> /partners/campaigns?brand=rivian | View Reports -> /partner-workspace/overview?brand=rivian | Resident View -> /map?mode=resident&tab=map&entityId=brand-rivian | Edit Visibility -> open_visibility_controls | View Audience -> open_audience_view | Contact -> /contact,/images/brands/rivian-city-night.jpeg,,,,Imported from current map inventory
current_map_entity,,brand-lululemon,lululemon,lululemon,brand,wellness,wellness,lululemon,2nd Street,30.2659,-97.7476,,brand,wellness,Wellness,/pins/circular/categories/fitness.svg,True,False,Nearby guide and local perks,"Explore run clubs, wellness events, fitness classes, and nearby movement experiences.",Brand,2nd Street,0.2 mi / Resident ready,"Explore run clubs, wellness events, fitness classes, and nearby movement experiences.",Nearby guide and local perks,Resident benefit | Nearby locations | Active offer | Campaign opportunity,,See Nearby Wellness -> /brands/lululemon | Explore Nearby -> /map?mode=resident&tab=map&filter=Around%20the%20Corner&entityId=brand-lululemon | Save -> toggle_saved_state,Brand,2nd Street,0.2 mi / Partner signal,lululemon can become part of the morning and wellness routines downtown residents already follow.,Nearby guide and local perks,Resident benefit | Nearby locations | Active offer | Campaign opportunity,,Launch Campaign -> /partners/campaigns?brand=lululemon | View Reports -> /partner-workspace/overview?brand=lululemon | Resident View -> /map?mode=resident&tab=map&entityId=brand-lululemon | Edit Visibility -> open_visibility_controls | View Audience -> open_audience_view | Contact -> /contact,/images/brands/lululemon-yoga-stage.webp,,,,Imported from current map inventory
current_map_entity,,brand-equinox,equinox,Equinox,brand,wellness,wellness,Equinox,2nd Street,30.2654,-97.7481,,brand,wellness,Wellness,/pins/circular/categories/fitness.svg,True,False,Nearby guide and local perks,"Discover fitness classes, recovery sessions, and wellness experiences nearby.",Brand,2nd Street,0.4 mi / Resident ready,"Discover fitness classes, recovery sessions, and wellness experiences nearby.",Nearby guide and local perks,Resident benefit | Nearby locations | Active offer | Campaign opportunity,,See Nearby Wellness -> /brands/equinox | Explore Nearby -> /map?mode=resident&tab=map&filter=Around%20the%20Corner&entityId=brand-equinox | Save -> toggle_saved_state,Brand,2nd Street,0.4 mi / Partner signal,Equinox can turn nearby fitness interest into class attendance and membership curiosity.,Nearby guide and local perks,Resident benefit | Nearby locations | Active offer | Campaign opportunity,,Launch Campaign -> /partners/campaigns?brand=equinox | View Reports -> /partner-workspace/overview?brand=equinox | Resident View -> /map?mode=resident&tab=map&entityId=brand-equinox | Edit Visibility -> open_visibility_controls | View Audience -> open_audience_view | Contact -> /contact,/images/partner_wellness_1779052883675.png,,,,Imported from current map inventory
current_map_entity,,brand-fabi-and-rosi,fabi-and-rosi,Fabi & Rosi,brand,restaurant,restaurant,Fabi & Rosi,West Downtown,30.2725,-97.7592,,brand,dining,Dining,/pins/circular/categories/dining.svg,True,False,Nearby guide and local perks,"Explore nearby dining, neighborhood events, and local moments around Fabi & Rosi.",Brand,West Downtown,0.6 mi / Resident ready,"Explore nearby dining, neighborhood events, and local moments around Fabi & Rosi.",Nearby guide and local perks,Resident benefit | Nearby locations | Active offer | Campaign opportunity,,See Nearby Dining -> /brands/fabi-and-rosi | Explore Nearby -> /map?mode=resident&tab=map&filter=Around%20the%20Corner&entityId=brand-fabi-and-rosi | Save -> toggle_saved_state,Brand,West Downtown,0.6 mi / Partner signal,Fabi & Rosi can become a repeated choice for nearby residents and walkable dinner plans.,Nearby guide and local perks,Resident benefit | Nearby locations | Active offer | Campaign opportunity,,Launch Campaign -> /partners/campaigns?brand=fabi-and-rosi | View Reports -> /partner-workspace/overview?brand=fabi-and-rosi | Resident View -> /map?mode=resident&tab=map&entityId=brand-fabi-and-rosi | Edit Visibility -> open_visibility_controls | View Audience -> open_audience_view | Contact -> /contact,/images/partner/drop-in-images/inkind-plated-dinner.jpg,,,,Imported from current map inventory
current_map_entity,,brand-laz-y-boy-park,laz-y-boy-park,La-Z-Boy Park,brand,event,event,La-Z-Boy Park,Market District,30.2687,-97.7509,,brand,event,Event,/pins/circular/categories/events.svg,True,False,Nearby guide and local perks,"Plan match day with nearby food, drinks, music, and downtown stops before and after the whistle.",Brand,Market District,0.2 mi / Resident ready,"Plan match day with nearby food, drinks, music, and downtown stops before and after the whistle.",Nearby guide and local perks,Resident benefit | Nearby locations | Active offer | Campaign opportunity,,View Details -> /brands/laz-y-boy-park | Explore Nearby -> /map?mode=resident&tab=map&filter=Around%20the%20Corner&entityId=brand-laz-y-boy-park | Save -> toggle_saved_state,Brand,Market District,0.2 mi / Partner signal,Austin FC can extend match-day energy into local venues and resident plans.,Nearby guide and local perks,Resident benefit | Nearby locations | Active offer | Campaign opportunity,,Launch Campaign -> /partners/campaigns?brand=laz-y-boy-park | View Reports -> /partner-workspace/overview?brand=laz-y-boy-park | Resident View -> /map?mode=resident&tab=map&entityId=brand-laz-y-boy-park | Edit Visibility -> open_visibility_controls | View Audience -> open_audience_view | Contact -> /contact,/images/civic_lake_trail_1779052853070.png,,,,Imported from current map inventory
current_map_entity,,brand-austin-fc,austin-fc,Austin FC,brand,event,event,Austin FC,Market District,30.2687,-97.7509,,brand,event,Event,/pins/circular/categories/events.svg,True,False,Nearby guide and local perks,"See what is happening nearby and pair it with dining, drinks, or local perks.",Brand,Market District,0.4 mi / Resident ready,"See what is happening nearby and pair it with dining, drinks, or local perks.",Nearby guide and local perks,Resident benefit | Nearby locations | Active offer | Campaign opportunity,,RSVP -> /brands/austin-fc | Explore Nearby -> /map?mode=resident&tab=map&filter=Around%20the%20Corner&entityId=brand-austin-fc | Save -> toggle_saved_state,Brand,Market District,0.4 mi / Partner signal,"Event attendance can send people toward nearby food, drinks, and local perks.",Nearby guide and local perks,Resident benefit | Nearby locations | Active offer | Campaign opportunity,,Launch Campaign -> /partners/campaigns?brand=austin-fc | View Reports -> /partner-workspace/overview?brand=austin-fc | Resident View -> /map?mode=resident&tab=map&entityId=brand-austin-fc | Edit Visibility -> open_visibility_controls | View Audience -> open_audience_view | Contact -> /contact,/images/commercial_street_level_1779052788888.png,,,,Imported from current map inventory
current_map_entity,,brand-equinox-austin,equinox-austin,Equinox Austin,brand,wellness,wellness,Equinox Austin,2nd Street,30.2654,-97.7481,,brand,wellness,Wellness,/pins/circular/categories/fitness.svg,True,False,Nearby guide and local perks,"Discover fitness classes, recovery sessions, and wellness experiences nearby.",Brand,2nd Street,0.6 mi / Resident ready,"Discover fitness classes, recovery sessions, and wellness experiences nearby.",Nearby guide and local perks,Resident benefit | Nearby locations | Active offer | Campaign opportunity,,Show Card -> /brands/equinox-austin | Explore Nearby -> /map?mode=resident&tab=map&filter=Around%20the%20Corner&entityId=brand-equinox-austin | Save -> toggle_saved_state,Brand,2nd Street,0.6 mi / Partner signal,Wellness routines create repeat local interest and natural event opportunities.,Nearby guide and local perks,Resident benefit | Nearby locations | Active offer | Campaign opportunity,,Launch Campaign -> /partners/campaigns?brand=equinox-austin | View Reports -> /partner-workspace/overview?brand=equinox-austin | Resident View -> /map?mode=resident&tab=map&entityId=brand-equinox-austin | Edit Visibility -> open_visibility_controls | View Audience -> open_audience_view | Contact -> /contact,/images/brands/lululemon-yoga-stage.webp,,,,Imported from current map inventory
current_map_entity,,brand-castle-hill-fitness,castle-hill-fitness,Castle Hill Fitness,brand,wellness,wellness,Castle Hill Fitness,Market District,30.276,-97.7472,,brand,wellness,Wellness,/pins/circular/categories/fitness.svg,True,False,Nearby guide and local perks,"Discover fitness classes, recovery sessions, and wellness experiences nearby.",Brand,Market District,0.2 mi / Resident ready,"Discover fitness classes, recovery sessions, and wellness experiences nearby.",Nearby guide and local perks,Resident benefit | Nearby locations | Active offer | Campaign opportunity,,Show Card -> /brands/castle-hill-fitness | Explore Nearby -> /map?mode=resident&tab=map&filter=Around%20the%20Corner&entityId=brand-castle-hill-fitness | Save -> toggle_saved_state,Brand,Market District,0.2 mi / Partner signal,Wellness routines create repeat local interest and natural event opportunities.,Nearby guide and local perks,Resident benefit | Nearby locations | Active offer | Campaign opportunity,,Launch Campaign -> /partners/campaigns?brand=castle-hill-fitness | View Reports -> /partner-workspace/overview?brand=castle-hill-fitness | Resident View -> /map?mode=resident&tab=map&entityId=brand-castle-hill-fitness | Edit Visibility -> open_visibility_controls | View Audience -> open_audience_view | Contact -> /contact,/images/brands/lululemon-yoga-stage.webp,,,,Imported from current map inventory
current_map_entity,,brand-press-cleaners,press-cleaners,Press Cleaners,brand,service,service,Press Cleaners,Downtown Core,30.2645,-97.7465,,brand,partner-location,Partner location,/pins/circular/system/partner-location.svg,True,False,Nearby guide and local perks,Find practical local services nearby and save the stop for later.,Brand,Downtown Core,0.4 mi / Resident ready,Find practical local services nearby and save the stop for later.,Nearby guide and local perks,Resident benefit | Nearby locations | Active offer | Campaign opportunity,,Show Card -> /brands/press-cleaners | Explore Nearby -> /map?mode=resident&tab=map&filter=Around%20the%20Corner&entityId=brand-press-cleaners | Save -> toggle_saved_state,Brand,Downtown Core,0.4 mi / Partner signal,Resident routines and nearby errands create useful service interest.,Nearby guide and local perks,Resident benefit | Nearby locations | Active offer | Campaign opportunity,,Launch Campaign -> /partners/campaigns?brand=press-cleaners | View Reports -> /partner-workspace/overview?brand=press-cleaners | Resident View -> /map?mode=resident&tab=map&entityId=brand-press-cleaners | Edit Visibility -> open_visibility_controls | View Audience -> open_audience_view | Contact -> /contact,/images/commercial_lobby_arrival_1779052774111.png,,,,Imported from current map inventory
current_map_entity,,brand-the-independent,the-independent,The Independent,brand,property,property,,Seaholm,30.2677,-97.7514,,property,property,Property,/pins/circular/categories/residential.svg,True,False,Nearby guide and local perks,"Explore nearby dining, wellness, local perks, and everyday downtown spots around this building.",Property,Seaholm,0.6 mi / Resident ready,"Explore nearby dining, wellness, local perks, and everyday downtown spots around this building.",Nearby guide and local perks,Resident benefit | Nearby locations | Active offer | Campaign opportunity,,Contact Property -> /brands/the-independent | Explore Nearby -> /map?mode=resident&tab=map&filter=Around%20the%20Corner&entityId=brand-the-independent | Save -> toggle_saved_state,Property,Seaholm,0.6 mi / Partner signal,"Nearby resident interest can support onboarding, local offers, and stronger neighborhood connection.",Nearby guide and local perks,Resident benefit | Nearby locations | Active offer | Campaign opportunity,,Launch Campaign -> /partners/campaigns?brand=the-independent | View Reports -> /partner-workspace/overview?brand=the-independent | Resident View -> /map?mode=resident&tab=map&entityId=brand-the-independent | Edit Visibility -> open_visibility_controls | View Audience -> open_audience_view | Contact -> /contact,/images/brands/lululemon-yoga-stage.webp,,,,Imported from current map inventory
current_map_entity,,brand-44-east-ave,44-east-ave,44 East Ave,brand,property,property,,Rainey,30.2568,-97.74,,property,property,Property,/pins/circular/categories/residential.svg,True,False,Nearby guide and local perks,"Explore nearby dining, wellness, local perks, and everyday downtown spots around this building.",Property,Rainey,0.2 mi / Resident ready,"Explore nearby dining, wellness, local perks, and everyday downtown spots around this building.",Nearby guide and local perks,Resident benefit | Nearby locations | Active offer | Campaign opportunity,,Contact Property -> /brands/44-east-ave | Explore Nearby -> /map?mode=resident&tab=map&filter=Around%20the%20Corner&entityId=brand-44-east-ave | Save -> toggle_saved_state,Property,Rainey,0.2 mi / Partner signal,"Nearby resident interest can support onboarding, local offers, and stronger neighborhood connection.",Nearby guide and local perks,Resident benefit | Nearby locations | Active offer | Campaign opportunity,,Launch Campaign -> /partners/campaigns?brand=44-east-ave | View Reports -> /partner-workspace/overview?brand=44-east-ave | Resident View -> /map?mode=resident&tab=map&entityId=brand-44-east-ave | Edit Visibility -> open_visibility_controls | View Audience -> open_audience_view | Contact -> /contact,/images/austonian_lobby_1779052725341.png,,,,Imported from current map inventory
current_map_entity,,brand-70-rainey,70-rainey,70 Rainey,brand,property,property,,Rainey,30.2559,-97.7393,,property,property,Property,/pins/circular/categories/residential.svg,True,False,Nearby guide and local perks,"Explore nearby dining, wellness, local perks, and everyday downtown spots around this building.",Property,Rainey,0.4 mi / Resident ready,"Explore nearby dining, wellness, local perks, and everyday downtown spots around this building.",Nearby guide and local perks,Resident benefit | Nearby locations | Active offer | Campaign opportunity,,Contact Property -> /brands/70-rainey | Explore Nearby -> /map?mode=resident&tab=map&filter=Around%20the%20Corner&entityId=brand-70-rainey | Save -> toggle_saved_state,Property,Rainey,0.4 mi / Partner signal,"Nearby resident interest can support onboarding, local offers, and stronger neighborhood connection.",Nearby guide and local perks,Resident benefit | Nearby locations | Active offer | Campaign opportunity,,Launch Campaign -> /partners/campaigns?brand=70-rainey | View Reports -> /partner-workspace/overview?brand=70-rainey | Resident View -> /map?mode=resident&tab=map&entityId=brand-70-rainey | Edit Visibility -> open_visibility_controls | View Audience -> open_audience_view | Contact -> /contact,/images/austonian_lobby_1779052725341.png,,,,Imported from current map inventory
current_map_entity,,brand-natiivo-austin,natiivo-austin,Natiivo Austin,brand,property,property,,Rainey,30.2561,-97.7385,,property,property,Property,/pins/circular/categories/residential.svg,True,False,Nearby guide and local perks,"Explore nearby dining, wellness, local perks, and everyday downtown spots around this building.",Property,Rainey,0.6 mi / Resident ready,"Explore nearby dining, wellness, local perks, and everyday downtown spots around this building.",Nearby guide and local perks,Resident benefit | Nearby locations | Active offer | Campaign opportunity,,Contact Property -> /brands/natiivo-austin | Explore Nearby -> /map?mode=resident&tab=map&filter=Around%20the%20Corner&entityId=brand-natiivo-austin | Save -> toggle_saved_state,Property,Rainey,0.6 mi / Partner signal,"Nearby resident interest can support onboarding, local offers, and stronger neighborhood connection.",Nearby guide and local perks,Resident benefit | Nearby locations | Active offer | Campaign opportunity,,Launch Campaign -> /partners/campaigns?brand=natiivo-austin | View Reports -> /partner-workspace/overview?brand=natiivo-austin | Resident View -> /map?mode=resident&tab=map&entityId=brand-natiivo-austin | Edit Visibility -> open_visibility_controls | View Audience -> open_audience_view | Contact -> /contact,/images/austonian_lobby_1779052725341.png,,,,Imported from current map inventory
current_map_entity,,brand-austin-proper-residences,austin-proper-residences,Austin Proper Residences,brand,property,property,,Seaholm,30.266281,-97.750109,,property,property,Property,/pins/circular/categories/residential.svg,True,False,Nearby guide and local perks,"Explore nearby dining, wellness, local perks, and everyday downtown spots around this building.",Property,Seaholm,0.2 mi / Resident ready,"Explore nearby dining, wellness, local perks, and everyday downtown spots around this building.",Nearby guide and local perks,Resident benefit | Nearby locations | Active offer | Campaign opportunity,,Contact Property -> /brands/austin-proper-residences | Explore Nearby -> /map?mode=resident&tab=map&filter=Around%20the%20Corner&entityId=brand-austin-proper-residences | Save -> toggle_saved_state,Property,Seaholm,0.2 mi / Partner signal,"Nearby resident interest can support onboarding, local offers, and stronger neighborhood connection.",Nearby guide and local perks,Resident benefit | Nearby locations | Active offer | Campaign opportunity,,Launch Campaign -> /partners/campaigns?brand=austin-proper-residences | View Reports -> /partner-workspace/overview?brand=austin-proper-residences | Resident View -> /map?mode=resident&tab=map&entityId=brand-austin-proper-residences | Edit Visibility -> open_visibility_controls | View Audience -> open_audience_view | Contact -> /contact,/images/brands/lululemon-yoga-stage.webp,,,,Imported from current map inventory
current_map_entity,,four-seasons-resident-perk,,Four Seasons,perk,perk,hospitality,,Downtown Core,30.26162,-97.74226,"98 San Jacinto Blvd, Austin, TX",perk,four_seasons,Four Seasons,/pins/circular/brands/four-seasons.svg,True,False,Spa & dining resident perks,Ready-to-use resident access at Four Seasons for spa and dining moments near the downtown core.,perk,Downtown Core,0.6 mi / Resident ready,Ready-to-use resident access at Four Seasons for spa and dining moments near the downtown core.,Spa & dining resident perks,Activation details | Offer/perk | Redemption locations | Campaign analytics,,Show Code to Redeem -> /map?mode=resident&tab=pass&sourceEntity=four-seasons-resident-perk | View Offer -> open_offer_subview | Nearby Perks -> /map?mode=resident&tab=map&filter=perks&near=four-seasons-resident-perk | External maps directions -> google_maps_url | Save -> toggle_saved_state,perk,Downtown Core,0.6 mi / Partner signal,Ready-to-use resident access at Four Seasons for spa and dining moments near the downtown core.,Spa & dining resident perks,Activation details | Offer/perk | Redemption locations | Campaign analytics,,Launch Campaign -> /partners/campaigns?entityId=four-seasons-resident-perk | View Reports -> /partner-workspace/overview | View Dashboard -> /partner-workspace | Resident View -> /map?mode=resident&tab=map | Edit Visibility -> open_visibility_controls | View Audience -> open_audience_view | Contact -> /contact,/images/perks/four-seasons.jpg,,,,Imported from current map inventory
current_map_entity,,inkind-tenten,,TenTen,venue,restaurant,venue,,West 6th,30.2684,-97.7492,,venue,inkind,inKind,/pins/circular/brands/inkind.svg,True,True,Resident dinner benefit at a participating inKind restaurant,"A West 6th dinner spot for residents looking for sushi, date night, or a nearby place before going out.",inKind dining,West 6th,0.6 mi / Participating inKind restaurant,Use your Downtown Perks card for a resident dining benefit at participating inKind restaurants nearby.,Resident dinner benefit at a participating inKind restaurant,Dining benefits | People nearby | Restaurants | Events nearby,What you get | How to use it | Dining feel | Nearby context | Best time to go,Show Card -> /map?mode=resident&tab=pass&sourceEntity=inkind-tenten | View Dining Benefit -> open_offer_subview | View Venue -> open_venue_subview | Dining Nearby -> /map?mode=resident&tab=map&filter=perks&near=inkind-tenten | External maps directions -> google_maps_url | Save -> toggle_saved_state,inKind dining,West 6th,0.6 mi / Participating inKind restaurant,"TenTen is showing nearby dinner interest, group dining plans, nightlife overlap, and useful moments to reach people before they choose where to go.",Resident dinner benefit at a participating inKind restaurant,Dining benefits | People nearby | Restaurants | Events nearby,Dinner interest | Group plans | Nearby flow | Best time | Suggested move,Plan Dining Push -> /partners/campaigns?network=inkind&entityId=inkind-tenten | View Dining Report -> /partner-workspace/overview?network=inkind&entityId=inkind-tenten | View Dashboard -> /partner-workspace/overview?network=inkind&entityId=inkind-tenten | Resident View -> /map?mode=resident&tab=map&filter=inkind&entityId=inkind-tenten | Edit Visibility -> open_visibility_controls | View Audience -> open_audience_view | Contact -> /contact,/images/partner/drop-in-images/inkind-plated-dinner.jpg,,,,Imported from current map inventory
current_map_entity,,inkind-ember-kitchen,,Ember Kitchen,venue,restaurant,venue,,Cesar Chavez / West Downtown,30.2651,-97.7514,,venue,inkind,inKind,/pins/circular/brands/inkind.svg,True,True,Resident dinner benefit for a tasting-night plan,"A destination dinner pick that helps residents choose a place, save the plan, and use the dining benefit when they arrive.",inKind dining,Cesar Chavez / West Downtown,0.7 mi / Participating inKind restaurant,Use your Downtown Perks card for a resident dining benefit at participating inKind restaurants nearby.,Resident dinner benefit for a tasting-night plan,Dining benefits | People nearby | Restaurants | Events nearby,What you get | How to use it | Dining feel | Nearby context | Best time to go,Show Card -> /map?mode=resident&tab=pass&sourceEntity=inkind-ember-kitchen | View Dining Benefit -> open_offer_subview | View Venue -> open_venue_subview | Dining Nearby -> /map?mode=resident&tab=map&filter=perks&near=inkind-ember-kitchen | External maps directions -> google_maps_url | Save -> toggle_saved_state,inKind dining,Cesar Chavez / West Downtown,0.7 mi / Participating inKind restaurant,"Ember Kitchen is showing nearby dinner interest, group dining plans, nightlife overlap, and useful moments to reach people before they choose where to go.",Resident dinner benefit for a tasting-night plan,Dining benefits | People nearby | Restaurants | Events nearby,Dinner interest | Group plans | Nearby flow | Best time | Suggested move,Plan Dining Push -> /partners/campaigns?network=inkind&entityId=inkind-ember-kitchen | View Dining Report -> /partner-workspace/overview?network=inkind&entityId=inkind-ember-kitchen | View Dashboard -> /partner-workspace/overview?network=inkind&entityId=inkind-ember-kitchen | Resident View -> /map?mode=resident&tab=map&filter=inkind&entityId=inkind-ember-kitchen | Edit Visibility -> open_visibility_controls | View Audience -> open_audience_view | Contact -> /contact,/images/partner/drop-in-images/inkind-plated-dinner.jpg,,,,Imported from current map inventory
current_map_entity,,inkind-guest-house,,The Guest House,venue,restaurant,venue,,West Downtown,30.2672,-97.7517,,venue,inkind,inKind,/pins/circular/brands/inkind.svg,True,True,"A good choice for group dinners, nights out, and an easy plan nearby.","A social dinner pick that keeps the plan simple: find it nearby, save it, and use the dining benefit when you arrive.",inKind dining,West Downtown,0.8 mi / Participating inKind restaurant,Use your Downtown Perks card for a resident dining benefit at participating inKind restaurants nearby.,"A good choice for group dinners, nights out, and an easy plan nearby.",Dining benefits | People nearby | Restaurants | Events nearby,What you get | How to use it | Dining feel | Nearby context | Best time to go,Show Card -> /map?mode=resident&tab=pass&sourceEntity=inkind-guest-house | View Dining Benefit -> open_offer_subview | View Venue -> open_venue_subview | Dining Nearby -> /map?mode=resident&tab=map&filter=perks&near=inkind-guest-house | External maps directions -> google_maps_url | Save -> toggle_saved_state,inKind dining,West Downtown,0.8 mi / Participating inKind restaurant,"The Guest House is showing nearby dinner interest, group dining plans, nightlife overlap, and useful moments to reach people before they choose where to go.","A good choice for group dinners, nights out, and an easy plan nearby.",Dining benefits | People nearby | Restaurants | Events nearby,Dinner interest | Group plans | Nearby flow | Best time | Suggested move,Plan Dining Push -> /partners/campaigns?network=inkind&entityId=inkind-guest-house | View Dining Report -> /partner-workspace/overview?network=inkind&entityId=inkind-guest-house | View Dashboard -> /partner-workspace/overview?network=inkind&entityId=inkind-guest-house | Resident View -> /map?mode=resident&tab=map&filter=inkind&entityId=inkind-guest-house | Edit Visibility -> open_visibility_controls | View Audience -> open_audience_view | Contact -> /contact,/images/partner/drop-in-images/inkind-plated-dinner.jpg,,,,Imported from current map inventory
current_map_entity,,legends-301-west-3604,,"301 West Ave # 3604, Austin TX, 78701",listing,property,real_estate,Legends Real Estate,Market District / West Downtown,30.26688,-97.74721,,listing,listing,Legends Real Estate,/pins/circular/special/legends-badge.svg,False,False,,Exclusive local access.,Property,Market District / West Downtown,Nearby / Resident ready,Exclusive local access.,Skyline penthouse positioning with evening-light resident energy.,Nearby perks | Walkable context | Listing details | Events nearby,,View Property -> /map?mode=resident&tab=map&filter=Properties&entityId=legends-301-west-3604 | Contact Property -> open_property_contact_form | Nearby Perks -> /map?mode=resident&tab=map&filter=perks&near=legends-301-west-3604 | External maps directions -> google_maps_url | Show Card -> /map?mode=resident&tab=pass&sourceEntity=legends-301-west-3604 | Save -> toggle_saved_state,Property,Market District / West Downtown,Nearby / Partner signal,"Best for high-floor units where the decision moment is view, hosting, and premium downtown access.",Skyline penthouse positioning with evening-light resident energy.,Nearby perks | Walkable context | Listing details | Events nearby,,View Property -> /map?mode=partner&tab=map&filter=Properties&entityId=legends-301-west-3604 | Contact Property -> open_property_contact_form | Nearby Perks -> /map?mode=resident&tab=map&filter=perks&near=legends-301-west-3604 | External maps directions -> google_maps_url | Show Card -> /map?mode=resident&tab=pass&sourceEntity=legends-301-west-3604 | Save -> toggle_saved_state,/images/commercial_street_level_1779052788888.png,,,,Imported from current map inventory
current_map_entity,,legends-506-w-7th-1,,"506 W 7th ST # 1, Austin TX, 78701",listing,property,real_estate,Legends Real Estate,Downtown Austin,30.26963,-97.74711,,listing,listing,Legends Real Estate,/pins/circular/special/legends-badge.svg,False,False,,Exclusive local access.,Property,Downtown Austin,Nearby / Resident ready,Exclusive local access.,Hotel-style living positioning with concierge and lounge energy.,Nearby perks | Walkable context | Listing details | Events nearby,,View Property -> /map?mode=resident&tab=map&filter=Properties&entityId=legends-506-w-7th-1 | Contact Property -> open_property_contact_form | Nearby Perks -> /map?mode=resident&tab=map&filter=perks&near=legends-506-w-7th-1 | External maps directions -> google_maps_url | Show Card -> /map?mode=resident&tab=pass&sourceEntity=legends-506-w-7th-1 | Save -> toggle_saved_state,Property,Downtown Austin,Nearby / Partner signal,"Best for mixed-use towers where resident lifestyle overlaps hospitality, pool, lobby, and guest access.",Hotel-style living positioning with concierge and lounge energy.,Nearby perks | Walkable context | Listing details | Events nearby,,View Property -> /map?mode=partner&tab=map&filter=Properties&entityId=legends-506-w-7th-1 | Contact Property -> open_property_contact_form | Nearby Perks -> /map?mode=resident&tab=map&filter=perks&near=legends-506-w-7th-1 | External maps directions -> google_maps_url | Show Card -> /map?mode=resident&tab=pass&sourceEntity=legends-506-w-7th-1 | Save -> toggle_saved_state,/images/legends/2e7c0103-7197-4262-929e-2d9009852a37.avif,,,,Imported from current map inventory
current_map_entity,,legends-603-davis-1103,,"603 Davis ST # 1103, Austin TX, 78701",listing,property,real_estate,Legends Real Estate,Rainey / East Downtown,30.25878,-97.73923,,listing,listing,Legends Real Estate,/pins/circular/special/legends-badge.svg,False,False,,Exclusive local access.,Property,Rainey / East Downtown,Nearby / Resident ready,Exclusive local access.,Rainey social club positioning with polished rooftop and nightlife adjacency.,Nearby perks | Walkable context | Listing details | Events nearby,,View Property -> /map?mode=resident&tab=map&filter=Properties&entityId=legends-603-davis-1103 | Contact Property -> open_property_contact_form | Nearby Perks -> /map?mode=resident&tab=map&filter=perks&near=legends-603-davis-1103 | External maps directions -> google_maps_url | Show Card -> /map?mode=resident&tab=pass&sourceEntity=legends-603-davis-1103 | Save -> toggle_saved_state,Property,Rainey / East Downtown,Nearby / Partner signal,"Best for residents choosing lively walkable access, music, cocktail rooms, and social energy.",Rainey social club positioning with polished rooftop and nightlife adjacency.,Nearby perks | Walkable context | Listing details | Events nearby,,View Property -> /map?mode=partner&tab=map&filter=Properties&entityId=legends-603-davis-1103 | Contact Property -> open_property_contact_form | Nearby Perks -> /map?mode=resident&tab=map&filter=perks&near=legends-603-davis-1103 | External maps directions -> google_maps_url | Show Card -> /map?mode=resident&tab=pass&sourceEntity=legends-603-davis-1103 | Save -> toggle_saved_state,/images/austonian_lobby_1779052725341.png,,,,Imported from current map inventory
current_map_entity,,legends-360-nueces-2501,,"360 Nueces ST # 2501, Austin TX, 78701",listing,property,real_estate,Legends Real Estate,Market District / West Downtown,30.26724,-97.74674,,listing,listing,Legends Real Estate,/pins/circular/special/legends-badge.svg,False,False,,Exclusive local access.,Property,Market District / West Downtown,Nearby / Resident ready,Exclusive local access.,Wellness residence positioning with calm morning-light lifestyle cues.,Nearby perks | Walkable context | Listing details | Events nearby,,View Property -> /map?mode=resident&tab=map&filter=Properties&entityId=legends-360-nueces-2501 | Contact Property -> open_property_contact_form | Nearby Perks -> /map?mode=resident&tab=map&filter=perks&near=legends-360-nueces-2501 | External maps directions -> google_maps_url | Show Card -> /map?mode=resident&tab=pass&sourceEntity=legends-360-nueces-2501 | Save -> toggle_saved_state,Property,Market District / West Downtown,Nearby / Partner signal,"Best for residents prioritizing recovery, trail access, fitness, and softer daily routines.",Wellness residence positioning with calm morning-light lifestyle cues.,Nearby perks | Walkable context | Listing details | Events nearby,,View Property -> /map?mode=partner&tab=map&filter=Properties&entityId=legends-360-nueces-2501 | Contact Property -> open_property_contact_form | Nearby Perks -> /map?mode=resident&tab=map&filter=perks&near=legends-360-nueces-2501 | External maps directions -> google_maps_url | Show Card -> /map?mode=resident&tab=pass&sourceEntity=legends-360-nueces-2501 | Save -> toggle_saved_state,/images/commercial_street_level_1779052788888.png,,,,Imported from current map inventory
current_map_entity,,legends-603-davis-907,,"603 Davis ST # 907, Austin TX, 78701",listing,property,real_estate,Legends Real Estate,Rainey / East Downtown,30.25878,-97.73923,,listing,listing,Legends Real Estate,/pins/circular/special/legends-badge.svg,False,False,,Exclusive local access.,Property,Rainey / East Downtown,Nearby / Resident ready,Exclusive local access.,Rainey social club positioning with polished rooftop and nightlife adjacency.,Nearby perks | Walkable context | Listing details | Events nearby,,View Property -> /map?mode=resident&tab=map&filter=Properties&entityId=legends-603-davis-907 | Contact Property -> open_property_contact_form | Nearby Perks -> /map?mode=resident&tab=map&filter=perks&near=legends-603-davis-907 | External maps directions -> google_maps_url | Show Card -> /map?mode=resident&tab=pass&sourceEntity=legends-603-davis-907 | Save -> toggle_saved_state,Property,Rainey / East Downtown,Nearby / Partner signal,"Best for residents choosing lively walkable access, music, cocktail rooms, and social energy.",Rainey social club positioning with polished rooftop and nightlife adjacency.,Nearby perks | Walkable context | Listing details | Events nearby,,View Property -> /map?mode=partner&tab=map&filter=Properties&entityId=legends-603-davis-907 | Contact Property -> open_property_contact_form | Nearby Perks -> /map?mode=resident&tab=map&filter=perks&near=legends-603-davis-907 | External maps directions -> google_maps_url | Show Card -> /map?mode=resident&tab=pass&sourceEntity=legends-603-davis-907 | Save -> toggle_saved_state,/images/austonian_lobby_1779052725341.png,,,,Imported from current map inventory
current_map_entity,,legends-507-sabine-707,,"507 Sabine ST # 707, Austin TX, 78701",listing,property,real_estate,Legends Real Estate,Downtown Core,30.26637,-97.73651,,listing,listing,Legends Real Estate,/pins/circular/special/legends-badge.svg,False,False,,Exclusive local access.,Property,Downtown Core,Nearby / Resident ready,Exclusive local access.,Rainey social club positioning with polished rooftop and nightlife adjacency.,Nearby perks | Walkable context | Listing details | Events nearby,,View Property -> /map?mode=resident&tab=map&filter=Properties&entityId=legends-507-sabine-707 | Contact Property -> open_property_contact_form | Nearby Perks -> /map?mode=resident&tab=map&filter=perks&near=legends-507-sabine-707 | External maps directions -> google_maps_url | Show Card -> /map?mode=resident&tab=pass&sourceEntity=legends-507-sabine-707 | Save -> toggle_saved_state,Property,Downtown Core,Nearby / Partner signal,"Best for residents choosing lively walkable access, music, cocktail rooms, and social energy.",Rainey social club positioning with polished rooftop and nightlife adjacency.,Nearby perks | Walkable context | Listing details | Events nearby,,View Property -> /map?mode=partner&tab=map&filter=Properties&entityId=legends-507-sabine-707 | Contact Property -> open_property_contact_form | Nearby Perks -> /map?mode=resident&tab=map&filter=perks&near=legends-507-sabine-707 | External maps directions -> google_maps_url | Show Card -> /map?mode=resident&tab=pass&sourceEntity=legends-507-sabine-707 | Save -> toggle_saved_state,/images/legends/2e7c0103-7197-4262-929e-2d9009852a37.avif,,,,Imported from current map inventory
current_map_entity,,legends-501-west-2002,,"501 West Ave # 2002, Austin TX, 78701",listing,property,real_estate,Legends Real Estate,Market District / West Downtown,30.26558,-97.74731,,listing,listing,Legends Real Estate,/pins/circular/special/legends-badge.svg,False,False,,Exclusive local access.,Property,Market District / West Downtown,Nearby / Resident ready,Exclusive local access.,Hotel-style living positioning with concierge and lounge energy.,Nearby perks | Walkable context | Listing details | Events nearby,,View Property -> /map?mode=resident&tab=map&filter=Properties&entityId=legends-501-west-2002 | Contact Property -> open_property_contact_form | Nearby Perks -> /map?mode=resident&tab=map&filter=perks&near=legends-501-west-2002 | External maps directions -> google_maps_url | Show Card -> /map?mode=resident&tab=pass&sourceEntity=legends-501-west-2002 | Save -> toggle_saved_state,Property,Market District / West Downtown,Nearby / Partner signal,"Best for mixed-use towers where resident lifestyle overlaps hospitality, pool, lobby, and guest access.",Hotel-style living positioning with concierge and lounge energy.,Nearby perks | Walkable context | Listing details | Events nearby,,View Property -> /map?mode=partner&tab=map&filter=Properties&entityId=legends-501-west-2002 | Contact Property -> open_property_contact_form | Nearby Perks -> /map?mode=resident&tab=map&filter=perks&near=legends-501-west-2002 | External maps directions -> google_maps_url | Show Card -> /map?mode=resident&tab=pass&sourceEntity=legends-501-west-2002 | Save -> toggle_saved_state,/images/commercial_street_level_1779052788888.png,,,,Imported from current map inventory
current_map_entity,,legends-210-lavaca-1810,,"210 Lavaca ST # 1810, Austin TX, 78701",listing,property,real_estate,Legends Real Estate,Market District / West Downtown,30.26529,-97.74408,,listing,listing,Legends Real Estate,/pins/circular/special/legends-badge.svg,False,False,,Exclusive local access.,Property,Market District / West Downtown,Nearby / Resident ready,Exclusive local access.,Executive modern positioning for downtown professionals.,Nearby perks | Walkable context | Listing details | Events nearby,,View Property -> /map?mode=resident&tab=map&filter=Properties&entityId=legends-210-lavaca-1810 | Contact Property -> open_property_contact_form | Nearby Perks -> /map?mode=resident&tab=map&filter=perks&near=legends-210-lavaca-1810 | External maps directions -> google_maps_url | Show Card -> /map?mode=resident&tab=pass&sourceEntity=legends-210-lavaca-1810 | Save -> toggle_saved_state,Property,Market District / West Downtown,Nearby / Partner signal,"Best for residents comparing polished workday flow, dining proximity, and refined urban convenience.",Executive modern positioning for downtown professionals.,Nearby perks | Walkable context | Listing details | Events nearby,,View Property -> /map?mode=partner&tab=map&filter=Properties&entityId=legends-210-lavaca-1810 | Contact Property -> open_property_contact_form | Nearby Perks -> /map?mode=resident&tab=map&filter=perks&near=legends-210-lavaca-1810 | External maps directions -> google_maps_url | Show Card -> /map?mode=resident&tab=pass&sourceEntity=legends-210-lavaca-1810 | Save -> toggle_saved_state,/images/commercial_street_level_1779052788888.png,,,,Imported from current map inventory
current_map_entity,,legends-301-west-1009,,"301 West Ave # 1009, Austin TX, 78701",listing,property,real_estate,Legends Real Estate,Market District / West Downtown,30.26688,-97.74721,,listing,listing,Legends Real Estate,/pins/circular/special/legends-badge.svg,False,False,,Exclusive local access.,Property,Market District / West Downtown,Nearby / Resident ready,Exclusive local access.,Hotel-style living positioning with concierge and lounge energy.,Nearby perks | Walkable context | Listing details | Events nearby,,View Property -> /map?mode=resident&tab=map&filter=Properties&entityId=legends-301-west-1009 | Contact Property -> open_property_contact_form | Nearby Perks -> /map?mode=resident&tab=map&filter=perks&near=legends-301-west-1009 | External maps directions -> google_maps_url | Show Card -> /map?mode=resident&tab=pass&sourceEntity=legends-301-west-1009 | Save -> toggle_saved_state,Property,Market District / West Downtown,Nearby / Partner signal,"Best for mixed-use towers where resident lifestyle overlaps hospitality, pool, lobby, and guest access.",Hotel-style living positioning with concierge and lounge energy.,Nearby perks | Walkable context | Listing details | Events nearby,,View Property -> /map?mode=partner&tab=map&filter=Properties&entityId=legends-301-west-1009 | Contact Property -> open_property_contact_form | Nearby Perks -> /map?mode=resident&tab=map&filter=perks&near=legends-301-west-1009 | External maps directions -> google_maps_url | Show Card -> /map?mode=resident&tab=pass&sourceEntity=legends-301-west-1009 | Save -> toggle_saved_state,/images/commercial_street_level_1779052788888.png,,,,Imported from current map inventory
current_map_entity,,legends-360-nueces-1707,,"360 Nueces ST # 1707, Austin TX, 78701",listing,property,real_estate,Legends Real Estate,Market District / West Downtown,30.26724,-97.74674,,listing,listing,Legends Real Estate,/pins/circular/special/legends-badge.svg,False,False,,Exclusive local access.,Property,Market District / West Downtown,Nearby / Resident ready,Exclusive local access.,Wellness residence positioning with calm morning-light lifestyle cues.,Nearby perks | Walkable context | Listing details | Events nearby,,View Property -> /map?mode=resident&tab=map&filter=Properties&entityId=legends-360-nueces-1707 | Contact Property -> open_property_contact_form | Nearby Perks -> /map?mode=resident&tab=map&filter=perks&near=legends-360-nueces-1707 | External maps directions -> google_maps_url | Show Card -> /map?mode=resident&tab=pass&sourceEntity=legends-360-nueces-1707 | Save -> toggle_saved_state,Property,Market District / West Downtown,Nearby / Partner signal,"Best for residents prioritizing recovery, trail access, fitness, and softer daily routines.",Wellness residence positioning with calm morning-light lifestyle cues.,Nearby perks | Walkable context | Listing details | Events nearby,,View Property -> /map?mode=partner&tab=map&filter=Properties&entityId=legends-360-nueces-1707 | Contact Property -> open_property_contact_form | Nearby Perks -> /map?mode=resident&tab=map&filter=perks&near=legends-360-nueces-1707 | External maps directions -> google_maps_url | Show Card -> /map?mode=resident&tab=pass&sourceEntity=legends-360-nueces-1707 | Save -> toggle_saved_state,/images/commercial_street_level_1779052788888.png,,,,Imported from current map inventory
current_map_entity,,legends-301-west-3104,,"301 West Ave # 3104, Austin TX, 78701",listing,property,real_estate,Legends Real Estate,Market District / West Downtown,30.26688,-97.74721,,listing,listing,Legends Real Estate,/pins/circular/special/legends-badge.svg,False,False,,Exclusive local access.,Property,Market District / West Downtown,Nearby / Resident ready,Exclusive local access.,Skyline penthouse positioning with evening-light resident energy.,Nearby perks | Walkable context | Listing details | Events nearby,,View Property -> /map?mode=resident&tab=map&filter=Properties&entityId=legends-301-west-3104 | Contact Property -> open_property_contact_form | Nearby Perks -> /map?mode=resident&tab=map&filter=perks&near=legends-301-west-3104 | External maps directions -> google_maps_url | Show Card -> /map?mode=resident&tab=pass&sourceEntity=legends-301-west-3104 | Save -> toggle_saved_state,Property,Market District / West Downtown,Nearby / Partner signal,"Best for high-floor units where the decision moment is view, hosting, and premium downtown access.",Skyline penthouse positioning with evening-light resident energy.,Nearby perks | Walkable context | Listing details | Events nearby,,View Property -> /map?mode=partner&tab=map&filter=Properties&entityId=legends-301-west-3104 | Contact Property -> open_property_contact_form | Nearby Perks -> /map?mode=resident&tab=map&filter=perks&near=legends-301-west-3104 | External maps directions -> google_maps_url | Show Card -> /map?mode=resident&tab=pass&sourceEntity=legends-301-west-3104 | Save -> toggle_saved_state,/images/commercial_street_level_1779052788888.png,,,,Imported from current map inventory
current_map_entity,,legends-84-east-1906,,"84 East Ave # 1906, Austin TX, 78701",listing,property,real_estate,Legends Real Estate,Rainey / East Downtown,30.25954,-97.73878,,listing,listing,Legends Real Estate,/pins/circular/special/legends-badge.svg,False,False,,Exclusive local access.,Property,Rainey / East Downtown,Nearby / Resident ready,Exclusive local access.,Hotel-style living positioning with concierge and lounge energy.,Nearby perks | Walkable context | Listing details | Events nearby,,View Property -> /map?mode=resident&tab=map&filter=Properties&entityId=legends-84-east-1906 | Contact Property -> open_property_contact_form | Nearby Perks -> /map?mode=resident&tab=map&filter=perks&near=legends-84-east-1906 | External maps directions -> google_maps_url | Show Card -> /map?mode=resident&tab=pass&sourceEntity=legends-84-east-1906 | Save -> toggle_saved_state,Property,Rainey / East Downtown,Nearby / Partner signal,"Best for mixed-use towers where resident lifestyle overlaps hospitality, pool, lobby, and guest access.",Hotel-style living positioning with concierge and lounge energy.,Nearby perks | Walkable context | Listing details | Events nearby,,View Property -> /map?mode=partner&tab=map&filter=Properties&entityId=legends-84-east-1906 | Contact Property -> open_property_contact_form | Nearby Perks -> /map?mode=resident&tab=map&filter=perks&near=legends-84-east-1906 | External maps directions -> google_maps_url | Show Card -> /map?mode=resident&tab=pass&sourceEntity=legends-84-east-1906 | Save -> toggle_saved_state,/images/austonian_lobby_1779052725341.png,,,,Imported from current map inventory
current_map_entity,,legends-507-sabine-908,,"507 Sabine ST # 908, Austin TX, 78701",listing,property,real_estate,Legends Real Estate,Downtown Core,30.26637,-97.73651,,listing,listing,Legends Real Estate,/pins/circular/special/legends-badge.svg,False,False,,Exclusive local access.,Property,Downtown Core,Nearby / Resident ready,Exclusive local access.,Rainey social club positioning with polished rooftop and nightlife adjacency.,Nearby perks | Walkable context | Listing details | Events nearby,,View Property -> /map?mode=resident&tab=map&filter=Properties&entityId=legends-507-sabine-908 | Contact Property -> open_property_contact_form | Nearby Perks -> /map?mode=resident&tab=map&filter=perks&near=legends-507-sabine-908 | External maps directions -> google_maps_url | Show Card -> /map?mode=resident&tab=pass&sourceEntity=legends-507-sabine-908 | Save -> toggle_saved_state,Property,Downtown Core,Nearby / Partner signal,"Best for residents choosing lively walkable access, music, cocktail rooms, and social energy.",Rainey social club positioning with polished rooftop and nightlife adjacency.,Nearby perks | Walkable context | Listing details | Events nearby,,View Property -> /map?mode=partner&tab=map&filter=Properties&entityId=legends-507-sabine-908 | Contact Property -> open_property_contact_form | Nearby Perks -> /map?mode=resident&tab=map&filter=perks&near=legends-507-sabine-908 | External maps directions -> google_maps_url | Show Card -> /map?mode=resident&tab=pass&sourceEntity=legends-507-sabine-908 | Save -> toggle_saved_state,/images/legends/2e7c0103-7197-4262-929e-2d9009852a37.avif,,,,Imported from current map inventory
current_map_entity,,legends-84-east-2003,,"84 East Ave # 2003, Austin TX, 78701",listing,property,real_estate,Legends Real Estate,Rainey / East Downtown,30.25954,-97.73878,,listing,listing,Legends Real Estate,/pins/circular/special/legends-badge.svg,False,False,,Exclusive local access.,Property,Rainey / East Downtown,Nearby / Resident ready,Exclusive local access.,Hotel-style living positioning with concierge and lounge energy.,Nearby perks | Walkable context | Listing details | Events nearby,,View Property -> /map?mode=resident&tab=map&filter=Properties&entityId=legends-84-east-2003 | Contact Property -> open_property_contact_form | Nearby Perks -> /map?mode=resident&tab=map&filter=perks&near=legends-84-east-2003 | External maps directions -> google_maps_url | Show Card -> /map?mode=resident&tab=pass&sourceEntity=legends-84-east-2003 | Save -> toggle_saved_state,Property,Rainey / East Downtown,Nearby / Partner signal,"Best for mixed-use towers where resident lifestyle overlaps hospitality, pool, lobby, and guest access.",Hotel-style living positioning with concierge and lounge energy.,Nearby perks | Walkable context | Listing details | Events nearby,,View Property -> /map?mode=partner&tab=map&filter=Properties&entityId=legends-84-east-2003 | Contact Property -> open_property_contact_form | Nearby Perks -> /map?mode=resident&tab=map&filter=perks&near=legends-84-east-2003 | External maps directions -> google_maps_url | Show Card -> /map?mode=resident&tab=pass&sourceEntity=legends-84-east-2003 | Save -> toggle_saved_state,/images/austonian_lobby_1779052725341.png,,,,Imported from current map inventory
current_map_entity,,legends-84-east-2508,,"84 East Ave # 2508, Austin TX, 78701",listing,property,real_estate,Legends Real Estate,Rainey / East Downtown,30.25954,-97.73878,,listing,listing,Legends Real Estate,/pins/circular/special/legends-badge.svg,False,False,,Exclusive local access.,Property,Rainey / East Downtown,Nearby / Resident ready,Exclusive local access.,Skyline penthouse positioning with evening-light resident energy.,Nearby perks | Walkable context | Listing details | Events nearby,,View Property -> /map?mode=resident&tab=map&filter=Properties&entityId=legends-84-east-2508 | Contact Property -> open_property_contact_form | Nearby Perks -> /map?mode=resident&tab=map&filter=perks&near=legends-84-east-2508 | External maps directions -> google_maps_url | Show Card -> /map?mode=resident&tab=pass&sourceEntity=legends-84-east-2508 | Save -> toggle_saved_state,Property,Rainey / East Downtown,Nearby / Partner signal,"Best for high-floor units where the decision moment is view, hosting, and premium downtown access.",Skyline penthouse positioning with evening-light resident energy.,Nearby perks | Walkable context | Listing details | Events nearby,,View Property -> /map?mode=partner&tab=map&filter=Properties&entityId=legends-84-east-2508 | Contact Property -> open_property_contact_form | Nearby Perks -> /map?mode=resident&tab=map&filter=perks&near=legends-84-east-2508 | External maps directions -> google_maps_url | Show Card -> /map?mode=resident&tab=pass&sourceEntity=legends-84-east-2508 | Save -> toggle_saved_state,/images/austonian_lobby_1779052725341.png,,,,Imported from current map inventory
current_map_entity,,legends-610-davis-2204,,"610 Davis ST # 2204, Austin TX, 78701",listing,property,real_estate,Legends Real Estate,Rainey / East Downtown,30.25861,-97.73863,,listing,listing,Legends Real Estate,/pins/circular/special/legends-badge.svg,False,False,,Exclusive local access.,Property,Rainey / East Downtown,Nearby / Resident ready,Exclusive local access.,Rainey social club positioning with polished rooftop and nightlife adjacency.,Nearby perks | Walkable context | Listing details | Events nearby,,View Property -> /map?mode=resident&tab=map&filter=Properties&entityId=legends-610-davis-2204 | Contact Property -> open_property_contact_form | Nearby Perks -> /map?mode=resident&tab=map&filter=perks&near=legends-610-davis-2204 | External maps directions -> google_maps_url | Show Card -> /map?mode=resident&tab=pass&sourceEntity=legends-610-davis-2204 | Save -> toggle_saved_state,Property,Rainey / East Downtown,Nearby / Partner signal,"Best for residents choosing lively walkable access, music, cocktail rooms, and social energy.",Rainey social club positioning with polished rooftop and nightlife adjacency.,Nearby perks | Walkable context | Listing details | Events nearby,,View Property -> /map?mode=partner&tab=map&filter=Properties&entityId=legends-610-davis-2204 | Contact Property -> open_property_contact_form | Nearby Perks -> /map?mode=resident&tab=map&filter=perks&near=legends-610-davis-2204 | External maps directions -> google_maps_url | Show Card -> /map?mode=resident&tab=pass&sourceEntity=legends-610-davis-2204 | Save -> toggle_saved_state,/images/austonian_lobby_1779052725341.png,,,,Imported from current map inventory
current_map_entity,,legends-48-east-2509,,"48 East Ave # 2509, Austin TX, 78701",listing,property,real_estate,Legends Real Estate,Rainey / East Downtown,30.2592,-97.73902,,listing,listing,Legends Real Estate,/pins/circular/special/legends-badge.svg,False,False,,Exclusive local access.,Property,Rainey / East Downtown,Nearby / Resident ready,Exclusive local access.,Wellness residence positioning with calm morning-light lifestyle cues.,Nearby perks | Walkable context | Listing details | Events nearby,,View Property -> /map?mode=resident&tab=map&filter=Properties&entityId=legends-48-east-2509 | Contact Property -> open_property_contact_form | Nearby Perks -> /map?mode=resident&tab=map&filter=perks&near=legends-48-east-2509 | External maps directions -> google_maps_url | Show Card -> /map?mode=resident&tab=pass&sourceEntity=legends-48-east-2509 | Save -> toggle_saved_state,Property,Rainey / East Downtown,Nearby / Partner signal,"Best for residents prioritizing recovery, trail access, fitness, and softer daily routines.",Wellness residence positioning with calm morning-light lifestyle cues.,Nearby perks | Walkable context | Listing details | Events nearby,,View Property -> /map?mode=partner&tab=map&filter=Properties&entityId=legends-48-east-2509 | Contact Property -> open_property_contact_form | Nearby Perks -> /map?mode=resident&tab=map&filter=perks&near=legends-48-east-2509 | External maps directions -> google_maps_url | Show Card -> /map?mode=resident&tab=pass&sourceEntity=legends-48-east-2509 | Save -> toggle_saved_state,/images/austonian_lobby_1779052725341.png,,,,Imported from current map inventory
current_map_entity,,legends-301-west-ave-4105,,301 West Ave # 4105,listing,property,real_estate,Legends Real Estate,Market District / West Downtown,30.267451,-97.750793,,listing,listing,Legends Real Estate,/pins/circular/special/legends-badge.svg,False,False,,Exclusive local access.,Property,Market District / West Downtown,Nearby / Resident ready,Exclusive local access.,Skyline penthouse positioning with evening-light resident energy.,Nearby perks | Walkable context | Listing details | Events nearby,,View Property -> /map?mode=resident&tab=map&filter=Properties&entityId=legends-301-west-ave-4105 | Contact Property -> open_property_contact_form | Nearby Perks -> /map?mode=resident&tab=map&filter=perks&near=legends-301-west-ave-4105 | External maps directions -> google_maps_url | Show Card -> /map?mode=resident&tab=pass&sourceEntity=legends-301-west-ave-4105 | Save -> toggle_saved_state,Property,Market District / West Downtown,Nearby / Partner signal,"Best for high-floor units where the decision moment is view, hosting, and premium downtown access.",Skyline penthouse positioning with evening-light resident energy.,Nearby perks | Walkable context | Listing details | Events nearby,,View Property -> /map?mode=partner&tab=map&filter=Properties&entityId=legends-301-west-ave-4105 | Contact Property -> open_property_contact_form | Nearby Perks -> /map?mode=resident&tab=map&filter=perks&near=legends-301-west-ave-4105 | External maps directions -> google_maps_url | Show Card -> /map?mode=resident&tab=pass&sourceEntity=legends-301-west-ave-4105 | Save -> toggle_saved_state,/images/commercial_street_level_1779052788888.png,,,,Imported from current map inventory
current_map_entity,,legends-311-w-5th-st-905,,311 W 5th ST # 905,listing,property,real_estate,Legends Real Estate,Downtown Core,30.267885,-97.7465,,listing,listing,Legends Real Estate,/pins/circular/special/legends-badge.svg,False,False,,Exclusive local access.,Property,Downtown Core,Nearby / Resident ready,Exclusive local access.,Executive modern positioning for downtown professionals.,Nearby perks | Walkable context | Listing details | Events nearby,,View Property -> /map?mode=resident&tab=map&filter=Properties&entityId=legends-311-w-5th-st-905 | Contact Property -> open_property_contact_form | Nearby Perks -> /map?mode=resident&tab=map&filter=perks&near=legends-311-w-5th-st-905 | External maps directions -> google_maps_url | Show Card -> /map?mode=resident&tab=pass&sourceEntity=legends-311-w-5th-st-905 | Save -> toggle_saved_state,Property,Downtown Core,Nearby / Partner signal,"Best for residents comparing polished workday flow, dining proximity, and refined urban convenience.",Executive modern positioning for downtown professionals.,Nearby perks | Walkable context | Listing details | Events nearby,,View Property -> /map?mode=partner&tab=map&filter=Properties&entityId=legends-311-w-5th-st-905 | Contact Property -> open_property_contact_form | Nearby Perks -> /map?mode=resident&tab=map&filter=perks&near=legends-311-w-5th-st-905 | External maps directions -> google_maps_url | Show Card -> /map?mode=resident&tab=pass&sourceEntity=legends-311-w-5th-st-905 | Save -> toggle_saved_state,/images/legends/2e7c0103-7197-4262-929e-2d9009852a37.avif,,,,Imported from current map inventory
current_map_entity,,legends-360-nueces-st-4305,,360 Nueces ST # 4305,listing,property,real_estate,Legends Real Estate,Market District / West Downtown,30.267029,-97.749595,,listing,listing,Legends Real Estate,/pins/circular/special/legends-badge.svg,False,False,,Exclusive local access.,Property,Market District / West Downtown,Nearby / Resident ready,Exclusive local access.,Skyline penthouse positioning with evening-light resident energy.,Nearby perks | Walkable context | Listing details | Events nearby,,View Property -> /map?mode=resident&tab=map&filter=Properties&entityId=legends-360-nueces-st-4305 | Contact Property -> open_property_contact_form | Nearby Perks -> /map?mode=resident&tab=map&filter=perks&near=legends-360-nueces-st-4305 | External maps directions -> google_maps_url | Show Card -> /map?mode=resident&tab=pass&sourceEntity=legends-360-nueces-st-4305 | Save -> toggle_saved_state,Property,Market District / West Downtown,Nearby / Partner signal,"Best for high-floor units where the decision moment is view, hosting, and premium downtown access.",Skyline penthouse positioning with evening-light resident energy.,Nearby perks | Walkable context | Listing details | Events nearby,,View Property -> /map?mode=partner&tab=map&filter=Properties&entityId=legends-360-nueces-st-4305 | Contact Property -> open_property_contact_form | Nearby Perks -> /map?mode=resident&tab=map&filter=perks&near=legends-360-nueces-st-4305 | External maps directions -> google_maps_url | Show Card -> /map?mode=resident&tab=pass&sourceEntity=legends-360-nueces-st-4305 | Save -> toggle_saved_state,/images/commercial_street_level_1779052788888.png,,,,Imported from current map inventory
current_map_entity,,legends-311-w-5th-st-703,,311 W 5TH ST # 703,listing,property,real_estate,Legends Real Estate,Downtown Core,30.267885,-97.7465,,listing,listing,Legends Real Estate,/pins/circular/special/legends-badge.svg,False,False,,Exclusive local access.,Property,Downtown Core,Nearby / Resident ready,Exclusive local access.,Collector luxury positioning with a gallery-like design atmosphere.,Nearby perks | Walkable context | Listing details | Events nearby,,View Property -> /map?mode=resident&tab=map&filter=Properties&entityId=legends-311-w-5th-st-703 | Contact Property -> open_property_contact_form | Nearby Perks -> /map?mode=resident&tab=map&filter=perks&near=legends-311-w-5th-st-703 | External maps directions -> google_maps_url | Show Card -> /map?mode=resident&tab=pass&sourceEntity=legends-311-w-5th-st-703 | Save -> toggle_saved_state,Property,Downtown Core,Nearby / Partner signal,"Best for premium condos where the value signal is taste, privacy, and high-net-worth editorial tone.",Collector luxury positioning with a gallery-like design atmosphere.,Nearby perks | Walkable context | Listing details | Events nearby,,View Property -> /map?mode=partner&tab=map&filter=Properties&entityId=legends-311-w-5th-st-703 | Contact Property -> open_property_contact_form | Nearby Perks -> /map?mode=resident&tab=map&filter=perks&near=legends-311-w-5th-st-703 | External maps directions -> google_maps_url | Show Card -> /map?mode=resident&tab=pass&sourceEntity=legends-311-w-5th-st-703 | Save -> toggle_saved_state,/images/legends/2e7c0103-7197-4262-929e-2d9009852a37.avif,,,,Imported from current map inventory
current_map_entity,,legends-311-w-5th-st-806,,311 W 5th ST # 806,listing,property,real_estate,Legends Real Estate,Downtown Core,30.267885,-97.7465,,listing,listing,Legends Real Estate,/pins/circular/special/legends-badge.svg,False,False,,Exclusive local access.,Property,Downtown Core,Nearby / Resident ready,Exclusive local access.,Collector luxury positioning with a gallery-like design atmosphere.,Nearby perks | Walkable context | Listing details | Events nearby,,View Property -> /map?mode=resident&tab=map&filter=Properties&entityId=legends-311-w-5th-st-806 | Contact Property -> open_property_contact_form | Nearby Perks -> /map?mode=resident&tab=map&filter=perks&near=legends-311-w-5th-st-806 | External maps directions -> google_maps_url | Show Card -> /map?mode=resident&tab=pass&sourceEntity=legends-311-w-5th-st-806 | Save -> toggle_saved_state,Property,Downtown Core,Nearby / Partner signal,"Best for premium condos where the value signal is taste, privacy, and high-net-worth editorial tone.",Collector luxury positioning with a gallery-like design atmosphere.,Nearby perks | Walkable context | Listing details | Events nearby,,View Property -> /map?mode=partner&tab=map&filter=Properties&entityId=legends-311-w-5th-st-806 | Contact Property -> open_property_contact_form | Nearby Perks -> /map?mode=resident&tab=map&filter=perks&near=legends-311-w-5th-st-806 | External maps directions -> google_maps_url | Show Card -> /map?mode=resident&tab=pass&sourceEntity=legends-311-w-5th-st-806 | Save -> toggle_saved_state,/images/legends/2e7c0103-7197-4262-929e-2d9009852a37.avif,,,,Imported from current map inventory
current_map_entity,,legends-311-w-5th-st-1005,,311 W 5th ST # 1005,listing,property,real_estate,Legends Real Estate,Downtown Core,30.267885,-97.7465,,listing,listing,Legends Real Estate,/pins/circular/special/legends-badge.svg,False,False,,Exclusive local access.,Property,Downtown Core,Nearby / Resident ready,Exclusive local access.,Collector luxury positioning with a gallery-like design atmosphere.,Nearby perks | Walkable context | Listing details | Events nearby,,View Property -> /map?mode=resident&tab=map&filter=Properties&entityId=legends-311-w-5th-st-1005 | Contact Property -> open_property_contact_form | Nearby Perks -> /map?mode=resident&tab=map&filter=perks&near=legends-311-w-5th-st-1005 | External maps directions -> google_maps_url | Show Card -> /map?mode=resident&tab=pass&sourceEntity=legends-311-w-5th-st-1005 | Save -> toggle_saved_state,Property,Downtown Core,Nearby / Partner signal,"Best for premium condos where the value signal is taste, privacy, and high-net-worth editorial tone.",Collector luxury positioning with a gallery-like design atmosphere.,Nearby perks | Walkable context | Listing details | Events nearby,,View Property -> /map?mode=partner&tab=map&filter=Properties&entityId=legends-311-w-5th-st-1005 | Contact Property -> open_property_contact_form | Nearby Perks -> /map?mode=resident&tab=map&filter=perks&near=legends-311-w-5th-st-1005 | External maps directions -> google_maps_url | Show Card -> /map?mode=resident&tab=pass&sourceEntity=legends-311-w-5th-st-1005 | Save -> toggle_saved_state,/images/legends/2e7c0103-7197-4262-929e-2d9009852a37.avif,,,,Imported from current map inventory
current_map_entity,,legends-311-w-5th-st-1008,,311 W 5th ST # 1008,listing,property,real_estate,Legends Real Estate,Downtown Core,30.267885,-97.7465,,listing,listing,Legends Real Estate,/pins/circular/special/legends-badge.svg,False,False,,Exclusive local access.,Property,Downtown Core,Nearby / Resident ready,Exclusive local access.,Collector luxury positioning with a gallery-like design atmosphere.,Nearby perks | Walkable context | Listing details | Events nearby,,View Property -> /map?mode=resident&tab=map&filter=Properties&entityId=legends-311-w-5th-st-1008 | Contact Property -> open_property_contact_form | Nearby Perks -> /map?mode=resident&tab=map&filter=perks&near=legends-311-w-5th-st-1008 | External maps directions -> google_maps_url | Show Card -> /map?mode=resident&tab=pass&sourceEntity=legends-311-w-5th-st-1008 | Save -> toggle_saved_state,Property,Downtown Core,Nearby / Partner signal,"Best for premium condos where the value signal is taste, privacy, and high-net-worth editorial tone.",Collector luxury positioning with a gallery-like design atmosphere.,Nearby perks | Walkable context | Listing details | Events nearby,,View Property -> /map?mode=partner&tab=map&filter=Properties&entityId=legends-311-w-5th-st-1008 | Contact Property -> open_property_contact_form | Nearby Perks -> /map?mode=resident&tab=map&filter=perks&near=legends-311-w-5th-st-1008 | External maps directions -> google_maps_url | Show Card -> /map?mode=resident&tab=pass&sourceEntity=legends-311-w-5th-st-1008 | Save -> toggle_saved_state,/images/legends/2e7c0103-7197-4262-929e-2d9009852a37.avif,,,,Imported from current map inventory
current_map_entity,,legends-505-w-7th-st-208,,505 W 7th ST # 208,listing,property,real_estate,Legends Real Estate,Downtown Austin,30.2700875,-97.7473201,,listing,listing,Legends Real Estate,/pins/circular/special/legends-badge.svg,False,False,,Exclusive local access.,Property,Downtown Austin,Nearby / Resident ready,Exclusive local access.,Wellness residence positioning with calm morning-light lifestyle cues.,Nearby perks | Walkable context | Listing details | Events nearby,,View Property -> /map?mode=resident&tab=map&filter=Properties&entityId=legends-505-w-7th-st-208 | Contact Property -> open_property_contact_form | Nearby Perks -> /map?mode=resident&tab=map&filter=perks&near=legends-505-w-7th-st-208 | External maps directions -> google_maps_url | Show Card -> /map?mode=resident&tab=pass&sourceEntity=legends-505-w-7th-st-208 | Save -> toggle_saved_state,Property,Downtown Austin,Nearby / Partner signal,"Best for residents prioritizing recovery, trail access, fitness, and softer daily routines.",Wellness residence positioning with calm morning-light lifestyle cues.,Nearby perks | Walkable context | Listing details | Events nearby,,View Property -> /map?mode=partner&tab=map&filter=Properties&entityId=legends-505-w-7th-st-208 | Contact Property -> open_property_contact_form | Nearby Perks -> /map?mode=resident&tab=map&filter=perks&near=legends-505-w-7th-st-208 | External maps directions -> google_maps_url | Show Card -> /map?mode=resident&tab=pass&sourceEntity=legends-505-w-7th-st-208 | Save -> toggle_saved_state,/images/legends/2e7c0103-7197-4262-929e-2d9009852a37.avif,,,,Imported from current map inventory
current_map_entity,,legends-311-w-5th-st-w-902,,311 W 5th ST W # 902,listing,property,real_estate,Legends Real Estate,Downtown Core,30.267885,-97.7465,,listing,listing,Legends Real Estate,/pins/circular/special/legends-badge.svg,False,False,,Exclusive local access.,Property,Downtown Core,Nearby / Resident ready,Exclusive local access.,Collector luxury positioning with a gallery-like design atmosphere.,Nearby perks | Walkable context | Listing details | Events nearby,,View Property -> /map?mode=resident&tab=map&filter=Properties&entityId=legends-311-w-5th-st-w-902 | Contact Property -> open_property_contact_form | Nearby Perks -> /map?mode=resident&tab=map&filter=perks&near=legends-311-w-5th-st-w-902 | External maps directions -> google_maps_url | Show Card -> /map?mode=resident&tab=pass&sourceEntity=legends-311-w-5th-st-w-902 | Save -> toggle_saved_state,Property,Downtown Core,Nearby / Partner signal,"Best for premium condos where the value signal is taste, privacy, and high-net-worth editorial tone.",Collector luxury positioning with a gallery-like design atmosphere.,Nearby perks | Walkable context | Listing details | Events nearby,,View Property -> /map?mode=partner&tab=map&filter=Properties&entityId=legends-311-w-5th-st-w-902 | Contact Property -> open_property_contact_form | Nearby Perks -> /map?mode=resident&tab=map&filter=perks&near=legends-311-w-5th-st-w-902 | External maps directions -> google_maps_url | Show Card -> /map?mode=resident&tab=pass&sourceEntity=legends-311-w-5th-st-w-902 | Save -> toggle_saved_state,/images/legends/2e7c0103-7197-4262-929e-2d9009852a37.avif,,,,Imported from current map inventory
current_map_entity,,legends-505-w-7th-st-313,,505 W 7th ST # 313,listing,property,real_estate,Legends Real Estate,Downtown Austin,30.2700875,-97.7473201,,listing,listing,Legends Real Estate,/pins/circular/special/legends-badge.svg,False,False,,Exclusive local access.,Property,Downtown Austin,Nearby / Resident ready,Exclusive local access.,Wellness residence positioning with calm morning-light lifestyle cues.,Nearby perks | Walkable context | Listing details | Events nearby,,View Property -> /map?mode=resident&tab=map&filter=Properties&entityId=legends-505-w-7th-st-313 | Contact Property -> open_property_contact_form | Nearby Perks -> /map?mode=resident&tab=map&filter=perks&near=legends-505-w-7th-st-313 | External maps directions -> google_maps_url | Show Card -> /map?mode=resident&tab=pass&sourceEntity=legends-505-w-7th-st-313 | Save -> toggle_saved_state,Property,Downtown Austin,Nearby / Partner signal,"Best for residents prioritizing recovery, trail access, fitness, and softer daily routines.",Wellness residence positioning with calm morning-light lifestyle cues.,Nearby perks | Walkable context | Listing details | Events nearby,,View Property -> /map?mode=partner&tab=map&filter=Properties&entityId=legends-505-w-7th-st-313 | Contact Property -> open_property_contact_form | Nearby Perks -> /map?mode=resident&tab=map&filter=perks&near=legends-505-w-7th-st-313 | External maps directions -> google_maps_url | Show Card -> /map?mode=resident&tab=pass&sourceEntity=legends-505-w-7th-st-313 | Save -> toggle_saved_state,/images/legends/2e7c0103-7197-4262-929e-2d9009852a37.avif,,,,Imported from current map inventory
current_map_entity,,legends-311-w-5th-st-807,,311 W 5th ST # 807,listing,property,real_estate,Legends Real Estate,Downtown Core,30.267885,-97.7465,,listing,listing,Legends Real Estate,/pins/circular/special/legends-badge.svg,False,False,,Exclusive local access.,Property,Downtown Core,Nearby / Resident ready,Exclusive local access.,Collector luxury positioning with a gallery-like design atmosphere.,Nearby perks | Walkable context | Listing details | Events nearby,,View Property -> /map?mode=resident&tab=map&filter=Properties&entityId=legends-311-w-5th-st-807 | Contact Property -> open_property_contact_form | Nearby Perks -> /map?mode=resident&tab=map&filter=perks&near=legends-311-w-5th-st-807 | External maps directions -> google_maps_url | Show Card -> /map?mode=resident&tab=pass&sourceEntity=legends-311-w-5th-st-807 | Save -> toggle_saved_state,Property,Downtown Core,Nearby / Partner signal,"Best for premium condos where the value signal is taste, privacy, and high-net-worth editorial tone.",Collector luxury positioning with a gallery-like design atmosphere.,Nearby perks | Walkable context | Listing details | Events nearby,,View Property -> /map?mode=partner&tab=map&filter=Properties&entityId=legends-311-w-5th-st-807 | Contact Property -> open_property_contact_form | Nearby Perks -> /map?mode=resident&tab=map&filter=perks&near=legends-311-w-5th-st-807 | External maps directions -> google_maps_url | Show Card -> /map?mode=resident&tab=pass&sourceEntity=legends-311-w-5th-st-807 | Save -> toggle_saved_state,/images/legends/2e7c0103-7197-4262-929e-2d9009852a37.avif,,,,Imported from current map inventory
current_map_entity,,legends-360-nueces-st-2601,,360 Nueces ST # 2601,listing,property,real_estate,Legends Real Estate,Market District / West Downtown,30.267029,-97.749595,,listing,listing,Legends Real Estate,/pins/circular/special/legends-badge.svg,False,False,,Exclusive local access.,Property,Market District / West Downtown,Nearby / Resident ready,Exclusive local access.,Wellness residence positioning with calm morning-light lifestyle cues.,Nearby perks | Walkable context | Listing details | Events nearby,,View Property -> /map?mode=resident&tab=map&filter=Properties&entityId=legends-360-nueces-st-2601 | Contact Property -> open_property_contact_form | Nearby Perks -> /map?mode=resident&tab=map&filter=perks&near=legends-360-nueces-st-2601 | External maps directions -> google_maps_url | Show Card -> /map?mode=resident&tab=pass&sourceEntity=legends-360-nueces-st-2601 | Save -> toggle_saved_state,Property,Market District / West Downtown,Nearby / Partner signal,"Best for residents prioritizing recovery, trail access, fitness, and softer daily routines.",Wellness residence positioning with calm morning-light lifestyle cues.,Nearby perks | Walkable context | Listing details | Events nearby,,View Property -> /map?mode=partner&tab=map&filter=Properties&entityId=legends-360-nueces-st-2601 | Contact Property -> open_property_contact_form | Nearby Perks -> /map?mode=resident&tab=map&filter=perks&near=legends-360-nueces-st-2601 | External maps directions -> google_maps_url | Show Card -> /map?mode=resident&tab=pass&sourceEntity=legends-360-nueces-st-2601 | Save -> toggle_saved_state,/images/commercial_street_level_1779052788888.png,,,,Imported from current map inventory
current_map_entity,,legends-98-san-jacinto-boulevard-unit-2004,,"98 San Jacinto Boulevard, Unit 2004",listing,property,real_estate,Legends Real Estate,Downtown Austin,30.26162,-97.74226,,listing,listing,Legends Real Estate,/pins/circular/special/legends-badge.svg,False,False,,Exclusive local access.,Property,Downtown Austin,Nearby / Resident ready,Exclusive local access.,Skyline penthouse positioning with evening-light resident energy.,Nearby perks | Walkable context | Listing details | Events nearby,,View Property -> /map?mode=resident&tab=map&filter=Properties&entityId=legends-98-san-jacinto-boulevard-unit-2004 | Contact Property -> open_property_contact_form | Nearby Perks -> /map?mode=resident&tab=map&filter=perks&near=legends-98-san-jacinto-boulevard-unit-2004 | External maps directions -> google_maps_url | Show Card -> /map?mode=resident&tab=pass&sourceEntity=legends-98-san-jacinto-boulevard-unit-2004 | Save -> toggle_saved_state,Property,Downtown Austin,Nearby / Partner signal,"Best for high-floor units where the decision moment is view, hosting, and premium downtown access.",Skyline penthouse positioning with evening-light resident energy.,Nearby perks | Walkable context | Listing details | Events nearby,,View Property -> /map?mode=partner&tab=map&filter=Properties&entityId=legends-98-san-jacinto-boulevard-unit-2004 | Contact Property -> open_property_contact_form | Nearby Perks -> /map?mode=resident&tab=map&filter=perks&near=legends-98-san-jacinto-boulevard-unit-2004 | External maps directions -> google_maps_url | Show Card -> /map?mode=resident&tab=pass&sourceEntity=legends-98-san-jacinto-boulevard-unit-2004 | Save -> toggle_saved_state,/images/waustin_pool_1779052756806.png,,,,Imported from current map inventory
current_map_entity,,legends-311-w-5th-st-1003,,311 W 5th ST # 1003,listing,property,real_estate,Legends Real Estate,Downtown Core,30.267885,-97.7465,,listing,listing,Legends Real Estate,/pins/circular/special/legends-badge.svg,False,False,,Exclusive local access.,Property,Downtown Core,Nearby / Resident ready,Exclusive local access.,Executive modern positioning for downtown professionals.,Nearby perks | Walkable context | Listing details | Events nearby,,View Property -> /map?mode=resident&tab=map&filter=Properties&entityId=legends-311-w-5th-st-1003 | Contact Property -> open_property_contact_form | Nearby Perks -> /map?mode=resident&tab=map&filter=perks&near=legends-311-w-5th-st-1003 | External maps directions -> google_maps_url | Show Card -> /map?mode=resident&tab=pass&sourceEntity=legends-311-w-5th-st-1003 | Save -> toggle_saved_state,Property,Downtown Core,Nearby / Partner signal,"Best for residents comparing polished workday flow, dining proximity, and refined urban convenience.",Executive modern positioning for downtown professionals.,Nearby perks | Walkable context | Listing details | Events nearby,,View Property -> /map?mode=partner&tab=map&filter=Properties&entityId=legends-311-w-5th-st-1003 | Contact Property -> open_property_contact_form | Nearby Perks -> /map?mode=resident&tab=map&filter=perks&near=legends-311-w-5th-st-1003 | External maps directions -> google_maps_url | Show Card -> /map?mode=resident&tab=pass&sourceEntity=legends-311-w-5th-st-1003 | Save -> toggle_saved_state,/images/legends/2e7c0103-7197-4262-929e-2d9009852a37.avif,,,,Imported from current map inventory
current_map_entity,,legends-800-brazos-st-unit-1002,,800 Brazos ST Unit: 1002,listing,property,real_estate,Legends Real Estate,Downtown Austin,30.269832,-97.741033,,listing,listing,Legends Real Estate,/pins/circular/special/legends-badge.svg,False,False,,Exclusive local access.,Property,Downtown Austin,Nearby / Resident ready,Exclusive local access.,Executive modern positioning for downtown professionals.,Nearby perks | Walkable context | Listing details | Events nearby,,View Property -> /map?mode=resident&tab=map&filter=Properties&entityId=legends-800-brazos-st-unit-1002 | Contact Property -> open_property_contact_form | Nearby Perks -> /map?mode=resident&tab=map&filter=perks&near=legends-800-brazos-st-unit-1002 | External maps directions -> google_maps_url | Show Card -> /map?mode=resident&tab=pass&sourceEntity=legends-800-brazos-st-unit-1002 | Save -> toggle_saved_state,Property,Downtown Austin,Nearby / Partner signal,"Best for residents comparing polished workday flow, dining proximity, and refined urban convenience.",Executive modern positioning for downtown professionals.,Nearby perks | Walkable context | Listing details | Events nearby,,View Property -> /map?mode=partner&tab=map&filter=Properties&entityId=legends-800-brazos-st-unit-1002 | Contact Property -> open_property_contact_form | Nearby Perks -> /map?mode=resident&tab=map&filter=perks&near=legends-800-brazos-st-unit-1002 | External maps directions -> google_maps_url | Show Card -> /map?mode=resident&tab=pass&sourceEntity=legends-800-brazos-st-unit-1002 | Save -> toggle_saved_state,/images/legends/2e7c0103-7197-4262-929e-2d9009852a37.avif,,,,Imported from current map inventory
current_map_entity,,legends-1212-guadalupe-st-unit-701,,1212 Guadalupe ST Unit: 701,listing,property,real_estate,Legends Real Estate,Downtown Austin,30.2759326,-97.7441059,,listing,listing,Legends Real Estate,/pins/circular/special/legends-badge.svg,False,False,,Exclusive local access.,Property,Downtown Austin,Nearby / Resident ready,Exclusive local access.,Executive modern positioning for downtown professionals.,Nearby perks | Walkable context | Listing details | Events nearby,,View Property -> /map?mode=resident&tab=map&filter=Properties&entityId=legends-1212-guadalupe-st-unit-701 | Contact Property -> open_property_contact_form | Nearby Perks -> /map?mode=resident&tab=map&filter=perks&near=legends-1212-guadalupe-st-unit-701 | External maps directions -> google_maps_url | Show Card -> /map?mode=resident&tab=pass&sourceEntity=legends-1212-guadalupe-st-unit-701 | Save -> toggle_saved_state,Property,Downtown Austin,Nearby / Partner signal,"Best for residents comparing polished workday flow, dining proximity, and refined urban convenience.",Executive modern positioning for downtown professionals.,Nearby perks | Walkable context | Listing details | Events nearby,,View Property -> /map?mode=partner&tab=map&filter=Properties&entityId=legends-1212-guadalupe-st-unit-701 | Contact Property -> open_property_contact_form | Nearby Perks -> /map?mode=resident&tab=map&filter=perks&near=legends-1212-guadalupe-st-unit-701 | External maps directions -> google_maps_url | Show Card -> /map?mode=resident&tab=pass&sourceEntity=legends-1212-guadalupe-st-unit-701 | Save -> toggle_saved_state,/images/legends/2e7c0103-7197-4262-929e-2d9009852a37.avif,,,,Imported from current map inventory
current_map_entity,,legends-800-brazos-st-unit-1007,,800 Brazos ST Unit: 1007,listing,property,real_estate,Legends Real Estate,Downtown Austin,30.269832,-97.741033,,listing,listing,Legends Real Estate,/pins/circular/special/legends-badge.svg,False,False,,Exclusive local access.,Property,Downtown Austin,Nearby / Resident ready,Exclusive local access.,Executive modern positioning for downtown professionals.,Nearby perks | Walkable context | Listing details | Events nearby,,View Property -> /map?mode=resident&tab=map&filter=Properties&entityId=legends-800-brazos-st-unit-1007 | Contact Property -> open_property_contact_form | Nearby Perks -> /map?mode=resident&tab=map&filter=perks&near=legends-800-brazos-st-unit-1007 | External maps directions -> google_maps_url | Show Card -> /map?mode=resident&tab=pass&sourceEntity=legends-800-brazos-st-unit-1007 | Save -> toggle_saved_state,Property,Downtown Austin,Nearby / Partner signal,"Best for residents comparing polished workday flow, dining proximity, and refined urban convenience.",Executive modern positioning for downtown professionals.,Nearby perks | Walkable context | Listing details | Events nearby,,View Property -> /map?mode=partner&tab=map&filter=Properties&entityId=legends-800-brazos-st-unit-1007 | Contact Property -> open_property_contact_form | Nearby Perks -> /map?mode=resident&tab=map&filter=perks&near=legends-800-brazos-st-unit-1007 | External maps directions -> google_maps_url | Show Card -> /map?mode=resident&tab=pass&sourceEntity=legends-800-brazos-st-unit-1007 | Save -> toggle_saved_state,/images/legends/2e7c0103-7197-4262-929e-2d9009852a37.avif,,,,Imported from current map inventory
current_map_entity,,legends-311-w-5th-st-unit-803,,311 W 5th ST Unit: 803,listing,property,real_estate,Legends Real Estate,Downtown Core,30.267885,-97.7465,,listing,listing,Legends Real Estate,/pins/circular/special/legends-badge.svg,False,False,,Exclusive local access.,Property,Downtown Core,Nearby / Resident ready,Exclusive local access.,Collector luxury positioning with a gallery-like design atmosphere.,Nearby perks | Walkable context | Listing details | Events nearby,,View Property -> /map?mode=resident&tab=map&filter=Properties&entityId=legends-311-w-5th-st-unit-803 | Contact Property -> open_property_contact_form | Nearby Perks -> /map?mode=resident&tab=map&filter=perks&near=legends-311-w-5th-st-unit-803 | External maps directions -> google_maps_url | Show Card -> /map?mode=resident&tab=pass&sourceEntity=legends-311-w-5th-st-unit-803 | Save -> toggle_saved_state,Property,Downtown Core,Nearby / Partner signal,"Best for premium condos where the value signal is taste, privacy, and high-net-worth editorial tone.",Collector luxury positioning with a gallery-like design atmosphere.,Nearby perks | Walkable context | Listing details | Events nearby,,View Property -> /map?mode=partner&tab=map&filter=Properties&entityId=legends-311-w-5th-st-unit-803 | Contact Property -> open_property_contact_form | Nearby Perks -> /map?mode=resident&tab=map&filter=perks&near=legends-311-w-5th-st-unit-803 | External maps directions -> google_maps_url | Show Card -> /map?mode=resident&tab=pass&sourceEntity=legends-311-w-5th-st-unit-803 | Save -> toggle_saved_state,/images/legends/2e7c0103-7197-4262-929e-2d9009852a37.avif,,,,Imported from current map inventory
current_map_entity,,legends-301-west-ave-4015,,"301 West Ave, #4015",listing,property,real_estate,Legends Real Estate,Market District / West Downtown,30.267451,-97.750793,,listing,listing,Legends Real Estate,/pins/circular/special/legends-badge.svg,False,False,,Exclusive local access.,Property,Market District / West Downtown,Nearby / Resident ready,Exclusive local access.,Skyline penthouse positioning with evening-light resident energy.,Nearby perks | Walkable context | Listing details | Events nearby,,View Property -> /map?mode=resident&tab=map&filter=Properties&entityId=legends-301-west-ave-4015 | Contact Property -> open_property_contact_form | Nearby Perks -> /map?mode=resident&tab=map&filter=perks&near=legends-301-west-ave-4015 | External maps directions -> google_maps_url | Show Card -> /map?mode=resident&tab=pass&sourceEntity=legends-301-west-ave-4015 | Save -> toggle_saved_state,Property,Market District / West Downtown,Nearby / Partner signal,"Best for high-floor units where the decision moment is view, hosting, and premium downtown access.",Skyline penthouse positioning with evening-light resident energy.,Nearby perks | Walkable context | Listing details | Events nearby,,View Property -> /map?mode=partner&tab=map&filter=Properties&entityId=legends-301-west-ave-4015 | Contact Property -> open_property_contact_form | Nearby Perks -> /map?mode=resident&tab=map&filter=perks&near=legends-301-west-ave-4015 | External maps directions -> google_maps_url | Show Card -> /map?mode=resident&tab=pass&sourceEntity=legends-301-west-ave-4015 | Save -> toggle_saved_state,/images/commercial_street_level_1779052788888.png,,,,Imported from current map inventory
current_map_entity,,legends-311-west-5th-street-unit-803,,311 West 5th Street Unit 803,listing,property,real_estate,Legends Real Estate,Market District / West Downtown,30.267885,-97.7465,,listing,listing,Legends Real Estate,/pins/circular/special/legends-badge.svg,False,False,,Exclusive local access.,Property,Market District / West Downtown,Nearby / Resident ready,Exclusive local access.,Collector luxury positioning with a gallery-like design atmosphere.,Nearby perks | Walkable context | Listing details | Events nearby,,View Property -> /map?mode=resident&tab=map&filter=Properties&entityId=legends-311-west-5th-street-unit-803 | Contact Property -> open_property_contact_form | Nearby Perks -> /map?mode=resident&tab=map&filter=perks&near=legends-311-west-5th-street-unit-803 | External maps directions -> google_maps_url | Show Card -> /map?mode=resident&tab=pass&sourceEntity=legends-311-west-5th-street-unit-803 | Save -> toggle_saved_state,Property,Market District / West Downtown,Nearby / Partner signal,"Best for premium condos where the value signal is taste, privacy, and high-net-worth editorial tone.",Collector luxury positioning with a gallery-like design atmosphere.,Nearby perks | Walkable context | Listing details | Events nearby,,View Property -> /map?mode=partner&tab=map&filter=Properties&entityId=legends-311-west-5th-street-unit-803 | Contact Property -> open_property_contact_form | Nearby Perks -> /map?mode=resident&tab=map&filter=perks&near=legends-311-west-5th-street-unit-803 | External maps directions -> google_maps_url | Show Card -> /map?mode=resident&tab=pass&sourceEntity=legends-311-west-5th-street-unit-803 | Save -> toggle_saved_state,/images/commercial_street_level_1779052788888.png,,,,Imported from current map inventory
current_map_entity,,legends-311-west-5th-street-1005,,311 West 5th Street #1005,listing,property,real_estate,Legends Real Estate,Market District / West Downtown,30.267885,-97.7465,,listing,listing,Legends Real Estate,/pins/circular/special/legends-badge.svg,False,False,,Exclusive local access.,Property,Market District / West Downtown,Nearby / Resident ready,Exclusive local access.,Collector luxury positioning with a gallery-like design atmosphere.,Nearby perks | Walkable context | Listing details | Events nearby,,View Property -> /map?mode=resident&tab=map&filter=Properties&entityId=legends-311-west-5th-street-1005 | Contact Property -> open_property_contact_form | Nearby Perks -> /map?mode=resident&tab=map&filter=perks&near=legends-311-west-5th-street-1005 | External maps directions -> google_maps_url | Show Card -> /map?mode=resident&tab=pass&sourceEntity=legends-311-west-5th-street-1005 | Save -> toggle_saved_state,Property,Market District / West Downtown,Nearby / Partner signal,"Best for premium condos where the value signal is taste, privacy, and high-net-worth editorial tone.",Collector luxury positioning with a gallery-like design atmosphere.,Nearby perks | Walkable context | Listing details | Events nearby,,View Property -> /map?mode=partner&tab=map&filter=Properties&entityId=legends-311-west-5th-street-1005 | Contact Property -> open_property_contact_form | Nearby Perks -> /map?mode=resident&tab=map&filter=perks&near=legends-311-west-5th-street-1005 | External maps directions -> google_maps_url | Show Card -> /map?mode=resident&tab=pass&sourceEntity=legends-311-west-5th-street-1005 | Save -> toggle_saved_state,/images/commercial_street_level_1779052788888.png,,,,Imported from current map inventory
current_map_entity,,legends-98-san-jacinto-boulevard-unit-706-austin,,98 San Jacinto Boulevard Unit 706 Austin,listing,property,real_estate,Legends Real Estate,Downtown Austin,30.26162,-97.74226,,listing,listing,Legends Real Estate,/pins/circular/special/legends-badge.svg,False,False,,Exclusive local access.,Property,Downtown Austin,Nearby / Resident ready,Exclusive local access.,Executive modern positioning for downtown professionals.,Nearby perks | Walkable context | Listing details | Events nearby,,View Property -> /map?mode=resident&tab=map&filter=Properties&entityId=legends-98-san-jacinto-boulevard-unit-706-austin | Contact Property -> open_property_contact_form | Nearby Perks -> /map?mode=resident&tab=map&filter=perks&near=legends-98-san-jacinto-boulevard-unit-706-austin | External maps directions -> google_maps_url | Show Card -> /map?mode=resident&tab=pass&sourceEntity=legends-98-san-jacinto-boulevard-unit-706-austin | Save -> toggle_saved_state,Property,Downtown Austin,Nearby / Partner signal,"Best for residents comparing polished workday flow, dining proximity, and refined urban convenience.",Executive modern positioning for downtown professionals.,Nearby perks | Walkable context | Listing details | Events nearby,,View Property -> /map?mode=partner&tab=map&filter=Properties&entityId=legends-98-san-jacinto-boulevard-unit-706-austin | Contact Property -> open_property_contact_form | Nearby Perks -> /map?mode=resident&tab=map&filter=perks&near=legends-98-san-jacinto-boulevard-unit-706-austin | External maps directions -> google_maps_url | Show Card -> /map?mode=resident&tab=pass&sourceEntity=legends-98-san-jacinto-boulevard-unit-706-austin | Save -> toggle_saved_state,/images/waustin_pool_1779052756806.png,,,,Imported from current map inventory
current_map_entity,,legends-70-rainey-st-unit-1409,,70 Rainey ST Unit: 1409,listing,property,real_estate,Legends Real Estate,Rainey / East Downtown,30.258532,-97.739001,,listing,listing,Legends Real Estate,/pins/circular/special/legends-badge.svg,False,False,,Exclusive local access.,Property,Rainey / East Downtown,Nearby / Resident ready,Exclusive local access.,Rainey social club positioning with polished rooftop and nightlife adjacency.,Nearby perks | Walkable context | Listing details | Events nearby,,View Property -> /map?mode=resident&tab=map&filter=Properties&entityId=legends-70-rainey-st-unit-1409 | Contact Property -> open_property_contact_form | Nearby Perks -> /map?mode=resident&tab=map&filter=perks&near=legends-70-rainey-st-unit-1409 | External maps directions -> google_maps_url | Show Card -> /map?mode=resident&tab=pass&sourceEntity=legends-70-rainey-st-unit-1409 | Save -> toggle_saved_state,Property,Rainey / East Downtown,Nearby / Partner signal,"Best for residents choosing lively walkable access, music, cocktail rooms, and social energy.",Rainey social club positioning with polished rooftop and nightlife adjacency.,Nearby perks | Walkable context | Listing details | Events nearby,,View Property -> /map?mode=partner&tab=map&filter=Properties&entityId=legends-70-rainey-st-unit-1409 | Contact Property -> open_property_contact_form | Nearby Perks -> /map?mode=resident&tab=map&filter=perks&near=legends-70-rainey-st-unit-1409 | External maps directions -> google_maps_url | Show Card -> /map?mode=resident&tab=pass&sourceEntity=legends-70-rainey-st-unit-1409 | Save -> toggle_saved_state,/images/austonian_lobby_1779052725341.png,,,,Imported from current map inventory
current_map_entity,,legends-311-w-5th-st-unit-608,,311 W 5th ST Unit: 608,listing,property,real_estate,Legends Real Estate,Downtown Core,30.267885,-97.7465,,listing,listing,Legends Real Estate,/pins/circular/special/legends-badge.svg,False,False,,Exclusive local access.,Property,Downtown Core,Nearby / Resident ready,Exclusive local access.,Collector luxury positioning with a gallery-like design atmosphere.,Nearby perks | Walkable context | Listing details | Events nearby,,View Property -> /map?mode=resident&tab=map&filter=Properties&entityId=legends-311-w-5th-st-unit-608 | Contact Property -> open_property_contact_form | Nearby Perks -> /map?mode=resident&tab=map&filter=perks&near=legends-311-w-5th-st-unit-608 | External maps directions -> google_maps_url | Show Card -> /map?mode=resident&tab=pass&sourceEntity=legends-311-w-5th-st-unit-608 | Save -> toggle_saved_state,Property,Downtown Core,Nearby / Partner signal,"Best for premium condos where the value signal is taste, privacy, and high-net-worth editorial tone.",Collector luxury positioning with a gallery-like design atmosphere.,Nearby perks | Walkable context | Listing details | Events nearby,,View Property -> /map?mode=partner&tab=map&filter=Properties&entityId=legends-311-w-5th-st-unit-608 | Contact Property -> open_property_contact_form | Nearby Perks -> /map?mode=resident&tab=map&filter=perks&near=legends-311-w-5th-st-unit-608 | External maps directions -> google_maps_url | Show Card -> /map?mode=resident&tab=pass&sourceEntity=legends-311-w-5th-st-unit-608 | Save -> toggle_saved_state,/images/legends/2e7c0103-7197-4262-929e-2d9009852a37.avif,,,,Imported from current map inventory
current_map_entity,,legends-311-w-5th-st-unit-602,,311 W 5th ST Unit: 602,listing,property,real_estate,Legends Real Estate,Downtown Core,30.267885,-97.7465,,listing,listing,Legends Real Estate,/pins/circular/special/legends-badge.svg,False,False,,Exclusive local access.,Property,Downtown Core,Nearby / Resident ready,Exclusive local access.,Collector luxury positioning with a gallery-like design atmosphere.,Nearby perks | Walkable context | Listing details | Events nearby,,View Property -> /map?mode=resident&tab=map&filter=Properties&entityId=legends-311-w-5th-st-unit-602 | Contact Property -> open_property_contact_form | Nearby Perks -> /map?mode=resident&tab=map&filter=perks&near=legends-311-w-5th-st-unit-602 | External maps directions -> google_maps_url | Show Card -> /map?mode=resident&tab=pass&sourceEntity=legends-311-w-5th-st-unit-602 | Save -> toggle_saved_state,Property,Downtown Core,Nearby / Partner signal,"Best for premium condos where the value signal is taste, privacy, and high-net-worth editorial tone.",Collector luxury positioning with a gallery-like design atmosphere.,Nearby perks | Walkable context | Listing details | Events nearby,,View Property -> /map?mode=partner&tab=map&filter=Properties&entityId=legends-311-w-5th-st-unit-602 | Contact Property -> open_property_contact_form | Nearby Perks -> /map?mode=resident&tab=map&filter=perks&near=legends-311-w-5th-st-unit-602 | External maps directions -> google_maps_url | Show Card -> /map?mode=resident&tab=pass&sourceEntity=legends-311-w-5th-st-unit-602 | Save -> toggle_saved_state,/images/legends/2e7c0103-7197-4262-929e-2d9009852a37.avif,,,,Imported from current map inventory
current_map_entity,,legends-311-west-5th-street-unit-1008,,"311 West 5th Street, Unit 1008",listing,property,real_estate,Legends Real Estate,Market District / West Downtown,30.267885,-97.7465,,listing,listing,Legends Real Estate,/pins/circular/special/legends-badge.svg,False,False,,Exclusive local access.,Property,Market District / West Downtown,Nearby / Resident ready,Exclusive local access.,Collector luxury positioning with a gallery-like design atmosphere.,Nearby perks | Walkable context | Listing details | Events nearby,,View Property -> /map?mode=resident&tab=map&filter=Properties&entityId=legends-311-west-5th-street-unit-1008 | Contact Property -> open_property_contact_form | Nearby Perks -> /map?mode=resident&tab=map&filter=perks&near=legends-311-west-5th-street-unit-1008 | External maps directions -> google_maps_url | Show Card -> /map?mode=resident&tab=pass&sourceEntity=legends-311-west-5th-street-unit-1008 | Save -> toggle_saved_state,Property,Market District / West Downtown,Nearby / Partner signal,"Best for premium condos where the value signal is taste, privacy, and high-net-worth editorial tone.",Collector luxury positioning with a gallery-like design atmosphere.,Nearby perks | Walkable context | Listing details | Events nearby,,View Property -> /map?mode=partner&tab=map&filter=Properties&entityId=legends-311-west-5th-street-unit-1008 | Contact Property -> open_property_contact_form | Nearby Perks -> /map?mode=resident&tab=map&filter=perks&near=legends-311-west-5th-street-unit-1008 | External maps directions -> google_maps_url | Show Card -> /map?mode=resident&tab=pass&sourceEntity=legends-311-west-5th-street-unit-1008 | Save -> toggle_saved_state,/images/commercial_street_level_1779052788888.png,,,,Imported from current map inventory
current_map_entity,,legends-311-west-5th-street-unit-806,,"311 West 5th Street, Unit 806",listing,property,real_estate,Legends Real Estate,Market District / West Downtown,30.267885,-97.7465,,listing,listing,Legends Real Estate,/pins/circular/special/legends-badge.svg,False,False,,Exclusive local access.,Property,Market District / West Downtown,Nearby / Resident ready,Exclusive local access.,Collector luxury positioning with a gallery-like design atmosphere.,Nearby perks | Walkable context | Listing details | Events nearby,,View Property -> /map?mode=resident&tab=map&filter=Properties&entityId=legends-311-west-5th-street-unit-806 | Contact Property -> open_property_contact_form | Nearby Perks -> /map?mode=resident&tab=map&filter=perks&near=legends-311-west-5th-street-unit-806 | External maps directions -> google_maps_url | Show Card -> /map?mode=resident&tab=pass&sourceEntity=legends-311-west-5th-street-unit-806 | Save -> toggle_saved_state,Property,Market District / West Downtown,Nearby / Partner signal,"Best for premium condos where the value signal is taste, privacy, and high-net-worth editorial tone.",Collector luxury positioning with a gallery-like design atmosphere.,Nearby perks | Walkable context | Listing details | Events nearby,,View Property -> /map?mode=partner&tab=map&filter=Properties&entityId=legends-311-west-5th-street-unit-806 | Contact Property -> open_property_contact_form | Nearby Perks -> /map?mode=resident&tab=map&filter=perks&near=legends-311-west-5th-street-unit-806 | External maps directions -> google_maps_url | Show Card -> /map?mode=resident&tab=pass&sourceEntity=legends-311-west-5th-street-unit-806 | Save -> toggle_saved_state,/images/commercial_street_level_1779052788888.png,,,,Imported from current map inventory
current_map_entity,,legends-311-w-5th-st-unit-507,,311 W 5th ST Unit: 507,listing,property,real_estate,Legends Real Estate,Downtown Core,30.267885,-97.7465,,listing,listing,Legends Real Estate,/pins/circular/special/legends-badge.svg,False,False,,Exclusive local access.,Property,Downtown Core,Nearby / Resident ready,Exclusive local access.,Collector luxury positioning with a gallery-like design atmosphere.,Nearby perks | Walkable context | Listing details | Events nearby,,View Property -> /map?mode=resident&tab=map&filter=Properties&entityId=legends-311-w-5th-st-unit-507 | Contact Property -> open_property_contact_form | Nearby Perks -> /map?mode=resident&tab=map&filter=perks&near=legends-311-w-5th-st-unit-507 | External maps directions -> google_maps_url | Show Card -> /map?mode=resident&tab=pass&sourceEntity=legends-311-w-5th-st-unit-507 | Save -> toggle_saved_state,Property,Downtown Core,Nearby / Partner signal,"Best for premium condos where the value signal is taste, privacy, and high-net-worth editorial tone.",Collector luxury positioning with a gallery-like design atmosphere.,Nearby perks | Walkable context | Listing details | Events nearby,,View Property -> /map?mode=partner&tab=map&filter=Properties&entityId=legends-311-w-5th-st-unit-507 | Contact Property -> open_property_contact_form | Nearby Perks -> /map?mode=resident&tab=map&filter=perks&near=legends-311-w-5th-st-unit-507 | External maps directions -> google_maps_url | Show Card -> /map?mode=resident&tab=pass&sourceEntity=legends-311-w-5th-st-unit-507 | Save -> toggle_saved_state,/images/legends/2e7c0103-7197-4262-929e-2d9009852a37.avif,,,,Imported from current map inventory
new_enriched_hospitality_record,brand-hotel-van-zandt,hvz-texas-sized-savings-40,texas-sized-summer-savings,Texas-Sized Savings: Get 40% Off,perk,seasonal stay offer,hotel,Hotel Van Zandt,Rainey,,,"605 Davis Street, Austin TX 78701",official hotel offer,perk,Perk,/pins/circular/system/redemption.svg,True,False,"Save 40% on eligible summer stays through September 12, 2026.","A limited-time summer stay offer that positions Hotel Van Zandt as a downtown base for rooftop cocktails, live music, dining, and Rainey Street access.",Hotel offer,Rainey,Official offer / Booking required,"Make the most of summer in downtown Austin. Save 40% on an eligible Hotel Van Zandt stay and keep the rooftop pool, live music, dining, and Rainey Street within easy reach.","Save 40% on eligible summer stays through September 12, 2026.",Offer details | Booking terms | Hotel amenities | Nearby experiences,,Book offer -> https://www.hotelvanzandt.com/offers/texas-sized-summer-savings/ | View hotel -> /brands/hotel-van-zandt | Explore nearby -> /map?mode=resident&tab=map&entityId=brand-hotel-van-zandt | Save -> toggle_saved_state,Hotel campaign,Rainey,Official offer / Partner campaign,"Use this as a high-intent seasonal occupancy campaign for nearby residents, visiting-friends-and-family bookings, weekend travelers, and guests already considering downtown entertainment.","Save 40% on eligible summer stays through September 12, 2026.",Audience | Inventory | Booking window | Campaign reporting,,Launch campaign -> /partners/campaigns?entityId=hvz-texas-sized-savings-40 | View reports -> /partner-workspace/overview?brand=hotel-van-zandt | Edit availability -> open_visibility_controls,,https://www.hotelvanzandt.com/offers/texas-sized-summer-savings/,Stays through 2026-09-12,Subject to availability and the hotel's published booking terms.,Official source reviewed July 2026
new_enriched_hospitality_record,brand-hotel-van-zandt,hvz-stay-in-the-groove,stay-in-the-groove,Stay in the Groove,perk,length-of-stay offer,hotel,Hotel Van Zandt,Rainey,,,"605 Davis Street, Austin TX 78701",official hotel offer,perk,Perk,/pins/circular/system/redemption.svg,True,False,Stay 2 nights and save 15%; 3 nights and save 20%; 4 or more nights and save 25%. Promo code GROOVE.,"A tiered length-of-stay offer designed for long weekends, music trips, events, and visiting-friends-and-family stays.",Hotel offer,Rainey,Official offer / Booking required,"Stay longer and save more at Hotel Van Zandt. Book two nights for 15% off, three nights for 20% off, or four or more nights for 25% off.",Stay 2 nights and save 15%; 3 nights and save 20%; 4 or more nights and save 25%. Promo code GROOVE.,Offer details | Booking terms | Hotel amenities | Nearby experiences,,Get offer -> https://www.hotelvanzandt.com/offers/stay-in-the-groove/ | View hotel -> /brands/hotel-van-zandt | Save -> toggle_saved_state,Hotel campaign,Rainey,Official offer / Partner campaign,"Increase average length of stay and on-property spend by pairing the room offer with Geraldine's, Brass Poppy, the rooftop pool, and nearby event recommendations.",Stay 2 nights and save 15%; 3 nights and save 20%; 4 or more nights and save 25%. Promo code GROOVE.,Audience | Inventory | Booking window | Campaign reporting,,Launch campaign -> /partners/campaigns?entityId=hvz-stay-in-the-groove | View reports -> /partner-workspace/overview?brand=hotel-van-zandt,,https://www.hotelvanzandt.com/offers/stay-in-the-groove/,Book by 2026-08-31,New reservations only; availability and cancellation terms apply; guest amenity fee applies.,Official source reviewed July 2026
new_enriched_hospitality_record,brand-hotel-van-zandt,hvz-texas-resident-rate,exclusive-texas-resident-rate,Texas Resident Rate,perk,resident stay offer,hotel,Hotel Van Zandt,Rainey,,,"605 Davis Street, Austin TX 78701",official hotel offer,perk,Perk,/pins/circular/system/redemption.svg,True,False,Up to 25% off plus overnight parking for eligible Texas residents.,"A local-market staycation offer for Texas residents seeking a downtown weekend, event stay, or visiting-friends-and-family option.",Hotel offer,Rainey,Official offer / Booking required,"Texas residents can save up to 25% and receive overnight parking, making a downtown staycation or event weekend easier to plan.",Up to 25% off plus overnight parking for eligible Texas residents.,Offer details | Booking terms | Hotel amenities | Nearby experiences,,Book resident rate -> https://www.hotelvanzandt.com/offers/exclusive-texas-resident-rate/ | Save -> toggle_saved_state,Hotel campaign,Rainey,Official offer / Partner campaign,Target verified Texas residents and nearby downtown buildings with a locally framed staycation campaign that reduces parking friction.,Up to 25% off plus overnight parking for eligible Texas residents.,Audience | Inventory | Booking window | Campaign reporting,,Launch resident campaign -> /partners/campaigns?entityId=hvz-texas-resident-rate | View audience -> open_audience_view,,https://www.hotelvanzandt.com/offers/exclusive-texas-resident-rate/,,"Texas residency verification, availability, and hotel terms may apply.",Official source reviewed July 2026
new_enriched_hospitality_record,brand-hotel-van-zandt,hvz-how-suite-it-is,how-suite-it-is,How Suite It Is,perk,suite package,hotel,Hotel Van Zandt,Rainey,,,"605 Davis Street, Austin TX 78701",official hotel offer,perk,Perk,/pins/circular/system/redemption.svg,True,False,"Up to 25% off, a $90 daily food and beverage credit, and overnight parking.","A premium suite package for celebrations, anniversaries, group weekends, and guests who want more space and on-property value.",Hotel offer,Rainey,Official offer / Booking required,"Turn a downtown night into a full suite stay with up to 25% off, a $90 daily food and beverage credit, and overnight parking.","Up to 25% off, a $90 daily food and beverage credit, and overnight parking.",Offer details | Booking terms | Hotel amenities | Nearby experiences,,Reserve suite offer -> https://www.hotelvanzandt.com/offers/how-suite-it-is/ | Explore dining -> /map?mode=resident&tab=map&entityId=brand-geraldines,Hotel campaign,Rainey,Official offer / Partner campaign,"Use this as a premium upsell campaign for celebrations, couples, high-value weekend stays, and group organizers.","Up to 25% off, a $90 daily food and beverage credit, and overnight parking.",Audience | Inventory | Booking window | Campaign reporting,,Launch premium stay campaign -> /partners/campaigns?entityId=hvz-how-suite-it-is | View reports -> /partner-workspace/overview?brand=hotel-van-zandt,,https://www.hotelvanzandt.com/offers/how-suite-it-is/,,"Availability, qualifying room types, and hotel booking terms apply.",Official source reviewed July 2026
new_enriched_hospitality_record,brand-hotel-van-zandt,hvz-fetch-club,fetch-club,Fetch Club,perk,pet-friendly package,hotel,Hotel Van Zandt,Rainey,,,"605 Davis Street, Austin TX 78701",official hotel offer,perk,Perk,/pins/circular/system/redemption.svg,True,False,"Luxury accommodations plus a take-home YETI dog bowl, custom dog robe, Barkin' Creek amenity kit, and one complimentary pawdicure.",A pet-friendly package combining a Hotel Van Zandt stay with premium take-home amenities and optional salon and dog-wash upgrades.,Hotel offer,Rainey,Official offer / Booking required,"Bring your dog for a stay built around both of you. The package includes a take-home YETI bowl, custom Hotel Van Zandt dog robe, Barkin' Creek treats and essentials, a ball, and one complimentary pawdicure.","Luxury accommodations plus a take-home YETI dog bowl, custom dog robe, Barkin' Creek amenity kit, and one complimentary pawdicure.",Offer details | Booking terms | Hotel amenities | Nearby experiences,,Book Fetch Club -> https://www.hotelvanzandt.com/offers/fetch-club/ | View hotel -> /brands/hotel-van-zandt,Hotel campaign,Rainey,Official offer / Partner campaign,"Use Fetch Club to reach pet owners, road-trip travelers, and nearby residents planning a pet-inclusive stay while creating measurable cross-promotion with Barkin' Creek and Roar Salon.","Luxury accommodations plus a take-home YETI dog bowl, custom dog robe, Barkin' Creek amenity kit, and one complimentary pawdicure.",Audience | Inventory | Booking window | Campaign reporting,,Launch pet traveler campaign -> /partners/campaigns?entityId=hvz-fetch-club | View audience -> open_audience_view,,https://www.hotelvanzandt.com/offers/fetch-club/,Book through 2026-12-31,Upgrade must be booked seven days in advance; availability and hotel cancellation terms apply.,Official source reviewed July 2026
new_enriched_hospitality_record,brand-hotel-van-zandt,hvz-government-rate,government-rate,Government Rate,perk,government travel rate,hotel,Hotel Van Zandt,Rainey,,,"605 Davis Street, Austin TX 78701",official hotel offer,perk,Perk,/pins/circular/system/redemption.svg,True,False,Special government rates for eligible official travel.,"A government travel rate combining a downtown location, accommodations, food and beverage, live music, and a year-round outdoor pool.",Hotel offer,Rainey,Official offer / Booking required,Eligible government travelers can access a dedicated rate for official stays in downtown Austin.,Special government rates for eligible official travel.,Offer details | Booking terms | Hotel amenities | Nearby experiences,,Book government rate -> https://www.hotelvanzandt.com/offers/government-rate/,Hotel campaign,Rainey,Official offer / Partner campaign,"Promote this rate selectively around government, legislative, and public-sector travel periods while keeping qualification rules clear.",Special government rates for eligible official travel.,Audience | Inventory | Booking window | Campaign reporting,,Launch qualified travel campaign -> /partners/campaigns?entityId=hvz-government-rate,,https://www.hotelvanzandt.com/offers/government-rate/,,Government identification and qualifying travel requirements may apply.,Official source reviewed July 2026
new_enriched_hospitality_record,brand-hotel-van-zandt,hvz-advance-purchase,book-early-save,Advance Purchase,perk,advance purchase offer,hotel,Hotel Van Zandt,Rainey,,,"605 Davis Street, Austin TX 78701",official hotel offer,perk,Perk,/pins/circular/system/redemption.svg,True,False,Book in advance and save up to 25%. Promo code TWENTYFIVE.,A prepaid advance-purchase rate for guests with firm downtown Austin travel dates.,Hotel offer,Rainey,Official offer / Booking required,Lock in your plans early and save up to 25% on an eligible prepaid stay.,Book in advance and save up to 25%. Promo code TWENTYFIVE.,Offer details | Booking terms | Hotel amenities | Nearby experiences,,Book early -> https://www.hotelvanzandt.com/offers/book-early-save/,Hotel campaign,Rainey,Official offer / Partner campaign,Use this offer to convert early planners and event-driven demand while improving booking lead time.,Book in advance and save up to 25%. Promo code TWENTYFIVE.,Audience | Inventory | Booking window | Campaign reporting,,Launch advance booking campaign -> /partners/campaigns?entityId=hvz-advance-purchase,,https://www.hotelvanzandt.com/offers/book-early-save/,,Fully prepaid and non-refundable; availability and guest amenity fee apply.,Official source reviewed July 2026
new_enriched_hospitality_record,brand-hotel-van-zandt,hvz-bach-party-experience,bach-parties,Bachelor & Bachelorette Austin Experience,perk,group celebration experience,hotel,Hotel Van Zandt,Rainey,,,"605 Davis Street, Austin TX 78701",official hotel offer,perk,Perk,/pins/circular/system/redemption.svg,True,False,"Group-friendly rooms and suites, brunch, cocktails, pool cabanas, hotel happenings, and concierge planning.","A full group-celebration pathway that connects accommodation, Geraldine's and Café 605 brunch, Brass Poppy cocktails, rooftop pool cabanas, events, and concierge support.",Hotel offer,Rainey,Official offer / Booking required,"Make Hotel Van Zandt your group home base for an Austin celebration. Stay together, plan brunch and cocktails on property, reserve a pool cabana, and step directly into Rainey Street.","Group-friendly rooms and suites, brunch, cocktails, pool cabanas, hotel happenings, and concierge planning.",Offer details | Booking terms | Hotel amenities | Nearby experiences,,Start planning -> https://www.hotelvanzandt.com/gather/bach-parties/ | Explore rooms -> https://www.hotelvanzandt.com/stay/ | View Geraldine's -> /map?mode=resident&tab=map&entityId=brand-geraldines,Hotel campaign,Rainey,Official offer / Partner campaign,"Package rooms, dining, cocktails, pool inventory, concierge support, and nearby nightlife into a controlled group-booking campaign with clear capacity rules.","Group-friendly rooms and suites, brunch, cocktails, pool cabanas, hotel happenings, and concierge planning.",Audience | Inventory | Booking window | Campaign reporting,,Launch group campaign -> /partners/campaigns?entityId=hvz-bach-party-experience | View reports -> /partner-workspace/overview?brand=hotel-van-zandt,,https://www.hotelvanzandt.com/gather/bach-parties/,,"Reservations, large-party requests, cabana availability, age rules, and venue policies apply.",Official source reviewed July 2026
new_enriched_hospitality_record,brand-hotel-van-zandt,hvz-rooftop-pool-cabana,rooftop-pool-cabana,Rooftop Pool & Cabana,perk,amenity experience,hotel,Hotel Van Zandt,Rainey,,,"605 Davis Street, Austin TX 78701",official hotel offer,perk,Perk,/pins/circular/system/redemption.svg,True,False,"Poolside cocktails, craft beer, lounge seating, and reservable private cabanas.","A rooftop amenity experience suited to hotel guests, approved day-access inventory, celebrations, and seasonal campaigns.",Hotel offer,Rainey,Official offer / Booking required,"Spend a Texas afternoon by the rooftop pool with cocktails, local beer, lounge seating, and private cabanas when available.","Poolside cocktails, craft beer, lounge seating, and reservable private cabanas.",Offer details | Booking terms | Hotel amenities | Nearby experiences,,Reserve cabana -> https://www.resortpass.com/hotels/Hotel-van-zandt | View pool bar -> https://www.hotelvanzandt.com/restaurants/the-pool-deck/,Hotel campaign,Rainey,Official offer / Partner campaign,"Release only approved pool or cabana inventory, define blackout dates and guest rules, and target nearby residents during suitable low-demand windows.","Poolside cocktails, craft beer, lounge seating, and reservable private cabanas.",Audience | Inventory | Booking window | Campaign reporting,,Configure inventory -> open_visibility_controls | Launch seasonal campaign -> /partners/campaigns?entityId=hvz-rooftop-pool-cabana,,https://www.hotelvanzandt.com/gather/bach-parties/,,"Access is subject to hotel approval, capacity, age restrictions, and pool rules.",Official source reviewed July 2026
new_enriched_hospitality_record,brand-fairmont-austin,fairmont-park-and-stay,park-and-stay,Park & Stay,perk,parking-inclusive stay offer,hotel,Fairmont Austin,Convention Core,,,,official hotel offer,perk,Perk,/pins/circular/system/redemption.svg,True,False,Complimentary self-parking with an eligible stay.,A friction-reducing downtown stay offer for regional travelers and local staycation guests arriving by car.,Hotel offer,Convention Core,Official offer / Booking required,Make a downtown stay easier with complimentary self-parking included in your Fairmont Austin booking.,Complimentary self-parking with an eligible stay.,Offer details | Booking terms | Hotel amenities | Nearby experiences,,Book offer -> https://www.fairmont.com/en/hotels/austin/fairmont-austin/offers/park-and-stay.html | View hotel -> /brands/fairmont-austin,Hotel campaign,Convention Core,Official offer / Partner campaign,Target regional drive markets and nearby residents by removing one of the clearest barriers to a downtown hotel stay.,Complimentary self-parking with an eligible stay.,Audience | Inventory | Booking window | Campaign reporting,,Launch drive-market campaign -> /partners/campaigns?entityId=fairmont-park-and-stay | View reports -> /partner-workspace/overview?brand=fairmont-austin,,https://www.fairmont.com/en/hotels/austin/fairmont-austin/offers/park-and-stay.html,Available through 2026-12-31,No minimum length of stay; availability and hotel terms apply.,Official source reviewed July 2026
new_enriched_hospitality_record,brand-fairmont-austin,fairmont-bed-and-breakfast,bed-and-breakfast,Bed & Breakfast,perk,breakfast-inclusive stay offer,hotel,Fairmont Austin,Convention Core,,,,official hotel offer,perk,Perk,/pins/circular/system/redemption.svg,True,False,Daily breakfast for two at Fulton.,A breakfast-inclusive stay package connecting the room booking with Fairmont Austin's lobby restaurant.,Hotel offer,Convention Core,Official offer / Booking required,"Start each morning with a curated breakfast for two at Fulton, included with your eligible stay.",Daily breakfast for two at Fulton.,Offer details | Booking terms | Hotel amenities | Nearby experiences,,Book offer -> https://www.fairmont.com/en/hotels/austin/fairmont-austin/offers.html | View hotel -> /brands/fairmont-austin,Hotel campaign,Convention Core,Official offer / Partner campaign,"Increase direct booking value and on-property dining engagement with a clear, easy-to-understand breakfast inclusion.",Daily breakfast for two at Fulton.,Audience | Inventory | Booking window | Campaign reporting,,Launch breakfast package -> /partners/campaigns?entityId=fairmont-bed-and-breakfast,,https://www.fairmont.com/en/hotels/austin/fairmont-austin/offers.html,Available through 2026-12-31,"Eligible room rate, restaurant hours, availability, and hotel terms apply.",Official source reviewed July 2026
new_enriched_hospitality_record,brand-fairmont-austin,fairmont-go-for-gold,go-for-gold,Go for Gold,perk,premium room offer,hotel,Fairmont Austin,Convention Core,,,,official hotel offer,perk,Perk,/pins/circular/system/redemption.svg,True,False,"20% off Best Available Rate with Fairmont Gold private check-in, concierge service, and lounge access.",A premium upgrade offer for guests seeking a hotel-within-a-hotel service level and private lounge experience.,Hotel offer,Convention Core,Official offer / Booking required,"Upgrade your downtown stay with 20% off the Best Available Rate, private check-in and check-out, dedicated concierge service, and Fairmont Gold lounge access.","20% off Best Available Rate with Fairmont Gold private check-in, concierge service, and lounge access.",Offer details | Booking terms | Hotel amenities | Nearby experiences,,Book Gold offer -> https://www.fairmont.com/en/hotels/austin/fairmont-austin/offers.html | View hotel -> /brands/fairmont-austin,Hotel campaign,Convention Core,Official offer / Partner campaign,"Use this as a high-value upsell for celebrations, executive stays, convention guests, and luxury weekend travelers.","20% off Best Available Rate with Fairmont Gold private check-in, concierge service, and lounge access.",Audience | Inventory | Booking window | Campaign reporting,,Launch premium upsell -> /partners/campaigns?entityId=fairmont-go-for-gold | View reports -> /partner-workspace/overview?brand=fairmont-austin,,https://www.fairmont.com/en/hotels/austin/fairmont-austin/offers.html,Available through 2026-12-31,"Fairmont Gold inventory, availability, and hotel terms apply.",Official source reviewed July 2026
new_enriched_hospitality_record,brand-fairmont-austin,fairmont-two-night-texas-getaway,two-night-texas-getaway,Two-Night Texas Getaway,perk,length-of-stay credit offer,hotel,Fairmont Austin,Convention Core,,,,official hotel offer,perk,Perk,/pins/circular/system/redemption.svg,True,False,Stay two nights and receive a $100 hotel credit.,"A two-night package that encourages dining, wellness, spa, and cocktail spending across the hotel.",Hotel offer,Convention Core,Official offer / Booking required,"Stay for two nights and receive a $100 hotel credit to use toward dining, wellness experiences, spa treatments, or cocktails.",Stay two nights and receive a $100 hotel credit.,Offer details | Booking terms | Hotel amenities | Nearby experiences,,Book getaway -> https://www.fairmont.com/en/hotels/austin/fairmont-austin/offers.html | Explore nearby -> /map?mode=resident&tab=map&entityId=brand-fairmont-austin,Hotel campaign,Convention Core,Official offer / Partner campaign,Drive longer stays and incremental on-property spend by presenting the credit as a flexible experience benefit.,Stay two nights and receive a $100 hotel credit.,Audience | Inventory | Booking window | Campaign reporting,,Launch length-of-stay campaign -> /partners/campaigns?entityId=fairmont-two-night-texas-getaway,,https://www.fairmont.com/en/hotels/austin/fairmont-austin/offers.html,Available through 2026-12-31,"Two-night minimum, credit restrictions, availability, and hotel terms apply.",Official source reviewed July 2026
new_enriched_hospitality_record,brand-fairmont-austin,fairmont-verde-vacation,verde-vacation,Verde Vacation,perk,sports fan stay offer,hotel,Fairmont Austin,Convention Core,,,,official hotel offer,perk,Perk,/pins/circular/system/redemption.svg,True,False,"10% off the best available rate, complimentary self-parking, and 10% off participating hotel dining venues for Austin FC fans.","A sports-linked offer connecting Austin FC demand with hotel stays, parking, and dining.",Hotel offer,Convention Core,Official offer / Booking required,"Make an Austin FC weekend out of it with 10% off your room, complimentary self-parking, and 10% off participating hotel dining venues.","10% off the best available rate, complimentary self-parking, and 10% off participating hotel dining venues for Austin FC fans.",Offer details | Booking terms | Hotel amenities | Nearby experiences,,View offer -> https://www.fairmont-austin.com/offers/ | View hotel -> /brands/fairmont-austin,Hotel campaign,Convention Core,Official offer / Partner campaign,"Activate around home matches and fan travel windows, then connect the stay to nearby pre-game and post-game recommendations.","10% off the best available rate, complimentary self-parking, and 10% off participating hotel dining venues for Austin FC fans.",Audience | Inventory | Booking window | Campaign reporting,,Launch match-day campaign -> /partners/campaigns?entityId=fairmont-verde-vacation,,https://www.fairmont-austin.com/offers/,,"Eligible dates, dining venues, availability, and hotel terms apply.",Official source reviewed July 2026
new_enriched_hospitality_record,brand-fairmont-austin,fairmont-rooftop-pool-cabanas,rooftop-pool-cabanas,Rooftop Pool & Cabanas,perk,amenity experience,hotel,Fairmont Austin,Convention Core,,,,official hotel offer,perk,Perk,/pins/circular/system/redemption.svg,True,False,"Access to Austin's largest rooftop pool and reservable cabanas, subject to hotel rules and availability.","A high-visibility rooftop pool experience suitable for hotel guests, approved cabana bookings, seasonal programming, and carefully controlled local access.",Hotel offer,Convention Core,Official offer / Booking required,Take in the skyline from Fairmont Austin's rooftop pool and reserve a cabana for a more private downtown escape when available.,"Access to Austin's largest rooftop pool and reservable cabanas, subject to hotel rules and availability.",Offer details | Booking terms | Hotel amenities | Nearby experiences,,Explore pool -> https://www.fairmont-austin.com/ | View hotel -> /brands/fairmont-austin,Hotel campaign,Convention Core,Official offer / Partner campaign,"Use approved cabana or pool inventory for seasonal campaigns, resident celebrations, and convention-week recovery moments without implying unrestricted access.","Access to Austin's largest rooftop pool and reservable cabanas, subject to hotel rules and availability.",Audience | Inventory | Booking window | Campaign reporting,,Configure access -> open_visibility_controls | Launch rooftop campaign -> /partners/campaigns?entityId=fairmont-rooftop-pool-cabanas,,https://www.fairmont-austin.com/,,"Pool and cabana access is subject to hotel approval, availability, capacity, pricing, and house rules.",Official source reviewed July 2026
