asset_path,inferred_entity,reason,confidence,next_action
"/Users/megdude/Downloads/PERKS MEDIA/AMMENITIES/LVP9488-scaled-e1777492186772.jpg","lvp9488-scaled-e1777492186772","Identity and usage rights require review before assignment","below_90_percent","Confirm identity, role, rights and crop before manifest assignment"
"/Users/megdude/Downloads/PERKS MEDIA/AMMENITIES/PASEO0907.jpg","paseo0907","Identity and usage rights require review before assignment","below_90_percent","Confirm identity, role, rights and crop before manifest assignment"
"/Users/megdude/Downloads/PERKS MEDIA/AMMENITIES/PASEO1036.jpg","paseo1036","Identity and usage rights require review before assignment","below_90_percent","Confirm identity, role, rights and crop before manifest assignment"
"/Users/megdude/Downloads/PERKS MEDIA/AMMENITIES/PASEO1139-2-e1769807945951.jpg","paseo1139-2-e1769807945951","Identity and usage rights require review before assignment","below_90_percent","Confirm identity, role, rights and crop before manifest assignment"
"/Users/megdude/Downloads/PERKS MEDIA/AMMENITIES/PASEO1314.jpg","paseo1314","Identity and usage rights require review before assignment","below_90_percent","Confirm identity, role, rights and crop before manifest assignment"
"/Users/megdude/Downloads/PERKS MEDIA/AMMENITIES/PASEO1402.jpg","paseo1402","Identity and usage rights require review before assignment","below_90_percent","Confirm identity, role, rights and crop before manifest assignment"
"/Users/megdude/Downloads/PERKS MEDIA/AMMENITIES/PASEO1508.jpg","paseo1508","Identity and usage rights require review before assignment","below_90_percent","Confirm identity, role, rights and crop before manifest assignment"
"/Users/megdude/Downloads/PERKS MEDIA/AMMENITIES/PASEO1577.jpg","paseo1577","Identity and usage rights require review before assignment","below_90_percent","Confirm identity, role, rights and crop before manifest assignment"
"/Users/megdude/Downloads/PERKS MEDIA/AMMENITIES/PASEO1804-1.jpg","paseo1804-1","Identity and usage rights require review before assignment","below_90_percent","Confirm identity, role, rights and crop before manifest assignment"
"/Users/megdude/Downloads/PERKS MEDIA/AMMENITIES/PASEO2780.jpg","paseo2780","Identity and usage rights require review before assignment","below_90_percent","Confirm identity, role, rights and crop before manifest assignment"
"/Users/megdude/Downloads/PERKS MEDIA/AMMENITIES/PASEO3030-1.jpg","paseo3030-1","Identity and usage rights require review before assignment","below_90_percent","Confirm identity, role, rights and crop before manifest assignment"
"/Users/megdude/Downloads/PERKS MEDIA/AMMENITIES/PASEO3346.jpg","paseo3346","Identity and usage rights require review before assignment","below_90_percent","Confirm identity, role, rights and crop before manifest assignment"
"/Users/megdude/Downloads/PERKS MEDIA/AMMENITIES/Paseo-Dog-Run-Rendering-e1767804941791.png","paseo-dog-run-rendering-e1767804941791","Identity and usage rights require review before assignment","below_90_percent","Confirm identity, role, rights and crop before manifest assignment"
"/Users/megdude/Downloads/PERKS MEDIA/AMMENITIES/Paseo-Revive-Lounge-Rendering-e1767804971820.png","paseo-revive-lounge-rendering-e1767804971820","Identity and usage rights require review before assignment","below_90_percent","Confirm identity, role, rights and crop before manifest assignment"
"/Users/megdude/Downloads/PERKS MEDIA/AMMENITIES/Paseo-staged-final-full-size-1-scaled.jpg","paseo-staged-final-full-size-1-scaled","Identity and usage rights require review before assignment","below_90_percent","Confirm identity, role, rights and crop before manifest assignment"
"/Users/megdude/Downloads/PERKS MEDIA/AMMENITIES/Rectangle-48-1.png","rectangle-48-1","Identity and usage rights require review before assignment","below_90_percent","Confirm identity, role, rights and crop before manifest assignment"
"/Users/megdude/Downloads/PERKS MEDIA/AMMENITIES/Rectangle-48-2.png","rectangle-48-2","Identity and usage rights require review before assignment","below_90_percent","Confirm identity, role, rights and crop before manifest assignment"
"/Users/megdude/Downloads/PERKS MEDIA/AMMENITIES/paseo-cielo-room-1-1024x683.jpg","paseo-cielo-room-1-1024x683","Identity and usage rights require review before assignment","below_90_percent","Confirm identity, role, rights and crop before manifest assignment"
"/Users/megdude/Downloads/PERKS MEDIA/AMMENITIES/paseo-concierge-1.jpg","paseo-concierge-1","Identity and usage rights require review before assignment","below_90_percent","Confirm identity, role, rights and crop before manifest assignment"
"/Users/megdude/Downloads/PERKS MEDIA/AMMENITIES/paseo-daydreamer-and-lobby-1024x683.jpg","paseo-daydreamer-and-lobby-1024x683","Identity and usage rights require review before assignment","below_90_percent","Confirm identity, role, rights and crop before manifest assignment"
"/Users/megdude/Downloads/PERKS MEDIA/HOSPITALITY/04.30.25_Gs_Brunch_DishCombo_10-720x560.jpg","04-30-25-gs-brunch-dishcombo-10-720x560","Identity and usage rights require review before assignment","below_90_percent","Confirm identity, role, rights and crop before manifest assignment"
"/Users/megdude/Downloads/PERKS MEDIA/HOSPITALITY/1080 (1).jpg","1080-1","Identity and usage rights require review before assignment","below_90_percent","Confirm identity, role, rights and crop before manifest assignment"
"/Users/megdude/Downloads/PERKS MEDIA/HOSPITALITY/1080.jpg","1080","Identity and usage rights require review before assignment","below_90_percent","Confirm identity, role, rights and crop before manifest assignment"
"/Users/megdude/Downloads/PERKS MEDIA/HOSPITALITY/1830403914969215083.png","1830403914969215083","Identity and usage rights require review before assignment","below_90_percent","Confirm identity, role, rights and crop before manifest assignment"
"/Users/megdude/Downloads/PERKS MEDIA/HOSPITALITY/6147591756821927289.png","6147591756821927289","Identity and usage rights require review before assignment","below_90_percent","Confirm identity, role, rights and crop before manifest assignment"
"/Users/megdude/Downloads/PERKS MEDIA/HOSPITALITY/6th-Street-432x375.webp","6th-street-432x375","Identity and usage rights require review before assignment","below_90_percent","Confirm identity, role, rights and crop before manifest assignment"
"/Users/megdude/Downloads/PERKS MEDIA/HOSPITALITY/ABGB_Courtesy_of_ABGB_Exp_June_2029_1__7473b58f-0332-4dad-9941-235579a86473.jpg","abgb-courtesy-of-abgb-exp-june-2029-1-7473b58f-0332-4dad-9941-235579a86473","Identity and usage rights require review before assignment","below_90_percent","Confirm identity, role, rights and crop before manifest assignment"
"/Users/megdude/Downloads/PERKS MEDIA/HOSPITALITY/ACL_Festival_Crowd_Credit_Ismael_Quintanilla_III_Lifetime_Usage_web_size_40d15dfe-959d-4b4d-b79d-70e14e28c2cd.avif","acl-festival-crowd-credit-ismael-quintanilla-iii-lifetime-usage-web-size-40d15dfe-959d-4b4d-b79d-70e14e28c2cd","Identity and usage rights require review before assignment","below_90_percent","Confirm identity, role, rights and crop before manifest assignment"
"/Users/megdude/Downloads/PERKS MEDIA/HOSPITALITY/AccessATXTours_CustomContent_2021_Image2_edited__e6e42078-761b-4ef8-81fd-3362bc3985b9.avif","accessatxtours-customcontent-2021-image2-edited-e6e42078-761b-4ef8-81fd-3362bc3985b9","Identity and usage rights require review before assignment","below_90_percent","Confirm identity, role, rights and crop before manifest assignment"
"/Users/megdude/Downloads/PERKS MEDIA/HOSPITALITY/Ann-W.-Richards-Congress-Avenue-Bridge-432x375.webp","ann-w-richards-congress-avenue-bridge-432x375","Identity and usage rights require review before assignment","below_90_percent","Confirm identity, role, rights and crop before manifest assignment"
"/Users/megdude/Downloads/PERKS MEDIA/HOSPITALITY/Ann-and-Roy-Butler-Hike-and-Bike-Trail-432x375.webp","ann-and-roy-butler-hike-and-bike-trail-432x375","Identity and usage rights require review before assignment","below_90_percent","Confirm identity, role, rights and crop before manifest assignment"
"/Users/megdude/Downloads/PERKS MEDIA/HOSPITALITY/Austin-Eastciders-Placeholer-432x375.webp","austin-eastciders-placeholer-432x375","Identity and usage rights require review before assignment","below_90_percent","Confirm identity, role, rights and crop before manifest assignment"
"/Users/megdude/Downloads/PERKS MEDIA/HOSPITALITY/Austin_FC_Courtesy_of_Austin_FC_Exp_June_2028_3__180d4ea1-fdeb-48ca-93bd-1b05abd84dfe.avif","austin-fc-courtesy-of-austin-fc-exp-june-2028-3-180d4ea1-fdeb-48ca-93bd-1b05abd84dfe","Identity and usage rights require review before assignment","below_90_percent","Confirm identity, role, rights and crop before manifest assignment"
"/Users/megdude/Downloads/PERKS MEDIA/HOSPITALITY/Austin_FC_at_Q2_Stadium_Courtesy_of_Austin_FC_Exp_January_2028_1__3b562873-e3e2-4a41-a0f8-022d82199c41.jpg","austin-fc-at-q2-stadium-courtesy-of-austin-fc-exp-january-2028-1-3b562873-e3e2-4a41-a0f8-022d82199c41","Identity and usage rights require review before assignment","below_90_percent","Confirm identity, role, rights and crop before manifest assignment"
"/Users/megdude/Downloads/PERKS MEDIA/HOSPITALITY/Austin_Food_Wine_Festival_2023_Credit_to_Dusana_Risovic_Exp_July_2027_15__d85035d3-e009-41da-a00f-0839ad2c4279.avif","austin-food-wine-festival-2023-credit-to-dusana-risovic-exp-july-2027-15-d85035d3-e009-41da-a00f-0839ad2c4279","Identity and usage rights require review before assignment","below_90_percent","Confirm identity, role, rights and crop before manifest assignment"
"/Users/megdude/Downloads/PERKS MEDIA/HOSPITALITY/Austin_Gamblers_Gambler_Days_Credit_to_Lexi_W_Exp_June_2029_7__6102b5e2-730f-4f95-97dd-031fd36cf137.jpg","austin-gamblers-gambler-days-credit-to-lexi-w-exp-june-2029-7-6102b5e2-730f-4f95-97dd-031fd36cf137","Identity and usage rights require review before assignment","below_90_percent","Confirm identity, role, rights and crop before manifest assignment"
"/Users/megdude/Downloads/PERKS MEDIA/HOSPITALITY/Austin_Proper_Hotel_Credit_to_Austin_Proper_Hotel_Exp_Jul_2026_4__9ab4a0b5-f8b7-4a0f-a166-1b72eadbe3d7.avif","austin-proper-hotel-credit-to-austin-proper-hotel-exp-jul-2026-4-9ab4a0b5-f8b7-4a0f-a166-1b72eadbe3d7","Identity and usage rights require review before assignment","below_90_percent","Confirm identity, role, rights and crop before manifest assignment"
"/Users/megdude/Downloads/PERKS MEDIA/HOSPITALITY/Austin_Spurs_Credit_Austin_Spurs_Exp_01_18_2026_67dca59e-4fa5-4c83-8280-09c927ba4d86.jpg","austin-spurs-credit-austin-spurs-exp-01-18-2026-67dca59e-4fa5-4c83-8280-09c927ba4d86","Identity and usage rights require review before assignment","below_90_percent","Confirm identity, role, rights and crop before manifest assignment"
"/Users/megdude/Downloads/PERKS MEDIA/HOSPITALITY/Blues_on_the_Green_Credit_Ryan_Conine_Lifetime_edited_07757e6d-d0b0-4303-85ed-de4b528f7086.avif","blues-on-the-green-credit-ryan-conine-lifetime-edited-07757e6d-d0b0-4303-85ed-de4b528f7086","Identity and usage rights require review before assignment","below_90_percent","Confirm identity, role, rights and crop before manifest assignment"
"/Users/megdude/Downloads/PERKS MEDIA/HOSPITALITY/Boardwalk_Credit_David_Aguilar_Lifetime_a83ce847-0fb7-48f5-8a11-3fd98c3104b9.avif","boardwalk-credit-david-aguilar-lifetime-a83ce847-0fb7-48f5-8a11-3fd98c3104b9","Identity and usage rights require review before assignment","below_90_percent","Confirm identity, role, rights and crop before manifest assignment"
"/Users/megdude/Downloads/PERKS MEDIA/HOSPITALITY/Calliope_Musicals_at_Empire_Credit_Renee_Dominguez_Exp_12_7_25_46e0700e-ed85-457c-bf8f-ae32c802bada.avif","calliope-musicals-at-empire-credit-renee-dominguez-exp-12-7-25-46e0700e-ed85-457c-bf8f-ae32c802bada","Identity and usage rights require review before assignment","below_90_percent","Confirm identity, role, rights and crop before manifest assignment"
"/Users/megdude/Downloads/PERKS MEDIA/HOSPITALITY/Central_Machine_Works_Courtesy_of_Central_Machine_Works_Exp_January_2029_3__4db61e95-13cf-4dfe-9fb3-9386e7b5d31d.jpg","central-machine-works-courtesy-of-central-machine-works-exp-january-2029-3-4db61e95-13cf-4dfe-9fb3-9386e7b5d31d","Identity and usage rights require review before assignment","below_90_percent","Confirm identity, role, rights and crop before manifest assignment"
"/Users/megdude/Downloads/PERKS MEDIA/HOSPITALITY/Credit_Brynn_Osborn_Wild_Child_Duo_5_27_14_2__ea413ace-58be-4a09-bec2-36f7c07bbad8.avif","credit-brynn-osborn-wild-child-duo-5-27-14-2-ea413ace-58be-4a09-bec2-36f7c07bbad8","Identity and usage rights require review before assignment","below_90_percent","Confirm identity, role, rights and crop before manifest assignment"
"/Users/megdude/Downloads/PERKS MEDIA/HOSPITALITY/DAY-1_14_03_2025_Fairmont_Austin_Garrison_875-1008x697.jpg","day-1-14-03-2025-fairmont-austin-garrison-875-1008x697","Identity and usage rights require review before assignment","below_90_percent","Confirm identity, role, rights and crop before manifest assignment"
"/Users/megdude/Downloads/PERKS MEDIA/HOSPITALITY/Fairmont-1888-1008x697.jpg","fairmont-1888-1008x697","Identity and usage rights require review before assignment","below_90_percent","Confirm identity, role, rights and crop before manifest assignment"
"/Users/megdude/Downloads/PERKS MEDIA/HOSPITALITY/Fairmont-1959-1008x697.jpg","fairmont-1959-1008x697","Identity and usage rights require review before assignment","below_90_percent","Confirm identity, role, rights and crop before manifest assignment"
"/Users/megdude/Downloads/PERKS MEDIA/HOSPITALITY/Fairmont-2811-1008x697.jpg","fairmont-2811-1008x697","Identity and usage rights require review before assignment","below_90_percent","Confirm identity, role, rights and crop before manifest assignment"
"/Users/megdude/Downloads/PERKS MEDIA/HOSPITALITY/HVZ-July-5-Pool-Party-64-1-720x560.jpg","hvz-july-5-pool-party-64-1-720x560","Identity and usage rights require review before assignment","below_90_percent","Confirm identity, role, rights and crop before manifest assignment"
"/Users/megdude/Downloads/PERKS MEDIA/HOSPITALITY/HVZ-May-2024-Film-58-1-720x560.jpg","hvz-may-2024-film-58-1-720x560","Identity and usage rights require review before assignment","below_90_percent","Confirm identity, role, rights and crop before manifest assignment"
"/Users/megdude/Downloads/PERKS MEDIA/HOSPITALITY/Hot_Luck_2023_Music_Credit_to_Chad_Wadsworth_Exp_March_2027_22__49710d39-4157-4a55-a4d6-2e77ef2c1c0e.jpg","hot-luck-2023-music-credit-to-chad-wadsworth-exp-march-2027-22-49710d39-4157-4a55-a4d6-2e77ef2c1c0e","Identity and usage rights require review before assignment","below_90_percent","Confirm identity, role, rights and crop before manifest assignment"
"/Users/megdude/Downloads/PERKS MEDIA/HOSPITALITY/IMG_0513-2-720x560-1751406989.jpeg","img-0513-2-720x560-1751406989","Identity and usage rights require review before assignment","below_90_percent","Confirm identity, role, rights and crop before manifest assignment"
"/Users/megdude/Downloads/PERKS MEDIA/HOSPITALITY/IMG_3272-768x264.jpg","img-3272-768x264","Identity and usage rights require review before assignment","below_90_percent","Confirm identity, role, rights and crop before manifest assignment"
"/Users/megdude/Downloads/PERKS MEDIA/HOSPITALITY/IMG_3348-720x560.jpg","img-3348-720x560","Identity and usage rights require review before assignment","below_90_percent","Confirm identity, role, rights and crop before manifest assignment"
"/Users/megdude/Downloads/PERKS MEDIA/HOSPITALITY/Joann_s_Fine_Foods_Credit_Inti_St_Clair_Exp_Dec_2027_3__f1447cbc-4c83-414e-8d99-02d211d26bcc.avif","joann-s-fine-foods-credit-inti-st-clair-exp-dec-2027-3-f1447cbc-4c83-414e-8d99-02d211d26bcc","Identity and usage rights require review before assignment","below_90_percent","Confirm identity, role, rights and crop before manifest assignment"
"/Users/megdude/Downloads/PERKS MEDIA/HOSPITALITY/Lady_Bird_Lake_Credit_David_Aguilar_Lifetime_141cf42b-db15-447a-87c7-31ba9ede21e4.avif","lady-bird-lake-credit-david-aguilar-lifetime-141cf42b-db15-447a-87c7-31ba9ede21e4","Identity and usage rights require review before assignment","below_90_percent","Confirm identity, role, rights and crop before manifest assignment"
"/Users/megdude/Downloads/PERKS MEDIA/HOSPITALITY/Lady_Bird_Lake_Credit_Jared_Tennant_Lifetime_3ab8ef9a-ebdb-4aea-bbd4-f46bc4f6f71f.avif","lady-bird-lake-credit-jared-tennant-lifetime-3ab8ef9a-ebdb-4aea-bbd4-f46bc4f6f71f","Identity and usage rights require review before assignment","below_90_percent","Confirm identity, role, rights and crop before manifest assignment"
"/Users/megdude/Downloads/PERKS MEDIA/HOSPITALITY/Meanwhile_Brewing_Credit_to_Ray_Palmer_Exp_January_2027_1__f695329c-1016-4c34-a999-bbb0f1c2a2b5.avif","meanwhile-brewing-credit-to-ray-palmer-exp-january-2027-1-f695329c-1016-4c34-a999-bbb0f1c2a2b5","Identity and usage rights require review before assignment","below_90_percent","Confirm identity, role, rights and crop before manifest assignment"
"/Users/megdude/Downloads/PERKS MEDIA/HOSPITALITY/Miracle_2019_Downstairs_Bar_1_e5865bee-f7b2-4a8e-a54f-7fe90fd9113c.avif","miracle-2019-downstairs-bar-1-e5865bee-f7b2-4a8e-a54f-7fe90fd9113c","Identity and usage rights require review before assignment","below_90_percent","Confirm identity, role, rights and crop before manifest assignment"
"/Users/megdude/Downloads/PERKS MEDIA/HOSPITALITY/Mohawk-Placeholder-432x375.webp","mohawk-placeholder-432x375","Identity and usage rights require review before assignment","below_90_percent","Confirm identity, role, rights and crop before manifest assignment"
"/Users/megdude/Downloads/PERKS MEDIA/HOSPITALITY/MotoGP_Chad_Wadsworth_Exp_AUG_28_2027_1__6a10c1b2-35cc-4d95-985a-88d3ea592e57.avif","motogp-chad-wadsworth-exp-aug-28-2027-1-6a10c1b2-35cc-4d95-985a-88d3ea592e57","Identity and usage rights require review before assignment","below_90_percent","Confirm identity, role, rights and crop before manifest assignment"
"/Users/megdude/Downloads/PERKS MEDIA/HOSPITALITY/Nixta_Taqueria_Credit_Arts_Labor_Lifetime_usage_1__db546220-2837-46b8-b14e-e33621fe7543.avif","nixta-taqueria-credit-arts-labor-lifetime-usage-1-db546220-2837-46b8-b14e-e33621fe7543","Identity and usage rights require review before assignment","below_90_percent","Confirm identity, role, rights and crop before manifest assignment"
"/Users/megdude/Downloads/PERKS MEDIA/HOSPITALITY/P1001364_lab-720x560.jpeg","p1001364-lab-720x560","Identity and usage rights require review before assignment","below_90_percent","Confirm identity, role, rights and crop before manifest assignment"
"/Users/megdude/Downloads/PERKS MEDIA/HOSPITALITY/Paramount_Films_Marquee_187e0990-8982-4e40-b8d8-c77584af6730.avif","paramount-films-marquee-187e0990-8982-4e40-b8d8-c77584af6730","Identity and usage rights require review before assignment","below_90_percent","Confirm identity, role, rights and crop before manifest assignment"
"/Users/megdude/Downloads/PERKS MEDIA/HOSPITALITY/Rainey-Street-placeholder-432x375.webp","rainey-street-placeholder-432x375","Identity and usage rights require review before assignment","below_90_percent","Confirm identity, role, rights and crop before manifest assignment"
"/Users/megdude/Downloads/PERKS MEDIA/HOSPITALITY/Ray_Prim_at_Stubb_s_Credit_Ismael_Quintanilla_III_Lifetime_confirm_usage_with_artist_7_2023__a3781a37-753d-4f65-b77f-c1ea0444e935.avif","ray-prim-at-stubb-s-credit-ismael-quintanilla-iii-lifetime-confirm-usage-with-artist-7-2023-a3781a37-753d-4f65-b77f-c1ea0444e935","Identity and usage rights require review before assignment","below_90_percent","Confirm identity, role, rights and crop before manifest assignment"
"/Users/megdude/Downloads/PERKS MEDIA/HOSPITALITY/Ray_Prim_at_Stubb_s_Credit_Ismael_Quintanilla_III_Lifetime_confirm_usage_with_artist_7_2023__a3781a37-753d-4f65-b77f-c1ea0444e935.jpg","ray-prim-at-stubb-s-credit-ismael-quintanilla-iii-lifetime-confirm-usage-with-artist-7-2023-a3781a37-753d-4f65-b77f-c1ea0444e935","Identity and usage rights require review before assignment","below_90_percent","Confirm identity, role, rights and crop before manifest assignment"
"/Users/megdude/Downloads/PERKS MEDIA/HOSPITALITY/Round_Rock_Express_Credit_to_Lauren_Maria_Photography_Exp_June_2028_82738886-1240-455a-acc3-18cc09de0c57.jpg","round-rock-express-credit-to-lauren-maria-photography-exp-june-2028-82738886-1240-455a-acc3-18cc09de0c57","Identity and usage rights require review before assignment","below_90_percent","Confirm identity, role, rights and crop before manifest assignment"
"/Users/megdude/Downloads/PERKS MEDIA/HOSPITALITY/Stay-in-the-Groove-720x560.webp","stay-in-the-groove-720x560","Identity and usage rights require review before assignment","below_90_percent","Confirm identity, role, rights and crop before manifest assignment"
"/Users/megdude/Downloads/PERKS MEDIA/HOSPITALITY/Stubbs-Placeholder-432x375.webp","stubbs-placeholder-432x375","Identity and usage rights require review before assignment","below_90_percent","Confirm identity, role, rights and crop before manifest assignment"
"/Users/megdude/Downloads/PERKS MEDIA/HOSPITALITY/The_White_Horse_Credit_Arts_Labor_Lifetime_usage_3__04bc115e-0072-449a-8076-00e6e3992cea.jpg","the-white-horse-credit-arts-labor-lifetime-usage-3-04bc115e-0072-449a-8076-00e6e3992cea","Identity and usage rights require review before assignment","below_90_percent","Confirm identity, role, rights and crop before manifest assignment"
"/Users/megdude/Downloads/PERKS MEDIA/HOSPITALITY/Vision-Arcade-at-Empire.-Credit-to-RRCD-levijpg.-Exp-July-2027_CBFA4432-F363-F934-B8C95279FE50EC31_cbfac253-b897-9a25-5f537da8e06fd6c7.avif","vision-arcade-at-empire-credit-to-rrcd-levijpg-exp-july-2027-cbfa4432-f363-f934-b8c95279fe50ec31-cbfac253-b897-9a25-5f537da8e06fd6c7","Identity and usage rights require review before assignment","below_90_percent","Confirm identity, role, rights and crop before manifest assignment"
"/Users/megdude/Downloads/PERKS MEDIA/HOSPITALITY/Widget_Arts_2__b56a4200-359e-44ca-b41f-c48689ace7e1.avif","widget-arts-2-b56a4200-359e-44ca-b41f-c48689ace7e1","Identity and usage rights require review before assignment","below_90_percent","Confirm identity, role, rights and crop before manifest assignment"
"/Users/megdude/Downloads/PERKS MEDIA/HOSPITALITY/Widget_Shopping_2900b90c-a4ec-4972-8d1e-a1bc4805160f.avif","widget-shopping-2900b90c-a4ec-4972-8d1e-a1bc4805160f","Identity and usage rights require review before assignment","below_90_percent","Confirm identity, role, rights and crop before manifest assignment"
"/Users/megdude/Downloads/PERKS MEDIA/HOSPITALITY/Zilker_Brewing_Courtesy_of_Zilker_Brewing_Exp_June_2028_c01b0beb-090d-4424-90b3-5ccb091aeeb2.jpg","zilker-brewing-courtesy-of-zilker-brewing-exp-june-2028-c01b0beb-090d-4424-90b3-5ccb091aeeb2","Identity and usage rights require review before assignment","below_90_percent","Confirm identity, role, rights and crop before manifest assignment"
"/Users/megdude/Downloads/PERKS MEDIA/HOSPITALITY/fairmont-spa-austin-1008x697.jpg","fairmont-spa-austin-1008x697","Identity and usage rights require review before assignment","below_90_percent","Confirm identity, role, rights and crop before manifest assignment"
"/Users/megdude/Downloads/PERKS MEDIA/HOSPITALITY/ger_br_019-768x264.jpeg","ger-br-019-768x264","Identity and usage rights require review before assignment","below_90_percent","Confirm identity, role, rights and crop before manifest assignment"
"/Users/megdude/Downloads/PERKS MEDIA/HOSPITALITY/good-things-crossiant-1008x697.jpg","good-things-crossiant-1008x697","Identity and usage rights require review before assignment","below_90_percent","Confirm identity, role, rights and crop before manifest assignment"
"/Users/megdude/Downloads/PERKS MEDIA/HOSPITALITY/homepage-video-fallback-720x560.jpg","homepage-video-fallback-720x560","Identity and usage rights require review before assignment","below_90_percent","Confirm identity, role, rights and crop before manifest assignment"
"/Users/megdude/Downloads/PERKS MEDIA/HOSPITALITY/manchester-ballroom-3-1008x697.jpeg","manchester-ballroom-3-1008x697","Identity and usage rights require review before assignment","below_90_percent","Confirm identity, role, rights and crop before manifest assignment"
"/Users/megdude/Downloads/PERKS MEDIA/HOSPITALITY/pool-cabanas-2-1008x697.jpg","pool-cabanas-2-1008x697","Identity and usage rights require review before assignment","below_90_percent","Confirm identity, role, rights and crop before manifest assignment"
"/Users/megdude/Downloads/PERKS MEDIA/HOSPITALITY/room-725-6-1008x697.jpg","room-725-6-1008x697","Identity and usage rights require review before assignment","below_90_percent","Confirm identity, role, rights and crop before manifest assignment"
"/Users/megdude/Downloads/PERKS MEDIA/HOSPITALITY/temp_00b6c948-94d4-4c05-b131-b49b6549ce56.avif","temp-00b6c948-94d4-4c05-b131-b49b6549ce56","Identity and usage rights require review before assignment","below_90_percent","Confirm identity, role, rights and crop before manifest assignment"
"/Users/megdude/Downloads/PERKS MEDIA/HOSPITALITY/temp_5157b09d-7d40-4c03-9126-8891f48bb54b (1).avif","temp-5157b09d-7d40-4c03-9126-8891f48bb54b-1","Identity and usage rights require review before assignment","below_90_percent","Confirm identity, role, rights and crop before manifest assignment"
"/Users/megdude/Downloads/PERKS MEDIA/HOSPITALITY/temp_5157b09d-7d40-4c03-9126-8891f48bb54b.avif","temp-5157b09d-7d40-4c03-9126-8891f48bb54b","Identity and usage rights require review before assignment","below_90_percent","Confirm identity, role, rights and crop before manifest assignment"
"/Users/megdude/Downloads/PERKS MEDIA/HOSPITALITY/temp_a9760df4-5657-4134-a5c2-e583ee2f42e0.avif","temp-a9760df4-5657-4134-a5c2-e583ee2f42e0","Identity and usage rights require review before assignment","below_90_percent","Confirm identity, role, rights and crop before manifest assignment"
"/Users/megdude/Downloads/PERKS MEDIA/HOSPITALITY/temp_dfaa2a1e-8039-40db-84ce-051e7532dd4a.avif","temp-dfaa2a1e-8039-40db-84ce-051e7532dd4a","Identity and usage rights require review before assignment","below_90_percent","Confirm identity, role, rights and crop before manifest assignment"
"/Users/megdude/Downloads/PERKS MEDIA/HOSPITALITY/van-zandt-jd-swiger66143-copy-2-903x535.webp","van-zandt-jd-swiger66143-copy-2-903x535","Identity and usage rights require review before assignment","below_90_percent","Confirm identity, role, rights and crop before manifest assignment"
"/Users/megdude/Downloads/PERKS MEDIA/IMAGES NEW /1 Feature Pricing (Mobile Video)/100.mp4","100","Identity and usage rights require review before assignment","below_90_percent","Confirm identity, role, rights and crop before manifest assignment"
"/Users/megdude/Downloads/PERKS MEDIA/IMAGES NEW /1 Feature Pricing (Mobile Video)/101.mp4","101","Identity and usage rights require review before assignment","below_90_percent","Confirm identity, role, rights and crop before manifest assignment"
"/Users/megdude/Downloads/PERKS MEDIA/IMAGES NEW /1 Feature Pricing (Mobile Video)/102.mp4","102","Identity and usage rights require review before assignment","below_90_percent","Confirm identity, role, rights and crop before manifest assignment"
"/Users/megdude/Downloads/PERKS MEDIA/IMAGES NEW /1 Feature Pricing (Mobile Video)/45.mp4","45","Identity and usage rights require review before assignment","below_90_percent","Confirm identity, role, rights and crop before manifest assignment"
"/Users/megdude/Downloads/PERKS MEDIA/IMAGES NEW /1 Feature Pricing (Mobile Video)/46.mp4","46","Identity and usage rights require review before assignment","below_90_percent","Confirm identity, role, rights and crop before manifest assignment"
"/Users/megdude/Downloads/PERKS MEDIA/IMAGES NEW /1 Feature Pricing (Mobile Video)/47.mp4","47","Identity and usage rights require review before assignment","below_90_percent","Confirm identity, role, rights and crop before manifest assignment"
"/Users/megdude/Downloads/PERKS MEDIA/IMAGES NEW /1 Feature Pricing (Mobile Video)/48.mp4","48","Identity and usage rights require review before assignment","below_90_percent","Confirm identity, role, rights and crop before manifest assignment"
"/Users/megdude/Downloads/PERKS MEDIA/IMAGES NEW /1 Feature Pricing (Mobile Video)/49.mp4","49","Identity and usage rights require review before assignment","below_90_percent","Confirm identity, role, rights and crop before manifest assignment"
"/Users/megdude/Downloads/PERKS MEDIA/IMAGES NEW /1 Feature Pricing (Mobile Video)/50.mp4","50","Identity and usage rights require review before assignment","below_90_percent","Confirm identity, role, rights and crop before manifest assignment"
"/Users/megdude/Downloads/PERKS MEDIA/IMAGES NEW /1 Feature Pricing (Mobile Video)/51.mp4","51","Identity and usage rights require review before assignment","below_90_percent","Confirm identity, role, rights and crop before manifest assignment"
"/Users/megdude/Downloads/PERKS MEDIA/IMAGES NEW /1 Feature Pricing (Mobile Video)/52.mp4","52","Identity and usage rights require review before assignment","below_90_percent","Confirm identity, role, rights and crop before manifest assignment"
"/Users/megdude/Downloads/PERKS MEDIA/IMAGES NEW /1 Feature Pricing (Mobile Video)/53.mp4","53","Identity and usage rights require review before assignment","below_90_percent","Confirm identity, role, rights and crop before manifest assignment"
"/Users/megdude/Downloads/PERKS MEDIA/IMAGES NEW /1 Feature Pricing (Mobile Video)/55.mp4","55","Identity and usage rights require review before assignment","below_90_percent","Confirm identity, role, rights and crop before manifest assignment"
"/Users/megdude/Downloads/PERKS MEDIA/IMAGES NEW /1 Feature Pricing (Mobile Video)/56.mp4","56","Identity and usage rights require review before assignment","below_90_percent","Confirm identity, role, rights and crop before manifest assignment"
"/Users/megdude/Downloads/PERKS MEDIA/IMAGES NEW /1 Feature Pricing (Mobile Video)/57.mp4","57","Identity and usage rights require review before assignment","below_90_percent","Confirm identity, role, rights and crop before manifest assignment"
"/Users/megdude/Downloads/PERKS MEDIA/IMAGES NEW /1 Feature Pricing (Mobile Video)/60.mp4","60","Identity and usage rights require review before assignment","below_90_percent","Confirm identity, role, rights and crop before manifest assignment"
"/Users/megdude/Downloads/PERKS MEDIA/IMAGES NEW /1 Feature Pricing (Mobile Video)/61.mp4","61","Identity and usage rights require review before assignment","below_90_percent","Confirm identity, role, rights and crop before manifest assignment"
"/Users/megdude/Downloads/PERKS MEDIA/IMAGES NEW /1 Feature Pricing (Mobile Video)/62.mp4","62","Identity and usage rights require review before assignment","below_90_percent","Confirm identity, role, rights and crop before manifest assignment"
"/Users/megdude/Downloads/PERKS MEDIA/IMAGES NEW /1 Feature Pricing (Mobile Video)/63.mp4","63","Identity and usage rights require review before assignment","below_90_percent","Confirm identity, role, rights and crop before manifest assignment"
"/Users/megdude/Downloads/PERKS MEDIA/IMAGES NEW /1 Feature Pricing (Mobile Video)/64.mp4","64","Identity and usage rights require review before assignment","below_90_percent","Confirm identity, role, rights and crop before manifest assignment"
"/Users/megdude/Downloads/PERKS MEDIA/IMAGES NEW /1 Feature Pricing (Mobile Video)/65.mp4","65","Identity and usage rights require review before assignment","below_90_percent","Confirm identity, role, rights and crop before manifest assignment"
"/Users/megdude/Downloads/PERKS MEDIA/IMAGES NEW /1 Feature Pricing (Mobile Video)/66.mp4","66","Identity and usage rights require review before assignment","below_90_percent","Confirm identity, role, rights and crop before manifest assignment"
"/Users/megdude/Downloads/PERKS MEDIA/IMAGES NEW /1 Feature Pricing (Mobile Video)/67.mp4","67","Identity and usage rights require review before assignment","below_90_percent","Confirm identity, role, rights and crop before manifest assignment"
"/Users/megdude/Downloads/PERKS MEDIA/IMAGES NEW /1 Feature Pricing (Mobile Video)/68.mp4","68","Identity and usage rights require review before assignment","below_90_percent","Confirm identity, role, rights and crop before manifest assignment"
"/Users/megdude/Downloads/PERKS MEDIA/IMAGES NEW /1 Feature Pricing (Mobile Video)/69.mp4","69","Identity and usage rights require review before assignment","below_90_percent","Confirm identity, role, rights and crop before manifest assignment"
"/Users/megdude/Downloads/PERKS MEDIA/IMAGES NEW /1 Feature Pricing (Mobile Video)/70.mp4","70","Identity and usage rights require review before assignment","below_90_percent","Confirm identity, role, rights and crop before manifest assignment"
"/Users/megdude/Downloads/PERKS MEDIA/IMAGES NEW /1 Feature Pricing (Mobile Video)/71.mp4","71","Identity and usage rights require review before assignment","below_90_percent","Confirm identity, role, rights and crop before manifest assignment"
"/Users/megdude/Downloads/PERKS MEDIA/IMAGES NEW /1 Feature Pricing (Mobile Video)/72.mp4","72","Identity and usage rights require review before assignment","below_90_percent","Confirm identity, role, rights and crop before manifest assignment"
"/Users/megdude/Downloads/PERKS MEDIA/IMAGES NEW /1 Feature Pricing (Mobile Video)/73.mp4","73","Identity and usage rights require review before assignment","below_90_percent","Confirm identity, role, rights and crop before manifest assignment"
"/Users/megdude/Downloads/PERKS MEDIA/IMAGES NEW /1 Feature Pricing (Mobile Video)/74.mp4","74","Identity and usage rights require review before assignment","below_90_percent","Confirm identity, role, rights and crop before manifest assignment"
"/Users/megdude/Downloads/PERKS MEDIA/IMAGES NEW /1 Feature Pricing (Mobile Video)/75.mp4","75","Identity and usage rights require review before assignment","below_90_percent","Confirm identity, role, rights and crop before manifest assignment"
"/Users/megdude/Downloads/PERKS MEDIA/IMAGES NEW /1 Feature Pricing (Mobile Video)/76.mp4","76","Identity and usage rights require review before assignment","below_90_percent","Confirm identity, role, rights and crop before manifest assignment"
"/Users/megdude/Downloads/PERKS MEDIA/IMAGES NEW /1 Feature Pricing (Mobile Video)/77.mp4","77","Identity and usage rights require review before assignment","below_90_percent","Confirm identity, role, rights and crop before manifest assignment"
"/Users/megdude/Downloads/PERKS MEDIA/IMAGES NEW /1 Feature Pricing (Mobile Video)/78.mp4","78","Identity and usage rights require review before assignment","below_90_percent","Confirm identity, role, rights and crop before manifest assignment"
"/Users/megdude/Downloads/PERKS MEDIA/IMAGES NEW /1 Feature Pricing (Mobile Video)/79.mp4","79","Identity and usage rights require review before assignment","below_90_percent","Confirm identity, role, rights and crop before manifest assignment"
"/Users/megdude/Downloads/PERKS MEDIA/IMAGES NEW /1 Feature Pricing (Mobile Video)/80.mp4","80","Identity and usage rights require review before assignment","below_90_percent","Confirm identity, role, rights and crop before manifest assignment"
"/Users/megdude/Downloads/PERKS MEDIA/IMAGES NEW /1 Feature Pricing (Mobile Video)/81.mp4","81","Identity and usage rights require review before assignment","below_90_percent","Confirm identity, role, rights and crop before manifest assignment"
"/Users/megdude/Downloads/PERKS MEDIA/IMAGES NEW /1 Feature Pricing (Mobile Video)/82.mp4","82","Identity and usage rights require review before assignment","below_90_percent","Confirm identity, role, rights and crop before manifest assignment"
"/Users/megdude/Downloads/PERKS MEDIA/IMAGES NEW /1 Feature Pricing (Mobile Video)/83.mp4","83","Identity and usage rights require review before assignment","below_90_percent","Confirm identity, role, rights and crop before manifest assignment"
"/Users/megdude/Downloads/PERKS MEDIA/IMAGES NEW /1 Feature Pricing (Mobile Video)/84.mp4","84","Identity and usage rights require review before assignment","below_90_percent","Confirm identity, role, rights and crop before manifest assignment"
"/Users/megdude/Downloads/PERKS MEDIA/IMAGES NEW /1 Feature Pricing (Mobile Video)/85.mp4","85","Identity and usage rights require review before assignment","below_90_percent","Confirm identity, role, rights and crop before manifest assignment"
"/Users/megdude/Downloads/PERKS MEDIA/IMAGES NEW /1 Feature Pricing (Mobile Video)/86.mp4","86","Identity and usage rights require review before assignment","below_90_percent","Confirm identity, role, rights and crop before manifest assignment"
"/Users/megdude/Downloads/PERKS MEDIA/IMAGES NEW /1 Feature Pricing (Mobile Video)/87.mp4","87","Identity and usage rights require review before assignment","below_90_percent","Confirm identity, role, rights and crop before manifest assignment"
"/Users/megdude/Downloads/PERKS MEDIA/IMAGES NEW /1 Feature Pricing (Mobile Video)/88.mp4","88","Identity and usage rights require review before assignment","below_90_percent","Confirm identity, role, rights and crop before manifest assignment"
"/Users/megdude/Downloads/PERKS MEDIA/IMAGES NEW /1 Feature Pricing (Mobile Video)/89.mp4","89","Identity and usage rights require review before assignment","below_90_percent","Confirm identity, role, rights and crop before manifest assignment"
"/Users/megdude/Downloads/PERKS MEDIA/IMAGES NEW /1 Feature Pricing (Mobile Video)/90.mp4","90","Identity and usage rights require review before assignment","below_90_percent","Confirm identity, role, rights and crop before manifest assignment"
"/Users/megdude/Downloads/PERKS MEDIA/IMAGES NEW /1 Feature Pricing (Mobile Video)/91.mp4","91","Identity and usage rights require review before assignment","below_90_percent","Confirm identity, role, rights and crop before manifest assignment"
"/Users/megdude/Downloads/PERKS MEDIA/IMAGES NEW /1 Feature Pricing (Mobile Video)/92.mp4","92","Identity and usage rights require review before assignment","below_90_percent","Confirm identity, role, rights and crop before manifest assignment"
"/Users/megdude/Downloads/PERKS MEDIA/IMAGES NEW /1 Feature Pricing (Mobile Video)/93.mp4","93","Identity and usage rights require review before assignment","below_90_percent","Confirm identity, role, rights and crop before manifest assignment"
"/Users/megdude/Downloads/PERKS MEDIA/IMAGES NEW /1 Feature Pricing (Mobile Video)/94.mp4","94","Identity and usage rights require review before assignment","below_90_percent","Confirm identity, role, rights and crop before manifest assignment"
"/Users/megdude/Downloads/PERKS MEDIA/IMAGES NEW /1 Feature Pricing (Mobile Video)/95.mp4","95","Identity and usage rights require review before assignment","below_90_percent","Confirm identity, role, rights and crop before manifest assignment"
"/Users/megdude/Downloads/PERKS MEDIA/IMAGES NEW /1 Feature Pricing (Mobile Video)/96.mp4","96","Identity and usage rights require review before assignment","below_90_percent","Confirm identity, role, rights and crop before manifest assignment"
"/Users/megdude/Downloads/PERKS MEDIA/IMAGES NEW /1 Feature Pricing (Mobile Video)/97.mp4","97","Identity and usage rights require review before assignment","below_90_percent","Confirm identity, role, rights and crop before manifest assignment"
"/Users/megdude/Downloads/PERKS MEDIA/IMAGES NEW /1 Feature Pricing (Mobile Video)/98.mp4","98","Identity and usage rights require review before assignment","below_90_percent","Confirm identity, role, rights and crop before manifest assignment"
"/Users/megdude/Downloads/PERKS MEDIA/IMAGES NEW /1 Feature Pricing (Mobile Video)/99.mp4","99","Identity and usage rights require review before assignment","below_90_percent","Confirm identity, role, rights and crop before manifest assignment"
"/Users/megdude/Downloads/PERKS MEDIA/IMAGES NEW /1. ANIMATION/opening animation.mp4","opening-animation","Identity and usage rights require review before assignment","below_90_percent","Confirm identity, role, rights and crop before manifest assignment"
"/Users/megdude/Downloads/PERKS MEDIA/IMAGES NEW /1. HOTEL VAN ZANDT/6a184d3fa8c68069b750167e.avif","6a184d3fa8c68069b750167e","Identity and usage rights require review before assignment","below_90_percent","Confirm identity, role, rights and crop before manifest assignment"
"/Users/megdude/Downloads/PERKS MEDIA/IMAGES NEW /1. HOTEL VAN ZANDT/6a1c923acff1fc431d1ab095.avif","6a1c923acff1fc431d1ab095","Identity and usage rights require review before assignment","below_90_percent","Confirm identity, role, rights and crop before manifest assignment"
"/Users/megdude/Downloads/PERKS MEDIA/IMAGES NEW /1. HOTEL VAN ZANDT/KGSR-Pool-Parties_2025-1080-x-1350-px-Real-Estate-Flyer-528x560.webp","kgsr-pool-parties-2025-1080-x-1350-px-real-estate-flyer-528x560","Identity and usage rights require review before assignment","below_90_percent","Confirm identity, role, rights and crop before manifest assignment"
"/Users/megdude/Downloads/PERKS MEDIA/IMAGES NEW /1. HOTEL VAN ZANDT/Screenshot-2025-08-11-at-3.17.11 PM-528x560.webp","screenshot-2025-08-11-at-3-17-11-pm-528x560","Identity and usage rights require review before assignment","below_90_percent","Confirm identity, role, rights and crop before manifest assignment"
"/Users/megdude/Downloads/PERKS MEDIA/IMAGES NEW /1. HOTEL VAN ZANDT/images (1).jpeg","images-1","Identity and usage rights require review before assignment","below_90_percent","Confirm identity, role, rights and crop before manifest assignment"
"/Users/megdude/Downloads/PERKS MEDIA/IMAGES NEW /1. HOTEL VAN ZANDT/images (10).jpeg","images-10","Identity and usage rights require review before assignment","below_90_percent","Confirm identity, role, rights and crop before manifest assignment"
"/Users/megdude/Downloads/PERKS MEDIA/IMAGES NEW /1. HOTEL VAN ZANDT/images (11).jpeg","images-11","Identity and usage rights require review before assignment","below_90_percent","Confirm identity, role, rights and crop before manifest assignment"
"/Users/megdude/Downloads/PERKS MEDIA/IMAGES NEW /1. HOTEL VAN ZANDT/images (12).jpeg","images-12","Identity and usage rights require review before assignment","below_90_percent","Confirm identity, role, rights and crop before manifest assignment"
"/Users/megdude/Downloads/PERKS MEDIA/IMAGES NEW /1. HOTEL VAN ZANDT/images (13).jpeg","images-13","Identity and usage rights require review before assignment","below_90_percent","Confirm identity, role, rights and crop before manifest assignment"
"/Users/megdude/Downloads/PERKS MEDIA/IMAGES NEW /1. HOTEL VAN ZANDT/images (14).jpeg","images-14","Identity and usage rights require review before assignment","below_90_percent","Confirm identity, role, rights and crop before manifest assignment"
"/Users/megdude/Downloads/PERKS MEDIA/IMAGES NEW /1. HOTEL VAN ZANDT/images (15).jpeg","images-15","Identity and usage rights require review before assignment","below_90_percent","Confirm identity, role, rights and crop before manifest assignment"
"/Users/megdude/Downloads/PERKS MEDIA/IMAGES NEW /1. HOTEL VAN ZANDT/images (3).jpeg","images-3","Identity and usage rights require review before assignment","below_90_percent","Confirm identity, role, rights and crop before manifest assignment"
"/Users/megdude/Downloads/PERKS MEDIA/IMAGES NEW /1. HOTEL VAN ZANDT/images (5).jpeg","images-5","Identity and usage rights require review before assignment","below_90_percent","Confirm identity, role, rights and crop before manifest assignment"
"/Users/megdude/Downloads/PERKS MEDIA/IMAGES NEW /1. HOTEL VAN ZANDT/images (6).jpeg","images-6","Identity and usage rights require review before assignment","below_90_percent","Confirm identity, role, rights and crop before manifest assignment"
"/Users/megdude/Downloads/PERKS MEDIA/IMAGES NEW /1. HOTEL VAN ZANDT/images (7).jpeg","images-7","Identity and usage rights require review before assignment","below_90_percent","Confirm identity, role, rights and crop before manifest assignment"
"/Users/megdude/Downloads/PERKS MEDIA/IMAGES NEW /1. HOTEL VAN ZANDT/images (8).jpeg","images-8","Identity and usage rights require review before assignment","below_90_percent","Confirm identity, role, rights and crop before manifest assignment"
"/Users/megdude/Downloads/PERKS MEDIA/IMAGES NEW /1. HOTEL VAN ZANDT/images (9).jpeg","images-9","Identity and usage rights require review before assignment","below_90_percent","Confirm identity, role, rights and crop before manifest assignment"
"/Users/megdude/Downloads/PERKS MEDIA/IMAGES NEW /1. HOTEL VAN ZANDT/rawImage.jpg","rawimage","Identity and usage rights require review before assignment","below_90_percent","Confirm identity, role, rights and crop before manifest assignment"
"/Users/megdude/Downloads/PERKS MEDIA/IMAGES NEW /1. NEW VID/32.mp4","32","Identity and usage rights require review before assignment","below_90_percent","Confirm identity, role, rights and crop before manifest assignment"
"/Users/megdude/Downloads/PERKS MEDIA/IMAGES NEW /1. NEW VID/68.mp4","68","Identity and usage rights require review before assignment","below_90_percent","Confirm identity, role, rights and crop before manifest assignment"
"/Users/megdude/Downloads/PERKS MEDIA/IMAGES NEW /1. NEW VID/69.mp4","69","Identity and usage rights require review before assignment","below_90_percent","Confirm identity, role, rights and crop before manifest assignment"
"/Users/megdude/Downloads/PERKS MEDIA/IMAGES NEW /1. NEW VID/70.mp4","70","Identity and usage rights require review before assignment","below_90_percent","Confirm identity, role, rights and crop before manifest assignment"
"/Users/megdude/Downloads/PERKS MEDIA/IMAGES NEW /1. NEW VID/71.mp4","71","Identity and usage rights require review before assignment","below_90_percent","Confirm identity, role, rights and crop before manifest assignment"
"/Users/megdude/Downloads/PERKS MEDIA/IMAGES NEW /1. NEW VID/72.2.mp4","72-2","Identity and usage rights require review before assignment","below_90_percent","Confirm identity, role, rights and crop before manifest assignment"
"/Users/megdude/Downloads/PERKS MEDIA/IMAGES NEW /1. NEW VID/72.mp4","72","Identity and usage rights require review before assignment","below_90_percent","Confirm identity, role, rights and crop before manifest assignment"
"/Users/megdude/Downloads/PERKS MEDIA/IMAGES NEW /1. NEW VID/73.mp4","73","Identity and usage rights require review before assignment","below_90_percent","Confirm identity, role, rights and crop before manifest assignment"
"/Users/megdude/Downloads/PERKS MEDIA/IMAGES NEW /1. NEW VID/74.mp4","74","Identity and usage rights require review before assignment","below_90_percent","Confirm identity, role, rights and crop before manifest assignment"
"/Users/megdude/Downloads/PERKS MEDIA/IMAGES NEW /1. NEW VID/75.mp4","75","Identity and usage rights require review before assignment","below_90_percent","Confirm identity, role, rights and crop before manifest assignment"
"/Users/megdude/Downloads/PERKS MEDIA/IMAGES NEW /1. NEW VID/76.mp4","76","Identity and usage rights require review before assignment","below_90_percent","Confirm identity, role, rights and crop before manifest assignment"
"/Users/megdude/Downloads/PERKS MEDIA/IMAGES NEW /1. NEW VID/77.mp4","77","Identity and usage rights require review before assignment","below_90_percent","Confirm identity, role, rights and crop before manifest assignment"
"/Users/megdude/Downloads/PERKS MEDIA/IMAGES NEW /1. NEW VID/78.mp4","78","Identity and usage rights require review before assignment","below_90_percent","Confirm identity, role, rights and crop before manifest assignment"
"/Users/megdude/Downloads/PERKS MEDIA/IMAGES NEW /1. NEW VID/79.mp4","79","Identity and usage rights require review before assignment","below_90_percent","Confirm identity, role, rights and crop before manifest assignment"
"/Users/megdude/Downloads/PERKS MEDIA/IMAGES NEW /1. NEW VID/80.mp4","80","Identity and usage rights require review before assignment","below_90_percent","Confirm identity, role, rights and crop before manifest assignment"
"/Users/megdude/Downloads/PERKS MEDIA/IMAGES NEW /1. NEW VID/81.mp4","81","Identity and usage rights require review before assignment","below_90_percent","Confirm identity, role, rights and crop before manifest assignment"
"/Users/megdude/Downloads/PERKS MEDIA/IMAGES NEW /1. NEW VID/82.mp4","82","Identity and usage rights require review before assignment","below_90_percent","Confirm identity, role, rights and crop before manifest assignment"
"/Users/megdude/Downloads/PERKS MEDIA/IMAGES NEW /1. NEW VID/83.mp4","83","Identity and usage rights require review before assignment","below_90_percent","Confirm identity, role, rights and crop before manifest assignment"
"/Users/megdude/Downloads/PERKS MEDIA/IMAGES NEW /1. NEW VID/digitl card.mp4","digitl-card","Identity and usage rights require review before assignment","below_90_percent","Confirm identity, role, rights and crop before manifest assignment"
"/Users/megdude/Downloads/PERKS MEDIA/IMAGES NEW /1. NEW VID/flowers four seasons.mp4","flowers-four-seasons","Identity and usage rights require review before assignment","below_90_percent","Confirm identity, role, rights and crop before manifest assignment"
"/Users/megdude/Downloads/PERKS MEDIA/IMAGES NEW /1. NEW VID/meet closeby.mp4","meet-closeby","Identity and usage rights require review before assignment","below_90_percent","Confirm identity, role, rights and crop before manifest assignment"
"/Users/megdude/Downloads/PERKS MEDIA/IMAGES NEW /1. NEW VID/meet closeby1.mp4","meet-closeby1","Identity and usage rights require review before assignment","below_90_percent","Confirm identity, role, rights and crop before manifest assignment"
"/Users/megdude/Downloads/PERKS MEDIA/IMAGES NEW /1. NEW VID/welcoem host.mp4","welcoem-host","Identity and usage rights require review before assignment","below_90_percent","Confirm identity, role, rights and crop before manifest assignment"
"/Users/megdude/Downloads/PERKS MEDIA/IMAGES NEW /2. STYLED VIDEO/1.mp4","1","Identity and usage rights require review before assignment","below_90_percent","Confirm identity, role, rights and crop before manifest assignment"
"/Users/megdude/Downloads/PERKS MEDIA/IMAGES NEW /2. STYLED VIDEO/10.mp4","10","Identity and usage rights require review before assignment","below_90_percent","Confirm identity, role, rights and crop before manifest assignment"
"/Users/megdude/Downloads/PERKS MEDIA/IMAGES NEW /2. STYLED VIDEO/11.mp4","11","Identity and usage rights require review before assignment","below_90_percent","Confirm identity, role, rights and crop before manifest assignment"
"/Users/megdude/Downloads/PERKS MEDIA/IMAGES NEW /2. STYLED VIDEO/12.mp4","12","Identity and usage rights require review before assignment","below_90_percent","Confirm identity, role, rights and crop before manifest assignment"
"/Users/megdude/Downloads/PERKS MEDIA/IMAGES NEW /2. STYLED VIDEO/13.mp4","13","Identity and usage rights require review before assignment","below_90_percent","Confirm identity, role, rights and crop before manifest assignment"
"/Users/megdude/Downloads/PERKS MEDIA/IMAGES NEW /2. STYLED VIDEO/14.mp4","14","Identity and usage rights require review before assignment","below_90_percent","Confirm identity, role, rights and crop before manifest assignment"
"/Users/megdude/Downloads/PERKS MEDIA/IMAGES NEW /2. STYLED VIDEO/15.mp4","15","Identity and usage rights require review before assignment","below_90_percent","Confirm identity, role, rights and crop before manifest assignment"
"/Users/megdude/Downloads/PERKS MEDIA/IMAGES NEW /2. STYLED VIDEO/16.mp4","16","Identity and usage rights require review before assignment","below_90_percent","Confirm identity, role, rights and crop before manifest assignment"
"/Users/megdude/Downloads/PERKS MEDIA/IMAGES NEW /2. STYLED VIDEO/17.mp4","17","Identity and usage rights require review before assignment","below_90_percent","Confirm identity, role, rights and crop before manifest assignment"
"/Users/megdude/Downloads/PERKS MEDIA/IMAGES NEW /2. STYLED VIDEO/18.mp4","18","Identity and usage rights require review before assignment","below_90_percent","Confirm identity, role, rights and crop before manifest assignment"
"/Users/megdude/Downloads/PERKS MEDIA/IMAGES NEW /2. STYLED VIDEO/19.mp4","19","Identity and usage rights require review before assignment","below_90_percent","Confirm identity, role, rights and crop before manifest assignment"
"/Users/megdude/Downloads/PERKS MEDIA/IMAGES NEW /2. STYLED VIDEO/2.mp4","2","Identity and usage rights require review before assignment","below_90_percent","Confirm identity, role, rights and crop before manifest assignment"
"/Users/megdude/Downloads/PERKS MEDIA/IMAGES NEW /2. STYLED VIDEO/20.mp4","20","Identity and usage rights require review before assignment","below_90_percent","Confirm identity, role, rights and crop before manifest assignment"
"/Users/megdude/Downloads/PERKS MEDIA/IMAGES NEW /2. STYLED VIDEO/21.mp4","21","Identity and usage rights require review before assignment","below_90_percent","Confirm identity, role, rights and crop before manifest assignment"
"/Users/megdude/Downloads/PERKS MEDIA/IMAGES NEW /2. STYLED VIDEO/22.mp4","22","Identity and usage rights require review before assignment","below_90_percent","Confirm identity, role, rights and crop before manifest assignment"
"/Users/megdude/Downloads/PERKS MEDIA/IMAGES NEW /2. STYLED VIDEO/23.mp4","23","Identity and usage rights require review before assignment","below_90_percent","Confirm identity, role, rights and crop before manifest assignment"
"/Users/megdude/Downloads/PERKS MEDIA/IMAGES NEW /2. STYLED VIDEO/24.mp4","24","Identity and usage rights require review before assignment","below_90_percent","Confirm identity, role, rights and crop before manifest assignment"
"/Users/megdude/Downloads/PERKS MEDIA/IMAGES NEW /2. STYLED VIDEO/25.mp4","25","Identity and usage rights require review before assignment","below_90_percent","Confirm identity, role, rights and crop before manifest assignment"
"/Users/megdude/Downloads/PERKS MEDIA/IMAGES NEW /2. STYLED VIDEO/26.mp4","26","Identity and usage rights require review before assignment","below_90_percent","Confirm identity, role, rights and crop before manifest assignment"
"/Users/megdude/Downloads/PERKS MEDIA/IMAGES NEW /2. STYLED VIDEO/27.mp4","27","Identity and usage rights require review before assignment","below_90_percent","Confirm identity, role, rights and crop before manifest assignment"
"/Users/megdude/Downloads/PERKS MEDIA/IMAGES NEW /2. STYLED VIDEO/28.mp4","28","Identity and usage rights require review before assignment","below_90_percent","Confirm identity, role, rights and crop before manifest assignment"
"/Users/megdude/Downloads/PERKS MEDIA/IMAGES NEW /2. STYLED VIDEO/29.mp4","29","Identity and usage rights require review before assignment","below_90_percent","Confirm identity, role, rights and crop before manifest assignment"
"/Users/megdude/Downloads/PERKS MEDIA/IMAGES NEW /2. STYLED VIDEO/3.mp4","3","Identity and usage rights require review before assignment","below_90_percent","Confirm identity, role, rights and crop before manifest assignment"
"/Users/megdude/Downloads/PERKS MEDIA/IMAGES NEW /2. STYLED VIDEO/30.mp4","30","Identity and usage rights require review before assignment","below_90_percent","Confirm identity, role, rights and crop before manifest assignment"
"/Users/megdude/Downloads/PERKS MEDIA/IMAGES NEW /2. STYLED VIDEO/31.mp4","31","Identity and usage rights require review before assignment","below_90_percent","Confirm identity, role, rights and crop before manifest assignment"
"/Users/megdude/Downloads/PERKS MEDIA/IMAGES NEW /2. STYLED VIDEO/32.mp4","32","Identity and usage rights require review before assignment","below_90_percent","Confirm identity, role, rights and crop before manifest assignment"
"/Users/megdude/Downloads/PERKS MEDIA/IMAGES NEW /2. STYLED VIDEO/33.mp4","33","Identity and usage rights require review before assignment","below_90_percent","Confirm identity, role, rights and crop before manifest assignment"
"/Users/megdude/Downloads/PERKS MEDIA/IMAGES NEW /2. STYLED VIDEO/34.mp4","34","Identity and usage rights require review before assignment","below_90_percent","Confirm identity, role, rights and crop before manifest assignment"
"/Users/megdude/Downloads/PERKS MEDIA/IMAGES NEW /2. STYLED VIDEO/35.mp4","35","Identity and usage rights require review before assignment","below_90_percent","Confirm identity, role, rights and crop before manifest assignment"
"/Users/megdude/Downloads/PERKS MEDIA/IMAGES NEW /2. STYLED VIDEO/36.mp4","36","Identity and usage rights require review before assignment","below_90_percent","Confirm identity, role, rights and crop before manifest assignment"
"/Users/megdude/Downloads/PERKS MEDIA/IMAGES NEW /2. STYLED VIDEO/37.mp4","37","Identity and usage rights require review before assignment","below_90_percent","Confirm identity, role, rights and crop before manifest assignment"
"/Users/megdude/Downloads/PERKS MEDIA/IMAGES NEW /2. STYLED VIDEO/38.mp4","38","Identity and usage rights require review before assignment","below_90_percent","Confirm identity, role, rights and crop before manifest assignment"
"/Users/megdude/Downloads/PERKS MEDIA/IMAGES NEW /2. STYLED VIDEO/39.mp4","39","Identity and usage rights require review before assignment","below_90_percent","Confirm identity, role, rights and crop before manifest assignment"
"/Users/megdude/Downloads/PERKS MEDIA/IMAGES NEW /2. STYLED VIDEO/4.mp4","4","Identity and usage rights require review before assignment","below_90_percent","Confirm identity, role, rights and crop before manifest assignment"
"/Users/megdude/Downloads/PERKS MEDIA/IMAGES NEW /2. STYLED VIDEO/40.mp4","40","Identity and usage rights require review before assignment","below_90_percent","Confirm identity, role, rights and crop before manifest assignment"
"/Users/megdude/Downloads/PERKS MEDIA/IMAGES NEW /2. STYLED VIDEO/41.mp4","41","Identity and usage rights require review before assignment","below_90_percent","Confirm identity, role, rights and crop before manifest assignment"
"/Users/megdude/Downloads/PERKS MEDIA/IMAGES NEW /2. STYLED VIDEO/42.mp4","42","Identity and usage rights require review before assignment","below_90_percent","Confirm identity, role, rights and crop before manifest assignment"
"/Users/megdude/Downloads/PERKS MEDIA/IMAGES NEW /2. STYLED VIDEO/43.mp4","43","Identity and usage rights require review before assignment","below_90_percent","Confirm identity, role, rights and crop before manifest assignment"
"/Users/megdude/Downloads/PERKS MEDIA/IMAGES NEW /2. STYLED VIDEO/44.mp4","44","Identity and usage rights require review before assignment","below_90_percent","Confirm identity, role, rights and crop before manifest assignment"
"/Users/megdude/Downloads/PERKS MEDIA/IMAGES NEW /2. STYLED VIDEO/45.mp4","45","Identity and usage rights require review before assignment","below_90_percent","Confirm identity, role, rights and crop before manifest assignment"
"/Users/megdude/Downloads/PERKS MEDIA/IMAGES NEW /2. STYLED VIDEO/46.mp4","46","Identity and usage rights require review before assignment","below_90_percent","Confirm identity, role, rights and crop before manifest assignment"
"/Users/megdude/Downloads/PERKS MEDIA/IMAGES NEW /2. STYLED VIDEO/47.mp4","47","Identity and usage rights require review before assignment","below_90_percent","Confirm identity, role, rights and crop before manifest assignment"
"/Users/megdude/Downloads/PERKS MEDIA/IMAGES NEW /2. STYLED VIDEO/48.mp4","48","Identity and usage rights require review before assignment","below_90_percent","Confirm identity, role, rights and crop before manifest assignment"
"/Users/megdude/Downloads/PERKS MEDIA/IMAGES NEW /2. STYLED VIDEO/49.mp4","49","Identity and usage rights require review before assignment","below_90_percent","Confirm identity, role, rights and crop before manifest assignment"
"/Users/megdude/Downloads/PERKS MEDIA/IMAGES NEW /2. STYLED VIDEO/5.mp4","5","Identity and usage rights require review before assignment","below_90_percent","Confirm identity, role, rights and crop before manifest assignment"
"/Users/megdude/Downloads/PERKS MEDIA/IMAGES NEW /2. STYLED VIDEO/50.mp4","50","Identity and usage rights require review before assignment","below_90_percent","Confirm identity, role, rights and crop before manifest assignment"
"/Users/megdude/Downloads/PERKS MEDIA/IMAGES NEW /2. STYLED VIDEO/51.mp4","51","Identity and usage rights require review before assignment","below_90_percent","Confirm identity, role, rights and crop before manifest assignment"
"/Users/megdude/Downloads/PERKS MEDIA/IMAGES NEW /2. STYLED VIDEO/52.mp4","52","Identity and usage rights require review before assignment","below_90_percent","Confirm identity, role, rights and crop before manifest assignment"
"/Users/megdude/Downloads/PERKS MEDIA/IMAGES NEW /2. STYLED VIDEO/54.mp4","54","Identity and usage rights require review before assignment","below_90_percent","Confirm identity, role, rights and crop before manifest assignment"
"/Users/megdude/Downloads/PERKS MEDIA/IMAGES NEW /2. STYLED VIDEO/55.mp4","55","Identity and usage rights require review before assignment","below_90_percent","Confirm identity, role, rights and crop before manifest assignment"
"/Users/megdude/Downloads/PERKS MEDIA/IMAGES NEW /2. STYLED VIDEO/56.mp4","56","Identity and usage rights require review before assignment","below_90_percent","Confirm identity, role, rights and crop before manifest assignment"
"/Users/megdude/Downloads/PERKS MEDIA/IMAGES NEW /2. STYLED VIDEO/57.mp4","57","Identity and usage rights require review before assignment","below_90_percent","Confirm identity, role, rights and crop before manifest assignment"
"/Users/megdude/Downloads/PERKS MEDIA/IMAGES NEW /2. STYLED VIDEO/58.mp4","58","Identity and usage rights require review before assignment","below_90_percent","Confirm identity, role, rights and crop before manifest assignment"
"/Users/megdude/Downloads/PERKS MEDIA/IMAGES NEW /2. STYLED VIDEO/59.mp4","59","Identity and usage rights require review before assignment","below_90_percent","Confirm identity, role, rights and crop before manifest assignment"
"/Users/megdude/Downloads/PERKS MEDIA/IMAGES NEW /2. STYLED VIDEO/6.mp4","6","Identity and usage rights require review before assignment","below_90_percent","Confirm identity, role, rights and crop before manifest assignment"
"/Users/megdude/Downloads/PERKS MEDIA/IMAGES NEW /2. STYLED VIDEO/60.mp4","60","Identity and usage rights require review before assignment","below_90_percent","Confirm identity, role, rights and crop before manifest assignment"
"/Users/megdude/Downloads/PERKS MEDIA/IMAGES NEW /2. STYLED VIDEO/61.mp4","61","Identity and usage rights require review before assignment","below_90_percent","Confirm identity, role, rights and crop before manifest assignment"
"/Users/megdude/Downloads/PERKS MEDIA/IMAGES NEW /2. STYLED VIDEO/62.mp4","62","Identity and usage rights require review before assignment","below_90_percent","Confirm identity, role, rights and crop before manifest assignment"
"/Users/megdude/Downloads/PERKS MEDIA/IMAGES NEW /2. STYLED VIDEO/63.mp4","63","Identity and usage rights require review before assignment","below_90_percent","Confirm identity, role, rights and crop before manifest assignment"
"/Users/megdude/Downloads/PERKS MEDIA/IMAGES NEW /2. STYLED VIDEO/64.mp4","64","Identity and usage rights require review before assignment","below_90_percent","Confirm identity, role, rights and crop before manifest assignment"
"/Users/megdude/Downloads/PERKS MEDIA/IMAGES NEW /2. STYLED VIDEO/65.mp4","65","Identity and usage rights require review before assignment","below_90_percent","Confirm identity, role, rights and crop before manifest assignment"
"/Users/megdude/Downloads/PERKS MEDIA/IMAGES NEW /2. STYLED VIDEO/66.mp4","66","Identity and usage rights require review before assignment","below_90_percent","Confirm identity, role, rights and crop before manifest assignment"
"/Users/megdude/Downloads/PERKS MEDIA/IMAGES NEW /2. STYLED VIDEO/67.mp4","67","Identity and usage rights require review before assignment","below_90_percent","Confirm identity, role, rights and crop before manifest assignment"
"/Users/megdude/Downloads/PERKS MEDIA/IMAGES NEW /2. STYLED VIDEO/68.mp4","68","Identity and usage rights require review before assignment","below_90_percent","Confirm identity, role, rights and crop before manifest assignment"
"/Users/megdude/Downloads/PERKS MEDIA/IMAGES NEW /2. STYLED VIDEO/69.mp4","69","Identity and usage rights require review before assignment","below_90_percent","Confirm identity, role, rights and crop before manifest assignment"
"/Users/megdude/Downloads/PERKS MEDIA/IMAGES NEW /2. STYLED VIDEO/7.mp4","7","Identity and usage rights require review before assignment","below_90_percent","Confirm identity, role, rights and crop before manifest assignment"
"/Users/megdude/Downloads/PERKS MEDIA/IMAGES NEW /2. STYLED VIDEO/70.mp4","70","Identity and usage rights require review before assignment","below_90_percent","Confirm identity, role, rights and crop before manifest assignment"
"/Users/megdude/Downloads/PERKS MEDIA/IMAGES NEW /2. STYLED VIDEO/71.mp4","71","Identity and usage rights require review before assignment","below_90_percent","Confirm identity, role, rights and crop before manifest assignment"
"/Users/megdude/Downloads/PERKS MEDIA/IMAGES NEW /2. STYLED VIDEO/72.mp4","72","Identity and usage rights require review before assignment","below_90_percent","Confirm identity, role, rights and crop before manifest assignment"
"/Users/megdude/Downloads/PERKS MEDIA/IMAGES NEW /2. STYLED VIDEO/73.mp4","73","Identity and usage rights require review before assignment","below_90_percent","Confirm identity, role, rights and crop before manifest assignment"
"/Users/megdude/Downloads/PERKS MEDIA/IMAGES NEW /2. STYLED VIDEO/74.mp4","74","Identity and usage rights require review before assignment","below_90_percent","Confirm identity, role, rights and crop before manifest assignment"
"/Users/megdude/Downloads/PERKS MEDIA/IMAGES NEW /2. STYLED VIDEO/8.mp4","8","Identity and usage rights require review before assignment","below_90_percent","Confirm identity, role, rights and crop before manifest assignment"
"/Users/megdude/Downloads/PERKS MEDIA/IMAGES NEW /2. STYLED VIDEO/9.mp4","9","Identity and usage rights require review before assignment","below_90_percent","Confirm identity, role, rights and crop before manifest assignment"
"/Users/megdude/Downloads/PERKS MEDIA/IMAGES NEW /3. hero video/ANIMATION.mp4","animation","Identity and usage rights require review before assignment","below_90_percent","Confirm identity, role, rights and crop before manifest assignment"
"/Users/megdude/Downloads/PERKS MEDIA/IMAGES NEW /3. hero video/bar tender scene.mp4","bar-tender-scene","Identity and usage rights require review before assignment","below_90_percent","Confirm identity, role, rights and crop before manifest assignment"
"/Users/megdude/Downloads/PERKS MEDIA/IMAGES NEW /3. hero video/product placement.mp4","product-placement","Identity and usage rights require review before assignment","below_90_percent","Confirm identity, role, rights and crop before manifest assignment"
"/Users/megdude/Downloads/PERKS MEDIA/IMAGES NEW /4. ADD ONS/ADD ON DESIGNED/mobile campaign cards/31.png","31","Identity and usage rights require review before assignment","below_90_percent","Confirm identity, role, rights and crop before manifest assignment"
"/Users/megdude/Downloads/PERKS MEDIA/IMAGES NEW /4. ADD ONS/ADD ON DESIGNED/mobile campaign cards/32.png","32","Identity and usage rights require review before assignment","below_90_percent","Confirm identity, role, rights and crop before manifest assignment"
"/Users/megdude/Downloads/PERKS MEDIA/IMAGES NEW /4. ADD ONS/ADD ON DESIGNED/mobile campaign cards/33.png","33","Identity and usage rights require review before assignment","below_90_percent","Confirm identity, role, rights and crop before manifest assignment"
"/Users/megdude/Downloads/PERKS MEDIA/IMAGES NEW /4. ADD ONS/ADD ON DESIGNED/mobile campaign cards/34.png","34","Identity and usage rights require review before assignment","below_90_percent","Confirm identity, role, rights and crop before manifest assignment"
"/Users/megdude/Downloads/PERKS MEDIA/IMAGES NEW /4. ADD ONS/ADD ON DESIGNED/mobile campaign cards/35.png","35","Identity and usage rights require review before assignment","below_90_percent","Confirm identity, role, rights and crop before manifest assignment"
"/Users/megdude/Downloads/PERKS MEDIA/IMAGES NEW /4. ADD ONS/ADD ON DESIGNED/mobile campaign cards/36.png","36","Identity and usage rights require review before assignment","below_90_percent","Confirm identity, role, rights and crop before manifest assignment"
"/Users/megdude/Downloads/PERKS MEDIA/IMAGES NEW /4. ADD ONS/ADD ON DESIGNED/mobile campaign cards/37.png","37","Identity and usage rights require review before assignment","below_90_percent","Confirm identity, role, rights and crop before manifest assignment"
"/Users/megdude/Downloads/PERKS MEDIA/IMAGES NEW /4. ADD ONS/ADD ON DESIGNED/mobile campaign cards.zip1/10.mp4","10","Identity and usage rights require review before assignment","below_90_percent","Confirm identity, role, rights and crop before manifest assignment"
"/Users/megdude/Downloads/PERKS MEDIA/IMAGES NEW /4. ADD ONS/ADD ON DESIGNED/mobile campaign cards.zip1/11.mp4","11","Identity and usage rights require review before assignment","below_90_percent","Confirm identity, role, rights and crop before manifest assignment"
"/Users/megdude/Downloads/PERKS MEDIA/IMAGES NEW /4. ADD ONS/ADD ON DESIGNED/mobile campaign cards.zip1/12.mp4","12","Identity and usage rights require review before assignment","below_90_percent","Confirm identity, role, rights and crop before manifest assignment"
"/Users/megdude/Downloads/PERKS MEDIA/IMAGES NEW /4. ADD ONS/ADD ON DESIGNED/mobile campaign cards.zip1/13.mp4","13","Identity and usage rights require review before assignment","below_90_percent","Confirm identity, role, rights and crop before manifest assignment"
"/Users/megdude/Downloads/PERKS MEDIA/IMAGES NEW /4. ADD ONS/ADD ON DESIGNED/mobile campaign cards.zip1/14.mp4","14","Identity and usage rights require review before assignment","below_90_percent","Confirm identity, role, rights and crop before manifest assignment"
"/Users/megdude/Downloads/PERKS MEDIA/IMAGES NEW /4. ADD ONS/ADD ON DESIGNED/mobile campaign cards.zip1/15.mp4","15","Identity and usage rights require review before assignment","below_90_percent","Confirm identity, role, rights and crop before manifest assignment"
"/Users/megdude/Downloads/PERKS MEDIA/IMAGES NEW /4. ADD ONS/ADD ON DESIGNED/mobile campaign cards.zip1/16.mp4","16","Identity and usage rights require review before assignment","below_90_percent","Confirm identity, role, rights and crop before manifest assignment"
"/Users/megdude/Downloads/PERKS MEDIA/IMAGES NEW /4. ADD ONS/ADD ON DESIGNED/mobile campaign cards.zip1/17.mp4","17","Identity and usage rights require review before assignment","below_90_percent","Confirm identity, role, rights and crop before manifest assignment"
"/Users/megdude/Downloads/PERKS MEDIA/IMAGES NEW /4. ADD ONS/ADD ON DESIGNED/mobile campaign cards.zip1/18.mp4","18","Identity and usage rights require review before assignment","below_90_percent","Confirm identity, role, rights and crop before manifest assignment"
"/Users/megdude/Downloads/PERKS MEDIA/IMAGES NEW /4. ADD ONS/ADD ON DESIGNED/mobile campaign cards.zip1/19.mp4","19","Identity and usage rights require review before assignment","below_90_percent","Confirm identity, role, rights and crop before manifest assignment"
"/Users/megdude/Downloads/PERKS MEDIA/IMAGES NEW /4. ADD ONS/ADD ON DESIGNED/mobile campaign cards.zip1/2.mp4","2","Identity and usage rights require review before assignment","below_90_percent","Confirm identity, role, rights and crop before manifest assignment"
"/Users/megdude/Downloads/PERKS MEDIA/IMAGES NEW /4. ADD ONS/ADD ON DESIGNED/mobile campaign cards.zip1/20.mp4","20","Identity and usage rights require review before assignment","below_90_percent","Confirm identity, role, rights and crop before manifest assignment"
"/Users/megdude/Downloads/PERKS MEDIA/IMAGES NEW /4. ADD ONS/ADD ON DESIGNED/mobile campaign cards.zip1/21.mp4","21","Identity and usage rights require review before assignment","below_90_percent","Confirm identity, role, rights and crop before manifest assignment"
"/Users/megdude/Downloads/PERKS MEDIA/IMAGES NEW /4. ADD ONS/ADD ON DESIGNED/mobile campaign cards.zip1/22.mp4","22","Identity and usage rights require review before assignment","below_90_percent","Confirm identity, role, rights and crop before manifest assignment"
"/Users/megdude/Downloads/PERKS MEDIA/IMAGES NEW /4. ADD ONS/ADD ON DESIGNED/mobile campaign cards.zip1/23.mp4","23","Identity and usage rights require review before assignment","below_90_percent","Confirm identity, role, rights and crop before manifest assignment"
"/Users/megdude/Downloads/PERKS MEDIA/IMAGES NEW /4. ADD ONS/ADD ON DESIGNED/mobile campaign cards.zip1/24.mp4","24","Identity and usage rights require review before assignment","below_90_percent","Confirm identity, role, rights and crop before manifest assignment"
"/Users/megdude/Downloads/PERKS MEDIA/IMAGES NEW /4. ADD ONS/ADD ON DESIGNED/mobile campaign cards.zip1/25.mp4","25","Identity and usage rights require review before assignment","below_90_percent","Confirm identity, role, rights and crop before manifest assignment"
"/Users/megdude/Downloads/PERKS MEDIA/IMAGES NEW /4. ADD ONS/ADD ON DESIGNED/mobile campaign cards.zip1/26.mp4","26","Identity and usage rights require review before assignment","below_90_percent","Confirm identity, role, rights and crop before manifest assignment"
"/Users/megdude/Downloads/PERKS MEDIA/IMAGES NEW /4. ADD ONS/ADD ON DESIGNED/mobile campaign cards.zip1/27.mp4","27","Identity and usage rights require review before assignment","below_90_percent","Confirm identity, role, rights and crop before manifest assignment"
"/Users/megdude/Downloads/PERKS MEDIA/IMAGES NEW /4. ADD ONS/ADD ON DESIGNED/mobile campaign cards.zip1/28.mp4","28","Identity and usage rights require review before assignment","below_90_percent","Confirm identity, role, rights and crop before manifest assignment"
"/Users/megdude/Downloads/PERKS MEDIA/IMAGES NEW /4. ADD ONS/ADD ON DESIGNED/mobile campaign cards.zip1/29.mp4","29","Identity and usage rights require review before assignment","below_90_percent","Confirm identity, role, rights and crop before manifest assignment"
"/Users/megdude/Downloads/PERKS MEDIA/IMAGES NEW /4. ADD ONS/ADD ON DESIGNED/mobile campaign cards.zip1/3.mp4","3","Identity and usage rights require review before assignment","below_90_percent","Confirm identity, role, rights and crop before manifest assignment"
"/Users/megdude/Downloads/PERKS MEDIA/IMAGES NEW /4. ADD ONS/ADD ON DESIGNED/mobile campaign cards.zip1/30.mp4","30","Identity and usage rights require review before assignment","below_90_percent","Confirm identity, role, rights and crop before manifest assignment"
"/Users/megdude/Downloads/PERKS MEDIA/IMAGES NEW /4. ADD ONS/ADD ON DESIGNED/mobile campaign cards.zip1/31.mp4","31","Identity and usage rights require review before assignment","below_90_percent","Confirm identity, role, rights and crop before manifest assignment"
"/Users/megdude/Downloads/PERKS MEDIA/IMAGES NEW /4. ADD ONS/ADD ON DESIGNED/mobile campaign cards.zip1/32.mp4","32","Identity and usage rights require review before assignment","below_90_percent","Confirm identity, role, rights and crop before manifest assignment"
"/Users/megdude/Downloads/PERKS MEDIA/IMAGES NEW /4. ADD ONS/ADD ON DESIGNED/mobile campaign cards.zip1/33.mp4","33","Identity and usage rights require review before assignment","below_90_percent","Confirm identity, role, rights and crop before manifest assignment"
"/Users/megdude/Downloads/PERKS MEDIA/IMAGES NEW /4. ADD ONS/ADD ON DESIGNED/mobile campaign cards.zip1/34.mp4","34","Identity and usage rights require review before assignment","below_90_percent","Confirm identity, role, rights and crop before manifest assignment"
"/Users/megdude/Downloads/PERKS MEDIA/IMAGES NEW /4. ADD ONS/ADD ON DESIGNED/mobile campaign cards.zip1/35.mp4","35","Identity and usage rights require review before assignment","below_90_percent","Confirm identity, role, rights and crop before manifest assignment"
"/Users/megdude/Downloads/PERKS MEDIA/IMAGES NEW /4. ADD ONS/ADD ON DESIGNED/mobile campaign cards.zip1/36.mp4","36","Identity and usage rights require review before assignment","below_90_percent","Confirm identity, role, rights and crop before manifest assignment"
"/Users/megdude/Downloads/PERKS MEDIA/IMAGES NEW /4. ADD ONS/ADD ON DESIGNED/mobile campaign cards.zip1/37.mp4","37","Identity and usage rights require review before assignment","below_90_percent","Confirm identity, role, rights and crop before manifest assignment"
"/Users/megdude/Downloads/PERKS MEDIA/IMAGES NEW /4. ADD ONS/ADD ON DESIGNED/mobile campaign cards.zip1/38.mp4","38","Identity and usage rights require review before assignment","below_90_percent","Confirm identity, role, rights and crop before manifest assignment"
"/Users/megdude/Downloads/PERKS MEDIA/IMAGES NEW /4. ADD ONS/ADD ON DESIGNED/mobile campaign cards.zip1/4.mp4","4","Identity and usage rights require review before assignment","below_90_percent","Confirm identity, role, rights and crop before manifest assignment"
"/Users/megdude/Downloads/PERKS MEDIA/IMAGES NEW /4. ADD ONS/ADD ON DESIGNED/mobile campaign cards.zip1/5.mp4","5","Identity and usage rights require review before assignment","below_90_percent","Confirm identity, role, rights and crop before manifest assignment"
"/Users/megdude/Downloads/PERKS MEDIA/IMAGES NEW /4. ADD ONS/ADD ON DESIGNED/mobile campaign cards.zip1/6.mp4","6","Identity and usage rights require review before assignment","below_90_percent","Confirm identity, role, rights and crop before manifest assignment"
"/Users/megdude/Downloads/PERKS MEDIA/IMAGES NEW /4. ADD ONS/ADD ON DESIGNED/mobile campaign cards.zip1/7.mp4","7","Identity and usage rights require review before assignment","below_90_percent","Confirm identity, role, rights and crop before manifest assignment"
"/Users/megdude/Downloads/PERKS MEDIA/IMAGES NEW /4. ADD ONS/ADD ON DESIGNED/mobile campaign cards.zip1/8.mp4","8","Identity and usage rights require review before assignment","below_90_percent","Confirm identity, role, rights and crop before manifest assignment"
"/Users/megdude/Downloads/PERKS MEDIA/IMAGES NEW /4. ADD ONS/ADD ON DESIGNED/mobile campaign cards.zip1/9.mp4","9","Identity and usage rights require review before assignment","below_90_percent","Confirm identity, role, rights and crop before manifest assignment"
"/Users/megdude/Downloads/PERKS MEDIA/IMAGES NEW /4. ADD ONS/MOBILE/featured campaign.png","featured-campaign","Identity and usage rights require review before assignment","below_90_percent","Confirm identity, role, rights and crop before manifest assignment"
"/Users/megdude/Downloads/PERKS MEDIA/IMAGES NEW /4. ADD ONS/MOBILE/featured event.jpeg","featured-event","Identity and usage rights require review before assignment","below_90_percent","Confirm identity, role, rights and crop before manifest assignment"
"/Users/megdude/Downloads/PERKS MEDIA/IMAGES NEW /4. ADD ONS/MOBILE/single survey.jpeg","single-survey","Identity and usage rights require review before assignment","below_90_percent","Confirm identity, role, rights and crop before manifest assignment"
"/Users/megdude/Downloads/PERKS MEDIA/IMAGES NEW /4. ADD ONS/MOBILE/sponosred campaign.jpeg","sponosred-campaign","Identity and usage rights require review before assignment","below_90_percent","Confirm identity, role, rights and crop before manifest assignment"
"/Users/megdude/Downloads/PERKS MEDIA/IMAGES NEW /4. ADD ONS/MOBILE/survey series.png","survey-series","Identity and usage rights require review before assignment","below_90_percent","Confirm identity, role, rights and crop before manifest assignment"
"/Users/megdude/Downloads/PERKS MEDIA/IMAGES NEW /4. ADD ONS/NEW/broadcast camoaign.png","broadcast-camoaign","Identity and usage rights require review before assignment","below_90_percent","Confirm identity, role, rights and crop before manifest assignment"
"/Users/megdude/Downloads/PERKS MEDIA/IMAGES NEW /4. ADD ONS/NEW/broadcast campaign.png","broadcast-campaign","Identity and usage rights require review before assignment","below_90_percent","Confirm identity, role, rights and crop before manifest assignment"
"/Users/megdude/Downloads/PERKS MEDIA/IMAGES NEW /4. ADD ONS/NEW/custom strat.png","custom-strat","Identity and usage rights require review before assignment","below_90_percent","Confirm identity, role, rights and crop before manifest assignment"
"/Users/megdude/Downloads/PERKS MEDIA/IMAGES NEW /4. ADD ONS/NEW/event boost.png","event-boost","Identity and usage rights require review before assignment","below_90_percent","Confirm identity, role, rights and crop before manifest assignment"
"/Users/megdude/Downloads/PERKS MEDIA/IMAGES NEW /4. ADD ONS/NEW/featured campaign.png","featured-campaign","Identity and usage rights require review before assignment","below_90_percent","Confirm identity, role, rights and crop before manifest assignment"
"/Users/megdude/Downloads/PERKS MEDIA/IMAGES NEW /4. ADD ONS/NEW/featured event.png","featured-event","Identity and usage rights require review before assignment","below_90_percent","Confirm identity, role, rights and crop before manifest assignment"
"/Users/megdude/Downloads/PERKS MEDIA/IMAGES NEW /4. ADD ONS/NEW/perks campaign.png","perks-campaign","Identity and usage rights require review before assignment","below_90_percent","Confirm identity, role, rights and crop before manifest assignment"
"/Users/megdude/Downloads/PERKS MEDIA/IMAGES NEW /4. ADD ONS/NEW/single survey.png","single-survey","Identity and usage rights require review before assignment","below_90_percent","Confirm identity, role, rights and crop before manifest assignment"
"/Users/megdude/Downloads/PERKS MEDIA/IMAGES NEW /4. ADD ONS/NEW/sponsored campaign.png","sponsored-campaign","Identity and usage rights require review before assignment","below_90_percent","Confirm identity, role, rights and crop before manifest assignment"
"/Users/megdude/Downloads/PERKS MEDIA/IMAGES NEW /4. ADD ONS/NEW/sponsored event.png","sponsored-event","Identity and usage rights require review before assignment","below_90_percent","Confirm identity, role, rights and crop before manifest assignment"
"/Users/megdude/Downloads/PERKS MEDIA/IMAGES NEW /4. ADD ONS/NEW/survey series.png","survey-series","Identity and usage rights require review before assignment","below_90_percent","Confirm identity, role, rights and crop before manifest assignment"
"/Users/megdude/Downloads/PERKS MEDIA/IMAGES NEW /4. ADD ONS/POP UP POSTERS/32.png","32","Identity and usage rights require review before assignment","below_90_percent","Confirm identity, role, rights and crop before manifest assignment"
"/Users/megdude/Downloads/PERKS MEDIA/IMAGES NEW /4. ADD ONS/POP UP POSTERS/33.png","33","Identity and usage rights require review before assignment","below_90_percent","Confirm identity, role, rights and crop before manifest assignment"
"/Users/megdude/Downloads/PERKS MEDIA/IMAGES NEW /4. ADD ONS/POP UP POSTERS/34.png","34","Identity and usage rights require review before assignment","below_90_percent","Confirm identity, role, rights and crop before manifest assignment"
"/Users/megdude/Downloads/PERKS MEDIA/IMAGES NEW /4. ADD ONS/POP UP POSTERS/35.png","35","Identity and usage rights require review before assignment","below_90_percent","Confirm identity, role, rights and crop before manifest assignment"
"/Users/megdude/Downloads/PERKS MEDIA/IMAGES NEW /4. ADD ONS/POP UP POSTERS/36.png","36","Identity and usage rights require review before assignment","below_90_percent","Confirm identity, role, rights and crop before manifest assignment"
"/Users/megdude/Downloads/PERKS MEDIA/IMAGES NEW /4. ADD ONS/POP UP POSTERS/37.png","37","Identity and usage rights require review before assignment","below_90_percent","Confirm identity, role, rights and crop before manifest assignment"
"/Users/megdude/Downloads/PERKS MEDIA/IMAGES NEW /4. ADD ONS/POP UP POSTERS/38.png","38","Identity and usage rights require review before assignment","below_90_percent","Confirm identity, role, rights and crop before manifest assignment"
"/Users/megdude/Downloads/PERKS MEDIA/IMAGES NEW /4. ADD ONS/contact.png","contact","Identity and usage rights require review before assignment","below_90_percent","Confirm identity, role, rights and crop before manifest assignment"
"/Users/megdude/Downloads/PERKS MEDIA/IMAGES NEW /4. ADD ONS/featured eventevent .png","featured-eventevent","Identity and usage rights require review before assignment","below_90_percent","Confirm identity, role, rights and crop before manifest assignment"
"/Users/megdude/Downloads/PERKS MEDIA/IMAGES NEW /4. ADD ONS/standard placement.jpeg","standard-placement","Identity and usage rights require review before assignment","below_90_percent","Confirm identity, role, rights and crop before manifest assignment"
"/Users/megdude/Downloads/PERKS MEDIA/IMAGES NEW /4. ADD ONS/survey series 2.png","survey-series-2","Identity and usage rights require review before assignment","below_90_percent","Confirm identity, role, rights and crop before manifest assignment"
"/Users/megdude/Downloads/PERKS MEDIA/IMAGES NEW /4. ADD ONS/surveyu series.jpeg","surveyu-series","Identity and usage rights require review before assignment","below_90_percent","Confirm identity, role, rights and crop before manifest assignment"
"/Users/megdude/Downloads/PERKS MEDIA/IMAGES NEW /ART/show up art.jpeg","show-up-art","Identity and usage rights require review before assignment","below_90_percent","Confirm identity, role, rights and crop before manifest assignment"
"/Users/megdude/Downloads/PERKS MEDIA/IMAGES NEW /BRAND STYLE GUIDE/COLOR & FONTS.png","color-fonts","Identity and usage rights require review before assignment","below_90_percent","Confirm identity, role, rights and crop before manifest assignment"
"/Users/megdude/Downloads/PERKS MEDIA/IMAGES NEW /BUSINESS OWNERS/01 Understand.png","01-understand","Identity and usage rights require review before assignment","below_90_percent","Confirm identity, role, rights and crop before manifest assignment"
"/Users/megdude/Downloads/PERKS MEDIA/IMAGES NEW /BUSINESS OWNERS/02. chose.png","02-chose","Identity and usage rights require review before assignment","below_90_percent","Confirm identity, role, rights and crop before manifest assignment"
"/Users/megdude/Downloads/PERKS MEDIA/IMAGES NEW /BUSINESS OWNERS/04. measure.png","04-measure","Identity and usage rights require review before assignment","below_90_percent","Confirm identity, role, rights and crop before manifest assignment"
"/Users/megdude/Downloads/PERKS MEDIA/IMAGES NEW /BUSINESS OWNERS/Bright boutique workspace with decor details.png","bright-boutique-workspace-with-decor-details","Identity and usage rights require review before assignment","below_90_percent","Confirm identity, role, rights and crop before manifest assignment"
"/Users/megdude/Downloads/PERKS MEDIA/IMAGES NEW /BUSINESS OWNERS/Business Owners 3.3.png","business-owners-3-3","Identity and usage rights require review before assignment","below_90_percent","Confirm identity, role, rights and crop before manifest assignment"
"/Users/megdude/Downloads/PERKS MEDIA/IMAGES NEW /BUSINESS OWNERS/Business Owners.png","business-owners","Identity and usage rights require review before assignment","below_90_percent","Confirm identity, role, rights and crop before manifest assignment"
"/Users/megdude/Downloads/PERKS MEDIA/IMAGES NEW /BUSINESS OWNERS/Businessman enjoying a city moment.png","businessman-enjoying-a-city-moment","Identity and usage rights require review before assignment","below_90_percent","Confirm identity, role, rights and crop before manifest assignment"
"/Users/megdude/Downloads/PERKS MEDIA/IMAGES NEW /BUSINESS OWNERS/Cafe work break with tablet interaction.png","cafe-work-break-with-tablet-interaction","Identity and usage rights require review before assignment","below_90_percent","Confirm identity, role, rights and crop before manifest assignment"
"/Users/megdude/Downloads/PERKS MEDIA/IMAGES NEW /BUSINESS OWNERS/Cozy creative workspace with focus.png","cozy-creative-workspace-with-focus","Identity and usage rights require review before assignment","below_90_percent","Confirm identity, role, rights and crop before manifest assignment"
"/Users/megdude/Downloads/PERKS MEDIA/IMAGES NEW /BUSINESS OWNERS/Focused in a cozy workspace.png","focused-in-a-cozy-workspace","Identity and usage rights require review before assignment","below_90_percent","Confirm identity, role, rights and crop before manifest assignment"
"/Users/megdude/Downloads/PERKS MEDIA/IMAGES NEW /BUSINESS OWNERS/Focused work in a cozy café.png","focused-work-in-a-cozy-cafe","Identity and usage rights require review before assignment","below_90_percent","Confirm identity, role, rights and crop before manifest assignment"
"/Users/megdude/Downloads/PERKS MEDIA/IMAGES NEW /BUSINESS OWNERS/Focused work in a cozy office space.png","focused-work-in-a-cozy-office-space","Identity and usage rights require review before assignment","below_90_percent","Confirm identity, role, rights and crop before manifest assignment"
"/Users/megdude/Downloads/PERKS MEDIA/IMAGES NEW /BUSINESS OWNERS/Focused work in a cozy setting.png","focused-work-in-a-cozy-setting","Identity and usage rights require review before assignment","below_90_percent","Confirm identity, role, rights and crop before manifest assignment"
"/Users/megdude/Downloads/PERKS MEDIA/IMAGES NEW /BUSINESS OWNERS/Stylish bar with sleek ambiance.png","stylish-bar-with-sleek-ambiance","Identity and usage rights require review before assignment","below_90_percent","Confirm identity, role, rights and crop before manifest assignment"
"/Users/megdude/Downloads/PERKS MEDIA/IMAGES NEW /BUSINESS OWNERS/Working in a cozy café corner.png","working-in-a-cozy-cafe-corner","Identity and usage rights require review before assignment","below_90_percent","Confirm identity, role, rights and crop before manifest assignment"
"/Users/megdude/Downloads/PERKS MEDIA/IMAGES NEW /BUSINESS OWNERS/busibess owner 2.png","busibess-owner-2","Identity and usage rights require review before assignment","below_90_percent","Confirm identity, role, rights and crop before manifest assignment"
"/Users/megdude/Downloads/PERKS MEDIA/IMAGES NEW /BUSINESS OWNERS/business florist .png","business-florist","Identity and usage rights require review before assignment","below_90_percent","Confirm identity, role, rights and crop before manifest assignment"
"/Users/megdude/Downloads/PERKS MEDIA/IMAGES NEW /BUSINESS OWNERS/business owner 1.png","business-owner-1","Identity and usage rights require review before assignment","below_90_percent","Confirm identity, role, rights and crop before manifest assignment"
"/Users/megdude/Downloads/PERKS MEDIA/IMAGES NEW /BUSINESS OWNERS/business owner.png","business-owner","Identity and usage rights require review before assignment","below_90_percent","Confirm identity, role, rights and crop before manifest assignment"
"/Users/megdude/Downloads/PERKS MEDIA/IMAGES NEW /BUSINESS OWNERS/business owners copy.png","business-owners-copy","Identity and usage rights require review before assignment","below_90_percent","Confirm identity, role, rights and crop before manifest assignment"
"/Users/megdude/Downloads/PERKS MEDIA/IMAGES NEW /BUSINESS OWNERS/business workspace.png","business-workspace","Identity and usage rights require review before assignment","below_90_percent","Confirm identity, role, rights and crop before manifest assignment"
"/Users/megdude/Downloads/PERKS MEDIA/IMAGES NEW /BUSINESS OWNERS/dashboard.png","dashboard","Identity and usage rights require review before assignment","below_90_percent","Confirm identity, role, rights and crop before manifest assignment"
"/Users/megdude/Downloads/PERKS MEDIA/IMAGES NEW /BUSINESS OWNERS/iiyuyhBH7YQO2SKPZBaHG_4TbWDhT_6VkISLejI4DjAGluU37LpW2L07OvhG5wquo6QVTE9Tu6LB60EEeKgelO6vHMlVblxHySXChxaHMCJCyU1HXKPVLeZ3Ij-mwi9I9Qb6K8z_QAmaB3zOOWecakX3JqGFY0PmDM3OJdgjali74k3SSB2nfwCm7gwsRI8F.jpeg","iiyuyhbh7yqo2skpzbahg-4tbwdht-6vkisleji4djagluu37lpw2l07ovhg5wquo6qvte9tu6lb60eeekgelo6vhmlvblxhysxchxahmcjcyu1hxkpvlez3ij-mwi9i9qb6k8z-qamab3zoowecakx3jqgfy0pmdm3ojdgjali74k3ssb2nfwcm7gwsri8f","Identity and usage rights require review before assignment","below_90_percent","Confirm identity, role, rights and crop before manifest assignment"
"/Users/megdude/Downloads/PERKS MEDIA/IMAGES NEW /BUSINESS OWNERS/local business results.png","local-business-results","Identity and usage rights require review before assignment","below_90_percent","Confirm identity, role, rights and crop before manifest assignment"
"/Users/megdude/Downloads/PERKS MEDIA/IMAGES NEW /BUSINESS OWNERS/shop owner.png","shop-owner","Identity and usage rights require review before assignment","below_90_percent","Confirm identity, role, rights and crop before manifest assignment"
"/Users/megdude/Downloads/PERKS MEDIA/IMAGES NEW /CAMPAIGNS/041CB2B2-BC17-4394-8E04-DB9B556DCB55.png","041cb2b2-bc17-4394-8e04-db9b556dcb55","Identity and usage rights require review before assignment","below_90_percent","Confirm identity, role, rights and crop before manifest assignment"
"/Users/megdude/Downloads/PERKS MEDIA/IMAGES NEW /CAMPAIGNS/15B6B056-DD89-4854-A83C-569639AFDEC0.jpeg","15b6b056-dd89-4854-a83c-569639afdec0","Identity and usage rights require review before assignment","below_90_percent","Confirm identity, role, rights and crop before manifest assignment"
"/Users/megdude/Downloads/PERKS MEDIA/IMAGES NEW /CAMPAIGNS/1B38CFB0-ED2E-4251-899C-819E3F6E241E.png","1b38cfb0-ed2e-4251-899c-819e3f6e241e","Identity and usage rights require review before assignment","below_90_percent","Confirm identity, role, rights and crop before manifest assignment"
"/Users/megdude/Downloads/PERKS MEDIA/IMAGES NEW /CAMPAIGNS/372A9AFE-49C1-4811-9026-090CB52A014E.png","372a9afe-49c1-4811-9026-090cb52a014e","Identity and usage rights require review before assignment","below_90_percent","Confirm identity, role, rights and crop before manifest assignment"
"/Users/megdude/Downloads/PERKS MEDIA/IMAGES NEW /CAMPAIGNS/3E1FAF5B-8259-4E15-A3CD-D0ABF1059F3C 2.png","3e1faf5b-8259-4e15-a3cd-d0abf1059f3c-2","Identity and usage rights require review before assignment","below_90_percent","Confirm identity, role, rights and crop before manifest assignment"
"/Users/megdude/Downloads/PERKS MEDIA/IMAGES NEW /CAMPAIGNS/3E1FAF5B-8259-4E15-A3CD-D0ABF1059F3C.png","3e1faf5b-8259-4e15-a3cd-d0abf1059f3c","Identity and usage rights require review before assignment","below_90_percent","Confirm identity, role, rights and crop before manifest assignment"
"/Users/megdude/Downloads/PERKS MEDIA/IMAGES NEW /CAMPAIGNS/4679F1DE-765F-4605-87B5-C3D4A7ED0085.jpeg","4679f1de-765f-4605-87b5-c3d4a7ed0085","Identity and usage rights require review before assignment","below_90_percent","Confirm identity, role, rights and crop before manifest assignment"
"/Users/megdude/Downloads/PERKS MEDIA/IMAGES NEW /CAMPAIGNS/4CE487B4-E56F-437C-B4A4-E1237BAB4942.png","4ce487b4-e56f-437c-b4a4-e1237bab4942","Identity and usage rights require review before assignment","below_90_percent","Confirm identity, role, rights and crop before manifest assignment"
"/Users/megdude/Downloads/PERKS MEDIA/IMAGES NEW /CAMPAIGNS/4b41f97b-91af-495e-954d-7efe54dca1d9.png","4b41f97b-91af-495e-954d-7efe54dca1d9","Identity and usage rights require review before assignment","below_90_percent","Confirm identity, role, rights and crop before manifest assignment"
"/Users/megdude/Downloads/PERKS MEDIA/IMAGES NEW /CAMPAIGNS/70416C70-1844-44A8-BC84-F5F4F9A4C4E0.png","70416c70-1844-44a8-bc84-f5f4f9a4c4e0","Identity and usage rights require review before assignment","below_90_percent","Confirm identity, role, rights and crop before manifest assignment"
"/Users/megdude/Downloads/PERKS MEDIA/IMAGES NEW /CAMPAIGNS/78287F80-2392-439C-8E62-C6610A9B933A 2.png","78287f80-2392-439c-8e62-c6610a9b933a-2","Identity and usage rights require review before assignment","below_90_percent","Confirm identity, role, rights and crop before manifest assignment"
"/Users/megdude/Downloads/PERKS MEDIA/IMAGES NEW /CAMPAIGNS/78287F80-2392-439C-8E62-C6610A9B933A.png","78287f80-2392-439c-8e62-c6610a9b933a","Identity and usage rights require review before assignment","below_90_percent","Confirm identity, role, rights and crop before manifest assignment"
"/Users/megdude/Downloads/PERKS MEDIA/IMAGES NEW /CAMPAIGNS/7D65A3E3-798E-46AF-8FC1-6073B237D58A 2.png","7d65a3e3-798e-46af-8fc1-6073b237d58a-2","Identity and usage rights require review before assignment","below_90_percent","Confirm identity, role, rights and crop before manifest assignment"
"/Users/megdude/Downloads/PERKS MEDIA/IMAGES NEW /CAMPAIGNS/7D65A3E3-798E-46AF-8FC1-6073B237D58A.png","7d65a3e3-798e-46af-8fc1-6073b237d58a","Identity and usage rights require review before assignment","below_90_percent","Confirm identity, role, rights and crop before manifest assignment"
"/Users/megdude/Downloads/PERKS MEDIA/IMAGES NEW /CAMPAIGNS/7F759C96-FE64-40BD-BADF-BEC3360461EF.jpeg","7f759c96-fe64-40bd-badf-bec3360461ef","Identity and usage rights require review before assignment","below_90_percent","Confirm identity, role, rights and crop before manifest assignment"
"/Users/megdude/Downloads/PERKS MEDIA/IMAGES NEW /CAMPAIGNS/82F9192C-11AE-401E-9979-E848F6BEA6F6.png","82f9192c-11ae-401e-9979-e848f6bea6f6","Identity and usage rights require review before assignment","below_90_percent","Confirm identity, role, rights and crop before manifest assignment"
"/Users/megdude/Downloads/PERKS MEDIA/IMAGES NEW /CAMPAIGNS/9E27A7BD-1C62-4F36-B1D5-DB7AC2B2C81E.png","9e27a7bd-1c62-4f36-b1d5-db7ac2b2c81e","Identity and usage rights require review before assignment","below_90_percent","Confirm identity, role, rights and crop before manifest assignment"
"/Users/megdude/Downloads/PERKS MEDIA/IMAGES NEW /CAMPAIGNS/A47AC4B9-F293-4ECA-A78E-C6B45A08285D 2.png","a47ac4b9-f293-4eca-a78e-c6b45a08285d-2","Identity and usage rights require review before assignment","below_90_percent","Confirm identity, role, rights and crop before manifest assignment"
"/Users/megdude/Downloads/PERKS MEDIA/IMAGES NEW /CAMPAIGNS/A47AC4B9-F293-4ECA-A78E-C6B45A08285D.png","a47ac4b9-f293-4eca-a78e-c6b45a08285d","Identity and usage rights require review before assignment","below_90_percent","Confirm identity, role, rights and crop before manifest assignment"
"/Users/megdude/Downloads/PERKS MEDIA/IMAGES NEW /CAMPAIGNS/AA9DE6DD-0370-46C2-AD36-0CF2B28C2F40.png","aa9de6dd-0370-46c2-ad36-0cf2b28c2f40","Identity and usage rights require review before assignment","below_90_percent","Confirm identity, role, rights and crop before manifest assignment"
"/Users/megdude/Downloads/PERKS MEDIA/IMAGES NEW /CAMPAIGNS/BA24513A-215A-43D4-8CA4-07A27585B4AA 2.png","ba24513a-215a-43d4-8ca4-07a27585b4aa-2","Identity and usage rights require review before assignment","below_90_percent","Confirm identity, role, rights and crop before manifest assignment"
"/Users/megdude/Downloads/PERKS MEDIA/IMAGES NEW /CAMPAIGNS/BA24513A-215A-43D4-8CA4-07A27585B4AA.png","ba24513a-215a-43d4-8ca4-07a27585b4aa","Identity and usage rights require review before assignment","below_90_percent","Confirm identity, role, rights and crop before manifest assignment"
"/Users/megdude/Downloads/PERKS MEDIA/IMAGES NEW /CAMPAIGNS/BBA90B60-0AA3-4B5E-B5A3-72A1DE0A8384.png","bba90b60-0aa3-4b5e-b5a3-72a1de0a8384","Identity and usage rights require review before assignment","below_90_percent","Confirm identity, role, rights and crop before manifest assignment"
"/Users/megdude/Downloads/PERKS MEDIA/IMAGES NEW /CAMPAIGNS/D4D9F485-13DD-44D2-B931-E9F8D8C307EA 2.png","d4d9f485-13dd-44d2-b931-e9f8d8c307ea-2","Identity and usage rights require review before assignment","below_90_percent","Confirm identity, role, rights and crop before manifest assignment"
"/Users/megdude/Downloads/PERKS MEDIA/IMAGES NEW /CAMPAIGNS/D4D9F485-13DD-44D2-B931-E9F8D8C307EA.png","d4d9f485-13dd-44d2-b931-e9f8d8c307ea","Identity and usage rights require review before assignment","below_90_percent","Confirm identity, role, rights and crop before manifest assignment"
"/Users/megdude/Downloads/PERKS MEDIA/IMAGES NEW /CAMPAIGNS/D5260A83-2412-4F1C-8749-0EC8E3FACCED 2.png","d5260a83-2412-4f1c-8749-0ec8e3facced-2","Identity and usage rights require review before assignment","below_90_percent","Confirm identity, role, rights and crop before manifest assignment"
"/Users/megdude/Downloads/PERKS MEDIA/IMAGES NEW /CAMPAIGNS/D5260A83-2412-4F1C-8749-0EC8E3FACCED.png","d5260a83-2412-4f1c-8749-0ec8e3facced","Identity and usage rights require review before assignment","below_90_percent","Confirm identity, role, rights and crop before manifest assignment"
"/Users/megdude/Downloads/PERKS MEDIA/IMAGES NEW /CAMPAIGNS/DAA CAMPAIGN.png","daa-campaign","Identity and usage rights require review before assignment","below_90_percent","Confirm identity, role, rights and crop before manifest assignment"
"/Users/megdude/Downloads/PERKS MEDIA/IMAGES NEW /CAMPAIGNS/DANA CAMPAIGN1.png","dana-campaign1","Identity and usage rights require review before assignment","below_90_percent","Confirm identity, role, rights and crop before manifest assignment"
"/Users/megdude/Downloads/PERKS MEDIA/IMAGES NEW /CAMPAIGNS/DANA campaign.png","dana-campaign","Identity and usage rights require review before assignment","below_90_percent","Confirm identity, role, rights and crop before manifest assignment"
"/Users/megdude/Downloads/PERKS MEDIA/IMAGES NEW /CAMPAIGNS/E7C1B0E4-A322-4DEF-BB22-1539305E351D.png","e7c1b0e4-a322-4def-bb22-1539305e351d","Identity and usage rights require review before assignment","below_90_percent","Confirm identity, role, rights and crop before manifest assignment"
"/Users/megdude/Downloads/PERKS MEDIA/IMAGES NEW /CAMPAIGNS/ECBEC617-4C49-4619-89ED-30E89B17FEB5.png","ecbec617-4c49-4619-89ed-30e89b17feb5","Identity and usage rights require review before assignment","below_90_percent","Confirm identity, role, rights and crop before manifest assignment"
"/Users/megdude/Downloads/PERKS MEDIA/IMAGES NEW /CAMPAIGNS/campaign.png","campaign","Identity and usage rights require review before assignment","below_90_percent","Confirm identity, role, rights and crop before manifest assignment"
"/Users/megdude/Downloads/PERKS MEDIA/IMAGES NEW /CAMPAIGNS/d1656854-328d-4947-b9a3-b775ad18418d.png","d1656854-328d-4947-b9a3-b775ad18418d","Identity and usage rights require review before assignment","below_90_percent","Confirm identity, role, rights and crop before manifest assignment"
"/Users/megdude/Downloads/PERKS MEDIA/IMAGES NEW /CAMPAIGNS/fine eyewear campaign.png","fine-eyewear-campaign","Identity and usage rights require review before assignment","below_90_percent","Confirm identity, role, rights and crop before manifest assignment"
"/Users/megdude/Downloads/PERKS MEDIA/IMAGES NEW /CAROSEL VIDEO /16.mp4","16","Identity and usage rights require review before assignment","below_90_percent","Confirm identity, role, rights and crop before manifest assignment"
"/Users/megdude/Downloads/PERKS MEDIA/IMAGES NEW /CAROSEL VIDEO /25.mp4","25","Identity and usage rights require review before assignment","below_90_percent","Confirm identity, role, rights and crop before manifest assignment"
"/Users/megdude/Downloads/PERKS MEDIA/IMAGES NEW /CAROSEL VIDEO /26.mp4","26","Identity and usage rights require review before assignment","below_90_percent","Confirm identity, role, rights and crop before manifest assignment"
"/Users/megdude/Downloads/PERKS MEDIA/IMAGES NEW /CAROSEL VIDEO /27.mp4","27","Identity and usage rights require review before assignment","below_90_percent","Confirm identity, role, rights and crop before manifest assignment"
"/Users/megdude/Downloads/PERKS MEDIA/IMAGES NEW /CAROSEL VIDEO /28.mp4","28","Identity and usage rights require review before assignment","below_90_percent","Confirm identity, role, rights and crop before manifest assignment"
"/Users/megdude/Downloads/PERKS MEDIA/IMAGES NEW /CAROSEL VIDEO /29.mp4","29","Identity and usage rights require review before assignment","below_90_percent","Confirm identity, role, rights and crop before manifest assignment"
"/Users/megdude/Downloads/PERKS MEDIA/IMAGES NEW /CAROSEL VIDEO /30.mp4","30","Identity and usage rights require review before assignment","below_90_percent","Confirm identity, role, rights and crop before manifest assignment"
"/Users/megdude/Downloads/PERKS MEDIA/IMAGES NEW /CAROSEL VIDEO /31.mp4","31","Identity and usage rights require review before assignment","below_90_percent","Confirm identity, role, rights and crop before manifest assignment"
"/Users/megdude/Downloads/PERKS MEDIA/IMAGES NEW /CAROSEL VIDEO /32.mp4","32","Identity and usage rights require review before assignment","below_90_percent","Confirm identity, role, rights and crop before manifest assignment"
"/Users/megdude/Downloads/PERKS MEDIA/IMAGES NEW /CAROSEL VIDEO /33.mp4","33","Identity and usage rights require review before assignment","below_90_percent","Confirm identity, role, rights and crop before manifest assignment"
"/Users/megdude/Downloads/PERKS MEDIA/IMAGES NEW /CAROSEL VIDEO /34.mp4","34","Identity and usage rights require review before assignment","below_90_percent","Confirm identity, role, rights and crop before manifest assignment"
"/Users/megdude/Downloads/PERKS MEDIA/IMAGES NEW /CAROSEL VIDEO /35.mp4","35","Identity and usage rights require review before assignment","below_90_percent","Confirm identity, role, rights and crop before manifest assignment"
"/Users/megdude/Downloads/PERKS MEDIA/IMAGES NEW /CAROSEL VIDEO /36.mp4","36","Identity and usage rights require review before assignment","below_90_percent","Confirm identity, role, rights and crop before manifest assignment"
"/Users/megdude/Downloads/PERKS MEDIA/IMAGES NEW /CAROSEL VIDEO /37.mp4","37","Identity and usage rights require review before assignment","below_90_percent","Confirm identity, role, rights and crop before manifest assignment"
"/Users/megdude/Downloads/PERKS MEDIA/IMAGES NEW /CAROSEL VIDEO /39.mp4","39","Identity and usage rights require review before assignment","below_90_percent","Confirm identity, role, rights and crop before manifest assignment"
"/Users/megdude/Downloads/PERKS MEDIA/IMAGES NEW /CAROSEL VIDEO /40.mp4","40","Identity and usage rights require review before assignment","below_90_percent","Confirm identity, role, rights and crop before manifest assignment"
"/Users/megdude/Downloads/PERKS MEDIA/IMAGES NEW /CAROSEL VIDEO /41.mp4","41","Identity and usage rights require review before assignment","below_90_percent","Confirm identity, role, rights and crop before manifest assignment"
"/Users/megdude/Downloads/PERKS MEDIA/IMAGES NEW /CAROSEL VIDEO /42.mp4","42","Identity and usage rights require review before assignment","below_90_percent","Confirm identity, role, rights and crop before manifest assignment"
"/Users/megdude/Downloads/PERKS MEDIA/IMAGES NEW /CAROSEL VIDEO /43.mp4","43","Identity and usage rights require review before assignment","below_90_percent","Confirm identity, role, rights and crop before manifest assignment"
"/Users/megdude/Downloads/PERKS MEDIA/IMAGES NEW /CAROSEL VIDEO /44.mp4","44","Identity and usage rights require review before assignment","below_90_percent","Confirm identity, role, rights and crop before manifest assignment"
"/Users/megdude/Downloads/PERKS MEDIA/IMAGES NEW /CAROSEL VIDEO /45.mp4","45","Identity and usage rights require review before assignment","below_90_percent","Confirm identity, role, rights and crop before manifest assignment"
"/Users/megdude/Downloads/PERKS MEDIA/IMAGES NEW /CAROSEL VIDEO /46.mp4","46","Identity and usage rights require review before assignment","below_90_percent","Confirm identity, role, rights and crop before manifest assignment"
"/Users/megdude/Downloads/PERKS MEDIA/IMAGES NEW /CAROSEL VIDEO /47.mp4","47","Identity and usage rights require review before assignment","below_90_percent","Confirm identity, role, rights and crop before manifest assignment"
"/Users/megdude/Downloads/PERKS MEDIA/IMAGES NEW /CAROSEL VIDEO /5.mp4","5","Identity and usage rights require review before assignment","below_90_percent","Confirm identity, role, rights and crop before manifest assignment"
"/Users/megdude/Downloads/PERKS MEDIA/IMAGES NEW /CAROSEL VIDEO /7.mp4","7","Identity and usage rights require review before assignment","below_90_percent","Confirm identity, role, rights and crop before manifest assignment"
"/Users/megdude/Downloads/PERKS MEDIA/IMAGES NEW /CAROSEL VIDEO /ATX happy hour.mp4","atx-happy-hour","Identity and usage rights require review before assignment","below_90_percent","Confirm identity, role, rights and crop before manifest assignment"
"/Users/megdude/Downloads/PERKS MEDIA/IMAGES NEW /CAROSEL VIDEO /BRAND ACTIVATIONS/Fine Eyewear.mp4","fine-eyewear","Identity and usage rights require review before assignment","below_90_percent","Confirm identity, role, rights and crop before manifest assignment"
"/Users/megdude/Downloads/PERKS MEDIA/IMAGES NEW /CAROSEL VIDEO /BRAND ACTIVATIONS/TOPO.mp4","topo","Identity and usage rights require review before assignment","below_90_percent","Confirm identity, role, rights and crop before manifest assignment"
"/Users/megdude/Downloads/PERKS MEDIA/IMAGES NEW /CAROSEL VIDEO /BRAND ACTIVATIONS/alo campaign.mp4","alo-campaign","Identity and usage rights require review before assignment","below_90_percent","Confirm identity, role, rights and crop before manifest assignment"
"/Users/megdude/Downloads/PERKS MEDIA/IMAGES NEW /CAROSEL VIDEO /BRAND ACTIVATIONS/boots.mp4","boots","Identity and usage rights require review before assignment","below_90_percent","Confirm identity, role, rights and crop before manifest assignment"
"/Users/megdude/Downloads/PERKS MEDIA/IMAGES NEW /CAROSEL VIDEO /BRAND ACTIVATIONS/cheers.mp4","cheers","Identity and usage rights require review before assignment","below_90_percent","Confirm identity, role, rights and crop before manifest assignment"
"/Users/megdude/Downloads/PERKS MEDIA/IMAGES NEW /CAROSEL VIDEO /BRAND ACTIVATIONS/hotel.mp4","hotel","Identity and usage rights require review before assignment","below_90_percent","Confirm identity, role, rights and crop before manifest assignment"
"/Users/megdude/Downloads/PERKS MEDIA/IMAGES NEW /CAROSEL VIDEO /BRAND ACTIVATIONS/property lake.mp4","property-lake","Identity and usage rights require review before assignment","below_90_percent","Confirm identity, role, rights and crop before manifest assignment"
"/Users/megdude/Downloads/PERKS MEDIA/IMAGES NEW /CAROSEL VIDEO /BRAND ACTIVATIONS/property.mp4","property","Identity and usage rights require review before assignment","below_90_percent","Confirm identity, role, rights and crop before manifest assignment"
"/Users/megdude/Downloads/PERKS MEDIA/IMAGES NEW /CAROSEL VIDEO /BRAND ACTIVATIONS/real estate.mp4","real-estate","Identity and usage rights require review before assignment","below_90_percent","Confirm identity, role, rights and crop before manifest assignment"
"/Users/megdude/Downloads/PERKS MEDIA/IMAGES NEW /CAROSEL VIDEO /BRAND ACTIVATIONS/riviain1.mp4","riviain1","Identity and usage rights require review before assignment","below_90_percent","Confirm identity, role, rights and crop before manifest assignment"
"/Users/megdude/Downloads/PERKS MEDIA/IMAGES NEW /CAROSEL VIDEO /BRAND ACTIVATIONS/rivian.mp4","rivian","Identity and usage rights require review before assignment","below_90_percent","Confirm identity, role, rights and crop before manifest assignment"
"/Users/megdude/Downloads/PERKS MEDIA/IMAGES NEW /CAROSEL VIDEO /BRAND ACTIVATIONS/rivian2,.mp4","rivian2","Identity and usage rights require review before assignment","below_90_percent","Confirm identity, role, rights and crop before manifest assignment"
"/Users/megdude/Downloads/PERKS MEDIA/IMAGES NEW /CAROSEL VIDEO /BRAND ACTIVATIONS/rivian3.mp4","rivian3","Identity and usage rights require review before assignment","below_90_percent","Confirm identity, role, rights and crop before manifest assignment"
"/Users/megdude/Downloads/PERKS MEDIA/IMAGES NEW /CAROSEL VIDEO /BRAND ACTIVATIONS/stay put meetup .png","stay-put-meetup","Identity and usage rights require review before assignment","below_90_percent","Confirm identity, role, rights and crop before manifest assignment"
"/Users/megdude/Downloads/PERKS MEDIA/IMAGES NEW /CAROSEL VIDEO /BRAND ACTIVATIONS/stay put sign.mp4","stay-put-sign","Identity and usage rights require review before assignment","below_90_percent","Confirm identity, role, rights and crop before manifest assignment"
"/Users/megdude/Downloads/PERKS MEDIA/IMAGES NEW /CAROSEL VIDEO /BRAND ACTIVATIONS/stayput.mp4","stayput","Identity and usage rights require review before assignment","below_90_percent","Confirm identity, role, rights and crop before manifest assignment"
"/Users/megdude/Downloads/PERKS MEDIA/IMAGES NEW /CAROSEL VIDEO /BRAND ACTIVATIONS/western hotel.mp4","western-hotel","Identity and usage rights require review before assignment","below_90_percent","Confirm identity, role, rights and crop before manifest assignment"
"/Users/megdude/Downloads/PERKS MEDIA/IMAGES NEW /CAROSEL VIDEO /Drone Lake Congress.mp4","drone-lake-congress","Identity and usage rights require review before assignment","below_90_percent","Confirm identity, role, rights and crop before manifest assignment"
"/Users/megdude/Downloads/PERKS MEDIA/IMAGES NEW /CAROSEL VIDEO /Find on Map.mp4","find-on-map","Identity and usage rights require review before assignment","below_90_percent","Confirm identity, role, rights and crop before manifest assignment"
"/Users/megdude/Downloads/PERKS MEDIA/IMAGES NEW /CAROSEL VIDEO /Fine eyewear try on.mp4","fine-eyewear-try-on","Identity and usage rights require review before assignment","below_90_percent","Confirm identity, role, rights and crop before manifest assignment"
"/Users/megdude/Downloads/PERKS MEDIA/IMAGES NEW /CAROSEL VIDEO /Fine eyewear try on1.mp4","fine-eyewear-try-on1","Identity and usage rights require review before assignment","below_90_percent","Confirm identity, role, rights and crop before manifest assignment"
"/Users/megdude/Downloads/PERKS MEDIA/IMAGES NEW /CAROSEL VIDEO /Hospitality.mp4","hospitality","Identity and usage rights require review before assignment","below_90_percent","Confirm identity, role, rights and crop before manifest assignment"
"/Users/megdude/Downloads/PERKS MEDIA/IMAGES NEW /CAROSEL VIDEO /LIVE MUSIC.mp4","live-music","Identity and usage rights require review before assignment","below_90_percent","Confirm identity, role, rights and crop before manifest assignment"
"/Users/megdude/Downloads/PERKS MEDIA/IMAGES NEW /CAROSEL VIDEO /PARTNERS HERO/1 copy.mp4","1-copy","Identity and usage rights require review before assignment","below_90_percent","Confirm identity, role, rights and crop before manifest assignment"
"/Users/megdude/Downloads/PERKS MEDIA/IMAGES NEW /CAROSEL VIDEO /PARTNERS HERO/1.mp4","1","Identity and usage rights require review before assignment","below_90_percent","Confirm identity, role, rights and crop before manifest assignment"
"/Users/megdude/Downloads/PERKS MEDIA/IMAGES NEW /CAROSEL VIDEO /PARTNERS HERO/11.mp4","11","Identity and usage rights require review before assignment","below_90_percent","Confirm identity, role, rights and crop before manifest assignment"
"/Users/megdude/Downloads/PERKS MEDIA/IMAGES NEW /CAROSEL VIDEO /PARTNERS HERO/12.mp4","12","Identity and usage rights require review before assignment","below_90_percent","Confirm identity, role, rights and crop before manifest assignment"
"/Users/megdude/Downloads/PERKS MEDIA/IMAGES NEW /CAROSEL VIDEO /PARTNERS HERO/13.mp4","13","Identity and usage rights require review before assignment","below_90_percent","Confirm identity, role, rights and crop before manifest assignment"
"/Users/megdude/Downloads/PERKS MEDIA/IMAGES NEW /CAROSEL VIDEO /PARTNERS HERO/14.mp4","14","Identity and usage rights require review before assignment","below_90_percent","Confirm identity, role, rights and crop before manifest assignment"
"/Users/megdude/Downloads/PERKS MEDIA/IMAGES NEW /CAROSEL VIDEO /PARTNERS HERO/15.mp4","15","Identity and usage rights require review before assignment","below_90_percent","Confirm identity, role, rights and crop before manifest assignment"
"/Users/megdude/Downloads/PERKS MEDIA/IMAGES NEW /CAROSEL VIDEO /PARTNERS HERO/16.mp4","16","Identity and usage rights require review before assignment","below_90_percent","Confirm identity, role, rights and crop before manifest assignment"
"/Users/megdude/Downloads/PERKS MEDIA/IMAGES NEW /CAROSEL VIDEO /PARTNERS HERO/17.mp4","17","Identity and usage rights require review before assignment","below_90_percent","Confirm identity, role, rights and crop before manifest assignment"
"/Users/megdude/Downloads/PERKS MEDIA/IMAGES NEW /CAROSEL VIDEO /PARTNERS HERO/18.mp4","18","Identity and usage rights require review before assignment","below_90_percent","Confirm identity, role, rights and crop before manifest assignment"
"/Users/megdude/Downloads/PERKS MEDIA/IMAGES NEW /CAROSEL VIDEO /PARTNERS HERO/19.mp4","19","Identity and usage rights require review before assignment","below_90_percent","Confirm identity, role, rights and crop before manifest assignment"
"/Users/megdude/Downloads/PERKS MEDIA/IMAGES NEW /CAROSEL VIDEO /PARTNERS HERO/22.mp4","22","Identity and usage rights require review before assignment","below_90_percent","Confirm identity, role, rights and crop before manifest assignment"
"/Users/megdude/Downloads/PERKS MEDIA/IMAGES NEW /CAROSEL VIDEO /PARTNERS HERO/23.mp4","23","Identity and usage rights require review before assignment","below_90_percent","Confirm identity, role, rights and crop before manifest assignment"
"/Users/megdude/Downloads/PERKS MEDIA/IMAGES NEW /CAROSEL VIDEO /PARTNERS HERO/25.mp4","25","Identity and usage rights require review before assignment","below_90_percent","Confirm identity, role, rights and crop before manifest assignment"
"/Users/megdude/Downloads/PERKS MEDIA/IMAGES NEW /CAROSEL VIDEO /PARTNERS HERO/26.mp4","26","Identity and usage rights require review before assignment","below_90_percent","Confirm identity, role, rights and crop before manifest assignment"
"/Users/megdude/Downloads/PERKS MEDIA/IMAGES NEW /CAROSEL VIDEO /PARTNERS HERO/27 copy.mp4","27-copy","Identity and usage rights require review before assignment","below_90_percent","Confirm identity, role, rights and crop before manifest assignment"
"/Users/megdude/Downloads/PERKS MEDIA/IMAGES NEW /CAROSEL VIDEO /PARTNERS HERO/27.mp4","27","Identity and usage rights require review before assignment","below_90_percent","Confirm identity, role, rights and crop before manifest assignment"
"/Users/megdude/Downloads/PERKS MEDIA/IMAGES NEW /CAROSEL VIDEO /PARTNERS HERO/28.mp4","28","Identity and usage rights require review before assignment","below_90_percent","Confirm identity, role, rights and crop before manifest assignment"
"/Users/megdude/Downloads/PERKS MEDIA/IMAGES NEW /CAROSEL VIDEO /PARTNERS HERO/29 copy.mp4","29-copy","Identity and usage rights require review before assignment","below_90_percent","Confirm identity, role, rights and crop before manifest assignment"
"/Users/megdude/Downloads/PERKS MEDIA/IMAGES NEW /CAROSEL VIDEO /PARTNERS HERO/29.mp4","29","Identity and usage rights require review before assignment","below_90_percent","Confirm identity, role, rights and crop before manifest assignment"
"/Users/megdude/Downloads/PERKS MEDIA/IMAGES NEW /CAROSEL VIDEO /PARTNERS HERO/30.mp4","30","Identity and usage rights require review before assignment","below_90_percent","Confirm identity, role, rights and crop before manifest assignment"
"/Users/megdude/Downloads/PERKS MEDIA/IMAGES NEW /CAROSEL VIDEO /PARTNERS HERO/32 copy.mp4","32-copy","Identity and usage rights require review before assignment","below_90_percent","Confirm identity, role, rights and crop before manifest assignment"
"/Users/megdude/Downloads/PERKS MEDIA/IMAGES NEW /CAROSEL VIDEO /PARTNERS HERO/32.mp4","32","Identity and usage rights require review before assignment","below_90_percent","Confirm identity, role, rights and crop before manifest assignment"
"/Users/megdude/Downloads/PERKS MEDIA/IMAGES NEW /CAROSEL VIDEO /PARTNERS HERO/33.mp4","33","Identity and usage rights require review before assignment","below_90_percent","Confirm identity, role, rights and crop before manifest assignment"
"/Users/megdude/Downloads/PERKS MEDIA/IMAGES NEW /CAROSEL VIDEO /PARTNERS HERO/35.mp4","35","Identity and usage rights require review before assignment","below_90_percent","Confirm identity, role, rights and crop before manifest assignment"
"/Users/megdude/Downloads/PERKS MEDIA/IMAGES NEW /CAROSEL VIDEO /PARTNERS HERO/4.mp4","4","Identity and usage rights require review before assignment","below_90_percent","Confirm identity, role, rights and crop before manifest assignment"
"/Users/megdude/Downloads/PERKS MEDIA/IMAGES NEW /CAROSEL VIDEO /PARTNERS HERO/45.mp4","45","Identity and usage rights require review before assignment","below_90_percent","Confirm identity, role, rights and crop before manifest assignment"
"/Users/megdude/Downloads/PERKS MEDIA/IMAGES NEW /CAROSEL VIDEO /PARTNERS HERO/46.mp4","46","Identity and usage rights require review before assignment","below_90_percent","Confirm identity, role, rights and crop before manifest assignment"
"/Users/megdude/Downloads/PERKS MEDIA/IMAGES NEW /CAROSEL VIDEO /PARTNERS HERO/5.mp4","5","Identity and usage rights require review before assignment","below_90_percent","Confirm identity, role, rights and crop before manifest assignment"
"/Users/megdude/Downloads/PERKS MEDIA/IMAGES NEW /CAROSEL VIDEO /PARTNERS HERO/50 copy.mp4","50-copy","Identity and usage rights require review before assignment","below_90_percent","Confirm identity, role, rights and crop before manifest assignment"
"/Users/megdude/Downloads/PERKS MEDIA/IMAGES NEW /CAROSEL VIDEO /PARTNERS HERO/52 copy.mp4","52-copy","Identity and usage rights require review before assignment","below_90_percent","Confirm identity, role, rights and crop before manifest assignment"
"/Users/megdude/Downloads/PERKS MEDIA/IMAGES NEW /CAROSEL VIDEO /PARTNERS HERO/54 copy.mp4","54-copy","Identity and usage rights require review before assignment","below_90_percent","Confirm identity, role, rights and crop before manifest assignment"
"/Users/megdude/Downloads/PERKS MEDIA/IMAGES NEW /CAROSEL VIDEO /PARTNERS HERO/55.mp4","55","Identity and usage rights require review before assignment","below_90_percent","Confirm identity, role, rights and crop before manifest assignment"
"/Users/megdude/Downloads/PERKS MEDIA/IMAGES NEW /CAROSEL VIDEO /PARTNERS HERO/56.mp4","56","Identity and usage rights require review before assignment","below_90_percent","Confirm identity, role, rights and crop before manifest assignment"
"/Users/megdude/Downloads/PERKS MEDIA/IMAGES NEW /CAROSEL VIDEO /PARTNERS HERO/6.mp4","6","Identity and usage rights require review before assignment","below_90_percent","Confirm identity, role, rights and crop before manifest assignment"
"/Users/megdude/Downloads/PERKS MEDIA/IMAGES NEW /CAROSEL VIDEO /PARTNERS HERO/65.mp4","65","Identity and usage rights require review before assignment","below_90_percent","Confirm identity, role, rights and crop before manifest assignment"
"/Users/megdude/Downloads/PERKS MEDIA/IMAGES NEW /CAROSEL VIDEO /PARTNERS HERO/67.mp4","67","Identity and usage rights require review before assignment","below_90_percent","Confirm identity, role, rights and crop before manifest assignment"
"/Users/megdude/Downloads/PERKS MEDIA/IMAGES NEW /CAROSEL VIDEO /PARTNERS HERO/7.mp4","7","Identity and usage rights require review before assignment","below_90_percent","Confirm identity, role, rights and crop before manifest assignment"
"/Users/megdude/Downloads/PERKS MEDIA/IMAGES NEW /CAROSEL VIDEO /PARTNERS HERO/73.mp4","73","Identity and usage rights require review before assignment","below_90_percent","Confirm identity, role, rights and crop before manifest assignment"
"/Users/megdude/Downloads/PERKS MEDIA/IMAGES NEW /CAROSEL VIDEO /PARTNERS HERO/76.mp4","76","Identity and usage rights require review before assignment","below_90_percent","Confirm identity, role, rights and crop before manifest assignment"
"/Users/megdude/Downloads/PERKS MEDIA/IMAGES NEW /CAROSEL VIDEO /PARTNERS HERO/8.mp4","8","Identity and usage rights require review before assignment","below_90_percent","Confirm identity, role, rights and crop before manifest assignment"
"/Users/megdude/Downloads/PERKS MEDIA/IMAGES NEW /CAROSEL VIDEO /Qr Code Scan.mp4","qr-code-scan","Identity and usage rights require review before assignment","below_90_percent","Confirm identity, role, rights and crop before manifest assignment"
"/Users/megdude/Downloads/PERKS MEDIA/IMAGES NEW /CAROSEL VIDEO /RESIDENTS HERO/1.mp4","1","Identity and usage rights require review before assignment","below_90_percent","Confirm identity, role, rights and crop before manifest assignment"
"/Users/megdude/Downloads/PERKS MEDIA/IMAGES NEW /CAROSEL VIDEO /RESIDENTS HERO/2.mp4","2","Identity and usage rights require review before assignment","below_90_percent","Confirm identity, role, rights and crop before manifest assignment"
"/Users/megdude/Downloads/PERKS MEDIA/IMAGES NEW /CAROSEL VIDEO /RESIDENTS HERO/3.mp4","3","Identity and usage rights require review before assignment","below_90_percent","Confirm identity, role, rights and crop before manifest assignment"
"/Users/megdude/Downloads/PERKS MEDIA/IMAGES NEW /CAROSEL VIDEO /RESIDENTS HERO/4.mp4","4","Identity and usage rights require review before assignment","below_90_percent","Confirm identity, role, rights and crop before manifest assignment"
"/Users/megdude/Downloads/PERKS MEDIA/IMAGES NEW /CAROSEL VIDEO /RESIDENTS HERO/5.mp4","5","Identity and usage rights require review before assignment","below_90_percent","Confirm identity, role, rights and crop before manifest assignment"
"/Users/megdude/Downloads/PERKS MEDIA/IMAGES NEW /CAROSEL VIDEO /SECOND ANIMATION/1.mp4","1","Identity and usage rights require review before assignment","below_90_percent","Confirm identity, role, rights and crop before manifest assignment"
"/Users/megdude/Downloads/PERKS MEDIA/IMAGES NEW /CAROSEL VIDEO /SECOND ANIMATION/2.mp4","2","Identity and usage rights require review before assignment","below_90_percent","Confirm identity, role, rights and crop before manifest assignment"
"/Users/megdude/Downloads/PERKS MEDIA/IMAGES NEW /CAROSEL VIDEO /SECOND ANIMATION/3.mp4","3","Identity and usage rights require review before assignment","below_90_percent","Confirm identity, role, rights and crop before manifest assignment"
"/Users/megdude/Downloads/PERKS MEDIA/IMAGES NEW /CAROSEL VIDEO /SECOND ANIMATION/4.mp4","4","Identity and usage rights require review before assignment","below_90_percent","Confirm identity, role, rights and crop before manifest assignment"
"/Users/megdude/Downloads/PERKS MEDIA/IMAGES NEW /CAROSEL VIDEO /SECOND ANIMATION/5.mp4","5","Identity and usage rights require review before assignment","below_90_percent","Confirm identity, role, rights and crop before manifest assignment"
"/Users/megdude/Downloads/PERKS MEDIA/IMAGES NEW /CAROSEL VIDEO /SECOND ANIMATION/6.mp4","6","Identity and usage rights require review before assignment","below_90_percent","Confirm identity, role, rights and crop before manifest assignment"
"/Users/megdude/Downloads/PERKS MEDIA/IMAGES NEW /CAROSEL VIDEO /SECOND ANIMATION/7.mp4","7","Identity and usage rights require review before assignment","below_90_percent","Confirm identity, role, rights and crop before manifest assignment"
"/Users/megdude/Downloads/PERKS MEDIA/IMAGES NEW /CAROSEL VIDEO /SECOND ANIMATION/RESIDENT VIDEO.mp4","resident-video","Identity and usage rights require review before assignment","below_90_percent","Confirm identity, role, rights and crop before manifest assignment"
"/Users/megdude/Downloads/PERKS MEDIA/IMAGES NEW /CAROSEL VIDEO /SECOND ANIMATION/RESIDENT VIDEO1.mp4","resident-video1","Identity and usage rights require review before assignment","below_90_percent","Confirm identity, role, rights and crop before manifest assignment"
"/Users/megdude/Downloads/PERKS MEDIA/IMAGES NEW /CAROSEL VIDEO /STAY FOR NEIGHBORHOOD.mp4","stay-for-neighborhood","Identity and usage rights require review before assignment","below_90_percent","Confirm identity, role, rights and crop before manifest assignment"
"/Users/megdude/Downloads/PERKS MEDIA/IMAGES NEW /CAROSEL VIDEO /Turn a stay into a visit..mp4","turn-a-stay-into-a-visit","Identity and usage rights require review before assignment","below_90_percent","Confirm identity, role, rights and crop before manifest assignment"
"/Users/megdude/Downloads/PERKS MEDIA/IMAGES NEW /CAROSEL VIDEO /antones.mov","antones","Identity and usage rights require review before assignment","below_90_percent","Confirm identity, role, rights and crop before manifest assignment"
"/Users/megdude/Downloads/PERKS MEDIA/IMAGES NEW /CAROSEL VIDEO /apartment.mp4","apartment","Identity and usage rights require review before assignment","below_90_percent","Confirm identity, role, rights and crop before manifest assignment"
"/Users/megdude/Downloads/PERKS MEDIA/IMAGES NEW /CAROSEL VIDEO /apartmwnt.mp4","apartmwnt","Identity and usage rights require review before assignment","below_90_percent","Confirm identity, role, rights and crop before manifest assignment"
"/Users/megdude/Downloads/PERKS MEDIA/IMAGES NEW /CAROSEL VIDEO /bangers.mp4","bangers","Identity and usage rights require review before assignment","below_90_percent","Confirm identity, role, rights and crop before manifest assignment"
"/Users/megdude/Downloads/PERKS MEDIA/IMAGES NEW /CAROSEL VIDEO /beer pour.mp4","beer-pour","Identity and usage rights require review before assignment","below_90_percent","Confirm identity, role, rights and crop before manifest assignment"
"/Users/megdude/Downloads/PERKS MEDIA/IMAGES NEW /CAROSEL VIDEO /beer.mp4","beer","Identity and usage rights require review before assignment","below_90_percent","Confirm identity, role, rights and crop before manifest assignment"
"/Users/megdude/Downloads/PERKS MEDIA/IMAGES NEW /CAROSEL VIDEO /bikes civic.mp4","bikes-civic","Identity and usage rights require review before assignment","below_90_percent","Confirm identity, role, rights and crop before manifest assignment"
"/Users/megdude/Downloads/PERKS MEDIA/IMAGES NEW /CAROSEL VIDEO /champaign.mp4","champaign","Identity and usage rights require review before assignment","below_90_percent","Confirm identity, role, rights and crop before manifest assignment"
"/Users/megdude/Downloads/PERKS MEDIA/IMAGES NEW /CAROSEL VIDEO /cocktail.mp4","cocktail","Identity and usage rights require review before assignment","below_90_percent","Confirm identity, role, rights and crop before manifest assignment"
"/Users/megdude/Downloads/PERKS MEDIA/IMAGES NEW /CAROSEL VIDEO /conceirage.mp4","conceirage","Identity and usage rights require review before assignment","below_90_percent","Confirm identity, role, rights and crop before manifest assignment"
"/Users/megdude/Downloads/PERKS MEDIA/IMAGES NEW /CAROSEL VIDEO /concert.mp4","concert","Identity and usage rights require review before assignment","below_90_percent","Confirm identity, role, rights and crop before manifest assignment"
"/Users/megdude/Downloads/PERKS MEDIA/IMAGES NEW /CAROSEL VIDEO /couple.mp4","couple","Identity and usage rights require review before assignment","below_90_percent","Confirm identity, role, rights and crop before manifest assignment"
"/Users/megdude/Downloads/PERKS MEDIA/IMAGES NEW /CAROSEL VIDEO /drinks.mp4","drinks","Identity and usage rights require review before assignment","below_90_percent","Confirm identity, role, rights and crop before manifest assignment"
"/Users/megdude/Downloads/PERKS MEDIA/IMAGES NEW /CAROSEL VIDEO /event sponsored.mp4","event-sponsored","Identity and usage rights require review before assignment","below_90_percent","Confirm identity, role, rights and crop before manifest assignment"
"/Users/megdude/Downloads/PERKS MEDIA/IMAGES NEW /CAROSEL VIDEO /event.mp4","event","Identity and usage rights require review before assignment","below_90_percent","Confirm identity, role, rights and crop before manifest assignment"
"/Users/megdude/Downloads/PERKS MEDIA/IMAGES NEW /CAROSEL VIDEO /fine eyewear copy.png","fine-eyewear-copy","Identity and usage rights require review before assignment","below_90_percent","Confirm identity, role, rights and crop before manifest assignment"
"/Users/megdude/Downloads/PERKS MEDIA/IMAGES NEW /CAROSEL VIDEO /first thursday.mp4","first-thursday","Identity and usage rights require review before assignment","below_90_percent","Confirm identity, role, rights and crop before manifest assignment"
"/Users/megdude/Downloads/PERKS MEDIA/IMAGES NEW /CAROSEL VIDEO /food video.mp4","food-video","Identity and usage rights require review before assignment","below_90_percent","Confirm identity, role, rights and crop before manifest assignment"
"/Users/megdude/Downloads/PERKS MEDIA/IMAGES NEW /CAROSEL VIDEO /food.mp4","food","Identity and usage rights require review before assignment","below_90_percent","Confirm identity, role, rights and crop before manifest assignment"
"/Users/megdude/Downloads/PERKS MEDIA/IMAGES NEW /CAROSEL VIDEO /guest arriving.mp4","guest-arriving","Identity and usage rights require review before assignment","below_90_percent","Confirm identity, role, rights and crop before manifest assignment"
"/Users/megdude/Downloads/PERKS MEDIA/IMAGES NEW /CAROSEL VIDEO /help find.mp4","help-find","Identity and usage rights require review before assignment","below_90_percent","Confirm identity, role, rights and crop before manifest assignment"
"/Users/megdude/Downloads/PERKS MEDIA/IMAGES NEW /CAROSEL VIDEO /hotel.mp4","hotel","Identity and usage rights require review before assignment","below_90_percent","Confirm identity, role, rights and crop before manifest assignment"
"/Users/megdude/Downloads/PERKS MEDIA/IMAGES NEW /CAROSEL VIDEO /manager.mp4","manager","Identity and usage rights require review before assignment","below_90_percent","Confirm identity, role, rights and crop before manifest assignment"
"/Users/megdude/Downloads/PERKS MEDIA/IMAGES NEW /CAROSEL VIDEO /one the map .png","one-the-map","Identity and usage rights require review before assignment","below_90_percent","Confirm identity, role, rights and crop before manifest assignment"
"/Users/megdude/Downloads/PERKS MEDIA/IMAGES NEW /CAROSEL VIDEO /p6 Hotel Austin in Austin, TX Four Seasons Hotel Austin in Austin,.mp4","p6-hotel-austin-in-austin-tx-four-seasons-hotel-austin-in-austin","Identity and usage rights require review before assignment","below_90_percent","Confirm identity, role, rights and crop before manifest assignment"
"/Users/megdude/Downloads/PERKS MEDIA/IMAGES NEW /CAROSEL VIDEO /parking.mp4","parking","Identity and usage rights require review before assignment","below_90_percent","Confirm identity, role, rights and crop before manifest assignment"
"/Users/megdude/Downloads/PERKS MEDIA/IMAGES NEW /CAROSEL VIDEO /partner civic.mp4","partner-civic","Identity and usage rights require review before assignment","below_90_percent","Confirm identity, role, rights and crop before manifest assignment"
"/Users/megdude/Downloads/PERKS MEDIA/IMAGES NEW /CAROSEL VIDEO /partner property.mp4","partner-property","Identity and usage rights require review before assignment","below_90_percent","Confirm identity, role, rights and crop before manifest assignment"
"/Users/megdude/Downloads/PERKS MEDIA/IMAGES NEW /CAROSEL VIDEO /partner venue antones live music  Austin in Austin, TX Four Seasons Hotel Austin in Austin, TX Four Seasons Hotel Austin in Austin,.mp4","partner-venue-antones-live-music-austin-in-austin-tx-four-seasons-hotel-austin-in-austin-tx-four-seasons-hotel-austin-in-austin","Identity and usage rights require review before assignment","below_90_percent","Confirm identity, role, rights and crop before manifest assignment"
"/Users/megdude/Downloads/PERKS MEDIA/IMAGES NEW /CAROSEL VIDEO /partner venue.mp4","partner-venue","Identity and usage rights require review before assignment","below_90_percent","Confirm identity, role, rights and crop before manifest assignment"
"/Users/megdude/Downloads/PERKS MEDIA/IMAGES NEW /CAROSEL VIDEO /pizza.mp4","pizza","Identity and usage rights require review before assignment","below_90_percent","Confirm identity, role, rights and crop before manifest assignment"
"/Users/megdude/Downloads/PERKS MEDIA/IMAGES NEW /CAROSEL VIDEO /property.mp4","property","Identity and usage rights require review before assignment","below_90_percent","Confirm identity, role, rights and crop before manifest assignment"
"/Users/megdude/Downloads/PERKS MEDIA/IMAGES NEW /CAROSEL VIDEO /qr at front desk .mp4","qr-at-front-desk","Identity and usage rights require review before assignment","below_90_percent","Confirm identity, role, rights and crop before manifest assignment"
"/Users/megdude/Downloads/PERKS MEDIA/IMAGES NEW /CAROSEL VIDEO /qr scan man.mp4","qr-scan-man","Identity and usage rights require review before assignment","below_90_percent","Confirm identity, role, rights and crop before manifest assignment"
"/Users/megdude/Downloads/PERKS MEDIA/IMAGES NEW /CAROSEL VIDEO /riviuan.mp4","riviuan","Identity and usage rights require review before assignment","below_90_percent","Confirm identity, role, rights and crop before manifest assignment"
"/Users/megdude/Downloads/PERKS MEDIA/IMAGES NEW /CAROSEL VIDEO /rooftop .mp4","rooftop","Identity and usage rights require review before assignment","below_90_percent","Confirm identity, role, rights and crop before manifest assignment"
"/Users/megdude/Downloads/PERKS MEDIA/IMAGES NEW /CAROSEL VIDEO /rooftop dj.mp4","rooftop-dj","Identity and usage rights require review before assignment","below_90_percent","Confirm identity, role, rights and crop before manifest assignment"
"/Users/megdude/Downloads/PERKS MEDIA/IMAGES NEW /CAROSEL VIDEO /rooftop party.mp4","rooftop-party","Identity and usage rights require review before assignment","below_90_percent","Confirm identity, role, rights and crop before manifest assignment"
"/Users/megdude/Downloads/PERKS MEDIA/IMAGES NEW /CAROSEL VIDEO /scan POS.mp4","scan-pos","Identity and usage rights require review before assignment","below_90_percent","Confirm identity, role, rights and crop before manifest assignment"
"/Users/megdude/Downloads/PERKS MEDIA/IMAGES NEW /CAROSEL VIDEO /trail.mp4","trail","Identity and usage rights require review before assignment","below_90_percent","Confirm identity, role, rights and crop before manifest assignment"
"/Users/megdude/Downloads/PERKS MEDIA/IMAGES NEW /CAROSEL VIDEO /waterloo.mp4","waterloo","Identity and usage rights require review before assignment","below_90_percent","Confirm identity, role, rights and crop before manifest assignment"
"/Users/megdude/Downloads/PERKS MEDIA/IMAGES NEW /CIVIC/03 waterloo park.jpeg","03-waterloo-park","Identity and usage rights require review before assignment","below_90_percent","Confirm identity, role, rights and crop before manifest assignment"
"/Users/megdude/Downloads/PERKS MEDIA/IMAGES NEW /CIVIC/DANA sign up .png","dana-sign-up","Identity and usage rights require review before assignment","below_90_percent","Confirm identity, role, rights and crop before manifest assignment"
"/Users/megdude/Downloads/PERKS MEDIA/IMAGES NEW /CIVIC/civic green spaces.png","civic-green-spaces","Identity and usage rights require review before assignment","below_90_percent","Confirm identity, role, rights and crop before manifest assignment"
"/Users/megdude/Downloads/PERKS MEDIA/IMAGES NEW /CIVIC/civic tour copy.png","civic-tour-copy","Identity and usage rights require review before assignment","below_90_percent","Confirm identity, role, rights and crop before manifest assignment"
"/Users/megdude/Downloads/PERKS MEDIA/IMAGES NEW /CIVIC/civic tour.mp4","civic-tour","Identity and usage rights require review before assignment","below_90_percent","Confirm identity, role, rights and crop before manifest assignment"
"/Users/megdude/Downloads/PERKS MEDIA/IMAGES NEW /CIVIC/civic tour.png","civic-tour","Identity and usage rights require review before assignment","below_90_percent","Confirm identity, role, rights and crop before manifest assignment"
"/Users/megdude/Downloads/PERKS MEDIA/IMAGES NEW /CIVIC/district picnic.png","district-picnic","Identity and usage rights require review before assignment","below_90_percent","Confirm identity, role, rights and crop before manifest assignment"
"/Users/megdude/Downloads/PERKS MEDIA/IMAGES NEW /CIVIC/manager greeting.png","manager-greeting","Identity and usage rights require review before assignment","below_90_percent","Confirm identity, role, rights and crop before manifest assignment"
"/Users/megdude/Downloads/PERKS MEDIA/IMAGES NEW /COCKTAILS/Gk8Zkks_kLrlOd4AnQrH7SYgiL-NSjl1IMdbI7yzFuLefubcyTkjtOQRQzs8YPPHzJseweyqIhAS8wZZewvdTpfmlsIY98akevKSQobgxR8XKh2_A6_o2ypB7Qszfy2eZ9drceSV9y8a2cqntLN1Ey_yWm6OdlGFNE84wx00gDOAwgGBjWNG-8fs-QMDxqMM.jpeg","gk8zkks-klrlod4anqrh7sygil-nsjl1imdbi7yzfulefubcytkjtoqrqzs8ypphzjseweyqihas8wzzewvdtpfmlsiy98akevksqobgxr8xkh2-a6-o2ypb7qszfy2ez9drcesv9y8a2cqntln1ey-ywm6odlgfne84wx00gdoawggbjwng-8fs-qmdxqmm","Identity and usage rights require review before assignment","below_90_percent","Confirm identity, role, rights and crop before manifest assignment"
"/Users/megdude/Downloads/PERKS MEDIA/IMAGES NEW /COFFEE/coffee map.png","coffee-map","Identity and usage rights require review before assignment","below_90_percent","Confirm identity, role, rights and crop before manifest assignment"
"/Users/megdude/Downloads/PERKS MEDIA/IMAGES NEW /COFFEE/img17-d7c701f7-b60d-47ec-946e-bf429f6488c2_0.jpg","img17-d7c701f7-b60d-47ec-946e-bf429f6488c2-0","Identity and usage rights require review before assignment","below_90_percent","Confirm identity, role, rights and crop before manifest assignment"
"/Users/megdude/Downloads/PERKS MEDIA/IMAGES NEW /COFFEE/joes coffee 1.png","joes-coffee-1","Identity and usage rights require review before assignment","below_90_percent","Confirm identity, role, rights and crop before manifest assignment"
"/Users/megdude/Downloads/PERKS MEDIA/IMAGES NEW /COFFEE/joes cofffee 2.png","joes-cofffee-2","Identity and usage rights require review before assignment","below_90_percent","Confirm identity, role, rights and crop before manifest assignment"
"/Users/megdude/Downloads/PERKS MEDIA/IMAGES NEW /COFFEE/joes.png","joes","Identity and usage rights require review before assignment","below_90_percent","Confirm identity, role, rights and crop before manifest assignment"
"/Users/megdude/Downloads/PERKS MEDIA/IMAGES NEW /CONCEIRGE/Restaurant manager speaking with staff before opening..png","restaurant-manager-speaking-with-staff-before-opening","Identity and usage rights require review before assignment","below_90_percent","Confirm identity, role, rights and crop before manifest assignment"
"/Users/megdude/Downloads/PERKS MEDIA/IMAGES NEW /CONCEIRGE/Welcome Host.jpeg","welcome-host","Identity and usage rights require review before assignment","below_90_percent","Confirm identity, role, rights and crop before manifest assignment"
"/Users/megdude/Downloads/PERKS MEDIA/IMAGES NEW /CONCEIRGE/d022258a-9b64-4e61-bf8f-c03b77bfd361.png","d022258a-9b64-4e61-bf8f-c03b77bfd361","Identity and usage rights require review before assignment","below_90_percent","Confirm identity, role, rights and crop before manifest assignment"
"/Users/megdude/Downloads/PERKS MEDIA/IMAGES NEW /CONCEIRGE/help us a perk.png","help-us-a-perk","Identity and usage rights require review before assignment","below_90_percent","Confirm identity, role, rights and crop before manifest assignment"
"/Users/megdude/Downloads/PERKS MEDIA/IMAGES NEW /CONCEIRGE/resident move in day .png","resident-move-in-day","Identity and usage rights require review before assignment","below_90_percent","Confirm identity, role, rights and crop before manifest assignment"
"/Users/megdude/Downloads/PERKS MEDIA/IMAGES NEW /DASHBOARD/80e21c09-5173-4db3-acde-4e2c0dc7009b.png","80e21c09-5173-4db3-acde-4e2c0dc7009b","Identity and usage rights require review before assignment","below_90_percent","Confirm identity, role, rights and crop before manifest assignment"
"/Users/megdude/Downloads/PERKS MEDIA/IMAGES NEW /DASHBOARD/AI inisghts.png","ai-inisghts","Identity and usage rights require review before assignment","below_90_percent","Confirm identity, role, rights and crop before manifest assignment"
"/Users/megdude/Downloads/PERKS MEDIA/IMAGES NEW /DASHBOARD/AI insights dashboard for community management.png","ai-insights-dashboard-for-community-management","Identity and usage rights require review before assignment","below_90_percent","Confirm identity, role, rights and crop before manifest assignment"
"/Users/megdude/Downloads/PERKS MEDIA/IMAGES NEW /DASHBOARD/AI insights dashboard interface mockup.png","ai-insights-dashboard-interface-mockup","Identity and usage rights require review before assignment","below_90_percent","Confirm identity, role, rights and crop before manifest assignment"
"/Users/megdude/Downloads/PERKS MEDIA/IMAGES NEW /DASHBOARD/Elegant corporate monthly report layout.png","elegant-corporate-monthly-report-layout","Identity and usage rights require review before assignment","below_90_percent","Confirm identity, role, rights and crop before manifest assignment"
"/Users/megdude/Downloads/PERKS MEDIA/IMAGES NEW /DASHBOARD/dashboard.png","dashboard","Identity and usage rights require review before assignment","below_90_percent","Confirm identity, role, rights and crop before manifest assignment"
"/Users/megdude/Downloads/PERKS MEDIA/IMAGES NEW /DAY IN THE LIFE/day in life.png","day-in-life","Identity and usage rights require review before assignment","below_90_percent","Confirm identity, role, rights and crop before manifest assignment"
"/Users/megdude/Downloads/PERKS MEDIA/IMAGES NEW /DAY IN THE LIFE/lifestyle.png","lifestyle","Identity and usage rights require review before assignment","below_90_percent","Confirm identity, role, rights and crop before manifest assignment"
"/Users/megdude/Downloads/PERKS MEDIA/IMAGES NEW /DAY IN THE LIFE/storyboard.png","storyboard","Identity and usage rights require review before assignment","below_90_percent","Confirm identity, role, rights and crop before manifest assignment"
"/Users/megdude/Downloads/PERKS MEDIA/IMAGES NEW /DESNUDO/Desnudo Coffee _NicolaiMcCrary_3_zsd7wp copy 2.avif","desnudo-coffee-nicolaimccrary-3-zsd7wp-copy-2","Identity and usage rights require review before assignment","below_90_percent","Confirm identity, role, rights and crop before manifest assignment"
"/Users/megdude/Downloads/PERKS MEDIA/IMAGES NEW /DESNUDO/Desnudo Coffee _NicolaiMcCrary_3_zsd7wp copy.avif","desnudo-coffee-nicolaimccrary-3-zsd7wp-copy","Identity and usage rights require review before assignment","below_90_percent","Confirm identity, role, rights and crop before manifest assignment"
"/Users/megdude/Downloads/PERKS MEDIA/IMAGES NEW /DESNUDO/Desnudo Coffee _NicolaiMcCrary_3_zsd7wp.avif","desnudo-coffee-nicolaimccrary-3-zsd7wp","Identity and usage rights require review before assignment","below_90_percent","Confirm identity, role, rights and crop before manifest assignment"
"/Users/megdude/Downloads/PERKS MEDIA/IMAGES NEW /DESNUDO/desnudo coffee hands.png","desnudo-coffee-hands","Identity and usage rights require review before assignment","below_90_percent","Confirm identity, role, rights and crop before manifest assignment"
"/Users/megdude/Downloads/PERKS MEDIA/IMAGES NEW /DESNUDO/desnudo coffee trailer.png","desnudo-coffee-trailer","Identity and usage rights require review before assignment","below_90_percent","Confirm identity, role, rights and crop before manifest assignment"
"/Users/megdude/Downloads/PERKS MEDIA/IMAGES NEW /DESNUDO/desnudo iced coffee.png","desnudo-iced-coffee","Identity and usage rights require review before assignment","below_90_percent","Confirm identity, role, rights and crop before manifest assignment"
"/Users/megdude/Downloads/PERKS MEDIA/IMAGES NEW /DESNUDO/desnudo trailer.png","desnudo-trailer","Identity and usage rights require review before assignment","below_90_percent","Confirm identity, role, rights and crop before manifest assignment"
"/Users/megdude/Downloads/PERKS MEDIA/IMAGES NEW /DESNUDO/dsnudo coffee 2 copy.jpeg","dsnudo-coffee-2-copy","Identity and usage rights require review before assignment","below_90_percent","Confirm identity, role, rights and crop before manifest assignment"
"/Users/megdude/Downloads/PERKS MEDIA/IMAGES NEW /DESNUDO/dsnudo coffee 2.jpeg","dsnudo-coffee-2","Identity and usage rights require review before assignment","below_90_percent","Confirm identity, role, rights and crop before manifest assignment"
"/Users/megdude/Downloads/PERKS MEDIA/IMAGES NEW /DONWTOWN/Downtown discovery.png","downtown-discovery","Identity and usage rights require review before assignment","below_90_percent","Confirm identity, role, rights and crop before manifest assignment"
"/Users/megdude/Downloads/PERKS MEDIA/IMAGES NEW /DONWTOWN/GP_YxfZ87IYkCJpmdZShCQhD9r5jzBEZ8iTnzU0YjVttSur4Wc6CJNUQ7TvPal_7y-O_rbMMy9o141MjEcN70VpxKqXsnnvvC7T8soNOPfo9fSC1luK2Uz6KNvgKbnsgCkq8927DLvaSathCQuygswyKuZE3LVZy1vKxoTxEKIM0K3mr4z6gHknYH1QKoHjp (1).jpeg","gp-yxfz87iykcjpmdzshcqhd9r5jzbez8itnzu0yjvttsur4wc6cjnuq7tvpal-7y-o-rbmmy9o141mjecn70vpxkqxsnnvvc7t8sonopfo9fsc1luk2uz6knvgkbnsgckq8927dlvasathcquygswykuze3lvzy1vkxotxekim0k3mr4z6ghknyh1qkohjp-1","Identity and usage rights require review before assignment","below_90_percent","Confirm identity, role, rights and crop before manifest assignment"
"/Users/megdude/Downloads/PERKS MEDIA/IMAGES NEW /DONWTOWN/c2459324-0778-4bcf-ae96-6fe8dd94940d.png","c2459324-0778-4bcf-ae96-6fe8dd94940d","Identity and usage rights require review before assignment","below_90_percent","Confirm identity, role, rights and crop before manifest assignment"
"/Users/megdude/Downloads/PERKS MEDIA/IMAGES NEW /DONWTOWN/dTOvgJgjhs47Y9ghTnNQdJqEuedcZnaqFfPPtvunBe8L3RO725Xog9RmgwnjuTiYZbz1fEGvmX2ayEAxSp9OUSGmKKxkqdic9yRUPPUxJ8Bjr-zc61aUEChtTfoUaUuZIptyB2kRqmCEV_rcoUYTpI85M83LHMH2WEuR6m-Huw_QFDhPbIMZXYfipPAgaK0E.jpeg","dtovgjgjhs47y9ghtnnqdjqeuedcznaqffpptvunbe8l3ro725xog9rmgwnjutiyzbz1fegvmx2ayeaxsp9ousgmkkxkqdic9yruppuxj8bjr-zc61auechttfouauuziptyb2krqmcev-rcouytpi85m83lhmh2weur6m-huw-qfdhpbimzxyfippagak0e","Identity and usage rights require review before assignment","below_90_percent","Confirm identity, role, rights and crop before manifest assignment"
"/Users/megdude/Downloads/PERKS MEDIA/IMAGES NEW /DONWTOWN/downtown austin.jpeg","downtown-austin","Identity and usage rights require review before assignment","below_90_percent","Confirm identity, role, rights and crop before manifest assignment"
"/Users/megdude/Downloads/PERKS MEDIA/IMAGES NEW /DONWTOWN/downtown congress.png","downtown-congress","Identity and usage rights require review before assignment","below_90_percent","Confirm identity, role, rights and crop before manifest assignment"
"/Users/megdude/Downloads/PERKS MEDIA/IMAGES NEW /DONWTOWN/east 6th st.jpeg","east-6th-st","Identity and usage rights require review before assignment","below_90_percent","Confirm identity, role, rights and crop before manifest assignment"
"/Users/megdude/Downloads/PERKS MEDIA/IMAGES NEW /DONWTOWN/girl on phone.jpeg","girl-on-phone","Identity and usage rights require review before assignment","below_90_percent","Confirm identity, role, rights and crop before manifest assignment"
"/Users/megdude/Downloads/PERKS MEDIA/IMAGES NEW /DONWTOWN/showup.jpeg","showup","Identity and usage rights require review before assignment","below_90_percent","Confirm identity, role, rights and crop before manifest assignment"
"/Users/megdude/Downloads/PERKS MEDIA/IMAGES NEW /DT collection.png","dt-collection","Identity and usage rights require review before assignment","below_90_percent","Confirm identity, role, rights and crop before manifest assignment"
"/Users/megdude/Downloads/PERKS MEDIA/IMAGES NEW /ELEVATOR/pop up event.svg","pop-up-event","Identity and usage rights require review before assignment","below_90_percent","Confirm identity, role, rights and crop before manifest assignment"
"/Users/megdude/Downloads/PERKS MEDIA/IMAGES NEW /ELEVATOR/your voice shapes downtown.png","your-voice-shapes-downtown","Identity and usage rights require review before assignment","below_90_percent","Confirm identity, role, rights and crop before manifest assignment"
"/Users/megdude/Downloads/PERKS MEDIA/IMAGES NEW /EVENTS/51.mp4","51","Identity and usage rights require review before assignment","below_90_percent","Confirm identity, role, rights and crop before manifest assignment"
"/Users/megdude/Downloads/PERKS MEDIA/IMAGES NEW /EVENTS/ACL  copy.png","acl-copy","Identity and usage rights require review before assignment","below_90_percent","Confirm identity, role, rights and crop before manifest assignment"
"/Users/megdude/Downloads/PERKS MEDIA/IMAGES NEW /EVENTS/AF3049FB-41CC-49E0-A0B6-76B034F8ED81 (1).png","af3049fb-41cc-49e0-a0b6-76b034f8ed81-1","Identity and usage rights require review before assignment","below_90_percent","Confirm identity, role, rights and crop before manifest assignment"
"/Users/megdude/Downloads/PERKS MEDIA/IMAGES NEW /EVENTS/Downtown Perks concert series event.png","downtown-perks-concert-series-event","Identity and usage rights require review before assignment","below_90_percent","Confirm identity, role, rights and crop before manifest assignment"
"/Users/megdude/Downloads/PERKS MEDIA/IMAGES NEW /EVENTS/festival.png","festival","Identity and usage rights require review before assignment","below_90_percent","Confirm identity, role, rights and crop before manifest assignment"
"/Users/megdude/Downloads/PERKS MEDIA/IMAGES NEW /EVENTS/jG17uMtTem3F4H7xghxESQUNBsPaGPofGckL7U6BNvANw0kITl5BAuIAHLIpiExufkdx5GqEI9oINys_fMXq9cexAERZdOcMNcLLwDYiBZ8JUP_rYiVrtIezMRo_rYhY12GxRMEa2GX1z5Zyej_DqoYX9JNPIgOpCejcmuVUfjAVI4frATpqzIjfAZD7xAJC.jpeg","jg17umttem3f4h7xghxesqunbspagpofgckl7u6bnvanw0kitl5bauiahlipiexufkdx5gqei9oinys-fmxq9cexaerzdocmncllwdyibz8jup-ryivrtiezmro-ryhy12gxrmea2gx1z5zyej-dqoyx9jnpigopcejcmuvufjavi4fratpqzijfazd7xajc","Identity and usage rights require review before assignment","below_90_percent","Confirm identity, role, rights and crop before manifest assignment"
"/Users/megdude/Downloads/PERKS MEDIA/IMAGES NEW /EVENTS/people at event.png","people-at-event","Identity and usage rights require review before assignment","below_90_percent","Confirm identity, role, rights and crop before manifest assignment"
"/Users/megdude/Downloads/PERKS MEDIA/IMAGES NEW /FINE EYEWEAR/fine eyewear 1.png","fine-eyewear-1","Identity and usage rights require review before assignment","below_90_percent","Confirm identity, role, rights and crop before manifest assignment"
"/Users/megdude/Downloads/PERKS MEDIA/IMAGES NEW /FINE EYEWEAR/fine eyewear campaign.png","fine-eyewear-campaign","Identity and usage rights require review before assignment","below_90_percent","Confirm identity, role, rights and crop before manifest assignment"
"/Users/megdude/Downloads/PERKS MEDIA/IMAGES NEW /FINE EYEWEAR/fine eyewear copy 2.png","fine-eyewear-copy-2","Identity and usage rights require review before assignment","below_90_percent","Confirm identity, role, rights and crop before manifest assignment"
"/Users/megdude/Downloads/PERKS MEDIA/IMAGES NEW /FINE EYEWEAR/fine eyewear.png","fine-eyewear","Identity and usage rights require review before assignment","below_90_percent","Confirm identity, role, rights and crop before manifest assignment"
"/Users/megdude/Downloads/PERKS MEDIA/IMAGES NEW /FINE EYEWEAR/fine eywear ray-ban-eyeglasses.jpg","fine-eywear-ray-ban-eyeglasses","Identity and usage rights require review before assignment","below_90_percent","Confirm identity, role, rights and crop before manifest assignment"
"/Users/megdude/Downloads/PERKS MEDIA/IMAGES NEW /GALLERY NIGHT/gallery-members-night.jpeg","gallery-members-night","Identity and usage rights require review before assignment","below_90_percent","Confirm identity, role, rights and crop before manifest assignment"
"/Users/megdude/Downloads/PERKS MEDIA/IMAGES NEW /HERO/A dinner plan in five minutes.  .png","a-dinner-plan-in-five-minutes","Identity and usage rights require review before assignment","below_90_percent","Confirm identity, role, rights and crop before manifest assignment"
"/Users/megdude/Downloads/PERKS MEDIA/IMAGES NEW /HERO/A rooftop before sunset..png","a-rooftop-before-sunset","Identity and usage rights require review before assignment","below_90_percent","Confirm identity, role, rights and crop before manifest assignment"
"/Users/megdude/Downloads/PERKS MEDIA/IMAGES NEW /HERO/Coffee before work..png","coffee-before-work","Identity and usage rights require review before assignment","below_90_percent","Confirm identity, role, rights and crop before manifest assignment"
"/Users/megdude/Downloads/PERKS MEDIA/IMAGES NEW /HERO/The event they share later  .png","the-event-they-share-later","Identity and usage rights require review before assignment","below_90_percent","Confirm identity, role, rights and crop before manifest assignment"
"/Users/megdude/Downloads/PERKS MEDIA/IMAGES NEW /HERO/The workout class everyone talks about.   .png","the-workout-class-everyone-talks-about","Identity and usage rights require review before assignment","below_90_percent","Confirm identity, role, rights and crop before manifest assignment"
"/Users/megdude/Downloads/PERKS MEDIA/IMAGES NEW /HERO/The workout class everyone talks about.png","the-workout-class-everyone-talks-about","Identity and usage rights require review before assignment","below_90_percent","Confirm identity, role, rights and crop before manifest assignment"
"/Users/megdude/Downloads/PERKS MEDIA/IMAGES NEW /HERO/dinner in 5 min.png","dinner-in-5-min","Identity and usage rights require review before assignment","below_90_percent","Confirm identity, role, rights and crop before manifest assignment"
"/Users/megdude/Downloads/PERKS MEDIA/IMAGES NEW /HERO/hero-coffee-before-work.png","hero-coffee-before-work","Identity and usage rights require review before assignment","below_90_percent","Confirm identity, role, rights and crop before manifest assignment"
"/Users/megdude/Downloads/PERKS MEDIA/IMAGES NEW /HERO/hero-event-rooftop-party.png","hero-event-rooftop-party","Identity and usage rights require review before assignment","below_90_percent","Confirm identity, role, rights and crop before manifest assignment"
"/Users/megdude/Downloads/PERKS MEDIA/IMAGES NEW /HERO/hero-rooftop-before-sunset.png","hero-rooftop-before-sunset","Identity and usage rights require review before assignment","below_90_percent","Confirm identity, role, rights and crop before manifest assignment"
"/Users/megdude/Downloads/PERKS MEDIA/IMAGES NEW /HERO/image.png","image","Identity and usage rights require review before assignment","below_90_percent","Confirm identity, role, rights and crop before manifest assignment"
"/Users/megdude/Downloads/PERKS MEDIA/IMAGES NEW /HERO/image0.png","image0","Identity and usage rights require review before assignment","below_90_percent","Confirm identity, role, rights and crop before manifest assignment"
"/Users/megdude/Downloads/PERKS MEDIA/IMAGES NEW /HERO/make_this_longer_or_at_least_s.mp4","make-this-longer-or-at-least-s","Identity and usage rights require review before assignment","below_90_percent","Confirm identity, role, rights and crop before manifest assignment"
"/Users/megdude/Downloads/PERKS MEDIA/IMAGES NEW /HERO/no_there_must_NOT_be_a_drone_i.mp4","no-there-must-not-be-a-drone-i","Identity and usage rights require review before assignment","below_90_percent","Confirm identity, role, rights and crop before manifest assignment"
"/Users/megdude/Downloads/PERKS MEDIA/IMAGES NEW /HOTEL VAN ZANDT /Hotel Van Zandt entrance.jpg","hotel-van-zandt-entrance","Identity and usage rights require review before assignment","below_90_percent","Confirm identity, role, rights and crop before manifest assignment"
"/Users/megdude/Downloads/PERKS MEDIA/IMAGES NEW /HOTEL VAN ZANDT /comedy mother ship.png","comedy-mother-ship","Identity and usage rights require review before assignment","below_90_percent","Confirm identity, role, rights and crop before manifest assignment"
"/Users/megdude/Downloads/PERKS MEDIA/IMAGES NEW /HOTEL VAN ZANDT /fiest thursday .png","fiest-thursday","Identity and usage rights require review before assignment","below_90_percent","Confirm identity, role, rights and crop before manifest assignment"
"/Users/megdude/Downloads/PERKS MEDIA/IMAGES NEW /HOTEL VAN ZANDT /first thursday van zandt.png","first-thursday-van-zandt","Identity and usage rights require review before assignment","below_90_percent","Confirm identity, role, rights and crop before manifest assignment"
"/Users/megdude/Downloads/PERKS MEDIA/IMAGES NEW /HOTEL VAN ZANDT /hotel pool passes.jpg","hotel-pool-passes","Identity and usage rights require review before assignment","below_90_percent","Confirm identity, role, rights and crop before manifest assignment"
"/Users/megdude/Downloads/PERKS MEDIA/IMAGES NEW /HOTEL VAN ZANDT /hotel van zandt .png","hotel-van-zandt","Identity and usage rights require review before assignment","below_90_percent","Confirm identity, role, rights and crop before manifest assignment"
"/Users/megdude/Downloads/PERKS MEDIA/IMAGES NEW /HOTEL VAN ZANDT /hotel van zandt.jpeg","hotel-van-zandt","Identity and usage rights require review before assignment","below_90_percent","Confirm identity, role, rights and crop before manifest assignment"
"/Users/megdude/Downloads/PERKS MEDIA/IMAGES NEW /HOTEL VAN ZANDT /hotelk van Zandt first thursday van zandt.jpeg","hotelk-van-zandt-first-thursday-van-zandt","Identity and usage rights require review before assignment","below_90_percent","Confirm identity, role, rights and crop before manifest assignment"
"/Users/megdude/Downloads/PERKS MEDIA/IMAGES NEW /HOTEL VAN ZANDT /image.png","image","Identity and usage rights require review before assignment","below_90_percent","Confirm identity, role, rights and crop before manifest assignment"
"/Users/megdude/Downloads/PERKS MEDIA/IMAGES NEW /HOTELS/52.mp4","52","Identity and usage rights require review before assignment","below_90_percent","Confirm identity, role, rights and crop before manifest assignment"
"/Users/megdude/Downloads/PERKS MEDIA/IMAGES NEW /HOTELS/Hotel San José pool. .jpg","hotel-san-jose-pool","Identity and usage rights require review before assignment","below_90_percent","Confirm identity, role, rights and crop before manifest assignment"
"/Users/megdude/Downloads/PERKS MEDIA/IMAGES NEW /HOTELS/Hotel.mp4","hotel","Identity and usage rights require review before assignment","below_90_percent","Confirm identity, role, rights and crop before manifest assignment"
"/Users/megdude/Downloads/PERKS MEDIA/IMAGES NEW /HOTELS/turn stay inti.mp4","turn-stay-inti","Identity and usage rights require review before assignment","below_90_percent","Confirm identity, role, rights and crop before manifest assignment"
"/Users/megdude/Downloads/PERKS MEDIA/IMAGES NEW /HOTELS & HOSPITALITY/07696312-a3a8-43e1-b0e5-81818571770f (1) copy.png","07696312-a3a8-43e1-b0e5-81818571770f-1-copy","Identity and usage rights require review before assignment","below_90_percent","Confirm identity, role, rights and crop before manifest assignment"
"/Users/megdude/Downloads/PERKS MEDIA/IMAGES NEW /HOTELS & HOSPITALITY/07696312-a3a8-43e1-b0e5-81818571770f (1).png","07696312-a3a8-43e1-b0e5-81818571770f-1","Identity and usage rights require review before assignment","below_90_percent","Confirm identity, role, rights and crop before manifest assignment"
"/Users/megdude/Downloads/PERKS MEDIA/IMAGES NEW /HOTELS & HOSPITALITY/514607c5-6f25-45aa-82ee-8c10d96a1c1a copy.png","514607c5-6f25-45aa-82ee-8c10d96a1c1a-copy","Identity and usage rights require review before assignment","below_90_percent","Confirm identity, role, rights and crop before manifest assignment"
"/Users/megdude/Downloads/PERKS MEDIA/IMAGES NEW /HOTELS & HOSPITALITY/514607c5-6f25-45aa-82ee-8c10d96a1c1a.png","514607c5-6f25-45aa-82ee-8c10d96a1c1a","Identity and usage rights require review before assignment","below_90_percent","Confirm identity, role, rights and crop before manifest assignment"
"/Users/megdude/Downloads/PERKS MEDIA/IMAGES NEW /HOTELS & HOSPITALITY/652c9d7f-54ca-4ee4-82ae-611ca95f8f6f copy.png","652c9d7f-54ca-4ee4-82ae-611ca95f8f6f-copy","Identity and usage rights require review before assignment","below_90_percent","Confirm identity, role, rights and crop before manifest assignment"
"/Users/megdude/Downloads/PERKS MEDIA/IMAGES NEW /HOTELS & HOSPITALITY/652c9d7f-54ca-4ee4-82ae-611ca95f8f6f.png","652c9d7f-54ca-4ee4-82ae-611ca95f8f6f","Identity and usage rights require review before assignment","below_90_percent","Confirm identity, role, rights and crop before manifest assignment"
"/Users/megdude/Downloads/PERKS MEDIA/IMAGES NEW /HOTELS & HOSPITALITY/Restaurant manager speaking with staff before opening..png","restaurant-manager-speaking-with-staff-before-opening","Identity and usage rights require review before assignment","below_90_percent","Confirm identity, role, rights and crop before manifest assignment"
"/Users/megdude/Downloads/PERKS MEDIA/IMAGES NEW /HOTELS & HOSPITALITY/a4b775b8-ab1c-49b5-a80d-a5b5c2ca62fe.png","a4b775b8-ab1c-49b5-a80d-a5b5c2ca62fe","Identity and usage rights require review before assignment","below_90_percent","Confirm identity, role, rights and crop before manifest assignment"
"/Users/megdude/Downloads/PERKS MEDIA/IMAGES NEW /HOTELS & HOSPITALITY/bc5a1f8d-1723-45b6-8f15-cd3e410f6673.png","bc5a1f8d-1723-45b6-8f15-cd3e410f6673","Identity and usage rights require review before assignment","below_90_percent","Confirm identity, role, rights and crop before manifest assignment"
"/Users/megdude/Downloads/PERKS MEDIA/IMAGES NEW /HOTELS & HOSPITALITY/d022258a-9b64-4e61-bf8f-c03b77bfd361.png","d022258a-9b64-4e61-bf8f-c03b77bfd361","Identity and usage rights require review before assignment","below_90_percent","Confirm identity, role, rights and crop before manifest assignment"
"/Users/megdude/Downloads/PERKS MEDIA/IMAGES NEW /HOTELS & HOSPITALITY/front desk .png","front-desk","Identity and usage rights require review before assignment","below_90_percent","Confirm identity, role, rights and crop before manifest assignment"
"/Users/megdude/Downloads/PERKS MEDIA/IMAGES NEW /HOTELS & HOSPITALITY/happy customer.png","happy-customer","Identity and usage rights require review before assignment","below_90_percent","Confirm identity, role, rights and crop before manifest assignment"
"/Users/megdude/Downloads/PERKS MEDIA/IMAGES NEW /HOTELS & HOSPITALITY/scn qr code hotel .png","scn-qr-code-hotel","Identity and usage rights require review before assignment","below_90_percent","Confirm identity, role, rights and crop before manifest assignment"
"/Users/megdude/Downloads/PERKS MEDIA/IMAGES NEW /ICON PINS/DANA.png","dana","Identity and usage rights require review before assignment","below_90_percent","Confirm identity, role, rights and crop before manifest assignment"
"/Users/megdude/Downloads/PERKS MEDIA/IMAGES NEW /ICON PINS/FINE EYEWEAR.png","fine-eyewear","Identity and usage rights require review before assignment","below_90_percent","Confirm identity, role, rights and crop before manifest assignment"
"/Users/megdude/Downloads/PERKS MEDIA/IMAGES NEW /ICON PINS/Generated image: Logo collection in circular design grid.png","generated-image-logo-collection-in-circular-design-grid","Identity and usage rights require review before assignment","below_90_percent","Confirm identity, role, rights and crop before manifest assignment"
"/Users/megdude/Downloads/PERKS MEDIA/IMAGES NEW /ICON PINS/INKIND.png","inkind","Identity and usage rights require review before assignment","below_90_percent","Confirm identity, role, rights and crop before manifest assignment"
"/Users/megdude/Downloads/PERKS MEDIA/IMAGES NEW /ICON PINS/LEGENDS.png","legends","Identity and usage rights require review before assignment","below_90_percent","Confirm identity, role, rights and crop before manifest assignment"
"/Users/megdude/Downloads/PERKS MEDIA/IMAGES NEW /ICON PINS/TOPO.png","topo","Identity and usage rights require review before assignment","below_90_percent","Confirm identity, role, rights and crop before manifest assignment"
"/Users/megdude/Downloads/PERKS MEDIA/IMAGES NEW /ICON PINS/WATERLOO.png","waterloo","Identity and usage rights require review before assignment","below_90_percent","Confirm identity, role, rights and crop before manifest assignment"
"/Users/megdude/Downloads/PERKS MEDIA/IMAGES NEW /ICON PINS/WG.png","wg","Identity and usage rights require review before assignment","below_90_percent","Confirm identity, role, rights and crop before manifest assignment"
"/Users/megdude/Downloads/PERKS MEDIA/IMAGES NEW /ICON PINS/b45f0b53-b643-4cf6-b939-fb33150fcd4c.png","b45f0b53-b643-4cf6-b939-fb33150fcd4c","Identity and usage rights require review before assignment","below_90_percent","Confirm identity, role, rights and crop before manifest assignment"
"/Users/megdude/Downloads/PERKS MEDIA/IMAGES NEW /INKIND/IKC_Logo-White-H.svg","ikc-logo-white-h","Identity and usage rights require review before assignment","below_90_percent","Confirm identity, role, rights and crop before manifest assignment"
"/Users/megdude/Downloads/PERKS MEDIA/IMAGES NEW /INKIND/Inkind.png","inkind","Identity and usage rights require review before assignment","below_90_percent","Confirm identity, role, rights and crop before manifest assignment"
"/Users/megdude/Downloads/PERKS MEDIA/IMAGES NEW /INKIND/inKind_Thumbnail_Soc.png","inkind-thumbnail-soc","Identity and usage rights require review before assignment","below_90_percent","Confirm identity, role, rights and crop before manifest assignment"
"/Users/megdude/Downloads/PERKS MEDIA/IMAGES NEW /INKIND/inkind transparent.png","inkind-transparent","Identity and usage rights require review before assignment","below_90_percent","Confirm identity, role, rights and crop before manifest assignment"
"/Users/megdude/Downloads/PERKS MEDIA/IMAGES NEW /INKIND/inkind.jpg","inkind","Identity and usage rights require review before assignment","below_90_percent","Confirm identity, role, rights and crop before manifest assignment"
"/Users/megdude/Downloads/PERKS MEDIA/IMAGES NEW /INKIND LOGO.png","inkind-logo","Identity and usage rights require review before assignment","below_90_percent","Confirm identity, role, rights and crop before manifest assignment"
"/Users/megdude/Downloads/PERKS MEDIA/IMAGES NEW /INSPIRED CLOSETS/INSPIRED CLOSETS HERO.png","inspired-closets-hero","Identity and usage rights require review before assignment","below_90_percent","Confirm identity, role, rights and crop before manifest assignment"
"/Users/megdude/Downloads/PERKS MEDIA/IMAGES NEW /INSPIRED CLOSETS/INSPIRED CLOSETS1.jpeg","inspired-closets1","Identity and usage rights require review before assignment","below_90_percent","Confirm identity, role, rights and crop before manifest assignment"
"/Users/megdude/Downloads/PERKS MEDIA/IMAGES NEW /INSPIRED CLOSETS/INSPIRED CLOSETS2.jpeg","inspired-closets2","Identity and usage rights require review before assignment","below_90_percent","Confirm identity, role, rights and crop before manifest assignment"
"/Users/megdude/Downloads/PERKS MEDIA/IMAGES NEW /INSPIRED CLOSETS/INSPIRED CLOSETS3.jpeg","inspired-closets3","Identity and usage rights require review before assignment","below_90_percent","Confirm identity, role, rights and crop before manifest assignment"
"/Users/megdude/Downloads/PERKS MEDIA/IMAGES NEW /INSPIRED CLOSETS/activation.png","activation","Identity and usage rights require review before assignment","below_90_percent","Confirm identity, role, rights and crop before manifest assignment"
"/Users/megdude/Downloads/PERKS MEDIA/IMAGES NEW /INSPIRED CLOSETS/fine eyewear move in.png","fine-eyewear-move-in","Identity and usage rights require review before assignment","below_90_percent","Confirm identity, role, rights and crop before manifest assignment"
"/Users/megdude/Downloads/PERKS MEDIA/IMAGES NEW /INSPIRED CLOSETS/inspired closet.png","inspired-closet","Identity and usage rights require review before assignment","below_90_percent","Confirm identity, role, rights and crop before manifest assignment"
"/Users/megdude/Downloads/PERKS MEDIA/IMAGES NEW /INSPIRED CLOSETS/inspired closets.png","inspired-closets","Identity and usage rights require review before assignment","below_90_percent","Confirm identity, role, rights and crop before manifest assignment"
"/Users/megdude/Downloads/PERKS MEDIA/IMAGES NEW /KENDRA SCOTT/225a8873-e308-477c-9089-022cea139bbe.png","225a8873-e308-477c-9089-022cea139bbe","Identity and usage rights require review before assignment","below_90_percent","Confirm identity, role, rights and crop before manifest assignment"
"/Users/megdude/Downloads/PERKS MEDIA/IMAGES NEW /KENDRA SCOTT/kendra_scott_lifestyle_reference copy.png","kendra-scott-lifestyle-reference-copy","Identity and usage rights require review before assignment","below_90_percent","Confirm identity, role, rights and crop before manifest assignment"
"/Users/megdude/Downloads/PERKS MEDIA/IMAGES NEW /KENDRA SCOTT/kendra_scott_lifestyle_reference.png","kendra-scott-lifestyle-reference","Identity and usage rights require review before assignment","below_90_percent","Confirm identity, role, rights and crop before manifest assignment"
"/Users/megdude/Downloads/PERKS MEDIA/IMAGES NEW /LAKE IMAGES/girls on paddle board copy.png","girls-on-paddle-board-copy","Identity and usage rights require review before assignment","below_90_percent","Confirm identity, role, rights and crop before manifest assignment"
"/Users/megdude/Downloads/PERKS MEDIA/IMAGES NEW /LAKE IMAGES/girls on paddle board.png","girls-on-paddle-board","Identity and usage rights require review before assignment","below_90_percent","Confirm identity, role, rights and crop before manifest assignment"
"/Users/megdude/Downloads/PERKS MEDIA/IMAGES NEW /LAKE IMAGES/lake KPF_WallerCreek_TheGate_copyrightWAX4.jpg.webp","lake-kpf-wallercreek-thegate-copyrightwax4-jpg","Identity and usage rights require review before assignment","below_90_percent","Confirm identity, role, rights and crop before manifest assignment"
"/Users/megdude/Downloads/PERKS MEDIA/IMAGES NEW /LAKE IMAGES/paddle board at sunset  copy.png","paddle-board-at-sunset-copy","Identity and usage rights require review before assignment","below_90_percent","Confirm identity, role, rights and crop before manifest assignment"
"/Users/megdude/Downloads/PERKS MEDIA/IMAGES NEW /LAKE IMAGES/paddle board at sunset .png","paddle-board-at-sunset","Identity and usage rights require review before assignment","below_90_percent","Confirm identity, role, rights and crop before manifest assignment"
"/Users/megdude/Downloads/PERKS MEDIA/IMAGES NEW /LAKE IMAGES/paddleboard downtown copy.png","paddleboard-downtown-copy","Identity and usage rights require review before assignment","below_90_percent","Confirm identity, role, rights and crop before manifest assignment"
"/Users/megdude/Downloads/PERKS MEDIA/IMAGES NEW /LAKE IMAGES/paddleboard downtown.png","paddleboard-downtown","Identity and usage rights require review before assignment","below_90_percent","Confirm identity, role, rights and crop before manifest assignment"
"/Users/megdude/Downloads/PERKS MEDIA/IMAGES NEW /LEGENDS/1414e381.jpeg","1414e381","Identity and usage rights require review before assignment","below_90_percent","Confirm identity, role, rights and crop before manifest assignment"
"/Users/megdude/Downloads/PERKS MEDIA/IMAGES NEW /LEGENDS/1ad5be0d (1).jpeg","1ad5be0d-1","Identity and usage rights require review before assignment","below_90_percent","Confirm identity, role, rights and crop before manifest assignment"
"/Users/megdude/Downloads/PERKS MEDIA/IMAGES NEW /LEGENDS/1ad5be0d.jpeg","1ad5be0d","Identity and usage rights require review before assignment","below_90_percent","Confirm identity, role, rights and crop before manifest assignment"
"/Users/megdude/Downloads/PERKS MEDIA/IMAGES NEW /LEGENDS/3854745b.jpeg","3854745b","Identity and usage rights require review before assignment","below_90_percent","Confirm identity, role, rights and crop before manifest assignment"
"/Users/megdude/Downloads/PERKS MEDIA/IMAGES NEW /LEGENDS/4f5344cd.jpeg","4f5344cd","Identity and usage rights require review before assignment","below_90_percent","Confirm identity, role, rights and crop before manifest assignment"
"/Users/megdude/Downloads/PERKS MEDIA/IMAGES NEW /LEGENDS/63bd283b-6525-4a58-85bf-e13564f11b1c.avif","63bd283b-6525-4a58-85bf-e13564f11b1c","Identity and usage rights require review before assignment","below_90_percent","Confirm identity, role, rights and crop before manifest assignment"
"/Users/megdude/Downloads/PERKS MEDIA/IMAGES NEW /LEGENDS/6abf4a82.jpeg","6abf4a82","Identity and usage rights require review before assignment","below_90_percent","Confirm identity, role, rights and crop before manifest assignment"
"/Users/megdude/Downloads/PERKS MEDIA/IMAGES NEW /LEGENDS/6dd28e9b (1).jpeg","6dd28e9b-1","Identity and usage rights require review before assignment","below_90_percent","Confirm identity, role, rights and crop before manifest assignment"
"/Users/megdude/Downloads/PERKS MEDIA/IMAGES NEW /LEGENDS/6dd28e9b.jpeg","6dd28e9b","Identity and usage rights require review before assignment","below_90_percent","Confirm identity, role, rights and crop before manifest assignment"
"/Users/megdude/Downloads/PERKS MEDIA/IMAGES NEW /LEGENDS/83dcefb7 (1).jpeg","83dcefb7-1","Identity and usage rights require review before assignment","below_90_percent","Confirm identity, role, rights and crop before manifest assignment"
"/Users/megdude/Downloads/PERKS MEDIA/IMAGES NEW /LEGENDS/83dcefb7 (2).jpeg","83dcefb7-2","Identity and usage rights require review before assignment","below_90_percent","Confirm identity, role, rights and crop before manifest assignment"
"/Users/megdude/Downloads/PERKS MEDIA/IMAGES NEW /LEGENDS/83dcefb7 (3).jpeg","83dcefb7-3","Identity and usage rights require review before assignment","below_90_percent","Confirm identity, role, rights and crop before manifest assignment"
"/Users/megdude/Downloads/PERKS MEDIA/IMAGES NEW /LEGENDS/83dcefb7 (4).jpeg","83dcefb7-4","Identity and usage rights require review before assignment","below_90_percent","Confirm identity, role, rights and crop before manifest assignment"
"/Users/megdude/Downloads/PERKS MEDIA/IMAGES NEW /LEGENDS/83dcefb7 (5).jpeg","83dcefb7-5","Identity and usage rights require review before assignment","below_90_percent","Confirm identity, role, rights and crop before manifest assignment"
"/Users/megdude/Downloads/PERKS MEDIA/IMAGES NEW /LEGENDS/83dcefb7.jpeg","83dcefb7","Identity and usage rights require review before assignment","below_90_percent","Confirm identity, role, rights and crop before manifest assignment"
"/Users/megdude/Downloads/PERKS MEDIA/IMAGES NEW /LEGENDS/84abfe10.jpeg","84abfe10","Identity and usage rights require review before assignment","below_90_percent","Confirm identity, role, rights and crop before manifest assignment"
"/Users/megdude/Downloads/PERKS MEDIA/IMAGES NEW /LEGENDS/84b12bae.jpeg","84b12bae","Identity and usage rights require review before assignment","below_90_percent","Confirm identity, role, rights and crop before manifest assignment"
"/Users/megdude/Downloads/PERKS MEDIA/IMAGES NEW /LEGENDS/aacdlhvpk3bq3ysj5gm9.avif","aacdlhvpk3bq3ysj5gm9","Identity and usage rights require review before assignment","below_90_percent","Confirm identity, role, rights and crop before manifest assignment"
"/Users/megdude/Downloads/PERKS MEDIA/IMAGES NEW /LEGENDS/af86add3.jpeg","af86add3","Identity and usage rights require review before assignment","below_90_percent","Confirm identity, role, rights and crop before manifest assignment"
"/Users/megdude/Downloads/PERKS MEDIA/IMAGES NEW /LEGENDS/azbtj2rjm8qa7bpld2ti copy.jpg","azbtj2rjm8qa7bpld2ti-copy","Identity and usage rights require review before assignment","below_90_percent","Confirm identity, role, rights and crop before manifest assignment"
"/Users/megdude/Downloads/PERKS MEDIA/IMAGES NEW /LEGENDS/ck80uh0lktj0hjbzvwvk.jpg","ck80uh0lktj0hjbzvwvk","Identity and usage rights require review before assignment","below_90_percent","Confirm identity, role, rights and crop before manifest assignment"
"/Users/megdude/Downloads/PERKS MEDIA/IMAGES NEW /LEGENDS/d6a4d9a1-d4c5-4ff8-8261-e51fcf930655.avif","d6a4d9a1-d4c5-4ff8-8261-e51fcf930655","Identity and usage rights require review before assignment","below_90_percent","Confirm identity, role, rights and crop before manifest assignment"
"/Users/megdude/Downloads/PERKS MEDIA/IMAGES NEW /LEGENDS/d8819d45.jpeg","d8819d45","Identity and usage rights require review before assignment","below_90_percent","Confirm identity, role, rights and crop before manifest assignment"
"/Users/megdude/Downloads/PERKS MEDIA/IMAGES NEW /LEGENDS/e4vnxvzzfftxsw2vimfi.jpg","e4vnxvzzfftxsw2vimfi","Identity and usage rights require review before assignment","below_90_percent","Confirm identity, role, rights and crop before manifest assignment"
"/Users/megdude/Downloads/PERKS MEDIA/IMAGES NEW /LEGENDS/fd63k3siyxdany5inwki.jpg","fd63k3siyxdany5inwki","Identity and usage rights require review before assignment","below_90_percent","Confirm identity, role, rights and crop before manifest assignment"
"/Users/megdude/Downloads/PERKS MEDIA/IMAGES NEW /LEGENDS/knmt6mphvu2ntfdhb0bw.avif","knmt6mphvu2ntfdhb0bw","Identity and usage rights require review before assignment","below_90_percent","Confirm identity, role, rights and crop before manifest assignment"
"/Users/megdude/Downloads/PERKS MEDIA/IMAGES NEW /LEGENDS/legends-logo copy.png","legends-logo-copy","Identity and usage rights require review before assignment","below_90_percent","Confirm identity, role, rights and crop before manifest assignment"
"/Users/megdude/Downloads/PERKS MEDIA/IMAGES NEW /LEGENDS/nina and frank.png","nina-and-frank","Identity and usage rights require review before assignment","below_90_percent","Confirm identity, role, rights and crop before manifest assignment"
"/Users/megdude/Downloads/PERKS MEDIA/IMAGES NEW /LEGENDS/nina closing deal .png","nina-closing-deal","Identity and usage rights require review before assignment","below_90_percent","Confirm identity, role, rights and crop before manifest assignment"
"/Users/megdude/Downloads/PERKS MEDIA/IMAGES NEW /LEGENDS/nina real estate.png","nina-real-estate","Identity and usage rights require review before assignment","below_90_percent","Confirm identity, role, rights and crop before manifest assignment"
"/Users/megdude/Downloads/PERKS MEDIA/IMAGES NEW /LEGENDS/nina showing.png","nina-showing","Identity and usage rights require review before assignment","below_90_percent","Confirm identity, role, rights and crop before manifest assignment"
"/Users/megdude/Downloads/PERKS MEDIA/IMAGES NEW /LEGENDS/ojutzttwbudxtkur0ld8.jpg","ojutzttwbudxtkur0ld8","Identity and usage rights require review before assignment","below_90_percent","Confirm identity, role, rights and crop before manifest assignment"
"/Users/megdude/Downloads/PERKS MEDIA/IMAGES NEW /LEGENDS/pdamk25y90wjb4fhvhpk.avif","pdamk25y90wjb4fhvhpk","Identity and usage rights require review before assignment","below_90_percent","Confirm identity, role, rights and crop before manifest assignment"
"/Users/megdude/Downloads/PERKS MEDIA/IMAGES NEW /LEGENDS/sdcuyw4dhwd2we6ymxtd.png","sdcuyw4dhwd2we6ymxtd","Identity and usage rights require review before assignment","below_90_percent","Confirm identity, role, rights and crop before manifest assignment"
"/Users/megdude/Downloads/PERKS MEDIA/IMAGES NEW /LEGENDS/y6irl6fpch4lh0hfs6fw.png","y6irl6fpch4lh0hfs6fw","Identity and usage rights require review before assignment","below_90_percent","Confirm identity, role, rights and crop before manifest assignment"
"/Users/megdude/Downloads/PERKS MEDIA/IMAGES NEW /LEGENDS LISTINGS/0d353606-e269-45f6-a12b-9fb5cf8ead93.avif","0d353606-e269-45f6-a12b-9fb5cf8ead93","Identity and usage rights require review before assignment","below_90_percent","Confirm identity, role, rights and crop before manifest assignment"
"/Users/megdude/Downloads/PERKS MEDIA/IMAGES NEW /LEGENDS LISTINGS/2e7c0103-7197-4262-929e-2d9009852a37.avif","2e7c0103-7197-4262-929e-2d9009852a37","Identity and usage rights require review before assignment","below_90_percent","Confirm identity, role, rights and crop before manifest assignment"
"/Users/megdude/Downloads/PERKS MEDIA/IMAGES NEW /LEGENDS LISTINGS/4edfcdd9-eada-421f-a533-d90ec2314f81.avif","4edfcdd9-eada-421f-a533-d90ec2314f81","Identity and usage rights require review before assignment","below_90_percent","Confirm identity, role, rights and crop before manifest assignment"
"/Users/megdude/Downloads/PERKS MEDIA/IMAGES NEW /LEGENDS LISTINGS/532aaae6-01af-4ad6-a82e-2b93b3353fe3.avif","532aaae6-01af-4ad6-a82e-2b93b3353fe3","Identity and usage rights require review before assignment","below_90_percent","Confirm identity, role, rights and crop before manifest assignment"
"/Users/megdude/Downloads/PERKS MEDIA/IMAGES NEW /LEGENDS LISTINGS/63bd283b-6525-4a58-85bf-e13564f11b1c.avif","63bd283b-6525-4a58-85bf-e13564f11b1c","Identity and usage rights require review before assignment","below_90_percent","Confirm identity, role, rights and crop before manifest assignment"
"/Users/megdude/Downloads/PERKS MEDIA/IMAGES NEW /LEGENDS LISTINGS/83dcefb7 (1).jpeg","83dcefb7-1","Identity and usage rights require review before assignment","below_90_percent","Confirm identity, role, rights and crop before manifest assignment"
"/Users/megdude/Downloads/PERKS MEDIA/IMAGES NEW /LEGENDS LISTINGS/83dcefb7 (10).jpeg","83dcefb7-10","Identity and usage rights require review before assignment","below_90_percent","Confirm identity, role, rights and crop before manifest assignment"
"/Users/megdude/Downloads/PERKS MEDIA/IMAGES NEW /LEGENDS LISTINGS/83dcefb7 (11).jpeg","83dcefb7-11","Identity and usage rights require review before assignment","below_90_percent","Confirm identity, role, rights and crop before manifest assignment"
"/Users/megdude/Downloads/PERKS MEDIA/IMAGES NEW /LEGENDS LISTINGS/83dcefb7 (12).jpeg","83dcefb7-12","Identity and usage rights require review before assignment","below_90_percent","Confirm identity, role, rights and crop before manifest assignment"
"/Users/megdude/Downloads/PERKS MEDIA/IMAGES NEW /LEGENDS LISTINGS/83dcefb7 (13).jpeg","83dcefb7-13","Identity and usage rights require review before assignment","below_90_percent","Confirm identity, role, rights and crop before manifest assignment"
"/Users/megdude/Downloads/PERKS MEDIA/IMAGES NEW /LEGENDS LISTINGS/83dcefb7 (14).jpeg","83dcefb7-14","Identity and usage rights require review before assignment","below_90_percent","Confirm identity, role, rights and crop before manifest assignment"
"/Users/megdude/Downloads/PERKS MEDIA/IMAGES NEW /LEGENDS LISTINGS/83dcefb7 (15).jpeg","83dcefb7-15","Identity and usage rights require review before assignment","below_90_percent","Confirm identity, role, rights and crop before manifest assignment"
"/Users/megdude/Downloads/PERKS MEDIA/IMAGES NEW /LEGENDS LISTINGS/83dcefb7 (16).jpeg","83dcefb7-16","Identity and usage rights require review before assignment","below_90_percent","Confirm identity, role, rights and crop before manifest assignment"
"/Users/megdude/Downloads/PERKS MEDIA/IMAGES NEW /LEGENDS LISTINGS/83dcefb7 (17).jpeg","83dcefb7-17","Identity and usage rights require review before assignment","below_90_percent","Confirm identity, role, rights and crop before manifest assignment"
"/Users/megdude/Downloads/PERKS MEDIA/IMAGES NEW /LEGENDS LISTINGS/83dcefb7 (18).jpeg","83dcefb7-18","Identity and usage rights require review before assignment","below_90_percent","Confirm identity, role, rights and crop before manifest assignment"
"/Users/megdude/Downloads/PERKS MEDIA/IMAGES NEW /LEGENDS LISTINGS/83dcefb7 (19).jpeg","83dcefb7-19","Identity and usage rights require review before assignment","below_90_percent","Confirm identity, role, rights and crop before manifest assignment"
"/Users/megdude/Downloads/PERKS MEDIA/IMAGES NEW /LEGENDS LISTINGS/83dcefb7 (2).jpeg","83dcefb7-2","Identity and usage rights require review before assignment","below_90_percent","Confirm identity, role, rights and crop before manifest assignment"
"/Users/megdude/Downloads/PERKS MEDIA/IMAGES NEW /LEGENDS LISTINGS/83dcefb7 (20).jpeg","83dcefb7-20","Identity and usage rights require review before assignment","below_90_percent","Confirm identity, role, rights and crop before manifest assignment"
"/Users/megdude/Downloads/PERKS MEDIA/IMAGES NEW /LEGENDS LISTINGS/83dcefb7 (21).jpeg","83dcefb7-21","Identity and usage rights require review before assignment","below_90_percent","Confirm identity, role, rights and crop before manifest assignment"
"/Users/megdude/Downloads/PERKS MEDIA/IMAGES NEW /LEGENDS LISTINGS/83dcefb7 (22).jpeg","83dcefb7-22","Identity and usage rights require review before assignment","below_90_percent","Confirm identity, role, rights and crop before manifest assignment"
"/Users/megdude/Downloads/PERKS MEDIA/IMAGES NEW /LEGENDS LISTINGS/83dcefb7 (23).jpeg","83dcefb7-23","Identity and usage rights require review before assignment","below_90_percent","Confirm identity, role, rights and crop before manifest assignment"
"/Users/megdude/Downloads/PERKS MEDIA/IMAGES NEW /LEGENDS LISTINGS/83dcefb7 (24).jpeg","83dcefb7-24","Identity and usage rights require review before assignment","below_90_percent","Confirm identity, role, rights and crop before manifest assignment"
"/Users/megdude/Downloads/PERKS MEDIA/IMAGES NEW /LEGENDS LISTINGS/83dcefb7 (25).jpeg","83dcefb7-25","Identity and usage rights require review before assignment","below_90_percent","Confirm identity, role, rights and crop before manifest assignment"
"/Users/megdude/Downloads/PERKS MEDIA/IMAGES NEW /LEGENDS LISTINGS/83dcefb7 (26).jpeg","83dcefb7-26","Identity and usage rights require review before assignment","below_90_percent","Confirm identity, role, rights and crop before manifest assignment"
"/Users/megdude/Downloads/PERKS MEDIA/IMAGES NEW /LEGENDS LISTINGS/83dcefb7 (27).jpeg","83dcefb7-27","Identity and usage rights require review before assignment","below_90_percent","Confirm identity, role, rights and crop before manifest assignment"
"/Users/megdude/Downloads/PERKS MEDIA/IMAGES NEW /LEGENDS LISTINGS/83dcefb7 (28).jpeg","83dcefb7-28","Identity and usage rights require review before assignment","below_90_percent","Confirm identity, role, rights and crop before manifest assignment"
"/Users/megdude/Downloads/PERKS MEDIA/IMAGES NEW /LEGENDS LISTINGS/83dcefb7 (29).jpeg","83dcefb7-29","Identity and usage rights require review before assignment","below_90_percent","Confirm identity, role, rights and crop before manifest assignment"
"/Users/megdude/Downloads/PERKS MEDIA/IMAGES NEW /LEGENDS LISTINGS/83dcefb7 (3).jpeg","83dcefb7-3","Identity and usage rights require review before assignment","below_90_percent","Confirm identity, role, rights and crop before manifest assignment"
"/Users/megdude/Downloads/PERKS MEDIA/IMAGES NEW /LEGENDS LISTINGS/83dcefb7 (30).jpeg","83dcefb7-30","Identity and usage rights require review before assignment","below_90_percent","Confirm identity, role, rights and crop before manifest assignment"
"/Users/megdude/Downloads/PERKS MEDIA/IMAGES NEW /LEGENDS LISTINGS/83dcefb7 (31).jpeg","83dcefb7-31","Identity and usage rights require review before assignment","below_90_percent","Confirm identity, role, rights and crop before manifest assignment"
"/Users/megdude/Downloads/PERKS MEDIA/IMAGES NEW /LEGENDS LISTINGS/83dcefb7 (32).jpeg","83dcefb7-32","Identity and usage rights require review before assignment","below_90_percent","Confirm identity, role, rights and crop before manifest assignment"
"/Users/megdude/Downloads/PERKS MEDIA/IMAGES NEW /LEGENDS LISTINGS/83dcefb7 (33).jpeg","83dcefb7-33","Identity and usage rights require review before assignment","below_90_percent","Confirm identity, role, rights and crop before manifest assignment"
"/Users/megdude/Downloads/PERKS MEDIA/IMAGES NEW /LEGENDS LISTINGS/83dcefb7 (34).jpeg","83dcefb7-34","Identity and usage rights require review before assignment","below_90_percent","Confirm identity, role, rights and crop before manifest assignment"
"/Users/megdude/Downloads/PERKS MEDIA/IMAGES NEW /LEGENDS LISTINGS/83dcefb7 (35).jpeg","83dcefb7-35","Identity and usage rights require review before assignment","below_90_percent","Confirm identity, role, rights and crop before manifest assignment"
"/Users/megdude/Downloads/PERKS MEDIA/IMAGES NEW /LEGENDS LISTINGS/83dcefb7 (36).jpeg","83dcefb7-36","Identity and usage rights require review before assignment","below_90_percent","Confirm identity, role, rights and crop before manifest assignment"
"/Users/megdude/Downloads/PERKS MEDIA/IMAGES NEW /LEGENDS LISTINGS/83dcefb7 (37).jpeg","83dcefb7-37","Identity and usage rights require review before assignment","below_90_percent","Confirm identity, role, rights and crop before manifest assignment"
"/Users/megdude/Downloads/PERKS MEDIA/IMAGES NEW /LEGENDS LISTINGS/83dcefb7 (38).jpeg","83dcefb7-38","Identity and usage rights require review before assignment","below_90_percent","Confirm identity, role, rights and crop before manifest assignment"
"/Users/megdude/Downloads/PERKS MEDIA/IMAGES NEW /LEGENDS LISTINGS/83dcefb7 (39).jpeg","83dcefb7-39","Identity and usage rights require review before assignment","below_90_percent","Confirm identity, role, rights and crop before manifest assignment"
"/Users/megdude/Downloads/PERKS MEDIA/IMAGES NEW /LEGENDS LISTINGS/83dcefb7 (4).jpeg","83dcefb7-4","Identity and usage rights require review before assignment","below_90_percent","Confirm identity, role, rights and crop before manifest assignment"
"/Users/megdude/Downloads/PERKS MEDIA/IMAGES NEW /LEGENDS LISTINGS/83dcefb7 (40).jpeg","83dcefb7-40","Identity and usage rights require review before assignment","below_90_percent","Confirm identity, role, rights and crop before manifest assignment"
"/Users/megdude/Downloads/PERKS MEDIA/IMAGES NEW /LEGENDS LISTINGS/83dcefb7 (41).jpeg","83dcefb7-41","Identity and usage rights require review before assignment","below_90_percent","Confirm identity, role, rights and crop before manifest assignment"
"/Users/megdude/Downloads/PERKS MEDIA/IMAGES NEW /LEGENDS LISTINGS/83dcefb7 (42).jpeg","83dcefb7-42","Identity and usage rights require review before assignment","below_90_percent","Confirm identity, role, rights and crop before manifest assignment"
"/Users/megdude/Downloads/PERKS MEDIA/IMAGES NEW /LEGENDS LISTINGS/83dcefb7 (43).jpeg","83dcefb7-43","Identity and usage rights require review before assignment","below_90_percent","Confirm identity, role, rights and crop before manifest assignment"
"/Users/megdude/Downloads/PERKS MEDIA/IMAGES NEW /LEGENDS LISTINGS/83dcefb7 (44).jpeg","83dcefb7-44","Identity and usage rights require review before assignment","below_90_percent","Confirm identity, role, rights and crop before manifest assignment"
"/Users/megdude/Downloads/PERKS MEDIA/IMAGES NEW /LEGENDS LISTINGS/83dcefb7 (45).jpeg","83dcefb7-45","Identity and usage rights require review before assignment","below_90_percent","Confirm identity, role, rights and crop before manifest assignment"
"/Users/megdude/Downloads/PERKS MEDIA/IMAGES NEW /LEGENDS LISTINGS/83dcefb7 (46).jpeg","83dcefb7-46","Identity and usage rights require review before assignment","below_90_percent","Confirm identity, role, rights and crop before manifest assignment"
"/Users/megdude/Downloads/PERKS MEDIA/IMAGES NEW /LEGENDS LISTINGS/83dcefb7 (47).jpeg","83dcefb7-47","Identity and usage rights require review before assignment","below_90_percent","Confirm identity, role, rights and crop before manifest assignment"
"/Users/megdude/Downloads/PERKS MEDIA/IMAGES NEW /LEGENDS LISTINGS/83dcefb7 (48).jpeg","83dcefb7-48","Identity and usage rights require review before assignment","below_90_percent","Confirm identity, role, rights and crop before manifest assignment"
"/Users/megdude/Downloads/PERKS MEDIA/IMAGES NEW /LEGENDS LISTINGS/83dcefb7 (49).jpeg","83dcefb7-49","Identity and usage rights require review before assignment","below_90_percent","Confirm identity, role, rights and crop before manifest assignment"
"/Users/megdude/Downloads/PERKS MEDIA/IMAGES NEW /LEGENDS LISTINGS/83dcefb7 (5).jpeg","83dcefb7-5","Identity and usage rights require review before assignment","below_90_percent","Confirm identity, role, rights and crop before manifest assignment"
"/Users/megdude/Downloads/PERKS MEDIA/IMAGES NEW /LEGENDS LISTINGS/83dcefb7 (50).jpeg","83dcefb7-50","Identity and usage rights require review before assignment","below_90_percent","Confirm identity, role, rights and crop before manifest assignment"
"/Users/megdude/Downloads/PERKS MEDIA/IMAGES NEW /LEGENDS LISTINGS/83dcefb7 (51).jpeg","83dcefb7-51","Identity and usage rights require review before assignment","below_90_percent","Confirm identity, role, rights and crop before manifest assignment"
"/Users/megdude/Downloads/PERKS MEDIA/IMAGES NEW /LEGENDS LISTINGS/83dcefb7 (52).jpeg","83dcefb7-52","Identity and usage rights require review before assignment","below_90_percent","Confirm identity, role, rights and crop before manifest assignment"
"/Users/megdude/Downloads/PERKS MEDIA/IMAGES NEW /LEGENDS LISTINGS/83dcefb7 (53).jpeg","83dcefb7-53","Identity and usage rights require review before assignment","below_90_percent","Confirm identity, role, rights and crop before manifest assignment"
"/Users/megdude/Downloads/PERKS MEDIA/IMAGES NEW /LEGENDS LISTINGS/83dcefb7 (6).jpeg","83dcefb7-6","Identity and usage rights require review before assignment","below_90_percent","Confirm identity, role, rights and crop before manifest assignment"
"/Users/megdude/Downloads/PERKS MEDIA/IMAGES NEW /LEGENDS LISTINGS/83dcefb7 (7).jpeg","83dcefb7-7","Identity and usage rights require review before assignment","below_90_percent","Confirm identity, role, rights and crop before manifest assignment"
"/Users/megdude/Downloads/PERKS MEDIA/IMAGES NEW /LEGENDS LISTINGS/83dcefb7 (8).jpeg","83dcefb7-8","Identity and usage rights require review before assignment","below_90_percent","Confirm identity, role, rights and crop before manifest assignment"
"/Users/megdude/Downloads/PERKS MEDIA/IMAGES NEW /LEGENDS LISTINGS/83dcefb7 (9).jpeg","83dcefb7-9","Identity and usage rights require review before assignment","below_90_percent","Confirm identity, role, rights and crop before manifest assignment"
"/Users/megdude/Downloads/PERKS MEDIA/IMAGES NEW /LEGENDS LISTINGS/83dcefb7.jpeg","83dcefb7","Identity and usage rights require review before assignment","below_90_percent","Confirm identity, role, rights and crop before manifest assignment"
"/Users/megdude/Downloads/PERKS MEDIA/IMAGES NEW /LEGENDS LISTINGS/Bat-show-on-Congress-Avenue-Bridge-in-Austin.avif","bat-show-on-congress-avenue-bridge-in-austin","Identity and usage rights require review before assignment","below_90_percent","Confirm identity, role, rights and crop before manifest assignment"
"/Users/megdude/Downloads/PERKS MEDIA/IMAGES NEW /LEGENDS LISTINGS/Legends butterfly logo.avif","legends-butterfly-logo","Identity and usage rights require review before assignment","below_90_percent","Confirm identity, role, rights and crop before manifest assignment"
"/Users/megdude/Downloads/PERKS MEDIA/IMAGES NEW /LEGENDS LISTINGS/aacdlhvpk3bq3ysj5gm9.avif","aacdlhvpk3bq3ysj5gm9","Identity and usage rights require review before assignment","below_90_percent","Confirm identity, role, rights and crop before manifest assignment"
"/Users/megdude/Downloads/PERKS MEDIA/IMAGES NEW /LEGENDS LISTINGS/akzd8r89w8cyho9r12df.jpg","akzd8r89w8cyho9r12df","Identity and usage rights require review before assignment","below_90_percent","Confirm identity, role, rights and crop before manifest assignment"
"/Users/megdude/Downloads/PERKS MEDIA/IMAGES NEW /LEGENDS LISTINGS/austin.avif","austin","Identity and usage rights require review before assignment","below_90_percent","Confirm identity, role, rights and crop before manifest assignment"
"/Users/megdude/Downloads/PERKS MEDIA/IMAGES NEW /LEGENDS LISTINGS/azbtj2rjm8qa7bpld2ti copy.jpg","azbtj2rjm8qa7bpld2ti-copy","Identity and usage rights require review before assignment","below_90_percent","Confirm identity, role, rights and crop before manifest assignment"
"/Users/megdude/Downloads/PERKS MEDIA/IMAGES NEW /LEGENDS LISTINGS/azbtj2rjm8qa7bpld2ti.jpg","azbtj2rjm8qa7bpld2ti","Identity and usage rights require review before assignment","below_90_percent","Confirm identity, role, rights and crop before manifest assignment"
"/Users/megdude/Downloads/PERKS MEDIA/IMAGES NEW /LEGENDS LISTINGS/bk6bzadp9zcjjpcv37yh.avif","bk6bzadp9zcjjpcv37yh","Identity and usage rights require review before assignment","below_90_percent","Confirm identity, role, rights and crop before manifest assignment"
"/Users/megdude/Downloads/PERKS MEDIA/IMAGES NEW /LEGENDS LISTINGS/ck80uh0lktj0hjbzvwvk.jpg","ck80uh0lktj0hjbzvwvk","Identity and usage rights require review before assignment","below_90_percent","Confirm identity, role, rights and crop before manifest assignment"
"/Users/megdude/Downloads/PERKS MEDIA/IMAGES NEW /LEGENDS LISTINGS/d6a4d9a1-d4c5-4ff8-8261-e51fcf930655.avif","d6a4d9a1-d4c5-4ff8-8261-e51fcf930655","Identity and usage rights require review before assignment","below_90_percent","Confirm identity, role, rights and crop before manifest assignment"
"/Users/megdude/Downloads/PERKS MEDIA/IMAGES NEW /LEGENDS LISTINGS/dd975tfymw7pqgyh0wgu.jpg","dd975tfymw7pqgyh0wgu","Identity and usage rights require review before assignment","below_90_percent","Confirm identity, role, rights and crop before manifest assignment"
"/Users/megdude/Downloads/PERKS MEDIA/IMAGES NEW /LEGENDS LISTINGS/e4vnxvzzfftxsw2vimfi.jpg","e4vnxvzzfftxsw2vimfi","Identity and usage rights require review before assignment","below_90_percent","Confirm identity, role, rights and crop before manifest assignment"
"/Users/megdude/Downloads/PERKS MEDIA/IMAGES NEW /LEGENDS LISTINGS/fd63k3siyxdany5inwki.jpg","fd63k3siyxdany5inwki","Identity and usage rights require review before assignment","below_90_percent","Confirm identity, role, rights and crop before manifest assignment"
"/Users/megdude/Downloads/PERKS MEDIA/IMAGES NEW /LEGENDS LISTINGS/ferdi-pasion-7odw8adwv38-unsplash.avif","ferdi-pasion-7odw8adwv38-unsplash","Identity and usage rights require review before assignment","below_90_percent","Confirm identity, role, rights and crop before manifest assignment"
"/Users/megdude/Downloads/PERKS MEDIA/IMAGES NEW /LEGENDS LISTINGS/ffv9bsh8twplje5nzd00.png","ffv9bsh8twplje5nzd00","Identity and usage rights require review before assignment","below_90_percent","Confirm identity, role, rights and crop before manifest assignment"
"/Users/megdude/Downloads/PERKS MEDIA/IMAGES NEW /LEGENDS LISTINGS/fsa9vy5slbbdaz8eahd8.png","fsa9vy5slbbdaz8eahd8","Identity and usage rights require review before assignment","below_90_percent","Confirm identity, role, rights and crop before manifest assignment"
"/Users/megdude/Downloads/PERKS MEDIA/IMAGES NEW /LEGENDS LISTINGS/ghtlobnr1v9n2rmrbbso.jpg","ghtlobnr1v9n2rmrbbso","Identity and usage rights require review before assignment","below_90_percent","Confirm identity, role, rights and crop before manifest assignment"
"/Users/megdude/Downloads/PERKS MEDIA/IMAGES NEW /LEGENDS LISTINGS/gpb3qzcavzzdrilsehno.jpg","gpb3qzcavzzdrilsehno","Identity and usage rights require review before assignment","below_90_percent","Confirm identity, role, rights and crop before manifest assignment"
"/Users/megdude/Downloads/PERKS MEDIA/IMAGES NEW /LEGENDS LISTINGS/gsg7uu5j1imb53f4dhak.jpg","gsg7uu5j1imb53f4dhak","Identity and usage rights require review before assignment","below_90_percent","Confirm identity, role, rights and crop before manifest assignment"
"/Users/megdude/Downloads/PERKS MEDIA/IMAGES NEW /LEGENDS LISTINGS/h0tsetf9lfr3kmoj4i5f.jpg","h0tsetf9lfr3kmoj4i5f","Identity and usage rights require review before assignment","below_90_percent","Confirm identity, role, rights and crop before manifest assignment"
"/Users/megdude/Downloads/PERKS MEDIA/IMAGES NEW /LEGENDS LISTINGS/hsicsbxcqs9c6qwryobn.avif","hsicsbxcqs9c6qwryobn","Identity and usage rights require review before assignment","below_90_percent","Confirm identity, role, rights and crop before manifest assignment"
"/Users/megdude/Downloads/PERKS MEDIA/IMAGES NEW /LEGENDS LISTINGS/ixi4zv63oybkhhnypzss.png","ixi4zv63oybkhhnypzss","Identity and usage rights require review before assignment","below_90_percent","Confirm identity, role, rights and crop before manifest assignment"
"/Users/megdude/Downloads/PERKS MEDIA/IMAGES NEW /LEGENDS LISTINGS/jstsohjpjan53etv3oje.png","jstsohjpjan53etv3oje","Identity and usage rights require review before assignment","below_90_percent","Confirm identity, role, rights and crop before manifest assignment"
"/Users/megdude/Downloads/PERKS MEDIA/IMAGES NEW /LEGENDS LISTINGS/jvplh4hpe2qr0vmjfl18.jpg","jvplh4hpe2qr0vmjfl18","Identity and usage rights require review before assignment","below_90_percent","Confirm identity, role, rights and crop before manifest assignment"
"/Users/megdude/Downloads/PERKS MEDIA/IMAGES NEW /LEGENDS LISTINGS/kj7chw5ncsl3rdzsiqjp.avif","kj7chw5ncsl3rdzsiqjp","Identity and usage rights require review before assignment","below_90_percent","Confirm identity, role, rights and crop before manifest assignment"
"/Users/megdude/Downloads/PERKS MEDIA/IMAGES NEW /LEGENDS LISTINGS/knmt6mphvu2ntfdhb0bw.avif","knmt6mphvu2ntfdhb0bw","Identity and usage rights require review before assignment","below_90_percent","Confirm identity, role, rights and crop before manifest assignment"
"/Users/megdude/Downloads/PERKS MEDIA/IMAGES NEW /LEGENDS LISTINGS/lmtrhxe55fwscsst6juh.jpeg","lmtrhxe55fwscsst6juh","Identity and usage rights require review before assignment","below_90_percent","Confirm identity, role, rights and crop before manifest assignment"
"/Users/megdude/Downloads/PERKS MEDIA/IMAGES NEW /LEGENDS LISTINGS/loc9pusageh9heyfhfok.jpg","loc9pusageh9heyfhfok","Identity and usage rights require review before assignment","below_90_percent","Confirm identity, role, rights and crop before manifest assignment"
"/Users/megdude/Downloads/PERKS MEDIA/IMAGES NEW /LEGENDS LISTINGS/nwwpcqzqoplr4puqkuai.webp","nwwpcqzqoplr4puqkuai","Identity and usage rights require review before assignment","below_90_percent","Confirm identity, role, rights and crop before manifest assignment"
"/Users/megdude/Downloads/PERKS MEDIA/IMAGES NEW /LEGENDS LISTINGS/ojutzttwbudxtkur0ld8.jpg","ojutzttwbudxtkur0ld8","Identity and usage rights require review before assignment","below_90_percent","Confirm identity, role, rights and crop before manifest assignment"
"/Users/megdude/Downloads/PERKS MEDIA/IMAGES NEW /LEGENDS LISTINGS/p3hp0pctolegezheehgq.avif","p3hp0pctolegezheehgq","Identity and usage rights require review before assignment","below_90_percent","Confirm identity, role, rights and crop before manifest assignment"
"/Users/megdude/Downloads/PERKS MEDIA/IMAGES NEW /LEGENDS LISTINGS/pdamk25y90wjb4fhvhpk.avif","pdamk25y90wjb4fhvhpk","Identity and usage rights require review before assignment","below_90_percent","Confirm identity, role, rights and crop before manifest assignment"
"/Users/megdude/Downloads/PERKS MEDIA/IMAGES NEW /LEGENDS LISTINGS/pkkombzjiie68r1c7djs.jpg","pkkombzjiie68r1c7djs","Identity and usage rights require review before assignment","below_90_percent","Confirm identity, role, rights and crop before manifest assignment"
"/Users/megdude/Downloads/PERKS MEDIA/IMAGES NEW /LEGENDS LISTINGS/qkdmzkb7kzybbzdm8xan.jpg","qkdmzkb7kzybbzdm8xan","Identity and usage rights require review before assignment","below_90_percent","Confirm identity, role, rights and crop before manifest assignment"
"/Users/megdude/Downloads/PERKS MEDIA/IMAGES NEW /LEGENDS LISTINGS/rxn4ukwxsaua0gd63aha.png","rxn4ukwxsaua0gd63aha","Identity and usage rights require review before assignment","below_90_percent","Confirm identity, role, rights and crop before manifest assignment"
"/Users/megdude/Downloads/PERKS MEDIA/IMAGES NEW /LEGENDS LISTINGS/sdcuyw4dhwd2we6ymxtd.png","sdcuyw4dhwd2we6ymxtd","Identity and usage rights require review before assignment","below_90_percent","Confirm identity, role, rights and crop before manifest assignment"
"/Users/megdude/Downloads/PERKS MEDIA/IMAGES NEW /LEGENDS LISTINGS/tqj4b1jepuepz9weeh9z.jpg","tqj4b1jepuepz9weeh9z","Identity and usage rights require review before assignment","below_90_percent","Confirm identity, role, rights and crop before manifest assignment"
"/Users/megdude/Downloads/PERKS MEDIA/IMAGES NEW /LEGENDS LISTINGS/tzv3zp9qregnfp9fxjjn.png","tzv3zp9qregnfp9fxjjn","Identity and usage rights require review before assignment","below_90_percent","Confirm identity, role, rights and crop before manifest assignment"
"/Users/megdude/Downloads/PERKS MEDIA/IMAGES NEW /LEGENDS LISTINGS/uhir1jk3bfz4uklcw7tg.jpg","uhir1jk3bfz4uklcw7tg","Identity and usage rights require review before assignment","below_90_percent","Confirm identity, role, rights and crop before manifest assignment"
"/Users/megdude/Downloads/PERKS MEDIA/IMAGES NEW /LEGENDS LISTINGS/uhtcj4zlplg6xte9jznr.png","uhtcj4zlplg6xte9jznr","Identity and usage rights require review before assignment","below_90_percent","Confirm identity, role, rights and crop before manifest assignment"
"/Users/megdude/Downloads/PERKS MEDIA/IMAGES NEW /LEGENDS LISTINGS/w5wtvizxtbr8zfctk2kn.png","w5wtvizxtbr8zfctk2kn","Identity and usage rights require review before assignment","below_90_percent","Confirm identity, role, rights and crop before manifest assignment"
"/Users/megdude/Downloads/PERKS MEDIA/IMAGES NEW /LEGENDS LISTINGS/xbu4ntmtw4h1obagchd1.png","xbu4ntmtw4h1obagchd1","Identity and usage rights require review before assignment","below_90_percent","Confirm identity, role, rights and crop before manifest assignment"
"/Users/megdude/Downloads/PERKS MEDIA/IMAGES NEW /LEGENDS LISTINGS/xccaqr1yvmyhmqxbgx71.png","xccaqr1yvmyhmqxbgx71","Identity and usage rights require review before assignment","below_90_percent","Confirm identity, role, rights and crop before manifest assignment"
"/Users/megdude/Downloads/PERKS MEDIA/IMAGES NEW /LEGENDS LISTINGS/xgneno2ux7ircy1rn4km.avif","xgneno2ux7ircy1rn4km","Identity and usage rights require review before assignment","below_90_percent","Confirm identity, role, rights and crop before manifest assignment"
"/Users/megdude/Downloads/PERKS MEDIA/IMAGES NEW /LEGENDS LISTINGS/y6irl6fpch4lh0hfs6fw.png","y6irl6fpch4lh0hfs6fw","Identity and usage rights require review before assignment","below_90_percent","Confirm identity, role, rights and crop before manifest assignment"
"/Users/megdude/Downloads/PERKS MEDIA/IMAGES NEW /LEGENDS LISTINGS/ys4ioyuxsxccnmqxsvwa.png","ys4ioyuxsxccnmqxsvwa","Identity and usage rights require review before assignment","below_90_percent","Confirm identity, role, rights and crop before manifest assignment"
"/Users/megdude/Downloads/PERKS MEDIA/IMAGES NEW /LEGENDS LISTINGS/zkzavjgj2k7sxwm27hzh.avif","zkzavjgj2k7sxwm27hzh","Identity and usage rights require review before assignment","below_90_percent","Confirm identity, role, rights and crop before manifest assignment"
"/Users/megdude/Downloads/PERKS MEDIA/IMAGES NEW /LOBBY HOUR/lobby hour.png","lobby-hour","Identity and usage rights require review before assignment","below_90_percent","Confirm identity, role, rights and crop before manifest assignment"
"/Users/megdude/Downloads/PERKS MEDIA/IMAGES NEW /LOBBY HOUR/lobby hour.webp","lobby-hour","Identity and usage rights require review before assignment","below_90_percent","Confirm identity, role, rights and crop before manifest assignment"
"/Users/megdude/Downloads/PERKS MEDIA/IMAGES NEW /LOBBY HOUR/lobby poster.png","lobby-poster","Identity and usage rights require review before assignment","below_90_percent","Confirm identity, role, rights and crop before manifest assignment"
"/Users/megdude/Downloads/PERKS MEDIA/IMAGES NEW /LOGOS/7ae94b92-ee79-4650-9497-539e35f834e7.png","7ae94b92-ee79-4650-9497-539e35f834e7","Identity and usage rights require review before assignment","below_90_percent","Confirm identity, role, rights and crop before manifest assignment"
"/Users/megdude/Downloads/PERKS MEDIA/IMAGES NEW /LOGOS/DANA.png","dana","Identity and usage rights require review before assignment","below_90_percent","Confirm identity, role, rights and crop before manifest assignment"
"/Users/megdude/Downloads/PERKS MEDIA/IMAGES NEW /LOGOS/Gold and black options.png","gold-and-black-options","Identity and usage rights require review before assignment","below_90_percent","Confirm identity, role, rights and crop before manifest assignment"
"/Users/megdude/Downloads/PERKS MEDIA/IMAGES NEW /LOGOS/downtown-perks-dana-style-preview.jpg","downtown-perks-dana-style-preview","Identity and usage rights require review before assignment","below_90_percent","Confirm identity, role, rights and crop before manifest assignment"
"/Users/megdude/Downloads/PERKS MEDIA/IMAGES NEW /LOGOS/downtown-perks-dana-style-transparent-highres.png","downtown-perks-dana-style-transparent-highres","Identity and usage rights require review before assignment","below_90_percent","Confirm identity, role, rights and crop before manifest assignment"
"/Users/megdude/Downloads/PERKS MEDIA/IMAGES NEW /LOGOS FOR MAP PINS/DANA.png","dana","Identity and usage rights require review before assignment","below_90_percent","Confirm identity, role, rights and crop before manifest assignment"
"/Users/megdude/Downloads/PERKS MEDIA/IMAGES NEW /LOGOS FOR MAP PINS/Feature Pricing.png","feature-pricing","Identity and usage rights require review before assignment","below_90_percent","Confirm identity, role, rights and crop before manifest assignment"
"/Users/megdude/Downloads/PERKS MEDIA/IMAGES NEW /LOGOS FOR MAP PINS/HIGH RES/fine-eyewear-dana-style-transparent-highres.png","fine-eyewear-dana-style-transparent-highres","Identity and usage rights require review before assignment","below_90_percent","Confirm identity, role, rights and crop before manifest assignment"
"/Users/megdude/Downloads/PERKS MEDIA/IMAGES NEW /LOGOS FOR MAP PINS/HIGH RES/in-kind-dana-style-transparent-highres.png","in-kind-dana-style-transparent-highres","Identity and usage rights require review before assignment","below_90_percent","Confirm identity, role, rights and crop before manifest assignment"
"/Users/megdude/Downloads/PERKS MEDIA/IMAGES NEW /LOGOS FOR MAP PINS/HIGH RES/legends-dana-style-transparent-highres.png","legends-dana-style-transparent-highres","Identity and usage rights require review before assignment","below_90_percent","Confirm identity, role, rights and crop before manifest assignment"
"/Users/megdude/Downloads/PERKS MEDIA/IMAGES NEW /LOGOS FOR MAP PINS/HIGH RES/stay-put-dana-style-transparent-highres.png","stay-put-dana-style-transparent-highres","Identity and usage rights require review before assignment","below_90_percent","Confirm identity, role, rights and crop before manifest assignment"
"/Users/megdude/Downloads/PERKS MEDIA/IMAGES NEW /LOGOS FOR MAP PINS/HIGH RES/topo-chico-dana-style-transparent-highres.png","topo-chico-dana-style-transparent-highres","Identity and usage rights require review before assignment","below_90_percent","Confirm identity, role, rights and crop before manifest assignment"
"/Users/megdude/Downloads/PERKS MEDIA/IMAGES NEW /LOGOS FOR MAP PINS/HIGH RES/waterloo-greenway-dana-style-transparent-highres.png","waterloo-greenway-dana-style-transparent-highres","Identity and usage rights require review before assignment","below_90_percent","Confirm identity, role, rights and crop before manifest assignment"
"/Users/megdude/Downloads/PERKS MEDIA/IMAGES NEW /LOGOS FOR MAP PINS/Legends.png","legends","Identity and usage rights require review before assignment","below_90_percent","Confirm identity, role, rights and crop before manifest assignment"
"/Users/megdude/Downloads/PERKS MEDIA/IMAGES NEW /LOGOS FOR MAP PINS/fine eyewear.png","fine-eyewear","Identity and usage rights require review before assignment","below_90_percent","Confirm identity, role, rights and crop before manifest assignment"
"/Users/megdude/Downloads/PERKS MEDIA/IMAGES NEW /LOGOS FOR MAP PINS/inKind.png","inkind","Identity and usage rights require review before assignment","below_90_percent","Confirm identity, role, rights and crop before manifest assignment"
"/Users/megdude/Downloads/PERKS MEDIA/IMAGES NEW /LOGOS FOR MAP PINS/stay put.png","stay-put","Identity and usage rights require review before assignment","below_90_percent","Confirm identity, role, rights and crop before manifest assignment"
"/Users/megdude/Downloads/PERKS MEDIA/IMAGES NEW /LOGOS FOR MAP PINS/topochico.png","topochico","Identity and usage rights require review before assignment","below_90_percent","Confirm identity, role, rights and crop before manifest assignment"
"/Users/megdude/Downloads/PERKS MEDIA/IMAGES NEW /LOGOS FOR MAP PINS/waterlook greenway .png","waterlook-greenway","Identity and usage rights require review before assignment","below_90_percent","Confirm identity, role, rights and crop before manifest assignment"
"/Users/megdude/Downloads/PERKS MEDIA/IMAGES NEW /LULULEMON/Lulu Lemon Logo White.png","lulu-lemon-logo-white","Identity and usage rights require review before assignment","below_90_percent","Confirm identity, role, rights and crop before manifest assignment"
"/Users/megdude/Downloads/PERKS MEDIA/IMAGES NEW /LULULEMON/YOga-Fashion-China-1.jpg","yoga-fashion-china-1","Identity and usage rights require review before assignment","below_90_percent","Confirm identity, role, rights and crop before manifest assignment"
"/Users/megdude/Downloads/PERKS MEDIA/IMAGES NEW /LULULEMON/images.jpeg","images","Identity and usage rights require review before assignment","below_90_percent","Confirm identity, role, rights and crop before manifest assignment"
"/Users/megdude/Downloads/PERKS MEDIA/IMAGES NEW /LULULEMON/istockphoto-458869903-612x612.jpg","istockphoto-458869903-612x612","Identity and usage rights require review before assignment","below_90_percent","Confirm identity, role, rights and crop before manifest assignment"
"/Users/megdude/Downloads/PERKS MEDIA/IMAGES NEW /LULULEMON/l.jpg","l","Identity and usage rights require review before assignment","below_90_percent","Confirm identity, role, rights and crop before manifest assignment"
"/Users/megdude/Downloads/PERKS MEDIA/IMAGES NEW /LULULEMON/lululemon-athletica-yoga-pants-see-through.webp","lululemon-athletica-yoga-pants-see-through","Identity and usage rights require review before assignment","below_90_percent","Confirm identity, role, rights and crop before manifest assignment"
"/Users/megdude/Downloads/PERKS MEDIA/IMAGES NEW /LULULEMON/lululemon-yoga-leggings-64529a1e874e4.webp","lululemon-yoga-leggings-64529a1e874e4","Identity and usage rights require review before assignment","below_90_percent","Confirm identity, role, rights and crop before manifest assignment"
"/Users/megdude/Downloads/PERKS MEDIA/IMAGES NEW /MAP IMAGES /AMAYA_Logotype_Color_CMYK_withTexture_tif.avif","amaya-logotype-color-cmyk-withtexture-tif","Identity and usage rights require review before assignment","below_90_percent","Confirm identity, role, rights and crop before manifest assignment"
"/Users/megdude/Downloads/PERKS MEDIA/IMAGES NEW /MAP IMAGES /AMAYA_Logotype_White_RGB_withTexture.avif","amaya-logotype-white-rgb-withtexture","Identity and usage rights require review before assignment","below_90_percent","Confirm identity, role, rights and crop before manifest assignment"
"/Users/megdude/Downloads/PERKS MEDIA/IMAGES NEW /MAP IMAGES /Anthem.jpg","anthem","Identity and usage rights require review before assignment","below_90_percent","Confirm identity, role, rights and crop before manifest assignment"
"/Users/megdude/Downloads/PERKS MEDIA/IMAGES NEW /MAP IMAGES /Business Type Emmer & Rye Bread.png","business-type-emmer-rye-bread","Identity and usage rights require review before assignment","below_90_percent","Confirm identity, role, rights and crop before manifest assignment"
"/Users/megdude/Downloads/PERKS MEDIA/IMAGES NEW /MAP IMAGES /Business Type Emmer & Rye RichardCasteel_Emmer_Rye_16.avif","business-type-emmer-rye-richardcasteel-emmer-rye-16","Identity and usage rights require review before assignment","below_90_percent","Confirm identity, role, rights and crop before manifest assignment"
"/Users/megdude/Downloads/PERKS MEDIA/IMAGES NEW /MAP IMAGES /emmer and rye.png","emmer-and-rye","Identity and usage rights require review before assignment","below_90_percent","Confirm identity, role, rights and crop before manifest assignment"
"/Users/megdude/Downloads/PERKS MEDIA/IMAGES NEW /MAP IMAGES /jazz at stay put.jpeg","jazz-at-stay-put","Identity and usage rights require review before assignment","below_90_percent","Confirm identity, role, rights and crop before manifest assignment"
"/Users/megdude/Downloads/PERKS MEDIA/IMAGES NEW /MAP PIN PROPERTY IMAGES/3 Waller .webp","3-waller","Identity and usage rights require review before assignment","below_90_percent","Confirm identity, role, rights and crop before manifest assignment"
"/Users/megdude/Downloads/PERKS MEDIA/IMAGES NEW /MAP PIN PROPERTY IMAGES/301 West Ave # 4105.webp","301-west-ave-4105","Identity and usage rights require review before assignment","below_90_percent","Confirm identity, role, rights and crop before manifest assignment"
"/Users/megdude/Downloads/PERKS MEDIA/IMAGES NEW /MAP PIN PROPERTY IMAGES/301 West Ave 2.webp","301-west-ave-2","Identity and usage rights require review before assignment","below_90_percent","Confirm identity, role, rights and crop before manifest assignment"
"/Users/megdude/Downloads/PERKS MEDIA/IMAGES NEW /MAP PIN PROPERTY IMAGES/301 West Ave 3.webp","301-west-ave-3","Identity and usage rights require review before assignment","below_90_percent","Confirm identity, role, rights and crop before manifest assignment"
"/Users/megdude/Downloads/PERKS MEDIA/IMAGES NEW /MAP PIN PROPERTY IMAGES/301 West Ave.jpg","301-west-ave","Identity and usage rights require review before assignment","below_90_percent","Confirm identity, role, rights and crop before manifest assignment"
"/Users/megdude/Downloads/PERKS MEDIA/IMAGES NEW /MAP PIN PROPERTY IMAGES/311 W 5th ST Unit- 803 .jpg","311-w-5th-st-unit-803","Identity and usage rights require review before assignment","below_90_percent","Confirm identity, role, rights and crop before manifest assignment"
"/Users/megdude/Downloads/PERKS MEDIA/IMAGES NEW /MAP PIN PROPERTY IMAGES/404 Rio Grande .jpeg","404-rio-grande","Identity and usage rights require review before assignment","below_90_percent","Confirm identity, role, rights and crop before manifest assignment"
"/Users/megdude/Downloads/PERKS MEDIA/IMAGES NEW /MAP PIN PROPERTY IMAGES/44 East  118030_N83_jpg.jpg","44-east-118030-n83-jpg","Identity and usage rights require review before assignment","below_90_percent","Confirm identity, role, rights and crop before manifest assignment"
"/Users/megdude/Downloads/PERKS MEDIA/IMAGES NEW /MAP PIN PROPERTY IMAGES/44 East .jpg","44-east","Identity and usage rights require review before assignment","below_90_percent","Confirm identity, role, rights and crop before manifest assignment"
"/Users/megdude/Downloads/PERKS MEDIA/IMAGES NEW /MAP PIN PROPERTY IMAGES/44 East Image .jpg","44-east-image","Identity and usage rights require review before assignment","below_90_percent","Confirm identity, role, rights and crop before manifest assignment"
"/Users/megdude/Downloads/PERKS MEDIA/IMAGES NEW /MAP PIN PROPERTY IMAGES/70 Rainey .webp","70-rainey","Identity and usage rights require review before assignment","below_90_percent","Confirm identity, role, rights and crop before manifest assignment"
"/Users/megdude/Downloads/PERKS MEDIA/IMAGES NEW /MAP PIN PROPERTY IMAGES/70 Rainey 1.png","70-rainey-1","Identity and usage rights require review before assignment","below_90_percent","Confirm identity, role, rights and crop before manifest assignment"
"/Users/megdude/Downloads/PERKS MEDIA/IMAGES NEW /MAP PIN PROPERTY IMAGES/700 River .png","700-river","Identity and usage rights require review before assignment","below_90_percent","Confirm identity, role, rights and crop before manifest assignment"
"/Users/megdude/Downloads/PERKS MEDIA/IMAGES NEW /MAP PIN PROPERTY IMAGES/700 River 1.jpg","700-river-1","Identity and usage rights require review before assignment","below_90_percent","Confirm identity, role, rights and crop before manifest assignment"
"/Users/megdude/Downloads/PERKS MEDIA/IMAGES NEW /MAP PIN PROPERTY IMAGES/700 River.jpeg","700-river","Identity and usage rights require review before assignment","below_90_percent","Confirm identity, role, rights and crop before manifest assignment"
"/Users/megdude/Downloads/PERKS MEDIA/IMAGES NEW /MAP PIN PROPERTY IMAGES/700 River.jpg","700-river","Identity and usage rights require review before assignment","below_90_percent","Confirm identity, role, rights and crop before manifest assignment"
"/Users/megdude/Downloads/PERKS MEDIA/IMAGES NEW /MAP PIN PROPERTY IMAGES/700 River2.jpg","700-river2","Identity and usage rights require review before assignment","below_90_percent","Confirm identity, role, rights and crop before manifest assignment"
"/Users/megdude/Downloads/PERKS MEDIA/IMAGES NEW /MAP PIN PROPERTY IMAGES/Cambria Hotel Austin Downtown .jpg","cambria-hotel-austin-downtown","Identity and usage rights require review before assignment","below_90_percent","Confirm identity, role, rights and crop before manifest assignment"
"/Users/megdude/Downloads/PERKS MEDIA/IMAGES NEW /MAP PIN PROPERTY IMAGES/Cantina 512.jpg","cantina-512","Identity and usage rights require review before assignment","below_90_percent","Confirm identity, role, rights and crop before manifest assignment"
"/Users/megdude/Downloads/PERKS MEDIA/IMAGES NEW /MAP PIN PROPERTY IMAGES/Fairfield Inn & Suites Austin Downtown .jpg","fairfield-inn-suites-austin-downtown","Identity and usage rights require review before assignment","below_90_percent","Confirm identity, role, rights and crop before manifest assignment"
"/Users/megdude/Downloads/PERKS MEDIA/IMAGES NEW /MAP PIN PROPERTY IMAGES/Fairmont Austin .jpg","fairmont-austin","Identity and usage rights require review before assignment","below_90_percent","Confirm identity, role, rights and crop before manifest assignment"
"/Users/megdude/Downloads/PERKS MEDIA/IMAGES NEW /MAP PIN PROPERTY IMAGES/Fairmont Austin 1.webp","fairmont-austin-1","Identity and usage rights require review before assignment","below_90_percent","Confirm identity, role, rights and crop before manifest assignment"
"/Users/megdude/Downloads/PERKS MEDIA/IMAGES NEW /MAP PIN PROPERTY IMAGES/Gables Republic Square .jpg","gables-republic-square","Identity and usage rights require review before assignment","below_90_percent","Confirm identity, role, rights and crop before manifest assignment"
"/Users/megdude/Downloads/PERKS MEDIA/IMAGES NEW /MAP PIN PROPERTY IMAGES/Gardena-RENDERING-high-rise-condo-BC-1200x675.jpg","gardena-rendering-high-rise-condo-bc-1200x675","Identity and usage rights require review before assignment","below_90_percent","Confirm identity, role, rights and crop before manifest assignment"
"/Users/megdude/Downloads/PERKS MEDIA/IMAGES NEW /MAP PIN PROPERTY IMAGES/Holiday Inn Austin Town Lake .webp","holiday-inn-austin-town-lake","Identity and usage rights require review before assignment","below_90_percent","Confirm identity, role, rights and crop before manifest assignment"
"/Users/megdude/Downloads/PERKS MEDIA/IMAGES NEW /MAP PIN PROPERTY IMAGES/Hotel Van Zandt .webp","hotel-van-zandt","Identity and usage rights require review before assignment","below_90_percent","Confirm identity, role, rights and crop before manifest assignment"
"/Users/megdude/Downloads/PERKS MEDIA/IMAGES NEW /MAP PIN PROPERTY IMAGES/Hotel Van Zandt 1.avif","hotel-van-zandt-1","Identity and usage rights require review before assignment","below_90_percent","Confirm identity, role, rights and crop before manifest assignment"
"/Users/megdude/Downloads/PERKS MEDIA/IMAGES NEW /MAP PIN PROPERTY IMAGES/Hotel Van Zandt 2.webp","hotel-van-zandt-2","Identity and usage rights require review before assignment","below_90_percent","Confirm identity, role, rights and crop before manifest assignment"
"/Users/megdude/Downloads/PERKS MEDIA/IMAGES NEW /MAP PIN PROPERTY IMAGES/Millenium Rainey .jpg","millenium-rainey","Identity and usage rights require review before assignment","below_90_percent","Confirm identity, role, rights and crop before manifest assignment"
"/Users/megdude/Downloads/PERKS MEDIA/IMAGES NEW /MAP PIN PROPERTY IMAGES/Millenium Rainey 1.jpeg","millenium-rainey-1","Identity and usage rights require review before assignment","below_90_percent","Confirm identity, role, rights and crop before manifest assignment"
"/Users/megdude/Downloads/PERKS MEDIA/IMAGES NEW /MAP PIN PROPERTY IMAGES/Modern Austin Residences .jpg","modern-austin-residences","Identity and usage rights require review before assignment","below_90_percent","Confirm identity, role, rights and crop before manifest assignment"
"/Users/megdude/Downloads/PERKS MEDIA/IMAGES NEW /MAP PIN PROPERTY IMAGES/Modern Austin Residences 2.jpg","modern-austin-residences-2","Identity and usage rights require review before assignment","below_90_percent","Confirm identity, role, rights and crop before manifest assignment"
"/Users/megdude/Downloads/PERKS MEDIA/IMAGES NEW /MAP PIN PROPERTY IMAGES/Modern Austin Residences penthouse.jpg","modern-austin-residences-penthouse","Identity and usage rights require review before assignment","below_90_percent","Confirm identity, role, rights and crop before manifest assignment"
"/Users/megdude/Downloads/PERKS MEDIA/IMAGES NEW /MAP PIN PROPERTY IMAGES/Paseo .jpg","paseo","Identity and usage rights require review before assignment","below_90_percent","Confirm identity, role, rights and crop before manifest assignment"
"/Users/megdude/Downloads/PERKS MEDIA/IMAGES NEW /MAP PIN PROPERTY IMAGES/Residential Property West Avenue 300 .webp","residential-property-west-avenue-300","Identity and usage rights require review before assignment","below_90_percent","Confirm identity, role, rights and crop before manifest assignment"
"/Users/megdude/Downloads/PERKS MEDIA/IMAGES NEW /MAP PIN PROPERTY IMAGES/The Quincy .jpg","the-quincy","Identity and usage rights require review before assignment","below_90_percent","Confirm identity, role, rights and crop before manifest assignment"
"/Users/megdude/Downloads/PERKS MEDIA/IMAGES NEW /MAP PIN PROPERTY IMAGES/The Quincy 1.jpg","the-quincy-1","Identity and usage rights require review before assignment","below_90_percent","Confirm identity, role, rights and crop before manifest assignment"
"/Users/megdude/Downloads/PERKS MEDIA/IMAGES NEW /MAP PIN PROPERTY IMAGES/Towers of Town Lake .jpeg","towers-of-town-lake","Identity and usage rights require review before assignment","below_90_percent","Confirm identity, role, rights and crop before manifest assignment"
"/Users/megdude/Downloads/PERKS MEDIA/IMAGES NEW /MAP PIN PROPERTY IMAGES/Vesper ATX .jpg","vesper-atx","Identity and usage rights require review before assignment","below_90_percent","Confirm identity, role, rights and crop before manifest assignment"
"/Users/megdude/Downloads/PERKS MEDIA/IMAGES NEW /MAP PIN PROPERTY IMAGES/Vesper ATX 1.jpg","vesper-atx-1","Identity and usage rights require review before assignment","below_90_percent","Confirm identity, role, rights and crop before manifest assignment"
"/Users/megdude/Downloads/PERKS MEDIA/IMAGES NEW /MAP PIN PROPERTY IMAGES/Vesper ATX 2.jpg","vesper-atx-2","Identity and usage rights require review before assignment","below_90_percent","Confirm identity, role, rights and crop before manifest assignment"
"/Users/megdude/Downloads/PERKS MEDIA/IMAGES NEW /MAP PIN PROPERTY IMAGES/Windsor on the Lake .avif","windsor-on-the-lake","Identity and usage rights require review before assignment","below_90_percent","Confirm identity, role, rights and crop before manifest assignment"
"/Users/megdude/Downloads/PERKS MEDIA/IMAGES NEW /MAP PIN PROPERTY IMAGES/austin downtown .jpg","austin-downtown","Identity and usage rights require review before assignment","below_90_percent","Confirm identity, role, rights and crop before manifest assignment"
"/Users/megdude/Downloads/PERKS MEDIA/IMAGES NEW /MAP PIN PROPERTY IMAGES/downtown view.jpg","downtown-view","Identity and usage rights require review before assignment","below_90_percent","Confirm identity, role, rights and crop before manifest assignment"
"/Users/megdude/Downloads/PERKS MEDIA/IMAGES NEW /MAP PIN PROPERTY IMAGES/ho0tel KPF_WallerCreek_TheGate_copyrightWAX.jpg.webp","ho0tel-kpf-wallercreek-thegate-copyrightwax-jpg","Identity and usage rights require review before assignment","below_90_percent","Confirm identity, role, rights and crop before manifest assignment"
"/Users/megdude/Downloads/PERKS MEDIA/IMAGES NEW /MAP PIN PROPERTY IMAGES/waterline building.jpg","waterline-building","Identity and usage rights require review before assignment","below_90_percent","Confirm identity, role, rights and crop before manifest assignment"
"/Users/megdude/Downloads/PERKS MEDIA/IMAGES NEW /NEW NEW IMAGES/19417261_1568409893231045_6649700266910526432_o.jpg","19417261-1568409893231045-6649700266910526432-o","Identity and usage rights require review before assignment","below_90_percent","Confirm identity, role, rights and crop before manifest assignment"
"/Users/megdude/Downloads/PERKS MEDIA/IMAGES NEW /NEW NEW IMAGES/1aa4c4b6-b994-4816-a6ef-6f9beed8a8b9 copy.png","1aa4c4b6-b994-4816-a6ef-6f9beed8a8b9-copy","Identity and usage rights require review before assignment","below_90_percent","Confirm identity, role, rights and crop before manifest assignment"
"/Users/megdude/Downloads/PERKS MEDIA/IMAGES NEW /NEW NEW IMAGES/1fdaf3a9-6a86-4214-a4c6-711095b833ff.png","1fdaf3a9-6a86-4214-a4c6-711095b833ff","Identity and usage rights require review before assignment","below_90_percent","Confirm identity, role, rights and crop before manifest assignment"
"/Users/megdude/Downloads/PERKS MEDIA/IMAGES NEW /NEW NEW IMAGES/20200306_Broadmore-Block-L-1024x576.jpg","20200306-broadmore-block-l-1024x576","Identity and usage rights require review before assignment","below_90_percent","Confirm identity, role, rights and crop before manifest assignment"
"/Users/megdude/Downloads/PERKS MEDIA/IMAGES NEW /NEW NEW IMAGES/20200306_Broadmore-Block-L-PSD-Edit-6-min-1024x576.jpg","20200306-broadmore-block-l-psd-edit-6-min-1024x576","Identity and usage rights require review before assignment","below_90_percent","Confirm identity, role, rights and crop before manifest assignment"
"/Users/megdude/Downloads/PERKS MEDIA/IMAGES NEW /NEW NEW IMAGES/223bcb7a-e8d2-4494-b577-e4cada79a8b2.webp","223bcb7a-e8d2-4494-b577-e4cada79a8b2","Identity and usage rights require review before assignment","below_90_percent","Confirm identity, role, rights and crop before manifest assignment"
"/Users/megdude/Downloads/PERKS MEDIA/IMAGES NEW /NEW NEW IMAGES/23-1051x600.png","23-1051x600","Identity and usage rights require review before assignment","below_90_percent","Confirm identity, role, rights and crop before manifest assignment"
"/Users/megdude/Downloads/PERKS MEDIA/IMAGES NEW /NEW NEW IMAGES/2nd-street-district-1024x683.jpg","2nd-street-district-1024x683","Identity and usage rights require review before assignment","below_90_percent","Confirm identity, role, rights and crop before manifest assignment"
"/Users/megdude/Downloads/PERKS MEDIA/IMAGES NEW /NEW NEW IMAGES/300 bowie.jpeg","300-bowie","Identity and usage rights require review before assignment","below_90_percent","Confirm identity, role, rights and crop before manifest assignment"
"/Users/megdude/Downloads/PERKS MEDIA/IMAGES NEW /NEW NEW IMAGES/30918800-ccdd-47b9-8a75-2cfe754c54fa.png","30918800-ccdd-47b9-8a75-2cfe754c54fa","Identity and usage rights require review before assignment","below_90_percent","Confirm identity, role, rights and crop before manifest assignment"
"/Users/megdude/Downloads/PERKS MEDIA/IMAGES NEW /NEW NEW IMAGES/493A2805-2-1-1024x731.jpg","493a2805-2-1-1024x731","Identity and usage rights require review before assignment","below_90_percent","Confirm identity, role, rights and crop before manifest assignment"
"/Users/megdude/Downloads/PERKS MEDIA/IMAGES NEW /NEW NEW IMAGES/4thStreetSignageWEB-5c1d42f746e0fb0001eea747.jpg","4thstreetsignageweb-5c1d42f746e0fb0001eea747","Identity and usage rights require review before assignment","below_90_percent","Confirm identity, role, rights and crop before manifest assignment"
"/Users/megdude/Downloads/PERKS MEDIA/IMAGES NEW /NEW NEW IMAGES/5c552cdb-4e43-4f0a-900f-58d1a7654ccb.png","5c552cdb-4e43-4f0a-900f-58d1a7654ccb","Identity and usage rights require review before assignment","below_90_percent","Confirm identity, role, rights and crop before manifest assignment"
"/Users/megdude/Downloads/PERKS MEDIA/IMAGES NEW /NEW NEW IMAGES/8-5D1_7328.jpg","8-5d1-7328","Identity and usage rights require review before assignment","below_90_percent","Confirm identity, role, rights and crop before manifest assignment"
"/Users/megdude/Downloads/PERKS MEDIA/IMAGES NEW /NEW NEW IMAGES/85404e47-272b-42ff-aff3-e53fe2d9b70e.png","85404e47-272b-42ff-aff3-e53fe2d9b70e","Identity and usage rights require review before assignment","below_90_percent","Confirm identity, role, rights and crop before manifest assignment"
"/Users/megdude/Downloads/PERKS MEDIA/IMAGES NEW /NEW NEW IMAGES/8862dd0ea0bcec952971f622e26c13a0.webp","8862dd0ea0bcec952971f622e26c13a0","Identity and usage rights require review before assignment","below_90_percent","Confirm identity, role, rights and crop before manifest assignment"
"/Users/megdude/Downloads/PERKS MEDIA/IMAGES NEW /NEW NEW IMAGES/94399e56-fe88-4652-ae3d-3caeef6d6b73.png","94399e56-fe88-4652-ae3d-3caeef6d6b73","Identity and usage rights require review before assignment","below_90_percent","Confirm identity, role, rights and crop before manifest assignment"
"/Users/megdude/Downloads/PERKS MEDIA/IMAGES NEW /NEW NEW IMAGES/AUSCTR-austin-unplugged.jpg","ausctr-austin-unplugged","Identity and usage rights require review before assignment","below_90_percent","Confirm identity, role, rights and crop before manifest assignment"
"/Users/megdude/Downloads/PERKS MEDIA/IMAGES NEW /NEW NEW IMAGES/Acro_Yoga_Flash_Mob_at_the_Viva_Streets_festival_in_downtown_Austin,_Texas,_USA_-_20_May_2012.jpg","acro-yoga-flash-mob-at-the-viva-streets-festival-in-downtown-austin-texas-usa-20-may-2012","Identity and usage rights require review before assignment","below_90_percent","Confirm identity, role, rights and crop before manifest assignment"
"/Users/megdude/Downloads/PERKS MEDIA/IMAGES NEW /NEW NEW IMAGES/Austin FC.png","austin-fc","Identity and usage rights require review before assignment","below_90_percent","Confirm identity, role, rights and crop before manifest assignment"
"/Users/megdude/Downloads/PERKS MEDIA/IMAGES NEW /NEW NEW IMAGES/Cam5_0000-adjusted-min-1024x576.jpg","cam5-0000-adjusted-min-1024x576","Identity and usage rights require review before assignment","below_90_percent","Confirm identity, role, rights and crop before manifest assignment"
"/Users/megdude/Downloads/PERKS MEDIA/IMAGES NEW /NEW NEW IMAGES/DAA ART WALK 2.jpg","daa-art-walk-2","Identity and usage rights require review before assignment","below_90_percent","Confirm identity, role, rights and crop before manifest assignment"
"/Users/megdude/Downloads/PERKS MEDIA/IMAGES NEW /NEW NEW IMAGES/DAA ART WALK 3.jpg","daa-art-walk-3","Identity and usage rights require review before assignment","below_90_percent","Confirm identity, role, rights and crop before manifest assignment"
"/Users/megdude/Downloads/PERKS MEDIA/IMAGES NEW /NEW NEW IMAGES/DAA ART WALK 5.jpg","daa-art-walk-5","Identity and usage rights require review before assignment","below_90_percent","Confirm identity, role, rights and crop before manifest assignment"
"/Users/megdude/Downloads/PERKS MEDIA/IMAGES NEW /NEW NEW IMAGES/DAA ART WALK 6.jpeg","daa-art-walk-6","Identity and usage rights require review before assignment","below_90_percent","Confirm identity, role, rights and crop before manifest assignment"
"/Users/megdude/Downloads/PERKS MEDIA/IMAGES NEW /NEW NEW IMAGES/DAA ART WALK PEASE-PARK-1280x854.jpg","daa-art-walk-pease-park-1280x854","Identity and usage rights require review before assignment","below_90_percent","Confirm identity, role, rights and crop before manifest assignment"
"/Users/megdude/Downloads/PERKS MEDIA/IMAGES NEW /NEW NEW IMAGES/DAA ART WALK.png","daa-art-walk","Identity and usage rights require review before assignment","below_90_percent","Confirm identity, role, rights and crop before manifest assignment"
"/Users/megdude/Downloads/PERKS MEDIA/IMAGES NEW /NEW NEW IMAGES/DAY IN LIFE/102f82a0-ab11-46fd-a0e4-a7b324824a00.png","102f82a0-ab11-46fd-a0e4-a7b324824a00","Identity and usage rights require review before assignment","below_90_percent","Confirm identity, role, rights and crop before manifest assignment"
"/Users/megdude/Downloads/PERKS MEDIA/IMAGES NEW /NEW NEW IMAGES/DAY IN LIFE/8333db2d-38fb-47f7-8e38-35aad96c7604.png","8333db2d-38fb-47f7-8e38-35aad96c7604","Identity and usage rights require review before assignment","below_90_percent","Confirm identity, role, rights and crop before manifest assignment"
"/Users/megdude/Downloads/PERKS MEDIA/IMAGES NEW /NEW NEW IMAGES/DAY IN LIFE/f4170171-be17-4fc3-b09e-cd8e6facb1c4.png","f4170171-be17-4fc3-b09e-cd8e6facb1c4","Identity and usage rights require review before assignment","below_90_percent","Confirm identity, role, rights and crop before manifest assignment"
"/Users/megdude/Downloads/PERKS MEDIA/IMAGES NEW /NEW NEW IMAGES/Dirty-Sixth-Street-Austin-440x400.jpeg","dirty-sixth-street-austin-440x400","Identity and usage rights require review before assignment","below_90_percent","Confirm identity, role, rights and crop before manifest assignment"
"/Users/megdude/Downloads/PERKS MEDIA/IMAGES NEW /NEW NEW IMAGES/DowntownFarmersMarketPerformers-5c4239014cedfd0001c7b584.jpg","downtownfarmersmarketperformers-5c4239014cedfd0001c7b584","Identity and usage rights require review before assignment","below_90_percent","Confirm identity, role, rights and crop before manifest assignment"
"/Users/megdude/Downloads/PERKS MEDIA/IMAGES NEW /NEW NEW IMAGES/EDLwestern-atd-082225-05-1024x731 (1).jpg","edlwestern-atd-082225-05-1024x731-1","Identity and usage rights require review before assignment","below_90_percent","Confirm identity, role, rights and crop before manifest assignment"
"/Users/megdude/Downloads/PERKS MEDIA/IMAGES NEW /NEW NEW IMAGES/EfQrFgbWsAEy9ha.jpg","efqrfgbwsaey9ha","Identity and usage rights require review before assignment","below_90_percent","Confirm identity, role, rights and crop before manifest assignment"
"/Users/megdude/Downloads/PERKS MEDIA/IMAGES NEW /NEW NEW IMAGES/F7CB156B-3BB6-4204-951E-AE1552CA86B9+-+Collette+Hill.webp","f7cb156b-3bb6-4204-951e-ae1552ca86b9-collette-hill","Identity and usage rights require review before assignment","below_90_percent","Confirm identity, role, rights and crop before manifest assignment"
"/Users/megdude/Downloads/PERKS MEDIA/IMAGES NEW /NEW NEW IMAGES/Mazurek_Austin_Texas_02 (1).jpg","mazurek-austin-texas-02-1","Identity and usage rights require review before assignment","below_90_percent","Confirm identity, role, rights and crop before manifest assignment"
"/Users/megdude/Downloads/PERKS MEDIA/IMAGES NEW /NEW NEW IMAGES/Mazurek_Austin_Texas_02.jpg","mazurek-austin-texas-02","Identity and usage rights require review before assignment","below_90_percent","Confirm identity, role, rights and crop before manifest assignment"
"/Users/megdude/Downloads/PERKS MEDIA/IMAGES NEW /NEW NEW IMAGES/Mazurek_Austin_Texas_09-1280x1280.jpg","mazurek-austin-texas-09-1280x1280","Identity and usage rights require review before assignment","below_90_percent","Confirm identity, role, rights and crop before manifest assignment"
"/Users/megdude/Downloads/PERKS MEDIA/IMAGES NEW /NEW NEW IMAGES/RS19-Summer_Sunset_Series-032.jpg","rs19-summer-sunset-series-032","Identity and usage rights require review before assignment","below_90_percent","Confirm identity, role, rights and crop before manifest assignment"
"/Users/megdude/Downloads/PERKS MEDIA/IMAGES NEW /NEW NEW IMAGES/Sixth_and_Guadalupe,_Austin,_TX.jpg","sixth-and-guadalupe-austin-tx","Identity and usage rights require review before assignment","below_90_percent","Confirm identity, role, rights and crop before manifest assignment"
"/Users/megdude/Downloads/PERKS MEDIA/IMAGES NEW /NEW NEW IMAGES/Texas-State-Capitol_Russ-Moore_01.jpg","texas-state-capitol-russ-moore-01","Identity and usage rights require review before assignment","below_90_percent","Confirm identity, role, rights and crop before manifest assignment"
"/Users/megdude/Downloads/PERKS MEDIA/IMAGES NEW /NEW NEW IMAGES/The Shore .jpeg","the-shore","Identity and usage rights require review before assignment","below_90_percent","Confirm identity, role, rights and crop before manifest assignment"
"/Users/megdude/Downloads/PERKS MEDIA/IMAGES NEW /NEW NEW IMAGES/YOGA-1-e1584543323330.jpg","yoga-1-e1584543323330","Identity and usage rights require review before assignment","below_90_percent","Confirm identity, role, rights and crop before manifest assignment"
"/Users/megdude/Downloads/PERKS MEDIA/IMAGES NEW /NEW NEW IMAGES/apctourcovers-1.webp","apctourcovers-1","Identity and usage rights require review before assignment","below_90_percent","Confirm identity, role, rights and crop before manifest assignment"
"/Users/megdude/Downloads/PERKS MEDIA/IMAGES NEW /NEW NEW IMAGES/austin-sports-club.jpg","austin-sports-club","Identity and usage rights require review before assignment","below_90_percent","Confirm identity, role, rights and crop before manifest assignment"
"/Users/megdude/Downloads/PERKS MEDIA/IMAGES NEW /NEW NEW IMAGES/b92978_7fc407fa42c44429ad0fe47a363390d7~mv2.avif","b92978-7fc407fa42c44429ad0fe47a363390d7-mv2","Identity and usage rights require review before assignment","below_90_percent","Confirm identity, role, rights and crop before manifest assignment"
"/Users/megdude/Downloads/PERKS MEDIA/IMAGES NEW /NEW NEW IMAGES/banner ativation.jpeg","banner-ativation","Identity and usage rights require review before assignment","below_90_percent","Confirm identity, role, rights and crop before manifest assignment"
"/Users/megdude/Downloads/PERKS MEDIA/IMAGES NEW /NEW NEW IMAGES/bar  copy.jpg","bar-copy","Identity and usage rights require review before assignment","below_90_percent","Confirm identity, role, rights and crop before manifest assignment"
"/Users/megdude/Downloads/PERKS MEDIA/IMAGES NEW /NEW NEW IMAGES/bar fino.jpg","bar-fino","Identity and usage rights require review before assignment","below_90_percent","Confirm identity, role, rights and crop before manifest assignment"
"/Users/megdude/Downloads/PERKS MEDIA/IMAGES NEW /NEW NEW IMAGES/be easier.png","be-easier","Identity and usage rights require review before assignment","below_90_percent","Confirm identity, role, rights and crop before manifest assignment"
"/Users/megdude/Downloads/PERKS MEDIA/IMAGES NEW /NEW NEW IMAGES/bec52f7f-1a4e-4ec5-b9c5-c495dc703076.png","bec52f7f-1a4e-4ec5-b9c5-c495dc703076","Identity and usage rights require review before assignment","below_90_percent","Confirm identity, role, rights and crop before manifest assignment"
"/Users/megdude/Downloads/PERKS MEDIA/IMAGES NEW /NEW NEW IMAGES/burger bar.jpeg","burger-bar","Identity and usage rights require review before assignment","below_90_percent","Confirm identity, role, rights and crop before manifest assignment"
"/Users/megdude/Downloads/PERKS MEDIA/IMAGES NEW /NEW NEW IMAGES/citystrong.webp","citystrong","Identity and usage rights require review before assignment","below_90_percent","Confirm identity, role, rights and crop before manifest assignment"
"/Users/megdude/Downloads/PERKS MEDIA/IMAGES NEW /NEW NEW IMAGES/community-1-e1777092112195.jpg","community-1-e1777092112195","Identity and usage rights require review before assignment","below_90_percent","Confirm identity, role, rights and crop before manifest assignment"
"/Users/megdude/Downloads/PERKS MEDIA/IMAGES NEW /NEW NEW IMAGES/d02521e2-17e7-4dac-bd32-573872e420f5.png","d02521e2-17e7-4dac-bd32-573872e420f5","Identity and usage rights require review before assignment","below_90_percent","Confirm identity, role, rights and crop before manifest assignment"
"/Users/megdude/Downloads/PERKS MEDIA/IMAGES NEW /NEW NEW IMAGES/daa.jpeg","daa","Identity and usage rights require review before assignment","below_90_percent","Confirm identity, role, rights and crop before manifest assignment"
"/Users/megdude/Downloads/PERKS MEDIA/IMAGES NEW /NEW NEW IMAGES/day in the life.png","day-in-the-life","Identity and usage rights require review before assignment","below_90_percent","Confirm identity, role, rights and crop before manifest assignment"
"/Users/megdude/Downloads/PERKS MEDIA/IMAGES NEW /NEW NEW IMAGES/download.webp","download","Identity and usage rights require review before assignment","below_90_percent","Confirm identity, role, rights and crop before manifest assignment"
"/Users/megdude/Downloads/PERKS MEDIA/IMAGES NEW /NEW NEW IMAGES/downtown-austin-unexpected-appeal-1.jpg","downtown-austin-unexpected-appeal-1","Identity and usage rights require review before assignment","below_90_percent","Confirm identity, role, rights and crop before manifest assignment"
"/Users/megdude/Downloads/PERKS MEDIA/IMAGES NEW /NEW NEW IMAGES/downtownaustinalliance_logo.jpeg","downtownaustinalliance-logo","Identity and usage rights require review before assignment","below_90_percent","Confirm identity, role, rights and crop before manifest assignment"
"/Users/megdude/Downloads/PERKS MEDIA/IMAGES NEW /NEW NEW IMAGES/ead1a1e4f1ef8ec694c2b776e4cd4fdf.jpg","ead1a1e4f1ef8ec694c2b776e4cd4fdf","Identity and usage rights require review before assignment","below_90_percent","Confirm identity, role, rights and crop before manifest assignment"
"/Users/megdude/Downloads/PERKS MEDIA/IMAGES NEW /NEW NEW IMAGES/ec446d77-65bf-4b79-a340-14cc2bbf240f.png","ec446d77-65bf-4b79-a340-14cc2bbf240f","Identity and usage rights require review before assignment","below_90_percent","Confirm identity, role, rights and crop before manifest assignment"
"/Users/megdude/Downloads/PERKS MEDIA/IMAGES NEW /NEW NEW IMAGES/fc6cf5c6-b2b3-46fa-a6da-4794752a3113 (1).png","fc6cf5c6-b2b3-46fa-a6da-4794752a3113-1","Identity and usage rights require review before assignment","below_90_percent","Confirm identity, role, rights and crop before manifest assignment"
"/Users/megdude/Downloads/PERKS MEDIA/IMAGES NEW /NEW NEW IMAGES/images (1) copy.jpeg","images-1-copy","Identity and usage rights require review before assignment","below_90_percent","Confirm identity, role, rights and crop before manifest assignment"
"/Users/megdude/Downloads/PERKS MEDIA/IMAGES NEW /NEW NEW IMAGES/images (1).jpeg","images-1","Identity and usage rights require review before assignment","below_90_percent","Confirm identity, role, rights and crop before manifest assignment"
"/Users/megdude/Downloads/PERKS MEDIA/IMAGES NEW /NEW NEW IMAGES/images (2).jpeg","images-2","Identity and usage rights require review before assignment","below_90_percent","Confirm identity, role, rights and crop before manifest assignment"
"/Users/megdude/Downloads/PERKS MEDIA/IMAGES NEW /NEW NEW IMAGES/images copy.jpeg","images-copy","Identity and usage rights require review before assignment","below_90_percent","Confirm identity, role, rights and crop before manifest assignment"
"/Users/megdude/Downloads/PERKS MEDIA/IMAGES NEW /NEW NEW IMAGES/images.jpeg","images","Identity and usage rights require review before assignment","below_90_percent","Confirm identity, role, rights and crop before manifest assignment"
"/Users/megdude/Downloads/PERKS MEDIA/IMAGES NEW /NEW NEW IMAGES/location-atx-sign-1024x683.jpg","location-atx-sign-1024x683","Identity and usage rights require review before assignment","below_90_percent","Confirm identity, role, rights and crop before manifest assignment"
"/Users/megdude/Downloads/PERKS MEDIA/IMAGES NEW /NEW NEW IMAGES/o.jpg","o","Identity and usage rights require review before assignment","below_90_percent","Confirm identity, role, rights and crop before manifest assignment"
"/Users/megdude/Downloads/PERKS MEDIA/IMAGES NEW /NEW NEW IMAGES/photo-221024-republic-square-lawn-pedestrians-ER-scaled.jpg","photo-221024-republic-square-lawn-pedestrians-er-scaled","Identity and usage rights require review before assignment","below_90_percent","Confirm identity, role, rights and crop before manifest assignment"
"/Users/megdude/Downloads/PERKS MEDIA/IMAGES NEW /NEW NEW IMAGES/red-river-cultural-district-1024x597.png","red-river-cultural-district-1024x597","Identity and usage rights require review before assignment","below_90_percent","Confirm identity, role, rights and crop before manifest assignment"
"/Users/megdude/Downloads/PERKS MEDIA/IMAGES NEW /NEW NEW IMAGES/republic square.jpg","republic-square","Identity and usage rights require review before assignment","below_90_percent","Confirm identity, role, rights and crop before manifest assignment"
"/Users/megdude/Downloads/PERKS MEDIA/IMAGES NEW /NEW NEW IMAGES/seaholm-district-1024x575.jpg","seaholm-district-1024x575","Identity and usage rights require review before assignment","below_90_percent","Confirm identity, role, rights and crop before manifest assignment"
"/Users/megdude/Downloads/PERKS MEDIA/IMAGES NEW /NEW NEW IMAGES/second street.jpeg","second-street","Identity and usage rights require review before assignment","below_90_percent","Confirm identity, role, rights and crop before manifest assignment"
"/Users/megdude/Downloads/PERKS MEDIA/IMAGES NEW /NEW NEW IMAGES/space activation.jpeg","space-activation","Identity and usage rights require review before assignment","below_90_percent","Confirm identity, role, rights and crop before manifest assignment"
"/Users/megdude/Downloads/PERKS MEDIA/IMAGES NEW /NEW NEW IMAGES/spring condos 300 bowie st .jpeg","spring-condos-300-bowie-st","Identity and usage rights require review before assignment","below_90_percent","Confirm identity, role, rights and crop before manifest assignment"
"/Users/megdude/Downloads/PERKS MEDIA/IMAGES NEW /NEW NEW IMAGES/spring condos-GNZeI2R3h3gl_fwwDreoyPbUGawkD7HoeZBXleInc-jJRUFfJc8docXZgy36_wtCjJ-WX4_MhIHGB6q3yBDUJ5hOjbsc03siIkqp_u72z9p3N63wDAeV.jpeg","spring-condos-gnzei2r3h3gl-fwwdreoypbugawkd7hoezbxleinc-jjruffjc8docxzgy36-wtcjj-wx4-mhihgb6q3ybduj5hojbsc03siikqp-u72z9p3n63wdaev","Identity and usage rights require review before assignment","below_90_percent","Confirm identity, role, rights and crop before manifest assignment"
"/Users/megdude/Downloads/PERKS MEDIA/IMAGES NEW /PANNEL DETAIL/1769465945565.avif","1769465945565","Identity and usage rights require review before assignment","below_90_percent","Confirm identity, role, rights and crop before manifest assignment"
"/Users/megdude/Downloads/PERKS MEDIA/IMAGES NEW /PANNEL DETAIL/1769465949548.avif","1769465949548","Identity and usage rights require review before assignment","below_90_percent","Confirm identity, role, rights and crop before manifest assignment"
"/Users/megdude/Downloads/PERKS MEDIA/IMAGES NEW /PANNEL DETAIL/1769465952511.avif","1769465952511","Identity and usage rights require review before assignment","below_90_percent","Confirm identity, role, rights and crop before manifest assignment"
"/Users/megdude/Downloads/PERKS MEDIA/IMAGES NEW /PANNEL DETAIL/1_Hotels_City_View_King.webp","1-hotels-city-view-king","Identity and usage rights require review before assignment","below_90_percent","Confirm identity, role, rights and crop before manifest assignment"
"/Users/megdude/Downloads/PERKS MEDIA/IMAGES NEW /PANNEL DETAIL/1_Hotels_Lake_View_One_Bedroom_Suite.webp","1-hotels-lake-view-one-bedroom-suite","Identity and usage rights require review before assignment","below_90_percent","Confirm identity, role, rights and crop before manifest assignment"
"/Users/megdude/Downloads/PERKS MEDIA/IMAGES NEW /PANNEL DETAIL/2019.03.14-RnR-0-555x550.webp","2019-03-14-rnr-0-555x550","Identity and usage rights require review before assignment","below_90_percent","Confirm identity, role, rights and crop before manifest assignment"
"/Users/megdude/Downloads/PERKS MEDIA/IMAGES NEW /PANNEL DETAIL/20200306_Broadmore-Block-F-Terrace-Real-People_5-Photo-min-1024x576.jpg","20200306-broadmore-block-f-terrace-real-people-5-photo-min-1024x576","Identity and usage rights require review before assignment","below_90_percent","Confirm identity, role, rights and crop before manifest assignment"
"/Users/megdude/Downloads/PERKS MEDIA/IMAGES NEW /PANNEL DETAIL/20200306_Broadmore-Block-L-1024x576.jpg","20200306-broadmore-block-l-1024x576","Identity and usage rights require review before assignment","below_90_percent","Confirm identity, role, rights and crop before manifest assignment"
"/Users/megdude/Downloads/PERKS MEDIA/IMAGES NEW /PANNEL DETAIL/20200306_Broadmore-Block-L-PSD-Edit-6-min-1024x576.jpg","20200306-broadmore-block-l-psd-edit-6-min-1024x576","Identity and usage rights require review before assignment","below_90_percent","Confirm identity, role, rights and crop before manifest assignment"
"/Users/megdude/Downloads/PERKS MEDIA/IMAGES NEW /PANNEL DETAIL/2024-Wolfgang-Family-8-2048x1365.jpg","2024-wolfgang-family-8-2048x1365","Identity and usage rights require review before assignment","below_90_percent","Confirm identity, role, rights and crop before manifest assignment"
"/Users/megdude/Downloads/PERKS MEDIA/IMAGES NEW /PANNEL DETAIL/20260212_EMA_Jam_Session_Shot4_0596_1.webp","20260212-ema-jam-session-shot4-0596-1","Identity and usage rights require review before assignment","below_90_percent","Confirm identity, role, rights and crop before manifest assignment"
"/Users/megdude/Downloads/PERKS MEDIA/IMAGES NEW /PANNEL DETAIL/223bcb7a-e8d2-4494-b577-e4cada79a8b2.webp","223bcb7a-e8d2-4494-b577-e4cada79a8b2","Identity and usage rights require review before assignment","below_90_percent","Confirm identity, role, rights and crop before manifest assignment"
"/Users/megdude/Downloads/PERKS MEDIA/IMAGES NEW /PANNEL DETAIL/271207577_355833989786942_3518277285621125227_n-1024x667.jpg","271207577-355833989786942-3518277285621125227-n-1024x667","Identity and usage rights require review before assignment","below_90_percent","Confirm identity, role, rights and crop before manifest assignment"
"/Users/megdude/Downloads/PERKS MEDIA/IMAGES NEW /PANNEL DETAIL/2nd-street-district-1024x683.jpg","2nd-street-district-1024x683","Identity and usage rights require review before assignment","below_90_percent","Confirm identity, role, rights and crop before manifest assignment"
"/Users/megdude/Downloads/PERKS MEDIA/IMAGES NEW /PANNEL DETAIL/396.jpg","396","Identity and usage rights require review before assignment","below_90_percent","Confirm identity, role, rights and crop before manifest assignment"
"/Users/megdude/Downloads/PERKS MEDIA/IMAGES NEW /PANNEL DETAIL/467435-2022_10_10_The_Birchwood_TAMPA_US_01_300-69196d-original-1675700733-1024x682.jpg","467435-2022-10-10-the-birchwood-tampa-us-01-300-69196d-original-1675700733-1024x682","Identity and usage rights require review before assignment","below_90_percent","Confirm identity, role, rights and crop before manifest assignment"
"/Users/megdude/Downloads/PERKS MEDIA/IMAGES NEW /PANNEL DETAIL/493A2805-2-1-1024x731.jpg","493a2805-2-1-1024x731","Identity and usage rights require review before assignment","below_90_percent","Confirm identity, role, rights and crop before manifest assignment"
"/Users/megdude/Downloads/PERKS MEDIA/IMAGES NEW /PANNEL DETAIL/493A6641-scaled.jpg","493a6641-scaled","Identity and usage rights require review before assignment","below_90_percent","Confirm identity, role, rights and crop before manifest assignment"
"/Users/megdude/Downloads/PERKS MEDIA/IMAGES NEW /PANNEL DETAIL/493A6840-1-1024x683-1.jpg","493a6840-1-1024x683-1","Identity and usage rights require review before assignment","below_90_percent","Confirm identity, role, rights and crop before manifest assignment"
"/Users/megdude/Downloads/PERKS MEDIA/IMAGES NEW /PANNEL DETAIL/493A7587-scaled.jpg","493a7587-scaled","Identity and usage rights require review before assignment","below_90_percent","Confirm identity, role, rights and crop before manifest assignment"
"/Users/megdude/Downloads/PERKS MEDIA/IMAGES NEW /PANNEL DETAIL/493A7868-1-scaled.jpg","493a7868-1-scaled","Identity and usage rights require review before assignment","below_90_percent","Confirm identity, role, rights and crop before manifest assignment"
"/Users/megdude/Downloads/PERKS MEDIA/IMAGES NEW /PANNEL DETAIL/640a53eaa5db4584d86b613a_ FSPRLA_Portal_CopyrightDBOX (5).jpg","640a53eaa5db4584d86b613a-fsprla-portal-copyrightdbox-5","Identity and usage rights require review before assignment","below_90_percent","Confirm identity, role, rights and crop before manifest assignment"
"/Users/megdude/Downloads/PERKS MEDIA/IMAGES NEW /PANNEL DETAIL/6th-street-at-night-austin-texas-milton-photography.jpg","6th-street-at-night-austin-texas-milton-photography","Identity and usage rights require review before assignment","below_90_percent","Confirm identity, role, rights and crop before manifest assignment"
"/Users/megdude/Downloads/PERKS MEDIA/IMAGES NEW /PANNEL DETAIL/85404e47-272b-42ff-aff3-e53fe2d9b70e.png","85404e47-272b-42ff-aff3-e53fe2d9b70e","Identity and usage rights require review before assignment","below_90_percent","Confirm identity, role, rights and crop before manifest assignment"
"/Users/megdude/Downloads/PERKS MEDIA/IMAGES NEW /PANNEL DETAIL/99911880-52396-scaled.jpg","99911880-52396-scaled","Identity and usage rights require review before assignment","below_90_percent","Confirm identity, role, rights and crop before manifest assignment"
"/Users/megdude/Downloads/PERKS MEDIA/IMAGES NEW /PANNEL DETAIL/9x14_We+All+Ride.webp","9x14-we-all-ride","Identity and usage rights require review before assignment","below_90_percent","Confirm identity, role, rights and crop before manifest assignment"
"/Users/megdude/Downloads/PERKS MEDIA/IMAGES NEW /PANNEL DETAIL/AKP_024_original.jpg","akp-024-original","Identity and usage rights require review before assignment","below_90_percent","Confirm identity, role, rights and crop before manifest assignment"
"/Users/megdude/Downloads/PERKS MEDIA/IMAGES NEW /PANNEL DETAIL/AKP_038_original.jpg","akp-038-original","Identity and usage rights require review before assignment","below_90_percent","Confirm identity, role, rights and crop before manifest assignment"
"/Users/megdude/Downloads/PERKS MEDIA/IMAGES NEW /PANNEL DETAIL/AUS_1616_original.jpg","aus-1616-original","Identity and usage rights require review before assignment","below_90_percent","Confirm identity, role, rights and crop before manifest assignment"
"/Users/megdude/Downloads/PERKS MEDIA/IMAGES NEW /PANNEL DETAIL/AUS_1620_original.jpg","aus-1620-original","Identity and usage rights require review before assignment","below_90_percent","Confirm identity, role, rights and crop before manifest assignment"
"/Users/megdude/Downloads/PERKS MEDIA/IMAGES NEW /PANNEL DETAIL/AUS_2056_original.jpg","aus-2056-original","Identity and usage rights require review before assignment","below_90_percent","Confirm identity, role, rights and crop before manifest assignment"
"/Users/megdude/Downloads/PERKS MEDIA/IMAGES NEW /PANNEL DETAIL/AUS_2265_original.jpg","aus-2265-original","Identity and usage rights require review before assignment","below_90_percent","Confirm identity, role, rights and crop before manifest assignment"
"/Users/megdude/Downloads/PERKS MEDIA/IMAGES NEW /PANNEL DETAIL/AUS_2457_original (1).jpg","aus-2457-original-1","Identity and usage rights require review before assignment","below_90_percent","Confirm identity, role, rights and crop before manifest assignment"
"/Users/megdude/Downloads/PERKS MEDIA/IMAGES NEW /PANNEL DETAIL/AUS_2457_original.jpg","aus-2457-original","Identity and usage rights require review before assignment","below_90_percent","Confirm identity, role, rights and crop before manifest assignment"
"/Users/megdude/Downloads/PERKS MEDIA/IMAGES NEW /PANNEL DETAIL/AUS_2461_original.jpg","aus-2461-original","Identity and usage rights require review before assignment","below_90_percent","Confirm identity, role, rights and crop before manifest assignment"
"/Users/megdude/Downloads/PERKS MEDIA/IMAGES NEW /PANNEL DETAIL/AUS_2466_original (1).jpg","aus-2466-original-1","Identity and usage rights require review before assignment","below_90_percent","Confirm identity, role, rights and crop before manifest assignment"
"/Users/megdude/Downloads/PERKS MEDIA/IMAGES NEW /PANNEL DETAIL/AUS_2466_original.jpg","aus-2466-original","Identity and usage rights require review before assignment","below_90_percent","Confirm identity, role, rights and crop before manifest assignment"
"/Users/megdude/Downloads/PERKS MEDIA/IMAGES NEW /PANNEL DETAIL/AUS_2479_original (1).jpg","aus-2479-original-1","Identity and usage rights require review before assignment","below_90_percent","Confirm identity, role, rights and crop before manifest assignment"
"/Users/megdude/Downloads/PERKS MEDIA/IMAGES NEW /PANNEL DETAIL/AUS_2479_original.jpg","aus-2479-original","Identity and usage rights require review before assignment","below_90_percent","Confirm identity, role, rights and crop before manifest assignment"
"/Users/megdude/Downloads/PERKS MEDIA/IMAGES NEW /PANNEL DETAIL/AUS_2481_original.jpg","aus-2481-original","Identity and usage rights require review before assignment","below_90_percent","Confirm identity, role, rights and crop before manifest assignment"
"/Users/megdude/Downloads/PERKS MEDIA/IMAGES NEW /PANNEL DETAIL/AUS_2499_original.jpg","aus-2499-original","Identity and usage rights require review before assignment","below_90_percent","Confirm identity, role, rights and crop before manifest assignment"
"/Users/megdude/Downloads/PERKS MEDIA/IMAGES NEW /PANNEL DETAIL/AUS_2548_original.jpg","aus-2548-original","Identity and usage rights require review before assignment","below_90_percent","Confirm identity, role, rights and crop before manifest assignment"
"/Users/megdude/Downloads/PERKS MEDIA/IMAGES NEW /PANNEL DETAIL/AUS_366_original.jpg","aus-366-original","Identity and usage rights require review before assignment","below_90_percent","Confirm identity, role, rights and crop before manifest assignment"
"/Users/megdude/Downloads/PERKS MEDIA/IMAGES NEW /PANNEL DETAIL/AUS_394_original.jpg","aus-394-original","Identity and usage rights require review before assignment","below_90_percent","Confirm identity, role, rights and crop before manifest assignment"
"/Users/megdude/Downloads/PERKS MEDIA/IMAGES NEW /PANNEL DETAIL/AUS_912_original.jpg","aus-912-original","Identity and usage rights require review before assignment","below_90_percent","Confirm identity, role, rights and crop before manifest assignment"
"/Users/megdude/Downloads/PERKS MEDIA/IMAGES NEW /PANNEL DETAIL/AUS_913_original.jpg","aus-913-original","Identity and usage rights require review before assignment","below_90_percent","Confirm identity, role, rights and crop before manifest assignment"
"/Users/megdude/Downloads/PERKS MEDIA/IMAGES NEW /PANNEL DETAIL/AUS_915_original (1).jpg","aus-915-original-1","Identity and usage rights require review before assignment","below_90_percent","Confirm identity, role, rights and crop before manifest assignment"
"/Users/megdude/Downloads/PERKS MEDIA/IMAGES NEW /PANNEL DETAIL/AUS_915_original.jpg","aus-915-original","Identity and usage rights require review before assignment","below_90_percent","Confirm identity, role, rights and crop before manifest assignment"
"/Users/megdude/Downloads/PERKS MEDIA/IMAGES NEW /PANNEL DETAIL/AUS_918_original.jpg","aus-918-original","Identity and usage rights require review before assignment","below_90_percent","Confirm identity, role, rights and crop before manifest assignment"
"/Users/megdude/Downloads/PERKS MEDIA/IMAGES NEW /PANNEL DETAIL/Alteno__Rendering_courtesy_of_1_Hotels.webp","alteno-rendering-courtesy-of-1-hotels","Identity and usage rights require review before assignment","below_90_percent","Confirm identity, role, rights and crop before manifest assignment"
"/Users/megdude/Downloads/PERKS MEDIA/IMAGES NEW /PANNEL DETAIL/Auditorium-Shores-Senior-Photos-Austin-Texas-8630-684x1024.jpg","auditorium-shores-senior-photos-austin-texas-8630-684x1024","Identity and usage rights require review before assignment","below_90_percent","Confirm identity, role, rights and crop before manifest assignment"
"/Users/megdude/Downloads/PERKS MEDIA/IMAGES NEW /PANNEL DETAIL/Austin 1-1067.jpg","austin-1-1067","Identity and usage rights require review before assignment","below_90_percent","Confirm identity, role, rights and crop before manifest assignment"
"/Users/megdude/Downloads/PERKS MEDIA/IMAGES NEW /PANNEL DETAIL/Austin 2-1067.jpg","austin-2-1067","Identity and usage rights require review before assignment","below_90_percent","Confirm identity, role, rights and crop before manifest assignment"
"/Users/megdude/Downloads/PERKS MEDIA/IMAGES NEW /PANNEL DETAIL/Austin 3 cover try maybe-1067.jpg","austin-3-cover-try-maybe-1067","Identity and usage rights require review before assignment","below_90_percent","Confirm identity, role, rights and crop before manifest assignment"
"/Users/megdude/Downloads/PERKS MEDIA/IMAGES NEW /PANNEL DETAIL/Austin 4 Cover maybe-1067.jpg","austin-4-cover-maybe-1067","Identity and usage rights require review before assignment","below_90_percent","Confirm identity, role, rights and crop before manifest assignment"
"/Users/megdude/Downloads/PERKS MEDIA/IMAGES NEW /PANNEL DETAIL/Austin 8 pool-1067.jpg","austin-8-pool-1067","Identity and usage rights require review before assignment","below_90_percent","Confirm identity, role, rights and crop before manifest assignment"
"/Users/megdude/Downloads/PERKS MEDIA/IMAGES NEW /PANNEL DETAIL/Austin Golf 2-1600.jpg","austin-golf-2-1600","Identity and usage rights require review before assignment","below_90_percent","Confirm identity, role, rights and crop before manifest assignment"
"/Users/megdude/Downloads/PERKS MEDIA/IMAGES NEW /PANNEL DETAIL/Austin Golf-1066.jpg","austin-golf-1066","Identity and usage rights require review before assignment","below_90_percent","Confirm identity, role, rights and crop before manifest assignment"
"/Users/megdude/Downloads/PERKS MEDIA/IMAGES NEW /PANNEL DETAIL/Austin+6th+St+motorcycle+HDR+2+-+Version+2.webp","austin-6th-st-motorcycle-hdr-2-version-2","Identity and usage rights require review before assignment","below_90_percent","Confirm identity, role, rights and crop before manifest assignment"
"/Users/megdude/Downloads/PERKS MEDIA/IMAGES NEW /PANNEL DETAIL/Austin-Brand-Photographer-The-Wild-Hare-1279-683x1024.jpg","austin-brand-photographer-the-wild-hare-1279-683x1024","Identity and usage rights require review before assignment","below_90_percent","Confirm identity, role, rights and crop before manifest assignment"
"/Users/megdude/Downloads/PERKS MEDIA/IMAGES NEW /PANNEL DETAIL/Austin-Brand-Photographer-The-Wild-Hare-1301.jpg","austin-brand-photographer-the-wild-hare-1301","Identity and usage rights require review before assignment","below_90_percent","Confirm identity, role, rights and crop before manifest assignment"
"/Users/megdude/Downloads/PERKS MEDIA/IMAGES NEW /PANNEL DETAIL/Austin-South-Congress-Skyline-Picture.jpg","austin-south-congress-skyline-picture","Identity and usage rights require review before assignment","below_90_percent","Confirm identity, role, rights and crop before manifest assignment"
"/Users/megdude/Downloads/PERKS MEDIA/IMAGES NEW /PANNEL DETAIL/AustinTX-312-copy.webp","austintx-312-copy","Identity and usage rights require review before assignment","below_90_percent","Confirm identity, role, rights and crop before manifest assignment"
"/Users/megdude/Downloads/PERKS MEDIA/IMAGES NEW /PANNEL DETAIL/AustinandCentralTexasPhotographer-Fergusonfamilysession-27-scaled.jpg","austinandcentraltexasphotographer-fergusonfamilysession-27-scaled","Identity and usage rights require review before assignment","below_90_percent","Confirm identity, role, rights and crop before manifest assignment"
"/Users/megdude/Downloads/PERKS MEDIA/IMAGES NEW /PANNEL DETAIL/Authenticity-1-1229x1536.jpg","authenticity-1-1229x1536","Identity and usage rights require review before assignment","below_90_percent","Confirm identity, role, rights and crop before manifest assignment"
"/Users/megdude/Downloads/PERKS MEDIA/IMAGES NEW /PANNEL DETAIL/Avery-Warren-2025-Senior-4608-1-768x513.jpg","avery-warren-2025-senior-4608-1-768x513","Identity and usage rights require review before assignment","below_90_percent","Confirm identity, role, rights and crop before manifest assignment"
"/Users/megdude/Downloads/PERKS MEDIA/IMAGES NEW /PANNEL DETAIL/Avery-Warren-2025-Senior-4950-768x513.jpg","avery-warren-2025-senior-4950-768x513","Identity and usage rights require review before assignment","below_90_percent","Confirm identity, role, rights and crop before manifest assignment"
"/Users/megdude/Downloads/PERKS MEDIA/IMAGES NEW /PANNEL DETAIL/Block-F-Terrace-F4-min-1024x576.jpg","block-f-terrace-f4-min-1024x576","Identity and usage rights require review before assignment","below_90_percent","Confirm identity, role, rights and crop before manifest assignment"
"/Users/megdude/Downloads/PERKS MEDIA/IMAGES NEW /PANNEL DETAIL/Cam5_0000-adjusted-min-1024x576.jpg","cam5-0000-adjusted-min-1024x576","Identity and usage rights require review before assignment","below_90_percent","Confirm identity, role, rights and crop before manifest assignment"
"/Users/megdude/Downloads/PERKS MEDIA/IMAGES NEW /PANNEL DETAIL/Caviar-1024x773.png","caviar-1024x773","Identity and usage rights require review before assignment","below_90_percent","Confirm identity, role, rights and crop before manifest assignment"
"/Users/megdude/Downloads/PERKS MEDIA/IMAGES NEW /PANNEL DETAIL/DAY-1_14_03_2025_Fairmont_Austin_Pool_156-555x550.webp","day-1-14-03-2025-fairmont-austin-pool-156-555x550","Identity and usage rights require review before assignment","below_90_percent","Confirm identity, role, rights and crop before manifest assignment"
"/Users/megdude/Downloads/PERKS MEDIA/IMAGES NEW /PANNEL DETAIL/DAY-4_17_03_2025_Fairmont_Austin_Room725_90-1920x462.webp","day-4-17-03-2025-fairmont-austin-room725-90-1920x462","Identity and usage rights require review before assignment","below_90_percent","Confirm identity, role, rights and crop before manifest assignment"
"/Users/megdude/Downloads/PERKS MEDIA/IMAGES NEW /PANNEL DETAIL/DSC06354-1858b832-1500.jpg","dsc06354-1858b832-1500","Identity and usage rights require review before assignment","below_90_percent","Confirm identity, role, rights and crop before manifest assignment"
"/Users/megdude/Downloads/PERKS MEDIA/IMAGES NEW /PANNEL DETAIL/DecruitmentAustin.jpg","decruitmentaustin","Identity and usage rights require review before assignment","below_90_percent","Confirm identity, role, rights and crop before manifest assignment"
"/Users/megdude/Downloads/PERKS MEDIA/IMAGES NEW /PANNEL DETAIL/Dive-in-Movies-Grease-555x550.webp","dive-in-movies-grease-555x550","Identity and usage rights require review before assignment","below_90_percent","Confirm identity, role, rights and crop before manifest assignment"
"/Users/megdude/Downloads/PERKS MEDIA/IMAGES NEW /PANNEL DETAIL/Downtown-Austin-Engagement-Photo-Austin-TX_0016.jpg","downtown-austin-engagement-photo-austin-tx-0016","Identity and usage rights require review before assignment","below_90_percent","Confirm identity, role, rights and crop before manifest assignment"
"/Users/megdude/Downloads/PERKS MEDIA/IMAGES NEW /PANNEL DETAIL/Eat-Happy-with-Jackie-The-Jessica-Martin-Brand-Photoshoot-in-Austin-Texas-2-1536x1025.jpg","eat-happy-with-jackie-the-jessica-martin-brand-photoshoot-in-austin-texas-2-1536x1025","Identity and usage rights require review before assignment","below_90_percent","Confirm identity, role, rights and crop before manifest assignment"
"/Users/megdude/Downloads/PERKS MEDIA/IMAGES NEW /PANNEL DETAIL/Eat-Happy-with-Jackie-The-Jessica-Martin-Brand-Photoshoot-in-Austin-Texas-20-684x1024.jpg","eat-happy-with-jackie-the-jessica-martin-brand-photoshoot-in-austin-texas-20-684x1024","Identity and usage rights require review before assignment","below_90_percent","Confirm identity, role, rights and crop before manifest assignment"
"/Users/megdude/Downloads/PERKS MEDIA/IMAGES NEW /PANNEL DETAIL/Eat-Happy-with-Jackie-The-Jessica-Martin-Brand-Photoshoot-in-Austin-Texas-31-684x1024.jpg","eat-happy-with-jackie-the-jessica-martin-brand-photoshoot-in-austin-texas-31-684x1024","Identity and usage rights require review before assignment","below_90_percent","Confirm identity, role, rights and crop before manifest assignment"
"/Users/megdude/Downloads/PERKS MEDIA/IMAGES NEW /PANNEL DETAIL/Eat-Happy-with-Jackie-The-Jessica-Martin-Brand-Photoshoot-in-Austin-Texas-33-684x1024.jpg","eat-happy-with-jackie-the-jessica-martin-brand-photoshoot-in-austin-texas-33-684x1024","Identity and usage rights require review before assignment","below_90_percent","Confirm identity, role, rights and crop before manifest assignment"
"/Users/megdude/Downloads/PERKS MEDIA/IMAGES NEW /PANNEL DETAIL/Eat-Happy-with-Jackie-The-Jessica-Martin-Brand-Photoshoot-in-Austin-Texas-40-683x1024.jpg","eat-happy-with-jackie-the-jessica-martin-brand-photoshoot-in-austin-texas-40-683x1024","Identity and usage rights require review before assignment","below_90_percent","Confirm identity, role, rights and crop before manifest assignment"
"/Users/megdude/Downloads/PERKS MEDIA/IMAGES NEW /PANNEL DETAIL/Eat-Happy-with-Jackie-The-Jessica-Martin-Brand-Photoshoot-in-Austin-Texas-6-768x513.jpg","eat-happy-with-jackie-the-jessica-martin-brand-photoshoot-in-austin-texas-6-768x513","Identity and usage rights require review before assignment","below_90_percent","Confirm identity, role, rights and crop before manifest assignment"
"/Users/megdude/Downloads/PERKS MEDIA/IMAGES NEW /PANNEL DETAIL/Ema-Williams-Senior-Long-Center-City-Skyline-11.jpg","ema-williams-senior-long-center-city-skyline-11","Identity and usage rights require review before assignment","below_90_percent","Confirm identity, role, rights and crop before manifest assignment"
"/Users/megdude/Downloads/PERKS MEDIA/IMAGES NEW /PANNEL DETAIL/Ema-Williams-Senior-Long-Center-City-Skyline-9874.jpg","ema-williams-senior-long-center-city-skyline-9874","Identity and usage rights require review before assignment","below_90_percent","Confirm identity, role, rights and crop before manifest assignment"
"/Users/megdude/Downloads/PERKS MEDIA/IMAGES NEW /PANNEL DETAIL/Ema-Williams-Senior-Long-Center-City-Skyline-9895-768x513.jpg","ema-williams-senior-long-center-city-skyline-9895-768x513","Identity and usage rights require review before assignment","below_90_percent","Confirm identity, role, rights and crop before manifest assignment"
"/Users/megdude/Downloads/PERKS MEDIA/IMAGES NEW /PANNEL DETAIL/Ema-Williams-Senior-Long-Center-City-Skyline-9958.jpg","ema-williams-senior-long-center-city-skyline-9958","Identity and usage rights require review before assignment","below_90_percent","Confirm identity, role, rights and crop before manifest assignment"
"/Users/megdude/Downloads/PERKS MEDIA/IMAGES NEW /PANNEL DETAIL/Emily-West-Senior-Taquero-Mucho-Auditorium-Shores-Motorcycle-7005-1-768x513.jpg","emily-west-senior-taquero-mucho-auditorium-shores-motorcycle-7005-1-768x513","Identity and usage rights require review before assignment","below_90_percent","Confirm identity, role, rights and crop before manifest assignment"
"/Users/megdude/Downloads/PERKS MEDIA/IMAGES NEW /PANNEL DETAIL/Emily-West-Senior-Taquero-Mucho-Auditorium-Shores-Motorcycle-7005-768x513.jpg","emily-west-senior-taquero-mucho-auditorium-shores-motorcycle-7005-768x513","Identity and usage rights require review before assignment","below_90_percent","Confirm identity, role, rights and crop before manifest assignment"
"/Users/megdude/Downloads/PERKS MEDIA/IMAGES NEW /PANNEL DETAIL/Fairmont-Austin-Pool-Drone-1444508-555x550.webp","fairmont-austin-pool-drone-1444508-555x550","Identity and usage rights require review before assignment","below_90_percent","Confirm identity, role, rights and crop before manifest assignment"
"/Users/megdude/Downloads/PERKS MEDIA/IMAGES NEW /PANNEL DETAIL/FamilyPhotos2019-80.jpg","familyphotos2019-80","Identity and usage rights require review before assignment","below_90_percent","Confirm identity, role, rights and crop before manifest assignment"
"/Users/megdude/Downloads/PERKS MEDIA/IMAGES NEW /PANNEL DETAIL/Four-Seasons-Private-Residences-Lake-Austins-Upper-Clubhouse-Private-Restaurant-3-Imagery-by-DBOX-for-Austin-Capital-Partners-scaled.jpg","four-seasons-private-residences-lake-austins-upper-clubhouse-private-restaurant-3-imagery-by-dbox-for-austin-capital-partners-scaled","Identity and usage rights require review before assignment","below_90_percent","Confirm identity, role, rights and crop before manifest assignment"
"/Users/megdude/Downloads/PERKS MEDIA/IMAGES NEW /PANNEL DETAIL/HV5A8110_3_0e73e814-e53b-43cd-aa96-bb8634ebf2d9.webp","hv5a8110-3-0e73e814-e53b-43cd-aa96-bb8634ebf2d9","Identity and usage rights require review before assignment","below_90_percent","Confirm identity, role, rights and crop before manifest assignment"
"/Users/megdude/Downloads/PERKS MEDIA/IMAGES NEW /PANNEL DETAIL/Hales+Photo-American+Homes+for+Rent-a+Wild+Dingo+production-residential+lifestyle+commercial+director+real+estate++advertising+photography+video+photoshoot+campaign+marketing+editorial+photographer+gallery-0018.webp","hales-photo-american-homes-for-rent-a-wild-dingo-production-residential-lifestyle-commercial-director-real-estate-advertising-photography-video-photoshoot-campaign-marketing-editorial-photographer-gallery-0018","Identity and usage rights require review before assignment","below_90_percent","Confirm identity, role, rights and crop before manifest assignment"
"/Users/megdude/Downloads/PERKS MEDIA/IMAGES NEW /PANNEL DETAIL/Hales+Photo-Coca-Cola+x+Nascar+2026-Atlanta+Commercial+Video+Director+Advertising+Photography+Lifestyle+Marketing+Campaign+Photoshoot+Production+Best+Photographer+Creative+Brand+Photos+Editorial+Product+Photographs+Producer+Georgia+-0014.webp","hales-photo-coca-cola-x-nascar-2026-atlanta-commercial-video-director-advertising-photography-lifestyle-marketing-campaign-photoshoot-production-best-photographer-creative-brand-photos-editorial-product-photographs-producer-georgia-0014","Identity and usage rights require review before assignment","below_90_percent","Confirm identity, role, rights and crop before manifest assignment"
"/Users/megdude/Downloads/PERKS MEDIA/IMAGES NEW /PANNEL DETAIL/IMG_4467-1920x462.webp","img-4467-1920x462","Identity and usage rights require review before assignment","below_90_percent","Confirm identity, role, rights and crop before manifest assignment"
"/Users/megdude/Downloads/PERKS MEDIA/IMAGES NEW /PANNEL DETAIL/IMG_5172.webp","img-5172","Identity and usage rights require review before assignment","below_90_percent","Confirm identity, role, rights and crop before manifest assignment"
"/Users/megdude/Downloads/PERKS MEDIA/IMAGES NEW /PANNEL DETAIL/IMG_7885-1024x776.jpg","img-7885-1024x776","Identity and usage rights require review before assignment","below_90_percent","Confirm identity, role, rights and crop before manifest assignment"
"/Users/megdude/Downloads/PERKS MEDIA/IMAGES NEW /PANNEL DETAIL/JMuzacz_BikeMosaic_Small-2.webp","jmuzacz-bikemosaic-small-2","Identity and usage rights require review before assignment","below_90_percent","Confirm identity, role, rights and crop before manifest assignment"
"/Users/megdude/Downloads/PERKS MEDIA/IMAGES NEW /PANNEL DETAIL/JMuzacz_BikeMosaic_Small-3.webp","jmuzacz-bikemosaic-small-3","Identity and usage rights require review before assignment","below_90_percent","Confirm identity, role, rights and crop before manifest assignment"
"/Users/megdude/Downloads/PERKS MEDIA/IMAGES NEW /PANNEL DETAIL/LCP_326_original.jpg","lcp-326-original","Identity and usage rights require review before assignment","below_90_percent","Confirm identity, role, rights and crop before manifest assignment"
"/Users/megdude/Downloads/PERKS MEDIA/IMAGES NEW /PANNEL DETAIL/LOca-spread1.jpg","loca-spread1","Identity and usage rights require review before assignment","below_90_percent","Confirm identity, role, rights and crop before manifest assignment"
"/Users/megdude/Downloads/PERKS MEDIA/IMAGES NEW /PANNEL DETAIL/Lilli-Correll-Resolve-to-Rise-Personal-Branding-Session-7-1536x1025.jpg","lilli-correll-resolve-to-rise-personal-branding-session-7-1536x1025","Identity and usage rights require review before assignment","below_90_percent","Confirm identity, role, rights and crop before manifest assignment"
"/Users/megdude/Downloads/PERKS MEDIA/IMAGES NEW /PANNEL DETAIL/Lobby__Rendering_courtesy_of_1_Hotels.webp","lobby-rendering-courtesy-of-1-hotels","Identity and usage rights require review before assignment","below_90_percent","Confirm identity, role, rights and crop before manifest assignment"
"/Users/megdude/Downloads/PERKS MEDIA/IMAGES NEW /PANNEL DETAIL/LocationsCover.jpg","locationscover","Identity and usage rights require review before assignment","below_90_percent","Confirm identity, role, rights and crop before manifest assignment"
"/Users/megdude/Downloads/PERKS MEDIA/IMAGES NEW /PANNEL DETAIL/Magician-Headshots-9-scaled-e1782408723354-555x550.webp","magician-headshots-9-scaled-e1782408723354-555x550","Identity and usage rights require review before assignment","below_90_percent","Confirm identity, role, rights and crop before manifest assignment"
"/Users/megdude/Downloads/PERKS MEDIA/IMAGES NEW /PANNEL DETAIL/Millenial-Pool-Party-Drone-4534-crop.webp","millenial-pool-party-drone-4534-crop","Identity and usage rights require review before assignment","below_90_percent","Confirm identity, role, rights and crop before manifest assignment"
"/Users/megdude/Downloads/PERKS MEDIA/IMAGES NEW /PANNEL DETAIL/MoviesInthePark_MaggieBoyd-1024x684.jpg","moviesinthepark-maggieboyd-1024x684","Identity and usage rights require review before assignment","below_90_percent","Confirm identity, role, rights and crop before manifest assignment"
"/Users/megdude/Downloads/PERKS MEDIA/IMAGES NEW /PANNEL DETAIL/NEV_2654_original.jpg","nev-2654-original","Identity and usage rights require review before assignment","below_90_percent","Confirm identity, role, rights and crop before manifest assignment"
"/Users/megdude/Downloads/PERKS MEDIA/IMAGES NEW /PANNEL DETAIL/Ottine-000004950004-2.webp","ottine-000004950004-2","Identity and usage rights require review before assignment","below_90_percent","Confirm identity, role, rights and crop before manifest assignment"
"/Users/megdude/Downloads/PERKS MEDIA/IMAGES NEW /PANNEL DETAIL/Photography-content-creation-Sonoma-napa-California-photography-services-for-wineries-Sonoma-valley-California-lifestyle-dawn-heumann-14.webp","photography-content-creation-sonoma-napa-california-photography-services-for-wineries-sonoma-valley-california-lifestyle-dawn-heumann-14","Identity and usage rights require review before assignment","below_90_percent","Confirm identity, role, rights and crop before manifest assignment"
"/Users/megdude/Downloads/PERKS MEDIA/IMAGES NEW /PANNEL DETAIL/Rancher-Hat-Bar-lindseybirchphotography-5.webp","rancher-hat-bar-lindseybirchphotography-5","Identity and usage rights require review before assignment","below_90_percent","Confirm identity, role, rights and crop before manifest assignment"
"/Users/megdude/Downloads/PERKS MEDIA/IMAGES NEW /PANNEL DETAIL/Saralyn-Parker-Butler-Park-Long-Center-Senior-8337.jpg","saralyn-parker-butler-park-long-center-senior-8337","Identity and usage rights require review before assignment","below_90_percent","Confirm identity, role, rights and crop before manifest assignment"
"/Users/megdude/Downloads/PERKS MEDIA/IMAGES NEW /PANNEL DETAIL/SohoHouse_ATXMosaicWorkshop_Large-4.webp","sohohouse-atxmosaicworkshop-large-4","Identity and usage rights require review before assignment","below_90_percent","Confirm identity, role, rights and crop before manifest assignment"
"/Users/megdude/Downloads/PERKS MEDIA/IMAGES NEW /PANNEL DETAIL/View_recent_photos_32.avif","view-recent-photos-32","Identity and usage rights require review before assignment","below_90_percent","Confirm identity, role, rights and crop before manifest assignment"
"/Users/megdude/Downloads/PERKS MEDIA/IMAGES NEW /PANNEL DETAIL/View_recent_photos_33.avif","view-recent-photos-33","Identity and usage rights require review before assignment","below_90_percent","Confirm identity, role, rights and crop before manifest assignment"
"/Users/megdude/Downloads/PERKS MEDIA/IMAGES NEW /PANNEL DETAIL/Waterline-Austin-TX-98-Red-River-Street_8 (1).avif","waterline-austin-tx-98-red-river-street-8-1","Identity and usage rights require review before assignment","below_90_percent","Confirm identity, role, rights and crop before manifest assignment"
"/Users/megdude/Downloads/PERKS MEDIA/IMAGES NEW /PANNEL DETAIL/Waterline-Austin-TX-98-Red-River-Street_8 (2).avif","waterline-austin-tx-98-red-river-street-8-2","Identity and usage rights require review before assignment","below_90_percent","Confirm identity, role, rights and crop before manifest assignment"
"/Users/megdude/Downloads/PERKS MEDIA/IMAGES NEW /PANNEL DETAIL/Waterline-Austin-TX-98-Red-River-Street_8.avif","waterline-austin-tx-98-red-river-street-8","Identity and usage rights require review before assignment","below_90_percent","Confirm identity, role, rights and crop before manifest assignment"
"/Users/megdude/Downloads/PERKS MEDIA/IMAGES NEW /PANNEL DETAIL/Watr__Rendering_courtesy_of_1_Hotels.webp","watr-rendering-courtesy-of-1-hotels","Identity and usage rights require review before assignment","below_90_percent","Confirm identity, role, rights and crop before manifest assignment"
"/Users/megdude/Downloads/PERKS MEDIA/IMAGES NEW /PANNEL DETAIL/Yoga-Spa-ParkView-13-555x550.webp","yoga-spa-parkview-13-555x550","Identity and usage rights require review before assignment","below_90_percent","Confirm identity, role, rights and crop before manifest assignment"
"/Users/megdude/Downloads/PERKS MEDIA/IMAGES NEW /PANNEL DETAIL/_-greetings-from-austin-mural-photo-by-courtney-crews.jpg","greetings-from-austin-mural-photo-by-courtney-crews","Identity and usage rights require review before assignment","below_90_percent","Confirm identity, role, rights and crop before manifest assignment"
"/Users/megdude/Downloads/PERKS MEDIA/IMAGES NEW /PANNEL DETAIL/austin+senior+photographer+lisa+woods+-+asia-8.webp","austin-senior-photographer-lisa-woods-asia-8","Identity and usage rights require review before assignment","below_90_percent","Confirm identity, role, rights and crop before manifest assignment"
"/Users/megdude/Downloads/PERKS MEDIA/IMAGES NEW /PANNEL DETAIL/austinmural-5_preview-17e3e0aa01f840aca1f86249d66e9739.jpg","austinmural-5-preview-17e3e0aa01f840aca1f86249d66e9739","Identity and usage rights require review before assignment","below_90_percent","Confirm identity, role, rights and crop before manifest assignment"
"/Users/megdude/Downloads/PERKS MEDIA/IMAGES NEW /PANNEL DETAIL/bec52f7f-1a4e-4ec5-b9c5-c495dc703076.png","bec52f7f-1a4e-4ec5-b9c5-c495dc703076","Identity and usage rights require review before assignment","below_90_percent","Confirm identity, role, rights and crop before manifest assignment"
"/Users/megdude/Downloads/PERKS MEDIA/IMAGES NEW /PANNEL DETAIL/best-places-to-take-photos-in-austin-1150x785.jpg","best-places-to-take-photos-in-austin-1150x785","Identity and usage rights require review before assignment","below_90_percent","Confirm identity, role, rights and crop before manifest assignment"
"/Users/megdude/Downloads/PERKS MEDIA/IMAGES NEW /PANNEL DETAIL/best-places-to-take-photos-in-austin-3-1150x785.webp","best-places-to-take-photos-in-austin-3-1150x785","Identity and usage rights require review before assignment","below_90_percent","Confirm identity, role, rights and crop before manifest assignment"
"/Users/megdude/Downloads/PERKS MEDIA/IMAGES NEW /PANNEL DETAIL/best-places-to-take-photos-in-austin-4-1150x785.jpg","best-places-to-take-photos-in-austin-4-1150x785","Identity and usage rights require review before assignment","below_90_percent","Confirm identity, role, rights and crop before manifest assignment"
"/Users/megdude/Downloads/PERKS MEDIA/IMAGES NEW /PANNEL DETAIL/best-places-to-take-photos-in-austin-5-1150x785.webp","best-places-to-take-photos-in-austin-5-1150x785","Identity and usage rights require review before assignment","below_90_percent","Confirm identity, role, rights and crop before manifest assignment"
"/Users/megdude/Downloads/PERKS MEDIA/IMAGES NEW /PANNEL DETAIL/best-places-to-take-photos-in-austin-5.jpg","best-places-to-take-photos-in-austin-5","Identity and usage rights require review before assignment","below_90_percent","Confirm identity, role, rights and crop before manifest assignment"
"/Users/megdude/Downloads/PERKS MEDIA/IMAGES NEW /PANNEL DETAIL/best-places-to-take-photos-in-austin-6-1150x785.webp","best-places-to-take-photos-in-austin-6-1150x785","Identity and usage rights require review before assignment","below_90_percent","Confirm identity, role, rights and crop before manifest assignment"
"/Users/megdude/Downloads/PERKS MEDIA/IMAGES NEW /PANNEL DETAIL/buff-strickland-lifestyle-photographer-austin-texas-250320.webp","buff-strickland-lifestyle-photographer-austin-texas-250320","Identity and usage rights require review before assignment","below_90_percent","Confirm identity, role, rights and crop before manifest assignment"
"/Users/megdude/Downloads/PERKS MEDIA/IMAGES NEW /PANNEL DETAIL/chelsealoren-l_aubergedelmar-114_2.jpg","chelsealoren-l-aubergedelmar-114-2","Identity and usage rights require review before assignment","below_90_percent","Confirm identity, role, rights and crop before manifest assignment"
"/Users/megdude/Downloads/PERKS MEDIA/IMAGES NEW /PANNEL DETAIL/d02521e2-17e7-4dac-bd32-573872e420f5.png","d02521e2-17e7-4dac-bd32-573872e420f5","Identity and usage rights require review before assignment","below_90_percent","Confirm identity, role, rights and crop before manifest assignment"
"/Users/megdude/Downloads/PERKS MEDIA/IMAGES NEW /PANNEL DETAIL/daytime-skylinetif.jpg","daytime-skylinetif","Identity and usage rights require review before assignment","below_90_percent","Confirm identity, role, rights and crop before manifest assignment"
"/Users/megdude/Downloads/PERKS MEDIA/IMAGES NEW /PANNEL DETAIL/denver-corporate-event-photographer-1-9.webp","denver-corporate-event-photographer-1-9","Identity and usage rights require review before assignment","below_90_percent","Confirm identity, role, rights and crop before manifest assignment"
"/Users/megdude/Downloads/PERKS MEDIA/IMAGES NEW /PANNEL DETAIL/downtown-austin-engagement-session-j-v-007-scaled.jpg","downtown-austin-engagement-session-j-v-007-scaled","Identity and usage rights require review before assignment","below_90_percent","Confirm identity, role, rights and crop before manifest assignment"
"/Users/megdude/Downloads/PERKS MEDIA/IMAGES NEW /PANNEL DETAIL/downtown-austin-maternity-photos-butterfly-bridge.jpg","downtown-austin-maternity-photos-butterfly-bridge","Identity and usage rights require review before assignment","below_90_percent","Confirm identity, role, rights and crop before manifest assignment"
"/Users/megdude/Downloads/PERKS MEDIA/IMAGES NEW /PANNEL DETAIL/explore-12-555x550.webp","explore-12-555x550","Identity and usage rights require review before assignment","below_90_percent","Confirm identity, role, rights and crop before manifest assignment"
"/Users/megdude/Downloads/PERKS MEDIA/IMAGES NEW /PANNEL DETAIL/four2.jpg","four2","Identity and usage rights require review before assignment","below_90_percent","Confirm identity, role, rights and crop before manifest assignment"
"/Users/megdude/Downloads/PERKS MEDIA/IMAGES NEW /PANNEL DETAIL/h1 hotel 98_tower_lowerfloor.avif","h1-hotel-98-tower-lowerfloor","Identity and usage rights require review before assignment","below_90_percent","Confirm identity, role, rights and crop before manifest assignment"
"/Users/megdude/Downloads/PERKS MEDIA/IMAGES NEW /PANNEL DETAIL/h1.avif","h1","Identity and usage rights require review before assignment","below_90_percent","Confirm identity, role, rights and crop before manifest assignment"
"/Users/megdude/Downloads/PERKS MEDIA/IMAGES NEW /PANNEL DETAIL/image-asset (1).webp","image-asset-1","Identity and usage rights require review before assignment","below_90_percent","Confirm identity, role, rights and crop before manifest assignment"
"/Users/megdude/Downloads/PERKS MEDIA/IMAGES NEW /PANNEL DETAIL/image-asset.webp","image-asset","Identity and usage rights require review before assignment","below_90_percent","Confirm identity, role, rights and crop before manifest assignment"
"/Users/megdude/Downloads/PERKS MEDIA/IMAGES NEW /PANNEL DETAIL/images (1).jpeg","images-1","Identity and usage rights require review before assignment","below_90_percent","Confirm identity, role, rights and crop before manifest assignment"
"/Users/megdude/Downloads/PERKS MEDIA/IMAGES NEW /PANNEL DETAIL/images.jpeg","images","Identity and usage rights require review before assignment","below_90_percent","Confirm identity, role, rights and crop before manifest assignment"
"/Users/megdude/Downloads/PERKS MEDIA/IMAGES NEW /PANNEL DETAIL/istockphoto-1011929918-612x612.jpg","istockphoto-1011929918-612x612","Identity and usage rights require review before assignment","below_90_percent","Confirm identity, role, rights and crop before manifest assignment"
"/Users/megdude/Downloads/PERKS MEDIA/IMAGES NEW /PANNEL DETAIL/istockphoto-1087292282-612x612.jpg","istockphoto-1087292282-612x612","Identity and usage rights require review before assignment","below_90_percent","Confirm identity, role, rights and crop before manifest assignment"
"/Users/megdude/Downloads/PERKS MEDIA/IMAGES NEW /PANNEL DETAIL/istockphoto-1136066076-612x612.jpg","istockphoto-1136066076-612x612","Identity and usage rights require review before assignment","below_90_percent","Confirm identity, role, rights and crop before manifest assignment"
"/Users/megdude/Downloads/PERKS MEDIA/IMAGES NEW /PANNEL DETAIL/istockphoto-1216846767-612x612.jpg","istockphoto-1216846767-612x612","Identity and usage rights require review before assignment","below_90_percent","Confirm identity, role, rights and crop before manifest assignment"
"/Users/megdude/Downloads/PERKS MEDIA/IMAGES NEW /PANNEL DETAIL/istockphoto-1294421866-612x612.jpg","istockphoto-1294421866-612x612","Identity and usage rights require review before assignment","below_90_percent","Confirm identity, role, rights and crop before manifest assignment"
"/Users/megdude/Downloads/PERKS MEDIA/IMAGES NEW /PANNEL DETAIL/istockphoto-1302900749-612x612.jpg","istockphoto-1302900749-612x612","Identity and usage rights require review before assignment","below_90_percent","Confirm identity, role, rights and crop before manifest assignment"
"/Users/megdude/Downloads/PERKS MEDIA/IMAGES NEW /PANNEL DETAIL/istockphoto-1320415956-612x612.jpg","istockphoto-1320415956-612x612","Identity and usage rights require review before assignment","below_90_percent","Confirm identity, role, rights and crop before manifest assignment"
"/Users/megdude/Downloads/PERKS MEDIA/IMAGES NEW /PANNEL DETAIL/istockphoto-1335055575-612x612.jpg","istockphoto-1335055575-612x612","Identity and usage rights require review before assignment","below_90_percent","Confirm identity, role, rights and crop before manifest assignment"
"/Users/megdude/Downloads/PERKS MEDIA/IMAGES NEW /PANNEL DETAIL/istockphoto-1354082462-612x612.jpg","istockphoto-1354082462-612x612","Identity and usage rights require review before assignment","below_90_percent","Confirm identity, role, rights and crop before manifest assignment"
"/Users/megdude/Downloads/PERKS MEDIA/IMAGES NEW /PANNEL DETAIL/istockphoto-1417040395-612x612.jpg","istockphoto-1417040395-612x612","Identity and usage rights require review before assignment","below_90_percent","Confirm identity, role, rights and crop before manifest assignment"
"/Users/megdude/Downloads/PERKS MEDIA/IMAGES NEW /PANNEL DETAIL/istockphoto-1469159890-612x612.jpg","istockphoto-1469159890-612x612","Identity and usage rights require review before assignment","below_90_percent","Confirm identity, role, rights and crop before manifest assignment"
"/Users/megdude/Downloads/PERKS MEDIA/IMAGES NEW /PANNEL DETAIL/istockphoto-1491568849-612x612.jpg","istockphoto-1491568849-612x612","Identity and usage rights require review before assignment","below_90_percent","Confirm identity, role, rights and crop before manifest assignment"
"/Users/megdude/Downloads/PERKS MEDIA/IMAGES NEW /PANNEL DETAIL/istockphoto-155015108-612x612.jpg","istockphoto-155015108-612x612","Identity and usage rights require review before assignment","below_90_percent","Confirm identity, role, rights and crop before manifest assignment"
"/Users/megdude/Downloads/PERKS MEDIA/IMAGES NEW /PANNEL DETAIL/istockphoto-1596185595-612x612.jpg","istockphoto-1596185595-612x612","Identity and usage rights require review before assignment","below_90_percent","Confirm identity, role, rights and crop before manifest assignment"
"/Users/megdude/Downloads/PERKS MEDIA/IMAGES NEW /PANNEL DETAIL/istockphoto-1849716695-612x612.jpg","istockphoto-1849716695-612x612","Identity and usage rights require review before assignment","below_90_percent","Confirm identity, role, rights and crop before manifest assignment"
"/Users/megdude/Downloads/PERKS MEDIA/IMAGES NEW /PANNEL DETAIL/istockphoto-2151623871-612x612.jpg","istockphoto-2151623871-612x612","Identity and usage rights require review before assignment","below_90_percent","Confirm identity, role, rights and crop before manifest assignment"
"/Users/megdude/Downloads/PERKS MEDIA/IMAGES NEW /PANNEL DETAIL/istockphoto-2197752303-612x612.jpg","istockphoto-2197752303-612x612","Identity and usage rights require review before assignment","below_90_percent","Confirm identity, role, rights and crop before manifest assignment"
"/Users/megdude/Downloads/PERKS MEDIA/IMAGES NEW /PANNEL DETAIL/istockphoto-2197752330-612x612.jpg","istockphoto-2197752330-612x612","Identity and usage rights require review before assignment","below_90_percent","Confirm identity, role, rights and crop before manifest assignment"
"/Users/megdude/Downloads/PERKS MEDIA/IMAGES NEW /PANNEL DETAIL/istockphoto-2205676910-612x612.jpg","istockphoto-2205676910-612x612","Identity and usage rights require review before assignment","below_90_percent","Confirm identity, role, rights and crop before manifest assignment"
"/Users/megdude/Downloads/PERKS MEDIA/IMAGES NEW /PANNEL DETAIL/istockphoto-2223103527-612x612.jpg","istockphoto-2223103527-612x612","Identity and usage rights require review before assignment","below_90_percent","Confirm identity, role, rights and crop before manifest assignment"
"/Users/megdude/Downloads/PERKS MEDIA/IMAGES NEW /PANNEL DETAIL/istockphoto-2237924433-mp4-480x480-is.mp4","istockphoto-2237924433-mp4-480x480-is","Identity and usage rights require review before assignment","below_90_percent","Confirm identity, role, rights and crop before manifest assignment"
"/Users/megdude/Downloads/PERKS MEDIA/IMAGES NEW /PANNEL DETAIL/istockphoto-2237924560-mp4-480x480-is.mp4","istockphoto-2237924560-mp4-480x480-is","Identity and usage rights require review before assignment","below_90_percent","Confirm identity, role, rights and crop before manifest assignment"
"/Users/megdude/Downloads/PERKS MEDIA/IMAGES NEW /PANNEL DETAIL/istockphoto-2237937155-640_adpp_is (1).mp4","istockphoto-2237937155-640-adpp-is-1","Identity and usage rights require review before assignment","below_90_percent","Confirm identity, role, rights and crop before manifest assignment"
"/Users/megdude/Downloads/PERKS MEDIA/IMAGES NEW /PANNEL DETAIL/istockphoto-2237937155-640_adpp_is.mp4","istockphoto-2237937155-640-adpp-is","Identity and usage rights require review before assignment","below_90_percent","Confirm identity, role, rights and crop before manifest assignment"
"/Users/megdude/Downloads/PERKS MEDIA/IMAGES NEW /PANNEL DETAIL/istockphoto-2237937155-mp4-480x480-is.mp4","istockphoto-2237937155-mp4-480x480-is","Identity and usage rights require review before assignment","below_90_percent","Confirm identity, role, rights and crop before manifest assignment"
"/Users/megdude/Downloads/PERKS MEDIA/IMAGES NEW /PANNEL DETAIL/istockphoto-2237951477-640_adpp_is.mp4","istockphoto-2237951477-640-adpp-is","Identity and usage rights require review before assignment","below_90_percent","Confirm identity, role, rights and crop before manifest assignment"
"/Users/megdude/Downloads/PERKS MEDIA/IMAGES NEW /PANNEL DETAIL/istockphoto-2237951477-640x640.jpg","istockphoto-2237951477-640x640","Identity and usage rights require review before assignment","below_90_percent","Confirm identity, role, rights and crop before manifest assignment"
"/Users/megdude/Downloads/PERKS MEDIA/IMAGES NEW /PANNEL DETAIL/istockphoto-2237951887-mp4-480x480-is.mp4","istockphoto-2237951887-mp4-480x480-is","Identity and usage rights require review before assignment","below_90_percent","Confirm identity, role, rights and crop before manifest assignment"
"/Users/megdude/Downloads/PERKS MEDIA/IMAGES NEW /PANNEL DETAIL/istockphoto-2237976044-mp4-480x480-is.mp4","istockphoto-2237976044-mp4-480x480-is","Identity and usage rights require review before assignment","below_90_percent","Confirm identity, role, rights and crop before manifest assignment"
"/Users/megdude/Downloads/PERKS MEDIA/IMAGES NEW /PANNEL DETAIL/istockphoto-514515663-612x612.jpg","istockphoto-514515663-612x612","Identity and usage rights require review before assignment","below_90_percent","Confirm identity, role, rights and crop before manifest assignment"
"/Users/megdude/Downloads/PERKS MEDIA/IMAGES NEW /PANNEL DETAIL/istockphoto-622047550-612x612.jpg","istockphoto-622047550-612x612","Identity and usage rights require review before assignment","below_90_percent","Confirm identity, role, rights and crop before manifest assignment"
"/Users/megdude/Downloads/PERKS MEDIA/IMAGES NEW /PANNEL DETAIL/istockphoto-623355732-612x612.jpg","istockphoto-623355732-612x612","Identity and usage rights require review before assignment","below_90_percent","Confirm identity, role, rights and crop before manifest assignment"
"/Users/megdude/Downloads/PERKS MEDIA/IMAGES NEW /PANNEL DETAIL/istockphoto-636260746-612x612.jpg","istockphoto-636260746-612x612","Identity and usage rights require review before assignment","below_90_percent","Confirm identity, role, rights and crop before manifest assignment"
"/Users/megdude/Downloads/PERKS MEDIA/IMAGES NEW /PANNEL DETAIL/istockphoto-637264150-612x612.jpg","istockphoto-637264150-612x612","Identity and usage rights require review before assignment","below_90_percent","Confirm identity, role, rights and crop before manifest assignment"
"/Users/megdude/Downloads/PERKS MEDIA/IMAGES NEW /PANNEL DETAIL/jessie_schultz_photography_11_of_114_websize.jpg","jessie-schultz-photography-11-of-114-websize","Identity and usage rights require review before assignment","below_90_percent","Confirm identity, role, rights and crop before manifest assignment"
"/Users/megdude/Downloads/PERKS MEDIA/IMAGES NEW /PANNEL DETAIL/l (1).jpg","l-1","Identity and usage rights require review before assignment","below_90_percent","Confirm identity, role, rights and crop before manifest assignment"
"/Users/megdude/Downloads/PERKS MEDIA/IMAGES NEW /PANNEL DETAIL/l.jpg","l","Identity and usage rights require review before assignment","below_90_percent","Confirm identity, role, rights and crop before manifest assignment"
"/Users/megdude/Downloads/PERKS MEDIA/IMAGES NEW /PANNEL DETAIL/lifestyle-brand-photographer-austin-nomad-and-camera-02a.webp","lifestyle-brand-photographer-austin-nomad-and-camera-02a","Identity and usage rights require review before assignment","below_90_percent","Confirm identity, role, rights and crop before manifest assignment"
"/Users/megdude/Downloads/PERKS MEDIA/IMAGES NEW /PANNEL DETAIL/mcelroy_family_psych_session_2025-45.jpg","mcelroy-family-psych-session-2025-45","Identity and usage rights require review before assignment","below_90_percent","Confirm identity, role, rights and crop before manifest assignment"
"/Users/megdude/Downloads/PERKS MEDIA/IMAGES NEW /PANNEL DETAIL/mozarts_jazz-1024x706.jpg","mozarts-jazz-1024x706","Identity and usage rights require review before assignment","below_90_percent","Confirm identity, role, rights and crop before manifest assignment"
"/Users/megdude/Downloads/PERKS MEDIA/IMAGES NEW /PANNEL DETAIL/ncl_location_page_large_1__0.avif","ncl-location-page-large-1-0","Identity and usage rights require review before assignment","below_90_percent","Confirm identity, role, rights and crop before manifest assignment"
"/Users/megdude/Downloads/PERKS MEDIA/IMAGES NEW /PANNEL DETAIL/pecansquare_romance-1024x767.jpg","pecansquare-romance-1024x767","Identity and usage rights require review before assignment","below_90_percent","Confirm identity, role, rights and crop before manifest assignment"
"/Users/megdude/Downloads/PERKS MEDIA/IMAGES NEW /PANNEL DETAIL/personal-brand-photographer-in-austin-texas-2.mp4","personal-brand-photographer-in-austin-texas-2","Identity and usage rights require review before assignment","below_90_percent","Confirm identity, role, rights and crop before manifest assignment"
"/Users/megdude/Downloads/PERKS MEDIA/IMAGES NEW /PANNEL DETAIL/personal-brand-photographer-in-austin-texas-3729-768x513.jpg","personal-brand-photographer-in-austin-texas-3729-768x513","Identity and usage rights require review before assignment","below_90_percent","Confirm identity, role, rights and crop before manifest assignment"
"/Users/megdude/Downloads/PERKS MEDIA/IMAGES NEW /PANNEL DETAIL/quinceanera-photographer-in-austin-texas-3266-684x1024.jpg","quinceanera-photographer-in-austin-texas-3266-684x1024","Identity and usage rights require review before assignment","below_90_percent","Confirm identity, role, rights and crop before manifest assignment"
"/Users/megdude/Downloads/PERKS MEDIA/IMAGES NEW /PANNEL DETAIL/red-river-cultural-district-1024x597.png","red-river-cultural-district-1024x597","Identity and usage rights require review before assignment","below_90_percent","Confirm identity, role, rights and crop before manifest assignment"
"/Users/megdude/Downloads/PERKS MEDIA/IMAGES NEW /PANNEL DETAIL/rooftop-senior-photoshoot-austin-18.jpg","rooftop-senior-photoshoot-austin-18","Identity and usage rights require review before assignment","below_90_percent","Confirm identity, role, rights and crop before manifest assignment"
"/Users/megdude/Downloads/PERKS MEDIA/IMAGES NEW /PANNEL DETAIL/seaholm-district-1024x575.jpg","seaholm-district-1024x575","Identity and usage rights require review before assignment","below_90_percent","Confirm identity, role, rights and crop before manifest assignment"
"/Users/megdude/Downloads/PERKS MEDIA/IMAGES NEW /PANNEL DETAIL/senior-photos-at-rooftop-in-austin-texas-2-768x513.jpg","senior-photos-at-rooftop-in-austin-texas-2-768x513","Identity and usage rights require review before assignment","below_90_percent","Confirm identity, role, rights and crop before manifest assignment"
"/Users/megdude/Downloads/PERKS MEDIA/IMAGES NEW /PANNEL DETAIL/senior-photos-at-rooftop-in-austin-texas-6.jpg","senior-photos-at-rooftop-in-austin-texas-6","Identity and usage rights require review before assignment","below_90_percent","Confirm identity, role, rights and crop before manifest assignment"
"/Users/megdude/Downloads/PERKS MEDIA/IMAGES NEW /PANNEL DETAIL/smores_haclyon-1024x843.jpg","smores-haclyon-1024x843","Identity and usage rights require review before assignment","below_90_percent","Confirm identity, role, rights and crop before manifest assignment"
"/Users/megdude/Downloads/PERKS MEDIA/IMAGES NEW /PANNEL DETAIL/spa-4-600x700.webp","spa-4-600x700","Identity and usage rights require review before assignment","below_90_percent","Confirm identity, role, rights and crop before manifest assignment"
"/Users/megdude/Downloads/PERKS MEDIA/IMAGES NEW /PANNEL DETAIL/spring .jpg","spring","Identity and usage rights require review before assignment","below_90_percent","Confirm identity, role, rights and crop before manifest assignment"
"/Users/megdude/Downloads/PERKS MEDIA/IMAGES NEW /PANNEL DETAIL/tara-donne-lifestyle-0660.webp","tara-donne-lifestyle-0660","Identity and usage rights require review before assignment","below_90_percent","Confirm identity, role, rights and crop before manifest assignment"
"/Users/megdude/Downloads/PERKS MEDIA/IMAGES NEW /PANNEL DETAIL/v04-2-min-1024x526.jpg","v04-2-min-1024x526","Identity and usage rights require review before assignment","below_90_percent","Confirm identity, role, rights and crop before manifest assignment"
"/Users/megdude/Downloads/PERKS MEDIA/IMAGES NEW /PANNEL DETAIL/v04-2-min-1536x789.jpg","v04-2-min-1536x789","Identity and usage rights require review before assignment","below_90_percent","Confirm identity, role, rights and crop before manifest assignment"
"/Users/megdude/Downloads/PERKS MEDIA/IMAGES NEW /PARKING/parking second street.webp","parking-second-street","Identity and usage rights require review before assignment","below_90_percent","Confirm identity, role, rights and crop before manifest assignment"
"/Users/megdude/Downloads/PERKS MEDIA/IMAGES NEW /PARTNERS ENGAGEMENT /514607c5-6f25-45aa-82ee-8c10d96a1c1a.png","514607c5-6f25-45aa-82ee-8c10d96a1c1a","Identity and usage rights require review before assignment","below_90_percent","Confirm identity, role, rights and crop before manifest assignment"
"/Users/megdude/Downloads/PERKS MEDIA/IMAGES NEW /PARTNERS ENGAGEMENT /Friendly café interaction with downtown perks.png","friendly-cafe-interaction-with-downtown-perks","Identity and usage rights require review before assignment","below_90_percent","Confirm identity, role, rights and crop before manifest assignment"
"/Users/megdude/Downloads/PERKS MEDIA/IMAGES NEW /PARTNERS ENGAGEMENT /Looking for perks in the lobby.png","looking-for-perks-in-the-lobby","Identity and usage rights require review before assignment","below_90_percent","Confirm identity, role, rights and crop before manifest assignment"
"/Users/megdude/Downloads/PERKS MEDIA/IMAGES NEW /PARTNERS ENGAGEMENT /Modern downtown entrance with promotional sign.png","modern-downtown-entrance-with-promotional-sign","Identity and usage rights require review before assignment","below_90_percent","Confirm identity, role, rights and crop before manifest assignment"
"/Users/megdude/Downloads/PERKS MEDIA/IMAGES NEW /PARTNERS ENGAGEMENT /Modern fitness studio reception scene.png","modern-fitness-studio-reception-scene","Identity and usage rights require review before assignment","below_90_percent","Confirm identity, role, rights and crop before manifest assignment"
"/Users/megdude/Downloads/PERKS MEDIA/IMAGES NEW /PARTNERS ENGAGEMENT /Modern hotel lobby with concierge service.png","modern-hotel-lobby-with-concierge-service","Identity and usage rights require review before assignment","below_90_percent","Confirm identity, role, rights and crop before manifest assignment"
"/Users/megdude/Downloads/PERKS MEDIA/IMAGES NEW /PARTNERS ENGAGEMENT /Modern lobby with engaged guests.png","modern-lobby-with-engaged-guests","Identity and usage rights require review before assignment","below_90_percent","Confirm identity, role, rights and crop before manifest assignment"
"/Users/megdude/Downloads/PERKS MEDIA/IMAGES NEW /PARTNERS ENGAGEMENT /Modern urban lounge with resident perks.png","modern-urban-lounge-with-resident-perks","Identity and usage rights require review before assignment","below_90_percent","Confirm identity, role, rights and crop before manifest assignment"
"/Users/megdude/Downloads/PERKS MEDIA/IMAGES NEW /PASEO /daydreamer paseo 9QZwfoTyqHHDdwXeRFwvtfWvU_hRR7Vr0obL9_41AbXqeZzfeXMrnzxrpbnQdFnqJw9oL83HOlFMjTIrz9PoskEooyoE3dexkqQR8ZHYrQD8HBuTORPSIuAMYbPun4j8zGCsAR8XJ0BcrwJEqrujCOFhF-Xwn5Li4k4m9o05LlOp3gUoEFkHz51xJnATTGdC.jpeg","daydreamer-paseo-9qzwfotyqhhddwxerfwvtfwvu-hrr7vr0obl9-41abxqezzfexmrnzxrpbnqdfnqjw9ol83holfmjtirz9poskeooyoe3dexkqqr8zhyrqd8hbutorpsiuamybpun4j8zgcsar8xj0bcrwjeqrujcofhf-xwn5li4k4m9o05llop3guoefkhz51xjnattgdc","Identity and usage rights require review before assignment","below_90_percent","Confirm identity, role, rights and crop before manifest assignment"
"/Users/megdude/Downloads/PERKS MEDIA/IMAGES NEW /PASEO /paseo QIJj3X_7tjH0aDmQBaTG64-g_pNQiHKJWwFDMiIjgkAVNY4FAfqIPx8NgzFP8uzAiC9vCBF5o7Zzv7d8nymZxlv6YS_U9gP_HDvTX9qkHsva-IHMoQfk-deTlf--KT7Cml7_5cJ8c0U4AO8Z6QUJ8kd_5lSEzepCUw8-URlYqQdSpehPZnGDAfWfDx16W2GC.jpeg","paseo-qijj3x-7tjh0admqbatg64-g-pnqihkjwwfdmiijgkavny4fafqipx8ngzfp8uzaic9vcbf5o7zzv7d8nymzxlv6ys-u9gp-hdvtx9qkhsva-ihmoqfk-detlf-kt7cml7-5cj8c0u4ao8z6quj8kd-5lsezepcuw8-urlyqqdspehpzngdafwfdx16w2gc","Identity and usage rights require review before assignment","below_90_percent","Confirm identity, role, rights and crop before manifest assignment"
"/Users/megdude/Downloads/PERKS MEDIA/IMAGES NEW /PASEO /paseo pool  jkMN--f8IlzLDiWA51XEVM_aGL-CXiVl6vDBGm53_PsMIpFWV-E3A2VtoxaYyLUaT7N6IM18nPm1ED3hBBvuVh3O-aU8F13MvIKHARZdWvwe3BTw_1q6AQYbbJcxwEk_F7PJ8Tyxmu8qSRLJ9TA0S4j4pyfgQ9dtH7iy2VqrcOkFZmwG3ZgBMyRdvkvhyrvI.jpeg","paseo-pool-jkmn-f8ilzldiwa51xevm-agl-cxivl6vdbgm53-psmipfwv-e3a2vtoxayyluat7n6im18npm1ed3hbbvuvh3o-au8f13mvikharzdwvwe3btw-1q6aqybbjcxwek-f7pj8tyxmu8qsrlj9ta0s4j4pyfgq9dth7iy2vqrcokfzmwg3zgbmyrdvkvhyrvi","Identity and usage rights require review before assignment","below_90_percent","Confirm identity, role, rights and crop before manifest assignment"
"/Users/megdude/Downloads/PERKS MEDIA/IMAGES NEW /PINS/911917d9-a2b0-4acd-83d2-267ff5c8ed18.png","911917d9-a2b0-4acd-83d2-267ff5c8ed18","Identity and usage rights require review before assignment","below_90_percent","Confirm identity, role, rights and crop before manifest assignment"
"/Users/megdude/Downloads/PERKS MEDIA/IMAGES NEW /PINS/Beer pin.png","beer-pin","Identity and usage rights require review before assignment","below_90_percent","Confirm identity, role, rights and crop before manifest assignment"
"/Users/megdude/Downloads/PERKS MEDIA/IMAGES NEW /PINS/Boot pin.png","boot-pin","Identity and usage rights require review before assignment","below_90_percent","Confirm identity, role, rights and crop before manifest assignment"
"/Users/megdude/Downloads/PERKS MEDIA/IMAGES NEW /PINS/Condo Pin.png","condo-pin","Identity and usage rights require review before assignment","below_90_percent","Confirm identity, role, rights and crop before manifest assignment"
"/Users/megdude/Downloads/PERKS MEDIA/IMAGES NEW /PINS/EV PIN.png","ev-pin","Identity and usage rights require review before assignment","below_90_percent","Confirm identity, role, rights and crop before manifest assignment"
"/Users/megdude/Downloads/PERKS MEDIA/IMAGES NEW /PINS/GOLD/Circle Pin.png","circle-pin","Identity and usage rights require review before assignment","below_90_percent","Confirm identity, role, rights and crop before manifest assignment"
"/Users/megdude/Downloads/PERKS MEDIA/IMAGES NEW /PINS/GOLD/coffee pin.png","coffee-pin","Identity and usage rights require review before assignment","below_90_percent","Confirm identity, role, rights and crop before manifest assignment"
"/Users/megdude/Downloads/PERKS MEDIA/IMAGES NEW /PINS/GOLD/heart pin.png","heart-pin","Identity and usage rights require review before assignment","below_90_percent","Confirm identity, role, rights and crop before manifest assignment"
"/Users/megdude/Downloads/PERKS MEDIA/IMAGES NEW /PINS/GOLD/restaurant pin.png","restaurant-pin","Identity and usage rights require review before assignment","below_90_percent","Confirm identity, role, rights and crop before manifest assignment"
"/Users/megdude/Downloads/PERKS MEDIA/IMAGES NEW /PINS/GOLD/star pin.png","star-pin","Identity and usage rights require review before assignment","below_90_percent","Confirm identity, role, rights and crop before manifest assignment"
"/Users/megdude/Downloads/PERKS MEDIA/IMAGES NEW /PINS/High rise pin.png","high-rise-pin","Identity and usage rights require review before assignment","below_90_percent","Confirm identity, role, rights and crop before manifest assignment"
"/Users/megdude/Downloads/PERKS MEDIA/IMAGES NEW /PINS/ICONS/DESIGNED PINICONS.png","designed-pinicons","Identity and usage rights require review before assignment","below_90_percent","Confirm identity, role, rights and crop before manifest assignment"
"/Users/megdude/Downloads/PERKS MEDIA/IMAGES NEW /PINS/ICONS/designed map pins.png","designed-map-pins","Identity and usage rights require review before assignment","below_90_percent","Confirm identity, role, rights and crop before manifest assignment"
"/Users/megdude/Downloads/PERKS MEDIA/IMAGES NEW /PINS/ICONS/istockphoto-1003883462-612x612.jpg","istockphoto-1003883462-612x612","Identity and usage rights require review before assignment","below_90_percent","Confirm identity, role, rights and crop before manifest assignment"
"/Users/megdude/Downloads/PERKS MEDIA/IMAGES NEW /PINS/ICONS/istockphoto-1062659552-612x612.jpg","istockphoto-1062659552-612x612","Identity and usage rights require review before assignment","below_90_percent","Confirm identity, role, rights and crop before manifest assignment"
"/Users/megdude/Downloads/PERKS MEDIA/IMAGES NEW /PINS/ICONS/istockphoto-1132492876-612x612.jpg","istockphoto-1132492876-612x612","Identity and usage rights require review before assignment","below_90_percent","Confirm identity, role, rights and crop before manifest assignment"
"/Users/megdude/Downloads/PERKS MEDIA/IMAGES NEW /PINS/ICONS/istockphoto-1330139781-612x612.jpg","istockphoto-1330139781-612x612","Identity and usage rights require review before assignment","below_90_percent","Confirm identity, role, rights and crop before manifest assignment"
"/Users/megdude/Downloads/PERKS MEDIA/IMAGES NEW /PINS/ICONS/istockphoto-1345463715-612x612.jpg","istockphoto-1345463715-612x612","Identity and usage rights require review before assignment","below_90_percent","Confirm identity, role, rights and crop before manifest assignment"
"/Users/megdude/Downloads/PERKS MEDIA/IMAGES NEW /PINS/ICONS/istockphoto-1386757175-612x612.jpg","istockphoto-1386757175-612x612","Identity and usage rights require review before assignment","below_90_percent","Confirm identity, role, rights and crop before manifest assignment"
"/Users/megdude/Downloads/PERKS MEDIA/IMAGES NEW /PINS/ICONS/istockphoto-1388654495-612x612.jpg","istockphoto-1388654495-612x612","Identity and usage rights require review before assignment","below_90_percent","Confirm identity, role, rights and crop before manifest assignment"
"/Users/megdude/Downloads/PERKS MEDIA/IMAGES NEW /PINS/ICONS/istockphoto-1401371531-612x612.jpg","istockphoto-1401371531-612x612","Identity and usage rights require review before assignment","below_90_percent","Confirm identity, role, rights and crop before manifest assignment"
"/Users/megdude/Downloads/PERKS MEDIA/IMAGES NEW /PINS/ICONS/istockphoto-1419827244-612x612.jpg","istockphoto-1419827244-612x612","Identity and usage rights require review before assignment","below_90_percent","Confirm identity, role, rights and crop before manifest assignment"
"/Users/megdude/Downloads/PERKS MEDIA/IMAGES NEW /PINS/ICONS/istockphoto-1419828418-612x612.jpg","istockphoto-1419828418-612x612","Identity and usage rights require review before assignment","below_90_percent","Confirm identity, role, rights and crop before manifest assignment"
"/Users/megdude/Downloads/PERKS MEDIA/IMAGES NEW /PINS/ICONS/istockphoto-1457657424-612x612.jpg","istockphoto-1457657424-612x612","Identity and usage rights require review before assignment","below_90_percent","Confirm identity, role, rights and crop before manifest assignment"
"/Users/megdude/Downloads/PERKS MEDIA/IMAGES NEW /PINS/ICONS/istockphoto-1519207124-612x612.jpg","istockphoto-1519207124-612x612","Identity and usage rights require review before assignment","below_90_percent","Confirm identity, role, rights and crop before manifest assignment"
"/Users/megdude/Downloads/PERKS MEDIA/IMAGES NEW /PINS/ICONS/istockphoto-858519112-612x612.jpg","istockphoto-858519112-612x612","Identity and usage rights require review before assignment","below_90_percent","Confirm identity, role, rights and crop before manifest assignment"
"/Users/megdude/Downloads/PERKS MEDIA/IMAGES NEW /PINS/ICONS/istockphoto-898727626-612x612.jpg","istockphoto-898727626-612x612","Identity and usage rights require review before assignment","below_90_percent","Confirm identity, role, rights and crop before manifest assignment"
"/Users/megdude/Downloads/PERKS MEDIA/IMAGES NEW /PINS/ICONS/istockphoto-960001364-612x612.jpg","istockphoto-960001364-612x612","Identity and usage rights require review before assignment","below_90_percent","Confirm identity, role, rights and crop before manifest assignment"
"/Users/megdude/Downloads/PERKS MEDIA/IMAGES NEW /PINS/ILLUSTRATED/approval/individual_default_png/analytics.png","analytics","Identity and usage rights require review before assignment","below_90_percent","Confirm identity, role, rights and crop before manifest assignment"
"/Users/megdude/Downloads/PERKS MEDIA/IMAGES NEW /PINS/ILLUSTRATED/approval/individual_default_png/ariat-heritage.png","ariat-heritage","Identity and usage rights require review before assignment","below_90_percent","Confirm identity, role, rights and crop before manifest assignment"
"/Users/megdude/Downloads/PERKS MEDIA/IMAGES NEW /PINS/ILLUSTRATED/approval/individual_default_png/art-culture.png","art-culture","Identity and usage rights require review before assignment","below_90_percent","Confirm identity, role, rights and crop before manifest assignment"
"/Users/megdude/Downloads/PERKS MEDIA/IMAGES NEW /PINS/ILLUSTRATED/approval/individual_default_png/brand-visibility.png","brand-visibility","Identity and usage rights require review before assignment","below_90_percent","Confirm identity, role, rights and crop before manifest assignment"
"/Users/megdude/Downloads/PERKS MEDIA/IMAGES NEW /PINS/ILLUSTRATED/approval/individual_default_png/campaign.png","campaign","Identity and usage rights require review before assignment","below_90_percent","Confirm identity, role, rights and crop before manifest assignment"
"/Users/megdude/Downloads/PERKS MEDIA/IMAGES NEW /PINS/ILLUSTRATED/approval/individual_default_png/civic-public.png","civic-public","Identity and usage rights require review before assignment","below_90_percent","Confirm identity, role, rights and crop before manifest assignment"
"/Users/megdude/Downloads/PERKS MEDIA/IMAGES NEW /PINS/ILLUSTRATED/approval/individual_default_png/closet-brand.png","closet-brand","Identity and usage rights require review before assignment","below_90_percent","Confirm identity, role, rights and crop before manifest assignment"
"/Users/megdude/Downloads/PERKS MEDIA/IMAGES NEW /PINS/ILLUSTRATED/approval/individual_default_png/coffee.png","coffee","Identity and usage rights require review before assignment","below_90_percent","Confirm identity, role, rights and crop before manifest assignment"
"/Users/megdude/Downloads/PERKS MEDIA/IMAGES NEW /PINS/ILLUSTRATED/approval/individual_default_png/dining.png","dining","Identity and usage rights require review before assignment","below_90_percent","Confirm identity, role, rights and crop before manifest assignment"
"/Users/megdude/Downloads/PERKS MEDIA/IMAGES NEW /PINS/ILLUSTRATED/approval/individual_default_png/downtown-perks.png","downtown-perks","Identity and usage rights require review before assignment","below_90_percent","Confirm identity, role, rights and crop before manifest assignment"
"/Users/megdude/Downloads/PERKS MEDIA/IMAGES NEW /PINS/ILLUSTRATED/approval/individual_default_png/education.png","education","Identity and usage rights require review before assignment","below_90_percent","Confirm identity, role, rights and crop before manifest assignment"
"/Users/megdude/Downloads/PERKS MEDIA/IMAGES NEW /PINS/ILLUSTRATED/approval/individual_default_png/entertainment.png","entertainment","Identity and usage rights require review before assignment","below_90_percent","Confirm identity, role, rights and crop before manifest assignment"
"/Users/megdude/Downloads/PERKS MEDIA/IMAGES NEW /PINS/ILLUSTRATED/approval/individual_default_png/events.png","events","Identity and usage rights require review before assignment","below_90_percent","Confirm identity, role, rights and crop before manifest assignment"
"/Users/megdude/Downloads/PERKS MEDIA/IMAGES NEW /PINS/ILLUSTRATED/approval/individual_default_png/fine-eyewear.png","fine-eyewear","Identity and usage rights require review before assignment","below_90_percent","Confirm identity, role, rights and crop before manifest assignment"
"/Users/megdude/Downloads/PERKS MEDIA/IMAGES NEW /PINS/ILLUSTRATED/approval/individual_default_png/generic-pin.png","generic-pin","Identity and usage rights require review before assignment","below_90_percent","Confirm identity, role, rights and crop before manifest assignment"
"/Users/megdude/Downloads/PERKS MEDIA/IMAGES NEW /PINS/ILLUSTRATED/approval/individual_default_png/heritage-boots.png","heritage-boots","Identity and usage rights require review before assignment","below_90_percent","Confirm identity, role, rights and crop before manifest assignment"
"/Users/megdude/Downloads/PERKS MEDIA/IMAGES NEW /PINS/ILLUSTRATED/approval/individual_default_png/hotels.png","hotels","Identity and usage rights require review before assignment","below_90_percent","Confirm identity, role, rights and crop before manifest assignment"
"/Users/megdude/Downloads/PERKS MEDIA/IMAGES NEW /PINS/ILLUSTRATED/approval/individual_default_png/legends-real-estate.png","legends-real-estate","Identity and usage rights require review before assignment","below_90_percent","Confirm identity, role, rights and crop before manifest assignment"
"/Users/megdude/Downloads/PERKS MEDIA/IMAGES NEW /PINS/ILLUSTRATED/approval/individual_default_png/live-activation.png","live-activation","Identity and usage rights require review before assignment","below_90_percent","Confirm identity, role, rights and crop before manifest assignment"
"/Users/megdude/Downloads/PERKS MEDIA/IMAGES NEW /PINS/ILLUSTRATED/approval/individual_default_png/mobility-transit.png","mobility-transit","Identity and usage rights require review before assignment","below_90_percent","Confirm identity, role, rights and crop before manifest assignment"
"/Users/megdude/Downloads/PERKS MEDIA/IMAGES NEW /PINS/ILLUSTRATED/approval/individual_default_png/park-outdoors.png","park-outdoors","Identity and usage rights require review before assignment","below_90_percent","Confirm identity, role, rights and crop before manifest assignment"
"/Users/megdude/Downloads/PERKS MEDIA/IMAGES NEW /PINS/ILLUSTRATED/approval/individual_default_png/partner-location.png","partner-location","Identity and usage rights require review before assignment","below_90_percent","Confirm identity, role, rights and crop before manifest assignment"
"/Users/megdude/Downloads/PERKS MEDIA/IMAGES NEW /PINS/ILLUSTRATED/approval/individual_default_png/recommended-action.png","recommended-action","Identity and usage rights require review before assignment","below_90_percent","Confirm identity, role, rights and crop before manifest assignment"
"/Users/megdude/Downloads/PERKS MEDIA/IMAGES NEW /PINS/ILLUSTRATED/approval/individual_default_png/residence.png","residence","Identity and usage rights require review before assignment","below_90_percent","Confirm identity, role, rights and crop before manifest assignment"
"/Users/megdude/Downloads/PERKS MEDIA/IMAGES NEW /PINS/ILLUSTRATED/approval/individual_default_png/residential-towers.png","residential-towers","Identity and usage rights require review before assignment","below_90_percent","Confirm identity, role, rights and crop before manifest assignment"
"/Users/megdude/Downloads/PERKS MEDIA/IMAGES NEW /PINS/ILLUSTRATED/approval/individual_default_png/retail-shopping.png","retail-shopping","Identity and usage rights require review before assignment","below_90_percent","Confirm identity, role, rights and crop before manifest assignment"
"/Users/megdude/Downloads/PERKS MEDIA/IMAGES NEW /PINS/ILLUSTRATED/approval/individual_default_png/retail-storefront.png","retail-storefront","Identity and usage rights require review before assignment","below_90_percent","Confirm identity, role, rights and crop before manifest assignment"
"/Users/megdude/Downloads/PERKS MEDIA/IMAGES NEW /PINS/ILLUSTRATED/approval/individual_default_png/rivian.png","rivian","Identity and usage rights require review before assignment","below_90_percent","Confirm identity, role, rights and crop before manifest assignment"
"/Users/megdude/Downloads/PERKS MEDIA/IMAGES NEW /PINS/ILLUSTRATED/approval/individual_default_png/rooftop-nightlife.png","rooftop-nightlife","Identity and usage rights require review before assignment","below_90_percent","Confirm identity, role, rights and crop before manifest assignment"
"/Users/megdude/Downloads/PERKS MEDIA/IMAGES NEW /PINS/ILLUSTRATED/approval/individual_default_png/scan-redemption.png","scan-redemption","Identity and usage rights require review before assignment","below_90_percent","Confirm identity, role, rights and crop before manifest assignment"
"/Users/megdude/Downloads/PERKS MEDIA/IMAGES NEW /PINS/ILLUSTRATED/approval/individual_default_png/stay-put.png","stay-put","Identity and usage rights require review before assignment","below_90_percent","Confirm identity, role, rights and crop before manifest assignment"
"/Users/megdude/Downloads/PERKS MEDIA/IMAGES NEW /PINS/ILLUSTRATED/approval/individual_default_png/wellness-fitness.png","wellness-fitness","Identity and usage rights require review before assignment","below_90_percent","Confirm identity, role, rights and crop before manifest assignment"
"/Users/megdude/Downloads/PERKS MEDIA/IMAGES NEW /PINS/ILLUSTRATED/approval/individual_default_png/yeti.png","yeti","Identity and usage rights require review before assignment","below_90_percent","Confirm identity, role, rights and crop before manifest assignment"
"/Users/megdude/Downloads/PERKS MEDIA/IMAGES NEW /PINS/ILLUSTRATED/pins/circles/brands/ariat-heritage-hover.png","ariat-heritage-hover","Identity and usage rights require review before assignment","below_90_percent","Confirm identity, role, rights and crop before manifest assignment"
"/Users/megdude/Downloads/PERKS MEDIA/IMAGES NEW /PINS/ILLUSTRATED/pins/circles/brands/ariat-heritage-selected.png","ariat-heritage-selected","Identity and usage rights require review before assignment","below_90_percent","Confirm identity, role, rights and crop before manifest assignment"
"/Users/megdude/Downloads/PERKS MEDIA/IMAGES NEW /PINS/ILLUSTRATED/pins/circles/brands/ariat-heritage.png","ariat-heritage","Identity and usage rights require review before assignment","below_90_percent","Confirm identity, role, rights and crop before manifest assignment"
"/Users/megdude/Downloads/PERKS MEDIA/IMAGES NEW /PINS/ILLUSTRATED/pins/circles/brands/ariat-hover.png","ariat-hover","Identity and usage rights require review before assignment","below_90_percent","Confirm identity, role, rights and crop before manifest assignment"
"/Users/megdude/Downloads/PERKS MEDIA/IMAGES NEW /PINS/ILLUSTRATED/pins/circles/brands/ariat-selected.png","ariat-selected","Identity and usage rights require review before assignment","below_90_percent","Confirm identity, role, rights and crop before manifest assignment"
"/Users/megdude/Downloads/PERKS MEDIA/IMAGES NEW /PINS/ILLUSTRATED/pins/circles/brands/ariat.png","ariat","Identity and usage rights require review before assignment","below_90_percent","Confirm identity, role, rights and crop before manifest assignment"
"/Users/megdude/Downloads/PERKS MEDIA/IMAGES NEW /PINS/ILLUSTRATED/pins/circles/brands/closet-brand-hover.png","closet-brand-hover","Identity and usage rights require review before assignment","below_90_percent","Confirm identity, role, rights and crop before manifest assignment"
"/Users/megdude/Downloads/PERKS MEDIA/IMAGES NEW /PINS/ILLUSTRATED/pins/circles/brands/closet-brand-selected.png","closet-brand-selected","Identity and usage rights require review before assignment","below_90_percent","Confirm identity, role, rights and crop before manifest assignment"
"/Users/megdude/Downloads/PERKS MEDIA/IMAGES NEW /PINS/ILLUSTRATED/pins/circles/brands/closet-brand.png","closet-brand","Identity and usage rights require review before assignment","below_90_percent","Confirm identity, role, rights and crop before manifest assignment"
"/Users/megdude/Downloads/PERKS MEDIA/IMAGES NEW /PINS/ILLUSTRATED/pins/circles/brands/downtown-perks-hover.png","downtown-perks-hover","Identity and usage rights require review before assignment","below_90_percent","Confirm identity, role, rights and crop before manifest assignment"
"/Users/megdude/Downloads/PERKS MEDIA/IMAGES NEW /PINS/ILLUSTRATED/pins/circles/brands/downtown-perks-selected.png","downtown-perks-selected","Identity and usage rights require review before assignment","below_90_percent","Confirm identity, role, rights and crop before manifest assignment"
"/Users/megdude/Downloads/PERKS MEDIA/IMAGES NEW /PINS/ILLUSTRATED/pins/circles/brands/downtown-perks.png","downtown-perks","Identity and usage rights require review before assignment","below_90_percent","Confirm identity, role, rights and crop before manifest assignment"
"/Users/megdude/Downloads/PERKS MEDIA/IMAGES NEW /PINS/ILLUSTRATED/pins/circles/brands/fine-eyewear-hover.png","fine-eyewear-hover","Identity and usage rights require review before assignment","below_90_percent","Confirm identity, role, rights and crop before manifest assignment"
"/Users/megdude/Downloads/PERKS MEDIA/IMAGES NEW /PINS/ILLUSTRATED/pins/circles/brands/fine-eyewear-selected.png","fine-eyewear-selected","Identity and usage rights require review before assignment","below_90_percent","Confirm identity, role, rights and crop before manifest assignment"
"/Users/megdude/Downloads/PERKS MEDIA/IMAGES NEW /PINS/ILLUSTRATED/pins/circles/brands/fine-eyewear.png","fine-eyewear","Identity and usage rights require review before assignment","below_90_percent","Confirm identity, role, rights and crop before manifest assignment"
"/Users/megdude/Downloads/PERKS MEDIA/IMAGES NEW /PINS/ILLUSTRATED/pins/circles/brands/heritage-boots-hover.png","heritage-boots-hover","Identity and usage rights require review before assignment","below_90_percent","Confirm identity, role, rights and crop before manifest assignment"
"/Users/megdude/Downloads/PERKS MEDIA/IMAGES NEW /PINS/ILLUSTRATED/pins/circles/brands/heritage-boots-selected.png","heritage-boots-selected","Identity and usage rights require review before assignment","below_90_percent","Confirm identity, role, rights and crop before manifest assignment"
"/Users/megdude/Downloads/PERKS MEDIA/IMAGES NEW /PINS/ILLUSTRATED/pins/circles/brands/heritage-boots.png","heritage-boots","Identity and usage rights require review before assignment","below_90_percent","Confirm identity, role, rights and crop before manifest assignment"
"/Users/megdude/Downloads/PERKS MEDIA/IMAGES NEW /PINS/ILLUSTRATED/pins/circles/brands/legends-combined-pin-hover.png","legends-combined-pin-hover","Identity and usage rights require review before assignment","below_90_percent","Confirm identity, role, rights and crop before manifest assignment"
"/Users/megdude/Downloads/PERKS MEDIA/IMAGES NEW /PINS/ILLUSTRATED/pins/circles/brands/legends-combined-pin-selected.png","legends-combined-pin-selected","Identity and usage rights require review before assignment","below_90_percent","Confirm identity, role, rights and crop before manifest assignment"
"/Users/megdude/Downloads/PERKS MEDIA/IMAGES NEW /PINS/ILLUSTRATED/pins/circles/brands/legends-combined-pin.png","legends-combined-pin","Identity and usage rights require review before assignment","below_90_percent","Confirm identity, role, rights and crop before manifest assignment"
"/Users/megdude/Downloads/PERKS MEDIA/IMAGES NEW /PINS/ILLUSTRATED/pins/circles/brands/rivian-hover.png","rivian-hover","Identity and usage rights require review before assignment","below_90_percent","Confirm identity, role, rights and crop before manifest assignment"
"/Users/megdude/Downloads/PERKS MEDIA/IMAGES NEW /PINS/ILLUSTRATED/pins/circles/brands/rivian-selected.png","rivian-selected","Identity and usage rights require review before assignment","below_90_percent","Confirm identity, role, rights and crop before manifest assignment"
"/Users/megdude/Downloads/PERKS MEDIA/IMAGES NEW /PINS/ILLUSTRATED/pins/circles/brands/rivian.png","rivian","Identity and usage rights require review before assignment","below_90_percent","Confirm identity, role, rights and crop before manifest assignment"
"/Users/megdude/Downloads/PERKS MEDIA/IMAGES NEW /PINS/ILLUSTRATED/pins/circles/brands/stay-put-hover.png","stay-put-hover","Identity and usage rights require review before assignment","below_90_percent","Confirm identity, role, rights and crop before manifest assignment"
"/Users/megdude/Downloads/PERKS MEDIA/IMAGES NEW /PINS/ILLUSTRATED/pins/circles/brands/stay-put-selected.png","stay-put-selected","Identity and usage rights require review before assignment","below_90_percent","Confirm identity, role, rights and crop before manifest assignment"
"/Users/megdude/Downloads/PERKS MEDIA/IMAGES NEW /PINS/ILLUSTRATED/pins/circles/brands/stay-put.png","stay-put","Identity and usage rights require review before assignment","below_90_percent","Confirm identity, role, rights and crop before manifest assignment"
"/Users/megdude/Downloads/PERKS MEDIA/IMAGES NEW /PINS/ILLUSTRATED/pins/circles/brands/yeti-hover.png","yeti-hover","Identity and usage rights require review before assignment","below_90_percent","Confirm identity, role, rights and crop before manifest assignment"
"/Users/megdude/Downloads/PERKS MEDIA/IMAGES NEW /PINS/ILLUSTRATED/pins/circles/brands/yeti-selected.png","yeti-selected","Identity and usage rights require review before assignment","below_90_percent","Confirm identity, role, rights and crop before manifest assignment"
"/Users/megdude/Downloads/PERKS MEDIA/IMAGES NEW /PINS/ILLUSTRATED/pins/circles/brands/yeti.png","yeti","Identity and usage rights require review before assignment","below_90_percent","Confirm identity, role, rights and crop before manifest assignment"
"/Users/megdude/Downloads/PERKS MEDIA/IMAGES NEW /PINS/ILLUSTRATED/pins/circles/categories/activation-hover.png","activation-hover","Identity and usage rights require review before assignment","below_90_percent","Confirm identity, role, rights and crop before manifest assignment"
"/Users/megdude/Downloads/PERKS MEDIA/IMAGES NEW /PINS/ILLUSTRATED/pins/circles/categories/activation-selected.png","activation-selected","Identity and usage rights require review before assignment","below_90_percent","Confirm identity, role, rights and crop before manifest assignment"
"/Users/megdude/Downloads/PERKS MEDIA/IMAGES NEW /PINS/ILLUSTRATED/pins/circles/categories/activation.png","activation","Identity and usage rights require review before assignment","below_90_percent","Confirm identity, role, rights and crop before manifest assignment"
"/Users/megdude/Downloads/PERKS MEDIA/IMAGES NEW /PINS/ILLUSTRATED/pins/circles/categories/analytics-hover.png","analytics-hover","Identity and usage rights require review before assignment","below_90_percent","Confirm identity, role, rights and crop before manifest assignment"
"/Users/megdude/Downloads/PERKS MEDIA/IMAGES NEW /PINS/ILLUSTRATED/pins/circles/categories/analytics-selected.png","analytics-selected","Identity and usage rights require review before assignment","below_90_percent","Confirm identity, role, rights and crop before manifest assignment"
"/Users/megdude/Downloads/PERKS MEDIA/IMAGES NEW /PINS/ILLUSTRATED/pins/circles/categories/analytics.png","analytics","Identity and usage rights require review before assignment","below_90_percent","Confirm identity, role, rights and crop before manifest assignment"
"/Users/megdude/Downloads/PERKS MEDIA/IMAGES NEW /PINS/ILLUSTRATED/pins/circles/categories/art-culture-hover.png","art-culture-hover","Identity and usage rights require review before assignment","below_90_percent","Confirm identity, role, rights and crop before manifest assignment"
"/Users/megdude/Downloads/PERKS MEDIA/IMAGES NEW /PINS/ILLUSTRATED/pins/circles/categories/art-culture-selected.png","art-culture-selected","Identity and usage rights require review before assignment","below_90_percent","Confirm identity, role, rights and crop before manifest assignment"
"/Users/megdude/Downloads/PERKS MEDIA/IMAGES NEW /PINS/ILLUSTRATED/pins/circles/categories/art-culture.png","art-culture","Identity and usage rights require review before assignment","below_90_percent","Confirm identity, role, rights and crop before manifest assignment"
"/Users/megdude/Downloads/PERKS MEDIA/IMAGES NEW /PINS/ILLUSTRATED/pins/circles/categories/art-hover.png","art-hover","Identity and usage rights require review before assignment","below_90_percent","Confirm identity, role, rights and crop before manifest assignment"
"/Users/megdude/Downloads/PERKS MEDIA/IMAGES NEW /PINS/ILLUSTRATED/pins/circles/categories/art-selected.png","art-selected","Identity and usage rights require review before assignment","below_90_percent","Confirm identity, role, rights and crop before manifest assignment"
"/Users/megdude/Downloads/PERKS MEDIA/IMAGES NEW /PINS/ILLUSTRATED/pins/circles/categories/art.png","art","Identity and usage rights require review before assignment","below_90_percent","Confirm identity, role, rights and crop before manifest assignment"
"/Users/megdude/Downloads/PERKS MEDIA/IMAGES NEW /PINS/ILLUSTRATED/pins/circles/categories/brand-visibility-hover.png","brand-visibility-hover","Identity and usage rights require review before assignment","below_90_percent","Confirm identity, role, rights and crop before manifest assignment"
"/Users/megdude/Downloads/PERKS MEDIA/IMAGES NEW /PINS/ILLUSTRATED/pins/circles/categories/brand-visibility-selected.png","brand-visibility-selected","Identity and usage rights require review before assignment","below_90_percent","Confirm identity, role, rights and crop before manifest assignment"
"/Users/megdude/Downloads/PERKS MEDIA/IMAGES NEW /PINS/ILLUSTRATED/pins/circles/categories/brand-visibility.png","brand-visibility","Identity and usage rights require review before assignment","below_90_percent","Confirm identity, role, rights and crop before manifest assignment"
"/Users/megdude/Downloads/PERKS MEDIA/IMAGES NEW /PINS/ILLUSTRATED/pins/circles/categories/campaign-hover.png","campaign-hover","Identity and usage rights require review before assignment","below_90_percent","Confirm identity, role, rights and crop before manifest assignment"
"/Users/megdude/Downloads/PERKS MEDIA/IMAGES NEW /PINS/ILLUSTRATED/pins/circles/categories/campaign-selected.png","campaign-selected","Identity and usage rights require review before assignment","below_90_percent","Confirm identity, role, rights and crop before manifest assignment"
"/Users/megdude/Downloads/PERKS MEDIA/IMAGES NEW /PINS/ILLUSTRATED/pins/circles/categories/campaign.png","campaign","Identity and usage rights require review before assignment","below_90_percent","Confirm identity, role, rights and crop before manifest assignment"
"/Users/megdude/Downloads/PERKS MEDIA/IMAGES NEW /PINS/ILLUSTRATED/pins/circles/categories/civic-hover.png","civic-hover","Identity and usage rights require review before assignment","below_90_percent","Confirm identity, role, rights and crop before manifest assignment"
"/Users/megdude/Downloads/PERKS MEDIA/IMAGES NEW /PINS/ILLUSTRATED/pins/circles/categories/civic-public-hover.png","civic-public-hover","Identity and usage rights require review before assignment","below_90_percent","Confirm identity, role, rights and crop before manifest assignment"
"/Users/megdude/Downloads/PERKS MEDIA/IMAGES NEW /PINS/ILLUSTRATED/pins/circles/categories/civic-public-selected.png","civic-public-selected","Identity and usage rights require review before assignment","below_90_percent","Confirm identity, role, rights and crop before manifest assignment"
"/Users/megdude/Downloads/PERKS MEDIA/IMAGES NEW /PINS/ILLUSTRATED/pins/circles/categories/civic-public.png","civic-public","Identity and usage rights require review before assignment","below_90_percent","Confirm identity, role, rights and crop before manifest assignment"
"/Users/megdude/Downloads/PERKS MEDIA/IMAGES NEW /PINS/ILLUSTRATED/pins/circles/categories/civic-selected.png","civic-selected","Identity and usage rights require review before assignment","below_90_percent","Confirm identity, role, rights and crop before manifest assignment"
"/Users/megdude/Downloads/PERKS MEDIA/IMAGES NEW /PINS/ILLUSTRATED/pins/circles/categories/civic.png","civic","Identity and usage rights require review before assignment","below_90_percent","Confirm identity, role, rights and crop before manifest assignment"
"/Users/megdude/Downloads/PERKS MEDIA/IMAGES NEW /PINS/ILLUSTRATED/pins/circles/categories/coffee-hover.png","coffee-hover","Identity and usage rights require review before assignment","below_90_percent","Confirm identity, role, rights and crop before manifest assignment"
"/Users/megdude/Downloads/PERKS MEDIA/IMAGES NEW /PINS/ILLUSTRATED/pins/circles/categories/coffee-selected.png","coffee-selected","Identity and usage rights require review before assignment","below_90_percent","Confirm identity, role, rights and crop before manifest assignment"
"/Users/megdude/Downloads/PERKS MEDIA/IMAGES NEW /PINS/ILLUSTRATED/pins/circles/categories/coffee.png","coffee","Identity and usage rights require review before assignment","below_90_percent","Confirm identity, role, rights and crop before manifest assignment"
"/Users/megdude/Downloads/PERKS MEDIA/IMAGES NEW /PINS/ILLUSTRATED/pins/circles/categories/culture-hover.png","culture-hover","Identity and usage rights require review before assignment","below_90_percent","Confirm identity, role, rights and crop before manifest assignment"
"/Users/megdude/Downloads/PERKS MEDIA/IMAGES NEW /PINS/ILLUSTRATED/pins/circles/categories/culture-selected.png","culture-selected","Identity and usage rights require review before assignment","below_90_percent","Confirm identity, role, rights and crop before manifest assignment"
"/Users/megdude/Downloads/PERKS MEDIA/IMAGES NEW /PINS/ILLUSTRATED/pins/circles/categories/culture.png","culture","Identity and usage rights require review before assignment","below_90_percent","Confirm identity, role, rights and crop before manifest assignment"
"/Users/megdude/Downloads/PERKS MEDIA/IMAGES NEW /PINS/ILLUSTRATED/pins/circles/categories/dining-hover.png","dining-hover","Identity and usage rights require review before assignment","below_90_percent","Confirm identity, role, rights and crop before manifest assignment"
"/Users/megdude/Downloads/PERKS MEDIA/IMAGES NEW /PINS/ILLUSTRATED/pins/circles/categories/dining-selected.png","dining-selected","Identity and usage rights require review before assignment","below_90_percent","Confirm identity, role, rights and crop before manifest assignment"
"/Users/megdude/Downloads/PERKS MEDIA/IMAGES NEW /PINS/ILLUSTRATED/pins/circles/categories/dining.png","dining","Identity and usage rights require review before assignment","below_90_percent","Confirm identity, role, rights and crop before manifest assignment"
"/Users/megdude/Downloads/PERKS MEDIA/IMAGES NEW /PINS/ILLUSTRATED/pins/circles/categories/education-hover.png","education-hover","Identity and usage rights require review before assignment","below_90_percent","Confirm identity, role, rights and crop before manifest assignment"
"/Users/megdude/Downloads/PERKS MEDIA/IMAGES NEW /PINS/ILLUSTRATED/pins/circles/categories/education-selected.png","education-selected","Identity and usage rights require review before assignment","below_90_percent","Confirm identity, role, rights and crop before manifest assignment"
"/Users/megdude/Downloads/PERKS MEDIA/IMAGES NEW /PINS/ILLUSTRATED/pins/circles/categories/education.png","education","Identity and usage rights require review before assignment","below_90_percent","Confirm identity, role, rights and crop before manifest assignment"
"/Users/megdude/Downloads/PERKS MEDIA/IMAGES NEW /PINS/ILLUSTRATED/pins/circles/categories/entertainment-hover.png","entertainment-hover","Identity and usage rights require review before assignment","below_90_percent","Confirm identity, role, rights and crop before manifest assignment"
"/Users/megdude/Downloads/PERKS MEDIA/IMAGES NEW /PINS/ILLUSTRATED/pins/circles/categories/entertainment-selected.png","entertainment-selected","Identity and usage rights require review before assignment","below_90_percent","Confirm identity, role, rights and crop before manifest assignment"
"/Users/megdude/Downloads/PERKS MEDIA/IMAGES NEW /PINS/ILLUSTRATED/pins/circles/categories/entertainment.png","entertainment","Identity and usage rights require review before assignment","below_90_percent","Confirm identity, role, rights and crop before manifest assignment"
"/Users/megdude/Downloads/PERKS MEDIA/IMAGES NEW /PINS/ILLUSTRATED/pins/circles/categories/events-hover.png","events-hover","Identity and usage rights require review before assignment","below_90_percent","Confirm identity, role, rights and crop before manifest assignment"
"/Users/megdude/Downloads/PERKS MEDIA/IMAGES NEW /PINS/ILLUSTRATED/pins/circles/categories/events-selected.png","events-selected","Identity and usage rights require review before assignment","below_90_percent","Confirm identity, role, rights and crop before manifest assignment"
"/Users/megdude/Downloads/PERKS MEDIA/IMAGES NEW /PINS/ILLUSTRATED/pins/circles/categories/events.png","events","Identity and usage rights require review before assignment","below_90_percent","Confirm identity, role, rights and crop before manifest assignment"
"/Users/megdude/Downloads/PERKS MEDIA/IMAGES NEW /PINS/ILLUSTRATED/pins/circles/categories/fitness-hover.png","fitness-hover","Identity and usage rights require review before assignment","below_90_percent","Confirm identity, role, rights and crop before manifest assignment"
"/Users/megdude/Downloads/PERKS MEDIA/IMAGES NEW /PINS/ILLUSTRATED/pins/circles/categories/fitness-selected.png","fitness-selected","Identity and usage rights require review before assignment","below_90_percent","Confirm identity, role, rights and crop before manifest assignment"
"/Users/megdude/Downloads/PERKS MEDIA/IMAGES NEW /PINS/ILLUSTRATED/pins/circles/categories/fitness.png","fitness","Identity and usage rights require review before assignment","below_90_percent","Confirm identity, role, rights and crop before manifest assignment"
"/Users/megdude/Downloads/PERKS MEDIA/IMAGES NEW /PINS/ILLUSTRATED/pins/circles/categories/generic-pin-hover.png","generic-pin-hover","Identity and usage rights require review before assignment","below_90_percent","Confirm identity, role, rights and crop before manifest assignment"
"/Users/megdude/Downloads/PERKS MEDIA/IMAGES NEW /PINS/ILLUSTRATED/pins/circles/categories/generic-pin-selected.png","generic-pin-selected","Identity and usage rights require review before assignment","below_90_percent","Confirm identity, role, rights and crop before manifest assignment"
"/Users/megdude/Downloads/PERKS MEDIA/IMAGES NEW /PINS/ILLUSTRATED/pins/circles/categories/generic-pin.png","generic-pin","Identity and usage rights require review before assignment","below_90_percent","Confirm identity, role, rights and crop before manifest assignment"
"/Users/megdude/Downloads/PERKS MEDIA/IMAGES NEW /PINS/ILLUSTRATED/pins/circles/categories/hotels-hover.png","hotels-hover","Identity and usage rights require review before assignment","below_90_percent","Confirm identity, role, rights and crop before manifest assignment"
"/Users/megdude/Downloads/PERKS MEDIA/IMAGES NEW /PINS/ILLUSTRATED/pins/circles/categories/hotels-selected.png","hotels-selected","Identity and usage rights require review before assignment","below_90_percent","Confirm identity, role, rights and crop before manifest assignment"
"/Users/megdude/Downloads/PERKS MEDIA/IMAGES NEW /PINS/ILLUSTRATED/pins/circles/categories/hotels.png","hotels","Identity and usage rights require review before assignment","below_90_percent","Confirm identity, role, rights and crop before manifest assignment"
"/Users/megdude/Downloads/PERKS MEDIA/IMAGES NEW /PINS/ILLUSTRATED/pins/circles/categories/live-activation-hover.png","live-activation-hover","Identity and usage rights require review before assignment","below_90_percent","Confirm identity, role, rights and crop before manifest assignment"
"/Users/megdude/Downloads/PERKS MEDIA/IMAGES NEW /PINS/ILLUSTRATED/pins/circles/categories/live-activation-selected.png","live-activation-selected","Identity and usage rights require review before assignment","below_90_percent","Confirm identity, role, rights and crop before manifest assignment"
"/Users/megdude/Downloads/PERKS MEDIA/IMAGES NEW /PINS/ILLUSTRATED/pins/circles/categories/live-activation.png","live-activation","Identity and usage rights require review before assignment","below_90_percent","Confirm identity, role, rights and crop before manifest assignment"
"/Users/megdude/Downloads/PERKS MEDIA/IMAGES NEW /PINS/ILLUSTRATED/pins/circles/categories/mobility-transit-hover.png","mobility-transit-hover","Identity and usage rights require review before assignment","below_90_percent","Confirm identity, role, rights and crop before manifest assignment"
"/Users/megdude/Downloads/PERKS MEDIA/IMAGES NEW /PINS/ILLUSTRATED/pins/circles/categories/mobility-transit-selected.png","mobility-transit-selected","Identity and usage rights require review before assignment","below_90_percent","Confirm identity, role, rights and crop before manifest assignment"
"/Users/megdude/Downloads/PERKS MEDIA/IMAGES NEW /PINS/ILLUSTRATED/pins/circles/categories/mobility-transit.png","mobility-transit","Identity and usage rights require review before assignment","below_90_percent","Confirm identity, role, rights and crop before manifest assignment"
"/Users/megdude/Downloads/PERKS MEDIA/IMAGES NEW /PINS/ILLUSTRATED/pins/circles/categories/nightlife-hover.png","nightlife-hover","Identity and usage rights require review before assignment","below_90_percent","Confirm identity, role, rights and crop before manifest assignment"
"/Users/megdude/Downloads/PERKS MEDIA/IMAGES NEW /PINS/ILLUSTRATED/pins/circles/categories/nightlife-selected.png","nightlife-selected","Identity and usage rights require review before assignment","below_90_percent","Confirm identity, role, rights and crop before manifest assignment"
"/Users/megdude/Downloads/PERKS MEDIA/IMAGES NEW /PINS/ILLUSTRATED/pins/circles/categories/nightlife.png","nightlife","Identity and usage rights require review before assignment","below_90_percent","Confirm identity, role, rights and crop before manifest assignment"
"/Users/megdude/Downloads/PERKS MEDIA/IMAGES NEW /PINS/ILLUSTRATED/pins/circles/categories/park-hover.png","park-hover","Identity and usage rights require review before assignment","below_90_percent","Confirm identity, role, rights and crop before manifest assignment"
"/Users/megdude/Downloads/PERKS MEDIA/IMAGES NEW /PINS/ILLUSTRATED/pins/circles/categories/park-outdoors-hover.png","park-outdoors-hover","Identity and usage rights require review before assignment","below_90_percent","Confirm identity, role, rights and crop before manifest assignment"
"/Users/megdude/Downloads/PERKS MEDIA/IMAGES NEW /PINS/ILLUSTRATED/pins/circles/categories/park-outdoors-selected.png","park-outdoors-selected","Identity and usage rights require review before assignment","below_90_percent","Confirm identity, role, rights and crop before manifest assignment"
"/Users/megdude/Downloads/PERKS MEDIA/IMAGES NEW /PINS/ILLUSTRATED/pins/circles/categories/park-outdoors.png","park-outdoors","Identity and usage rights require review before assignment","below_90_percent","Confirm identity, role, rights and crop before manifest assignment"
"/Users/megdude/Downloads/PERKS MEDIA/IMAGES NEW /PINS/ILLUSTRATED/pins/circles/categories/park-selected.png","park-selected","Identity and usage rights require review before assignment","below_90_percent","Confirm identity, role, rights and crop before manifest assignment"
"/Users/megdude/Downloads/PERKS MEDIA/IMAGES NEW /PINS/ILLUSTRATED/pins/circles/categories/park.png","park","Identity and usage rights require review before assignment","below_90_percent","Confirm identity, role, rights and crop before manifest assignment"
"/Users/megdude/Downloads/PERKS MEDIA/IMAGES NEW /PINS/ILLUSTRATED/pins/circles/categories/partner-location-hover.png","partner-location-hover","Identity and usage rights require review before assignment","below_90_percent","Confirm identity, role, rights and crop before manifest assignment"
"/Users/megdude/Downloads/PERKS MEDIA/IMAGES NEW /PINS/ILLUSTRATED/pins/circles/categories/partner-location-selected.png","partner-location-selected","Identity and usage rights require review before assignment","below_90_percent","Confirm identity, role, rights and crop before manifest assignment"
"/Users/megdude/Downloads/PERKS MEDIA/IMAGES NEW /PINS/ILLUSTRATED/pins/circles/categories/partner-location.png","partner-location","Identity and usage rights require review before assignment","below_90_percent","Confirm identity, role, rights and crop before manifest assignment"
"/Users/megdude/Downloads/PERKS MEDIA/IMAGES NEW /PINS/ILLUSTRATED/pins/circles/categories/recommended-action-hover.png","recommended-action-hover","Identity and usage rights require review before assignment","below_90_percent","Confirm identity, role, rights and crop before manifest assignment"
"/Users/megdude/Downloads/PERKS MEDIA/IMAGES NEW /PINS/ILLUSTRATED/pins/circles/categories/recommended-action-selected.png","recommended-action-selected","Identity and usage rights require review before assignment","below_90_percent","Confirm identity, role, rights and crop before manifest assignment"
"/Users/megdude/Downloads/PERKS MEDIA/IMAGES NEW /PINS/ILLUSTRATED/pins/circles/categories/recommended-action.png","recommended-action","Identity and usage rights require review before assignment","below_90_percent","Confirm identity, role, rights and crop before manifest assignment"
"/Users/megdude/Downloads/PERKS MEDIA/IMAGES NEW /PINS/ILLUSTRATED/pins/circles/categories/recommended-hover.png","recommended-hover","Identity and usage rights require review before assignment","below_90_percent","Confirm identity, role, rights and crop before manifest assignment"
"/Users/megdude/Downloads/PERKS MEDIA/IMAGES NEW /PINS/ILLUSTRATED/pins/circles/categories/recommended-selected.png","recommended-selected","Identity and usage rights require review before assignment","below_90_percent","Confirm identity, role, rights and crop before manifest assignment"
"/Users/megdude/Downloads/PERKS MEDIA/IMAGES NEW /PINS/ILLUSTRATED/pins/circles/categories/recommended.png","recommended","Identity and usage rights require review before assignment","below_90_percent","Confirm identity, role, rights and crop before manifest assignment"
"/Users/megdude/Downloads/PERKS MEDIA/IMAGES NEW /PINS/ILLUSTRATED/pins/circles/categories/residence-hover.png","residence-hover","Identity and usage rights require review before assignment","below_90_percent","Confirm identity, role, rights and crop before manifest assignment"
"/Users/megdude/Downloads/PERKS MEDIA/IMAGES NEW /PINS/ILLUSTRATED/pins/circles/categories/residence-selected.png","residence-selected","Identity and usage rights require review before assignment","below_90_percent","Confirm identity, role, rights and crop before manifest assignment"
"/Users/megdude/Downloads/PERKS MEDIA/IMAGES NEW /PINS/ILLUSTRATED/pins/circles/categories/residence.png","residence","Identity and usage rights require review before assignment","below_90_percent","Confirm identity, role, rights and crop before manifest assignment"
"/Users/megdude/Downloads/PERKS MEDIA/IMAGES NEW /PINS/ILLUSTRATED/pins/circles/categories/residential-towers-hover.png","residential-towers-hover","Identity and usage rights require review before assignment","below_90_percent","Confirm identity, role, rights and crop before manifest assignment"
"/Users/megdude/Downloads/PERKS MEDIA/IMAGES NEW /PINS/ILLUSTRATED/pins/circles/categories/residential-towers-selected.png","residential-towers-selected","Identity and usage rights require review before assignment","below_90_percent","Confirm identity, role, rights and crop before manifest assignment"
"/Users/megdude/Downloads/PERKS MEDIA/IMAGES NEW /PINS/ILLUSTRATED/pins/circles/categories/residential-towers.png","residential-towers","Identity and usage rights require review before assignment","below_90_percent","Confirm identity, role, rights and crop before manifest assignment"
"/Users/megdude/Downloads/PERKS MEDIA/IMAGES NEW /PINS/ILLUSTRATED/pins/circles/categories/retail-bag-hover.png","retail-bag-hover","Identity and usage rights require review before assignment","below_90_percent","Confirm identity, role, rights and crop before manifest assignment"
"/Users/megdude/Downloads/PERKS MEDIA/IMAGES NEW /PINS/ILLUSTRATED/pins/circles/categories/retail-bag-selected.png","retail-bag-selected","Identity and usage rights require review before assignment","below_90_percent","Confirm identity, role, rights and crop before manifest assignment"
"/Users/megdude/Downloads/PERKS MEDIA/IMAGES NEW /PINS/ILLUSTRATED/pins/circles/categories/retail-bag.png","retail-bag","Identity and usage rights require review before assignment","below_90_percent","Confirm identity, role, rights and crop before manifest assignment"
"/Users/megdude/Downloads/PERKS MEDIA/IMAGES NEW /PINS/ILLUSTRATED/pins/circles/categories/retail-hover.png","retail-hover","Identity and usage rights require review before assignment","below_90_percent","Confirm identity, role, rights and crop before manifest assignment"
"/Users/megdude/Downloads/PERKS MEDIA/IMAGES NEW /PINS/ILLUSTRATED/pins/circles/categories/retail-selected.png","retail-selected","Identity and usage rights require review before assignment","below_90_percent","Confirm identity, role, rights and crop before manifest assignment"
"/Users/megdude/Downloads/PERKS MEDIA/IMAGES NEW /PINS/ILLUSTRATED/pins/circles/categories/retail-shopping-hover.png","retail-shopping-hover","Identity and usage rights require review before assignment","below_90_percent","Confirm identity, role, rights and crop before manifest assignment"
"/Users/megdude/Downloads/PERKS MEDIA/IMAGES NEW /PINS/ILLUSTRATED/pins/circles/categories/retail-shopping-selected.png","retail-shopping-selected","Identity and usage rights require review before assignment","below_90_percent","Confirm identity, role, rights and crop before manifest assignment"
"/Users/megdude/Downloads/PERKS MEDIA/IMAGES NEW /PINS/ILLUSTRATED/pins/circles/categories/retail-shopping.png","retail-shopping","Identity and usage rights require review before assignment","below_90_percent","Confirm identity, role, rights and crop before manifest assignment"
"/Users/megdude/Downloads/PERKS MEDIA/IMAGES NEW /PINS/ILLUSTRATED/pins/circles/categories/retail-storefront-hover.png","retail-storefront-hover","Identity and usage rights require review before assignment","below_90_percent","Confirm identity, role, rights and crop before manifest assignment"
"/Users/megdude/Downloads/PERKS MEDIA/IMAGES NEW /PINS/ILLUSTRATED/pins/circles/categories/retail-storefront-selected.png","retail-storefront-selected","Identity and usage rights require review before assignment","below_90_percent","Confirm identity, role, rights and crop before manifest assignment"
"/Users/megdude/Downloads/PERKS MEDIA/IMAGES NEW /PINS/ILLUSTRATED/pins/circles/categories/retail-storefront.png","retail-storefront","Identity and usage rights require review before assignment","below_90_percent","Confirm identity, role, rights and crop before manifest assignment"
"/Users/megdude/Downloads/PERKS MEDIA/IMAGES NEW /PINS/ILLUSTRATED/pins/circles/categories/retail.png","retail","Identity and usage rights require review before assignment","below_90_percent","Confirm identity, role, rights and crop before manifest assignment"
"/Users/megdude/Downloads/PERKS MEDIA/IMAGES NEW /PINS/ILLUSTRATED/pins/circles/categories/rooftop-hover.png","rooftop-hover","Identity and usage rights require review before assignment","below_90_percent","Confirm identity, role, rights and crop before manifest assignment"
"/Users/megdude/Downloads/PERKS MEDIA/IMAGES NEW /PINS/ILLUSTRATED/pins/circles/categories/rooftop-nightlife-hover.png","rooftop-nightlife-hover","Identity and usage rights require review before assignment","below_90_percent","Confirm identity, role, rights and crop before manifest assignment"
"/Users/megdude/Downloads/PERKS MEDIA/IMAGES NEW /PINS/ILLUSTRATED/pins/circles/categories/rooftop-nightlife-selected.png","rooftop-nightlife-selected","Identity and usage rights require review before assignment","below_90_percent","Confirm identity, role, rights and crop before manifest assignment"
"/Users/megdude/Downloads/PERKS MEDIA/IMAGES NEW /PINS/ILLUSTRATED/pins/circles/categories/rooftop-nightlife.png","rooftop-nightlife","Identity and usage rights require review before assignment","below_90_percent","Confirm identity, role, rights and crop before manifest assignment"
"/Users/megdude/Downloads/PERKS MEDIA/IMAGES NEW /PINS/ILLUSTRATED/pins/circles/categories/rooftop-selected.png","rooftop-selected","Identity and usage rights require review before assignment","below_90_percent","Confirm identity, role, rights and crop before manifest assignment"
"/Users/megdude/Downloads/PERKS MEDIA/IMAGES NEW /PINS/ILLUSTRATED/pins/circles/categories/rooftop.png","rooftop","Identity and usage rights require review before assignment","below_90_percent","Confirm identity, role, rights and crop before manifest assignment"
"/Users/megdude/Downloads/PERKS MEDIA/IMAGES NEW /PINS/ILLUSTRATED/pins/circles/categories/scan-hover.png","scan-hover","Identity and usage rights require review before assignment","below_90_percent","Confirm identity, role, rights and crop before manifest assignment"
"/Users/megdude/Downloads/PERKS MEDIA/IMAGES NEW /PINS/ILLUSTRATED/pins/circles/categories/scan-redemption-hover.png","scan-redemption-hover","Identity and usage rights require review before assignment","below_90_percent","Confirm identity, role, rights and crop before manifest assignment"
"/Users/megdude/Downloads/PERKS MEDIA/IMAGES NEW /PINS/ILLUSTRATED/pins/circles/categories/scan-redemption-selected.png","scan-redemption-selected","Identity and usage rights require review before assignment","below_90_percent","Confirm identity, role, rights and crop before manifest assignment"
"/Users/megdude/Downloads/PERKS MEDIA/IMAGES NEW /PINS/ILLUSTRATED/pins/circles/categories/scan-redemption.png","scan-redemption","Identity and usage rights require review before assignment","below_90_percent","Confirm identity, role, rights and crop before manifest assignment"
"/Users/megdude/Downloads/PERKS MEDIA/IMAGES NEW /PINS/ILLUSTRATED/pins/circles/categories/scan-selected.png","scan-selected","Identity and usage rights require review before assignment","below_90_percent","Confirm identity, role, rights and crop before manifest assignment"
"/Users/megdude/Downloads/PERKS MEDIA/IMAGES NEW /PINS/ILLUSTRATED/pins/circles/categories/scan.png","scan","Identity and usage rights require review before assignment","below_90_percent","Confirm identity, role, rights and crop before manifest assignment"
"/Users/megdude/Downloads/PERKS MEDIA/IMAGES NEW /PINS/ILLUSTRATED/pins/circles/categories/transit-hover.png","transit-hover","Identity and usage rights require review before assignment","below_90_percent","Confirm identity, role, rights and crop before manifest assignment"
"/Users/megdude/Downloads/PERKS MEDIA/IMAGES NEW /PINS/ILLUSTRATED/pins/circles/categories/transit-selected.png","transit-selected","Identity and usage rights require review before assignment","below_90_percent","Confirm identity, role, rights and crop before manifest assignment"
"/Users/megdude/Downloads/PERKS MEDIA/IMAGES NEW /PINS/ILLUSTRATED/pins/circles/categories/transit.png","transit","Identity and usage rights require review before assignment","below_90_percent","Confirm identity, role, rights and crop before manifest assignment"
"/Users/megdude/Downloads/PERKS MEDIA/IMAGES NEW /PINS/ILLUSTRATED/pins/circles/categories/visibility-hover.png","visibility-hover","Identity and usage rights require review before assignment","below_90_percent","Confirm identity, role, rights and crop before manifest assignment"
"/Users/megdude/Downloads/PERKS MEDIA/IMAGES NEW /PINS/ILLUSTRATED/pins/circles/categories/visibility-selected.png","visibility-selected","Identity and usage rights require review before assignment","below_90_percent","Confirm identity, role, rights and crop before manifest assignment"
"/Users/megdude/Downloads/PERKS MEDIA/IMAGES NEW /PINS/ILLUSTRATED/pins/circles/categories/visibility.png","visibility","Identity and usage rights require review before assignment","below_90_percent","Confirm identity, role, rights and crop before manifest assignment"
"/Users/megdude/Downloads/PERKS MEDIA/IMAGES NEW /PINS/ILLUSTRATED/pins/circles/categories/wellness-fitness-hover.png","wellness-fitness-hover","Identity and usage rights require review before assignment","below_90_percent","Confirm identity, role, rights and crop before manifest assignment"
"/Users/megdude/Downloads/PERKS MEDIA/IMAGES NEW /PINS/ILLUSTRATED/pins/circles/categories/wellness-fitness-selected.png","wellness-fitness-selected","Identity and usage rights require review before assignment","below_90_percent","Confirm identity, role, rights and crop before manifest assignment"
"/Users/megdude/Downloads/PERKS MEDIA/IMAGES NEW /PINS/ILLUSTRATED/pins/circles/categories/wellness-fitness.png","wellness-fitness","Identity and usage rights require review before assignment","below_90_percent","Confirm identity, role, rights and crop before manifest assignment"
"/Users/megdude/Downloads/PERKS MEDIA/IMAGES NEW /PINS/ILLUSTRATED/pins/circles/categories/wellness-hover.png","wellness-hover","Identity and usage rights require review before assignment","below_90_percent","Confirm identity, role, rights and crop before manifest assignment"
"/Users/megdude/Downloads/PERKS MEDIA/IMAGES NEW /PINS/ILLUSTRATED/pins/circles/categories/wellness-selected.png","wellness-selected","Identity and usage rights require review before assignment","below_90_percent","Confirm identity, role, rights and crop before manifest assignment"
"/Users/megdude/Downloads/PERKS MEDIA/IMAGES NEW /PINS/ILLUSTRATED/pins/circles/categories/wellness.png","wellness","Identity and usage rights require review before assignment","below_90_percent","Confirm identity, role, rights and crop before manifest assignment"
"/Users/megdude/Downloads/PERKS MEDIA/IMAGES NEW /PINS/ILLUSTRATED/pins/circles/special/legends-real-estate-hover.png","legends-real-estate-hover","Identity and usage rights require review before assignment","below_90_percent","Confirm identity, role, rights and crop before manifest assignment"
"/Users/megdude/Downloads/PERKS MEDIA/IMAGES NEW /PINS/ILLUSTRATED/pins/circles/special/legends-real-estate-selected.png","legends-real-estate-selected","Identity and usage rights require review before assignment","below_90_percent","Confirm identity, role, rights and crop before manifest assignment"
"/Users/megdude/Downloads/PERKS MEDIA/IMAGES NEW /PINS/ILLUSTRATED/pins/circles/special/legends-real-estate.png","legends-real-estate","Identity and usage rights require review before assignment","below_90_percent","Confirm identity, role, rights and crop before manifest assignment"
"/Users/megdude/Downloads/PERKS MEDIA/IMAGES NEW /PINS/ILLUSTRATED/preview/downtown-perks-illustrated-brand-pins-v3.png","downtown-perks-illustrated-brand-pins-v3","Identity and usage rights require review before assignment","below_90_percent","Confirm identity, role, rights and crop before manifest assignment"
"/Users/megdude/Downloads/PERKS MEDIA/IMAGES NEW /PINS/ILLUSTRATED/preview/downtown-perks-illustrated-category-pins-v3.png","downtown-perks-illustrated-category-pins-v3","Identity and usage rights require review before assignment","below_90_percent","Confirm identity, role, rights and crop before manifest assignment"
"/Users/megdude/Downloads/PERKS MEDIA/IMAGES NEW /PINS/ILLUSTRATED/preview/downtown-perks-illustrated-circle-pin-system-v3.png","downtown-perks-illustrated-circle-pin-system-v3","Identity and usage rights require review before assignment","below_90_percent","Confirm identity, role, rights and crop before manifest assignment"
"/Users/megdude/Downloads/PERKS MEDIA/IMAGES NEW /PINS/ILLUSTRATED/preview/downtown-perks-illustrated-partner-pin-states-v3.png","downtown-perks-illustrated-partner-pin-states-v3","Identity and usage rights require review before assignment","below_90_percent","Confirm identity, role, rights and crop before manifest assignment"
"/Users/megdude/Downloads/PERKS MEDIA/IMAGES NEW /PINS/Legends Pin.png","legends-pin","Identity and usage rights require review before assignment","below_90_percent","Confirm identity, role, rights and crop before manifest assignment"
"/Users/megdude/Downloads/PERKS MEDIA/IMAGES NEW /PINS/PIN ICONS/Activation Icon.png","activation-icon","Identity and usage rights require review before assignment","below_90_percent","Confirm identity, role, rights and crop before manifest assignment"
"/Users/megdude/Downloads/PERKS MEDIA/IMAGES NEW /PINS/PIN ICONS/Analytics Icon.png","analytics-icon","Identity and usage rights require review before assignment","below_90_percent","Confirm identity, role, rights and crop before manifest assignment"
"/Users/megdude/Downloads/PERKS MEDIA/IMAGES NEW /PINS/PIN ICONS/Brand Icon.png","brand-icon","Identity and usage rights require review before assignment","below_90_percent","Confirm identity, role, rights and crop before manifest assignment"
"/Users/megdude/Downloads/PERKS MEDIA/IMAGES NEW /PINS/PIN ICONS/Civic Icon.png","civic-icon","Identity and usage rights require review before assignment","below_90_percent","Confirm identity, role, rights and crop before manifest assignment"
"/Users/megdude/Downloads/PERKS MEDIA/IMAGES NEW /PINS/PIN ICONS/Cocktail Icon.png","cocktail-icon","Identity and usage rights require review before assignment","below_90_percent","Confirm identity, role, rights and crop before manifest assignment"
"/Users/megdude/Downloads/PERKS MEDIA/IMAGES NEW /PINS/PIN ICONS/Coffee Icon.png","coffee-icon","Identity and usage rights require review before assignment","below_90_percent","Confirm identity, role, rights and crop before manifest assignment"
"/Users/megdude/Downloads/PERKS MEDIA/IMAGES NEW /PINS/PIN ICONS/Coworking Icon.png","coworking-icon","Identity and usage rights require review before assignment","below_90_percent","Confirm identity, role, rights and crop before manifest assignment"
"/Users/megdude/Downloads/PERKS MEDIA/IMAGES NEW /PINS/PIN ICONS/Dining Icon.png","dining-icon","Identity and usage rights require review before assignment","below_90_percent","Confirm identity, role, rights and crop before manifest assignment"
"/Users/megdude/Downloads/PERKS MEDIA/IMAGES NEW /PINS/PIN ICONS/Event Icon.png","event-icon","Identity and usage rights require review before assignment","below_90_percent","Confirm identity, role, rights and crop before manifest assignment"
"/Users/megdude/Downloads/PERKS MEDIA/IMAGES NEW /PINS/PIN ICONS/Hotel Icon.png","hotel-icon","Identity and usage rights require review before assignment","below_90_percent","Confirm identity, role, rights and crop before manifest assignment"
"/Users/megdude/Downloads/PERKS MEDIA/IMAGES NEW /PINS/PIN ICONS/Listing Icon.png","listing-icon","Identity and usage rights require review before assignment","below_90_percent","Confirm identity, role, rights and crop before manifest assignment"
"/Users/megdude/Downloads/PERKS MEDIA/IMAGES NEW /PINS/PIN ICONS/Location Icon.png","location-icon","Identity and usage rights require review before assignment","below_90_percent","Confirm identity, role, rights and crop before manifest assignment"
"/Users/megdude/Downloads/PERKS MEDIA/IMAGES NEW /PINS/PIN ICONS/Music Icon.png","music-icon","Identity and usage rights require review before assignment","below_90_percent","Confirm identity, role, rights and crop before manifest assignment"
"/Users/megdude/Downloads/PERKS MEDIA/IMAGES NEW /PINS/PIN ICONS/Residential Icon.png","residential-icon","Identity and usage rights require review before assignment","below_90_percent","Confirm identity, role, rights and crop before manifest assignment"
"/Users/megdude/Downloads/PERKS MEDIA/IMAGES NEW /PINS/PIN ICONS/Retail Icon.png","retail-icon","Identity and usage rights require review before assignment","below_90_percent","Confirm identity, role, rights and crop before manifest assignment"
"/Users/megdude/Downloads/PERKS MEDIA/IMAGES NEW /PINS/PIN ICONS/Rooftop Icon.png","rooftop-icon","Identity and usage rights require review before assignment","below_90_percent","Confirm identity, role, rights and crop before manifest assignment"
"/Users/megdude/Downloads/PERKS MEDIA/IMAGES NEW /PINS/PIN ICONS/Transit Icon.png","transit-icon","Identity and usage rights require review before assignment","below_90_percent","Confirm identity, role, rights and crop before manifest assignment"
"/Users/megdude/Downloads/PERKS MEDIA/IMAGES NEW /PINS/PIN ICONS/Wellness Icon.png","wellness-icon","Identity and usage rights require review before assignment","below_90_percent","Confirm identity, role, rights and crop before manifest assignment"
"/Users/megdude/Downloads/PERKS MEDIA/IMAGES NEW /PINS/Parks Pin.png","parks-pin","Identity and usage rights require review before assignment","below_90_percent","Confirm identity, role, rights and crop before manifest assignment"
"/Users/megdude/Downloads/PERKS MEDIA/IMAGES NEW /PINS/STICKER STYLE/Cocktail.png","cocktail","Identity and usage rights require review before assignment","below_90_percent","Confirm identity, role, rights and crop before manifest assignment"
"/Users/megdude/Downloads/PERKS MEDIA/IMAGES NEW /PINS/STICKER STYLE/Condo Building.png","condo-building","Identity and usage rights require review before assignment","below_90_percent","Confirm identity, role, rights and crop before manifest assignment"
"/Users/megdude/Downloads/PERKS MEDIA/IMAGES NEW /PINS/STICKER STYLE/Legends.png","legends","Identity and usage rights require review before assignment","below_90_percent","Confirm identity, role, rights and crop before manifest assignment"
"/Users/megdude/Downloads/PERKS MEDIA/IMAGES NEW /PINS/STICKER STYLE/Urban Outfitters.png","urban-outfitters","Identity and usage rights require review before assignment","below_90_percent","Confirm identity, role, rights and crop before manifest assignment"
"/Users/megdude/Downloads/PERKS MEDIA/IMAGES NEW /PINS/STICKER STYLE/beer.png","beer","Identity and usage rights require review before assignment","below_90_percent","Confirm identity, role, rights and crop before manifest assignment"
"/Users/megdude/Downloads/PERKS MEDIA/IMAGES NEW /PINS/STICKER STYLE/boots.png","boots","Identity and usage rights require review before assignment","below_90_percent","Confirm identity, role, rights and crop before manifest assignment"
"/Users/megdude/Downloads/PERKS MEDIA/IMAGES NEW /PINS/STICKER STYLE/coffee.png","coffee","Identity and usage rights require review before assignment","below_90_percent","Confirm identity, role, rights and crop before manifest assignment"
"/Users/megdude/Downloads/PERKS MEDIA/IMAGES NEW /PINS/STICKER STYLE/espresso.png","espresso","Identity and usage rights require review before assignment","below_90_percent","Confirm identity, role, rights and crop before manifest assignment"
"/Users/megdude/Downloads/PERKS MEDIA/IMAGES NEW /PINS/STICKER STYLE/ev.png","ev","Identity and usage rights require review before assignment","below_90_percent","Confirm identity, role, rights and crop before manifest assignment"
"/Users/megdude/Downloads/PERKS MEDIA/IMAGES NEW /PINS/STICKER STYLE/mixed use building.png","mixed-use-building","Identity and usage rights require review before assignment","below_90_percent","Confirm identity, role, rights and crop before manifest assignment"
"/Users/megdude/Downloads/PERKS MEDIA/IMAGES NEW /PINS/STICKER STYLE/paddle board.png","paddle-board","Identity and usage rights require review before assignment","below_90_percent","Confirm identity, role, rights and crop before manifest assignment"
"/Users/megdude/Downloads/PERKS MEDIA/IMAGES NEW /PINS/STICKER STYLE/park.png","park","Identity and usage rights require review before assignment","below_90_percent","Confirm identity, role, rights and crop before manifest assignment"
"/Users/megdude/Downloads/PERKS MEDIA/IMAGES NEW /PINS/STICKER STYLE/restaurant.png","restaurant","Identity and usage rights require review before assignment","below_90_percent","Confirm identity, role, rights and crop before manifest assignment"
"/Users/megdude/Downloads/PERKS MEDIA/IMAGES NEW /PINS/STICKER STYLE/smoothie.png","smoothie","Identity and usage rights require review before assignment","below_90_percent","Confirm identity, role, rights and crop before manifest assignment"
"/Users/megdude/Downloads/PERKS MEDIA/IMAGES NEW /PINS/STICKER STYLE/sneaker.png","sneaker","Identity and usage rights require review before assignment","below_90_percent","Confirm identity, role, rights and crop before manifest assignment"
"/Users/megdude/Downloads/PERKS MEDIA/IMAGES NEW /PINS/STICKER STYLE/sunglasses.png","sunglasses","Identity and usage rights require review before assignment","below_90_percent","Confirm identity, role, rights and crop before manifest assignment"
"/Users/megdude/Downloads/PERKS MEDIA/IMAGES NEW /PINS/STICKER STYLE/texas.png","texas","Identity and usage rights require review before assignment","below_90_percent","Confirm identity, role, rights and crop before manifest assignment"
"/Users/megdude/Downloads/PERKS MEDIA/IMAGES NEW /PINS/STICKER STYLE/timberland.png","timberland","Identity and usage rights require review before assignment","below_90_percent","Confirm identity, role, rights and crop before manifest assignment"
"/Users/megdude/Downloads/PERKS MEDIA/IMAGES NEW /PINS/STICKER STYLE/tree.png","tree","Identity and usage rights require review before assignment","below_90_percent","Confirm identity, role, rights and crop before manifest assignment"
"/Users/megdude/Downloads/PERKS MEDIA/IMAGES NEW /PINS/STICKER STYLE/urban outfitters hoodie.png","urban-outfitters-hoodie","Identity and usage rights require review before assignment","below_90_percent","Confirm identity, role, rights and crop before manifest assignment"
"/Users/megdude/Downloads/PERKS MEDIA/IMAGES NEW /PINS/STICKER STYLE/water bottle.png","water-bottle","Identity and usage rights require review before assignment","below_90_percent","Confirm identity, role, rights and crop before manifest assignment"
"/Users/megdude/Downloads/PERKS MEDIA/IMAGES NEW /PINS/Sneaker Pin.png","sneaker-pin","Identity and usage rights require review before assignment","below_90_percent","Confirm identity, role, rights and crop before manifest assignment"
"/Users/megdude/Downloads/PERKS MEDIA/IMAGES NEW /PINS/Yeti Pin.png","yeti-pin","Identity and usage rights require review before assignment","below_90_percent","Confirm identity, role, rights and crop before manifest assignment"
"/Users/megdude/Downloads/PERKS MEDIA/IMAGES NEW /PINS/cocktail pin.png","cocktail-pin","Identity and usage rights require review before assignment","below_90_percent","Confirm identity, role, rights and crop before manifest assignment"
"/Users/megdude/Downloads/PERKS MEDIA/IMAGES NEW /PINS/da.png","da","Identity and usage rights require review before assignment","below_90_percent","Confirm identity, role, rights and crop before manifest assignment"
"/Users/megdude/Downloads/PERKS MEDIA/IMAGES NEW /PINS/ik.png","ik","Identity and usage rights require review before assignment","below_90_percent","Confirm identity, role, rights and crop before manifest assignment"
"/Users/megdude/Downloads/PERKS MEDIA/IMAGES NEW /PINS/istockphoto-1314922461-612x612.jpg","istockphoto-1314922461-612x612","Identity and usage rights require review before assignment","below_90_percent","Confirm identity, role, rights and crop before manifest assignment"
"/Users/megdude/Downloads/PERKS MEDIA/IMAGES NEW /PINS/istockphoto-1413309465-612x612.jpg","istockphoto-1413309465-612x612","Identity and usage rights require review before assignment","below_90_percent","Confirm identity, role, rights and crop before manifest assignment"
"/Users/megdude/Downloads/PERKS MEDIA/IMAGES NEW /PINS/istockphoto-1496190640-612x612.jpg","istockphoto-1496190640-612x612","Identity and usage rights require review before assignment","below_90_percent","Confirm identity, role, rights and crop before manifest assignment"
"/Users/megdude/Downloads/PERKS MEDIA/IMAGES NEW /PINS/istockphoto-2178648957-612x612.jpg","istockphoto-2178648957-612x612","Identity and usage rights require review before assignment","below_90_percent","Confirm identity, role, rights and crop before manifest assignment"
"/Users/megdude/Downloads/PERKS MEDIA/IMAGES NEW /PINS/lg.png","lg","Identity and usage rights require review before assignment","below_90_percent","Confirm identity, role, rights and crop before manifest assignment"
"/Users/megdude/Downloads/PERKS MEDIA/IMAGES NEW /PINS/sp.png","sp","Identity and usage rights require review before assignment","below_90_percent","Confirm identity, role, rights and crop before manifest assignment"
"/Users/megdude/Downloads/PERKS MEDIA/IMAGES NEW /PINS/sunglasses pin.png","sunglasses-pin","Identity and usage rights require review before assignment","below_90_percent","Confirm identity, role, rights and crop before manifest assignment"
"/Users/megdude/Downloads/PERKS MEDIA/IMAGES NEW /PINS/topo - 1.png","topo-1","Identity and usage rights require review before assignment","below_90_percent","Confirm identity, role, rights and crop before manifest assignment"
"/Users/megdude/Downloads/PERKS MEDIA/IMAGES NEW /PINS/wg.png","wg","Identity and usage rights require review before assignment","below_90_percent","Confirm identity, role, rights and crop before manifest assignment"
"/Users/megdude/Downloads/PERKS MEDIA/IMAGES NEW /PINS/wg1.png","wg1","Identity and usage rights require review before assignment","below_90_percent","Confirm identity, role, rights and crop before manifest assignment"
"/Users/megdude/Downloads/PERKS MEDIA/IMAGES NEW /PINS STICKER STYLE/Cocktail.png","cocktail","Identity and usage rights require review before assignment","below_90_percent","Confirm identity, role, rights and crop before manifest assignment"
"/Users/megdude/Downloads/PERKS MEDIA/IMAGES NEW /PINS STICKER STYLE/Condo Building.png","condo-building","Identity and usage rights require review before assignment","below_90_percent","Confirm identity, role, rights and crop before manifest assignment"
"/Users/megdude/Downloads/PERKS MEDIA/IMAGES NEW /PINS STICKER STYLE/Legends.png","legends","Identity and usage rights require review before assignment","below_90_percent","Confirm identity, role, rights and crop before manifest assignment"
"/Users/megdude/Downloads/PERKS MEDIA/IMAGES NEW /PINS STICKER STYLE/Urban Outfitters.png","urban-outfitters","Identity and usage rights require review before assignment","below_90_percent","Confirm identity, role, rights and crop before manifest assignment"
"/Users/megdude/Downloads/PERKS MEDIA/IMAGES NEW /PINS STICKER STYLE/beer.png","beer","Identity and usage rights require review before assignment","below_90_percent","Confirm identity, role, rights and crop before manifest assignment"
"/Users/megdude/Downloads/PERKS MEDIA/IMAGES NEW /PINS STICKER STYLE/boots.png","boots","Identity and usage rights require review before assignment","below_90_percent","Confirm identity, role, rights and crop before manifest assignment"
"/Users/megdude/Downloads/PERKS MEDIA/IMAGES NEW /PINS STICKER STYLE/coffee.png","coffee","Identity and usage rights require review before assignment","below_90_percent","Confirm identity, role, rights and crop before manifest assignment"
"/Users/megdude/Downloads/PERKS MEDIA/IMAGES NEW /PINS STICKER STYLE/espresso.png","espresso","Identity and usage rights require review before assignment","below_90_percent","Confirm identity, role, rights and crop before manifest assignment"
"/Users/megdude/Downloads/PERKS MEDIA/IMAGES NEW /PINS STICKER STYLE/ev.png","ev","Identity and usage rights require review before assignment","below_90_percent","Confirm identity, role, rights and crop before manifest assignment"
"/Users/megdude/Downloads/PERKS MEDIA/IMAGES NEW /PINS STICKER STYLE/mixed use building.png","mixed-use-building","Identity and usage rights require review before assignment","below_90_percent","Confirm identity, role, rights and crop before manifest assignment"
"/Users/megdude/Downloads/PERKS MEDIA/IMAGES NEW /PINS STICKER STYLE/paddle board.png","paddle-board","Identity and usage rights require review before assignment","below_90_percent","Confirm identity, role, rights and crop before manifest assignment"
"/Users/megdude/Downloads/PERKS MEDIA/IMAGES NEW /PINS STICKER STYLE/park.png","park","Identity and usage rights require review before assignment","below_90_percent","Confirm identity, role, rights and crop before manifest assignment"
"/Users/megdude/Downloads/PERKS MEDIA/IMAGES NEW /PINS STICKER STYLE/restaurant.png","restaurant","Identity and usage rights require review before assignment","below_90_percent","Confirm identity, role, rights and crop before manifest assignment"
"/Users/megdude/Downloads/PERKS MEDIA/IMAGES NEW /PINS STICKER STYLE/smoothie.png","smoothie","Identity and usage rights require review before assignment","below_90_percent","Confirm identity, role, rights and crop before manifest assignment"
"/Users/megdude/Downloads/PERKS MEDIA/IMAGES NEW /PINS STICKER STYLE/sneaker.png","sneaker","Identity and usage rights require review before assignment","below_90_percent","Confirm identity, role, rights and crop before manifest assignment"
"/Users/megdude/Downloads/PERKS MEDIA/IMAGES NEW /PINS STICKER STYLE/sunglasses.png","sunglasses","Identity and usage rights require review before assignment","below_90_percent","Confirm identity, role, rights and crop before manifest assignment"
"/Users/megdude/Downloads/PERKS MEDIA/IMAGES NEW /PINS STICKER STYLE/texas.png","texas","Identity and usage rights require review before assignment","below_90_percent","Confirm identity, role, rights and crop before manifest assignment"
"/Users/megdude/Downloads/PERKS MEDIA/IMAGES NEW /PINS STICKER STYLE/timberland.png","timberland","Identity and usage rights require review before assignment","below_90_percent","Confirm identity, role, rights and crop before manifest assignment"
"/Users/megdude/Downloads/PERKS MEDIA/IMAGES NEW /PINS STICKER STYLE/tree.png","tree","Identity and usage rights require review before assignment","below_90_percent","Confirm identity, role, rights and crop before manifest assignment"
"/Users/megdude/Downloads/PERKS MEDIA/IMAGES NEW /PINS STICKER STYLE/urban outfitters hoodie.png","urban-outfitters-hoodie","Identity and usage rights require review before assignment","below_90_percent","Confirm identity, role, rights and crop before manifest assignment"
"/Users/megdude/Downloads/PERKS MEDIA/IMAGES NEW /PINS STICKER STYLE/water bottle.png","water-bottle","Identity and usage rights require review before assignment","below_90_percent","Confirm identity, role, rights and crop before manifest assignment"
"/Users/megdude/Downloads/PERKS MEDIA/IMAGES NEW /PRICING CARDS/Surveys.png","surveys","Identity and usage rights require review before assignment","below_90_percent","Confirm identity, role, rights and crop before manifest assignment"
"/Users/megdude/Downloads/PERKS MEDIA/IMAGES NEW /PRICING CARDS/add ons.png","add-ons","Identity and usage rights require review before assignment","below_90_percent","Confirm identity, role, rights and crop before manifest assignment"
"/Users/megdude/Downloads/PERKS MEDIA/IMAGES NEW /PRICING CARDS/modules.png","modules","Identity and usage rights require review before assignment","below_90_percent","Confirm identity, role, rights and crop before manifest assignment"
"/Users/megdude/Downloads/PERKS MEDIA/IMAGES NEW /PRICING CARDS/partner types.png","partner-types","Identity and usage rights require review before assignment","below_90_percent","Confirm identity, role, rights and crop before manifest assignment"
"/Users/megdude/Downloads/PERKS MEDIA/IMAGES NEW /PRICING CARDS/placements.png","placements","Identity and usage rights require review before assignment","below_90_percent","Confirm identity, role, rights and crop before manifest assignment"
"/Users/megdude/Downloads/PERKS MEDIA/IMAGES NEW /PRICING CARDS/pricing pricing.png","pricing-pricing","Identity and usage rights require review before assignment","below_90_percent","Confirm identity, role, rights and crop before manifest assignment"
"/Users/megdude/Downloads/PERKS MEDIA/IMAGES NEW /PRICING IMAGES /1.png","1","Identity and usage rights require review before assignment","below_90_percent","Confirm identity, role, rights and crop before manifest assignment"
"/Users/megdude/Downloads/PERKS MEDIA/IMAGES NEW /PRICING IMAGES /2.png","2","Identity and usage rights require review before assignment","below_90_percent","Confirm identity, role, rights and crop before manifest assignment"
"/Users/megdude/Downloads/PERKS MEDIA/IMAGES NEW /PRICING IMAGES /2a0b3ca4-41d0-4ccd-8597-daa1718afa54.png","2a0b3ca4-41d0-4ccd-8597-daa1718afa54","Identity and usage rights require review before assignment","below_90_percent","Confirm identity, role, rights and crop before manifest assignment"
"/Users/megdude/Downloads/PERKS MEDIA/IMAGES NEW /PROPERTY LISTINGS /44 East.jpeg","44-east","Identity and usage rights require review before assignment","below_90_percent","Confirm identity, role, rights and crop before manifest assignment"
"/Users/megdude/Downloads/PERKS MEDIA/IMAGES NEW /PROPERTY LISTINGS /44 East.jpg","44-east","Identity and usage rights require review before assignment","below_90_percent","Confirm identity, role, rights and crop before manifest assignment"
"/Users/megdude/Downloads/PERKS MEDIA/IMAGES NEW /PROPERTY LISTINGS /44 East1.jpeg","44-east1","Identity and usage rights require review before assignment","below_90_percent","Confirm identity, role, rights and crop before manifest assignment"
"/Users/megdude/Downloads/PERKS MEDIA/IMAGES NEW /PROPERTY LISTINGS /44 East2.jpeg","44-east2","Identity and usage rights require review before assignment","below_90_percent","Confirm identity, role, rights and crop before manifest assignment"
"/Users/megdude/Downloads/PERKS MEDIA/IMAGES NEW /PROPERTY LISTINGS /44 east .jpeg","44-east","Identity and usage rights require review before assignment","below_90_percent","Confirm identity, role, rights and crop before manifest assignment"
"/Users/megdude/Downloads/PERKS MEDIA/IMAGES NEW /PROPERTY LISTINGS /44-east-ave-unit-2405-austin-tx-primary-photo.jpg","44-east-ave-unit-2405-austin-tx-primary-photo","Identity and usage rights require review before assignment","below_90_percent","Confirm identity, role, rights and crop before manifest assignment"
"/Users/megdude/Downloads/PERKS MEDIA/IMAGES NEW /PROPERTY LISTINGS /70 Rainey.jpeg","70-rainey","Identity and usage rights require review before assignment","below_90_percent","Confirm identity, role, rights and crop before manifest assignment"
"/Users/megdude/Downloads/PERKS MEDIA/IMAGES NEW /PROPERTY LISTINGS /70 Rainey1.jpeg","70-rainey1","Identity and usage rights require review before assignment","below_90_percent","Confirm identity, role, rights and crop before manifest assignment"
"/Users/megdude/Downloads/PERKS MEDIA/IMAGES NEW /PROPERTY LISTINGS /70 Rainey2.jpeg","70-rainey2","Identity and usage rights require review before assignment","below_90_percent","Confirm identity, role, rights and crop before manifest assignment"
"/Users/megdude/Downloads/PERKS MEDIA/IMAGES NEW /PROPERTY LISTINGS /70-rainey-st-unit-14275-austin-tx-primary-photo.png","70-rainey-st-unit-14275-austin-tx-primary-photo","Identity and usage rights require review before assignment","below_90_percent","Confirm identity, role, rights and crop before manifest assignment"
"/Users/megdude/Downloads/PERKS MEDIA/IMAGES NEW /PROPERTY LISTINGS /70-rainey-st-unit-1802-austin-tx-primary-photo.jpg","70-rainey-st-unit-1802-austin-tx-primary-photo","Identity and usage rights require review before assignment","below_90_percent","Confirm identity, role, rights and crop before manifest assignment"
"/Users/megdude/Downloads/PERKS MEDIA/IMAGES NEW /PROPERTY LISTINGS /70-rainey-st-unit-2506-austin-tx-primary-photo.jpg","70-rainey-st-unit-2506-austin-tx-primary-photo","Identity and usage rights require review before assignment","below_90_percent","Confirm identity, role, rights and crop before manifest assignment"
"/Users/megdude/Downloads/PERKS MEDIA/IMAGES NEW /PROPERTY LISTINGS /700 River.jpeg","700-river","Identity and usage rights require review before assignment","below_90_percent","Confirm identity, role, rights and crop before manifest assignment"
"/Users/megdude/Downloads/PERKS MEDIA/IMAGES NEW /PROPERTY LISTINGS /700 River1.jpeg","700-river1","Identity and usage rights require review before assignment","below_90_percent","Confirm identity, role, rights and crop before manifest assignment"
"/Users/megdude/Downloads/PERKS MEDIA/IMAGES NEW /PROPERTY LISTINGS /700 River2.jpeg","700-river2","Identity and usage rights require review before assignment","below_90_percent","Confirm identity, role, rights and crop before manifest assignment"
"/Users/megdude/Downloads/PERKS MEDIA/IMAGES NEW /PROPERTY LISTINGS /Austin Proper Residences.jpeg","austin-proper-residences","Identity and usage rights require review before assignment","below_90_percent","Confirm identity, role, rights and crop before manifest assignment"
"/Users/megdude/Downloads/PERKS MEDIA/IMAGES NEW /PROPERTY LISTINGS /Austin Proper Residences1.jpeg","austin-proper-residences1","Identity and usage rights require review before assignment","below_90_percent","Confirm identity, role, rights and crop before manifest assignment"
"/Users/megdude/Downloads/PERKS MEDIA/IMAGES NEW /PROPERTY LISTINGS /Austin Proper Residences2.jpeg","austin-proper-residences2","Identity and usage rights require review before assignment","below_90_percent","Confirm identity, role, rights and crop before manifest assignment"
"/Users/megdude/Downloads/PERKS MEDIA/IMAGES NEW /PROPERTY LISTINGS /Fifth & West.jpeg","fifth-west","Identity and usage rights require review before assignment","below_90_percent","Confirm identity, role, rights and crop before manifest assignment"
"/Users/megdude/Downloads/PERKS MEDIA/IMAGES NEW /PROPERTY LISTINGS /Fifth & West1.jpeg","fifth-west1","Identity and usage rights require review before assignment","below_90_percent","Confirm identity, role, rights and crop before manifest assignment"
"/Users/megdude/Downloads/PERKS MEDIA/IMAGES NEW /PROPERTY LISTINGS /Fifth & West2.jpeg","fifth-west2","Identity and usage rights require review before assignment","below_90_percent","Confirm identity, role, rights and crop before manifest assignment"
"/Users/megdude/Downloads/PERKS MEDIA/IMAGES NEW /PROPERTY LISTINGS /Four Seasons Residences.jpeg","four-seasons-residences","Identity and usage rights require review before assignment","below_90_percent","Confirm identity, role, rights and crop before manifest assignment"
"/Users/megdude/Downloads/PERKS MEDIA/IMAGES NEW /PROPERTY LISTINGS /Four Seasons Residences1.jpeg","four-seasons-residences1","Identity and usage rights require review before assignment","below_90_percent","Confirm identity, role, rights and crop before manifest assignment"
"/Users/megdude/Downloads/PERKS MEDIA/IMAGES NEW /PROPERTY LISTINGS /Four Seasons Residences2.jpeg","four-seasons-residences2","Identity and usage rights require review before assignment","below_90_percent","Confirm identity, role, rights and crop before manifest assignment"
"/Users/megdude/Downloads/PERKS MEDIA/IMAGES NEW /PROPERTY LISTINGS /INDEPENDANT INFINITY POOL.jpeg","independant-infinity-pool","Identity and usage rights require review before assignment","below_90_percent","Confirm identity, role, rights and crop before manifest assignment"
"/Users/megdude/Downloads/PERKS MEDIA/IMAGES NEW /PROPERTY LISTINGS /LincoIn.webp","lincoin","Identity and usage rights require review before assignment","below_90_percent","Confirm identity, role, rights and crop before manifest assignment"
"/Users/megdude/Downloads/PERKS MEDIA/IMAGES NEW /PROPERTY LISTINGS /Natiivo.jpeg","natiivo","Identity and usage rights require review before assignment","below_90_percent","Confirm identity, role, rights and crop before manifest assignment"
"/Users/megdude/Downloads/PERKS MEDIA/IMAGES NEW /PROPERTY LISTINGS /Natiivo1.jpeg","natiivo1","Identity and usage rights require review before assignment","below_90_percent","Confirm identity, role, rights and crop before manifest assignment"
"/Users/megdude/Downloads/PERKS MEDIA/IMAGES NEW /PROPERTY LISTINGS /Natiivo2.jpeg","natiivo2","Identity and usage rights require review before assignment","below_90_percent","Confirm identity, role, rights and crop before manifest assignment"
"/Users/megdude/Downloads/PERKS MEDIA/IMAGES NEW /PROPERTY LISTINGS /Paseo.jpeg","paseo","Identity and usage rights require review before assignment","below_90_percent","Confirm identity, role, rights and crop before manifest assignment"
"/Users/megdude/Downloads/PERKS MEDIA/IMAGES NEW /PROPERTY LISTINGS /Paseo1.jpeg","paseo1","Identity and usage rights require review before assignment","below_90_percent","Confirm identity, role, rights and crop before manifest assignment"
"/Users/megdude/Downloads/PERKS MEDIA/IMAGES NEW /PROPERTY LISTINGS /Paseo2.jpeg","paseo2","Identity and usage rights require review before assignment","below_90_percent","Confirm identity, role, rights and crop before manifest assignment"
"/Users/megdude/Downloads/PERKS MEDIA/IMAGES NEW /PROPERTY LISTINGS /Paseo3.jpeg","paseo3","Identity and usage rights require review before assignment","below_90_percent","Confirm identity, role, rights and crop before manifest assignment"
"/Users/megdude/Downloads/PERKS MEDIA/IMAGES NEW /PROPERTY LISTINGS /Seaholm District.jpeg","seaholm-district","Identity and usage rights require review before assignment","below_90_percent","Confirm identity, role, rights and crop before manifest assignment"
"/Users/megdude/Downloads/PERKS MEDIA/IMAGES NEW /PROPERTY LISTINGS /Seaholm Residences.jpeg","seaholm-residences","Identity and usage rights require review before assignment","below_90_percent","Confirm identity, role, rights and crop before manifest assignment"
"/Users/megdude/Downloads/PERKS MEDIA/IMAGES NEW /PROPERTY LISTINGS /Seaholm residences .jpg","seaholm-residences","Identity and usage rights require review before assignment","below_90_percent","Confirm identity, role, rights and crop before manifest assignment"
"/Users/megdude/Downloads/PERKS MEDIA/IMAGES NEW /PROPERTY LISTINGS /Seaholm residences deck  .jpg","seaholm-residences-deck","Identity and usage rights require review before assignment","below_90_percent","Confirm identity, role, rights and crop before manifest assignment"
"/Users/megdude/Downloads/PERKS MEDIA/IMAGES NEW /PROPERTY LISTINGS /Seaholm+Residences+pool.webp","seaholm-residences-pool","Identity and usage rights require review before assignment","below_90_percent","Confirm identity, role, rights and crop before manifest assignment"
"/Users/megdude/Downloads/PERKS MEDIA/IMAGES NEW /PROPERTY LISTINGS /Sixth & Guadalupe.jpeg","sixth-guadalupe","Identity and usage rights require review before assignment","below_90_percent","Confirm identity, role, rights and crop before manifest assignment"
"/Users/megdude/Downloads/PERKS MEDIA/IMAGES NEW /PROPERTY LISTINGS /Sixth & Guadalupe1.jpeg","sixth-guadalupe1","Identity and usage rights require review before assignment","below_90_percent","Confirm identity, role, rights and crop before manifest assignment"
"/Users/megdude/Downloads/PERKS MEDIA/IMAGES NEW /PROPERTY LISTINGS /The Austonian.jpeg","the-austonian","Identity and usage rights require review before assignment","below_90_percent","Confirm identity, role, rights and crop before manifest assignment"
"/Users/megdude/Downloads/PERKS MEDIA/IMAGES NEW /PROPERTY LISTINGS /The Austonian1.jpeg","the-austonian1","Identity and usage rights require review before assignment","below_90_percent","Confirm identity, role, rights and crop before manifest assignment"
"/Users/megdude/Downloads/PERKS MEDIA/IMAGES NEW /PROPERTY LISTINGS /The Austonian2.jpeg","the-austonian2","Identity and usage rights require review before assignment","below_90_percent","Confirm identity, role, rights and crop before manifest assignment"
"/Users/megdude/Downloads/PERKS MEDIA/IMAGES NEW /PROPERTY LISTINGS /The Independent.jpeg","the-independent","Identity and usage rights require review before assignment","below_90_percent","Confirm identity, role, rights and crop before manifest assignment"
"/Users/megdude/Downloads/PERKS MEDIA/IMAGES NEW /PROPERTY LISTINGS /The Modern.png","the-modern","Identity and usage rights require review before assignment","below_90_percent","Confirm identity, role, rights and crop before manifest assignment"
"/Users/megdude/Downloads/PERKS MEDIA/IMAGES NEW /PROPERTY LISTINGS /The Travis.jpeg","the-travis","Identity and usage rights require review before assignment","below_90_percent","Confirm identity, role, rights and crop before manifest assignment"
"/Users/megdude/Downloads/PERKS MEDIA/IMAGES NEW /PROPERTY LISTINGS /The Travis1.jpeg","the-travis1","Identity and usage rights require review before assignment","below_90_percent","Confirm identity, role, rights and crop before manifest assignment"
"/Users/megdude/Downloads/PERKS MEDIA/IMAGES NEW /PROPERTY LISTINGS /The Travis2.jpeg","the-travis2","Identity and usage rights require review before assignment","below_90_percent","Confirm identity, role, rights and crop before manifest assignment"
"/Users/megdude/Downloads/PERKS MEDIA/IMAGES NEW /PROPERTY LISTINGS /Vesper.jpeg","vesper","Identity and usage rights require review before assignment","below_90_percent","Confirm identity, role, rights and crop before manifest assignment"
"/Users/megdude/Downloads/PERKS MEDIA/IMAGES NEW /PROPERTY LISTINGS /Vesper1.jpeg","vesper1","Identity and usage rights require review before assignment","below_90_percent","Confirm identity, role, rights and crop before manifest assignment"
"/Users/megdude/Downloads/PERKS MEDIA/IMAGES NEW /PROPERTY LISTINGS /Vesper2.jpeg","vesper2","Identity and usage rights require review before assignment","below_90_percent","Confirm identity, role, rights and crop before manifest assignment"
"/Users/megdude/Downloads/PERKS MEDIA/IMAGES NEW /PROPERTY LISTINGS /W Residences.jpeg","w-residences","Identity and usage rights require review before assignment","below_90_percent","Confirm identity, role, rights and crop before manifest assignment"
"/Users/megdude/Downloads/PERKS MEDIA/IMAGES NEW /PROPERTY LISTINGS /W Residences1.jpeg","w-residences1","Identity and usage rights require review before assignment","below_90_percent","Confirm identity, role, rights and crop before manifest assignment"
"/Users/megdude/Downloads/PERKS MEDIA/IMAGES NEW /PROPERTY LISTINGS /W Residences2.jpeg","w-residences2","Identity and usage rights require review before assignment","below_90_percent","Confirm identity, role, rights and crop before manifest assignment"
"/Users/megdude/Downloads/PERKS MEDIA/IMAGES NEW /PROPERTY LISTINGS /Waterline 1.jpeg","waterline-1","Identity and usage rights require review before assignment","below_90_percent","Confirm identity, role, rights and crop before manifest assignment"
"/Users/megdude/Downloads/PERKS MEDIA/IMAGES NEW /PROPERTY LISTINGS /Waterline.jpeg","waterline","Identity and usage rights require review before assignment","below_90_percent","Confirm identity, role, rights and crop before manifest assignment"
"/Users/megdude/Downloads/PERKS MEDIA/IMAGES NEW /PROPERTY LISTINGS /Waterline2.jpeg","waterline2","Identity and usage rights require review before assignment","below_90_percent","Confirm identity, role, rights and crop before manifest assignment"
"/Users/megdude/Downloads/PERKS MEDIA/IMAGES NEW /PROPERTY LISTINGS /seaholm-residences-austin-tx-primary-photo.jpg","seaholm-residences-austin-tx-primary-photo","Identity and usage rights require review before assignment","below_90_percent","Confirm identity, role, rights and crop before manifest assignment"
"/Users/megdude/Downloads/PERKS MEDIA/IMAGES NEW /QR CODES/QR CODE SCAN.png","qr-code-scan","Identity and usage rights require review before assignment","below_90_percent","Confirm identity, role, rights and crop before manifest assignment"
"/Users/megdude/Downloads/PERKS MEDIA/IMAGES NEW /QR CODES/QR in lobby Lobb.png","qr-in-lobby-lobb","Identity and usage rights require review before assignment","below_90_percent","Confirm identity, role, rights and crop before manifest assignment"
"/Users/megdude/Downloads/PERKS MEDIA/IMAGES NEW /QR CODES/QWR code at front desk.png","qwr-code-at-front-desk","Identity and usage rights require review before assignment","below_90_percent","Confirm identity, role, rights and crop before manifest assignment"
"/Users/megdude/Downloads/PERKS MEDIA/IMAGES NEW /QR CODES/elevator QR.png","elevator-qr","Identity and usage rights require review before assignment","below_90_percent","Confirm identity, role, rights and crop before manifest assignment"
"/Users/megdude/Downloads/PERKS MEDIA/IMAGES NEW /QR CODES/elevator qr code 2.png","elevator-qr-code-2","Identity and usage rights require review before assignment","below_90_percent","Confirm identity, role, rights and crop before manifest assignment"
"/Users/megdude/Downloads/PERKS MEDIA/IMAGES NEW /QR CODES/perks-offers.jpg         → coffee counter QR : offer redemption.png","perks-offers-jpg-coffee-counter-qr-offer-redemption","Identity and usage rights require review before assignment","below_90_percent","Confirm identity, role, rights and crop before manifest assignment"
"/Users/megdude/Downloads/PERKS MEDIA/IMAGES NEW /QR CODES/qr code 1.png","qr-code-1","Identity and usage rights require review before assignment","below_90_percent","Confirm identity, role, rights and crop before manifest assignment"
"/Users/megdude/Downloads/PERKS MEDIA/IMAGES NEW /QR CODES/qr code redemption .png","qr-code-redemption","Identity and usage rights require review before assignment","below_90_percent","Confirm identity, role, rights and crop before manifest assignment"
"/Users/megdude/Downloads/PERKS MEDIA/IMAGES NEW /QR CODES/redeem perk .png","redeem-perk","Identity and usage rights require review before assignment","below_90_percent","Confirm identity, role, rights and crop before manifest assignment"
"/Users/megdude/Downloads/PERKS MEDIA/IMAGES NEW /QR CODES/scan perk .png","scan-perk","Identity and usage rights require review before assignment","below_90_percent","Confirm identity, role, rights and crop before manifest assignment"
"/Users/megdude/Downloads/PERKS MEDIA/IMAGES NEW /QR CODES/scan poster.png","scan-poster","Identity and usage rights require review before assignment","below_90_percent","Confirm identity, role, rights and crop before manifest assignment"
"/Users/megdude/Downloads/PERKS MEDIA/IMAGES NEW /QR CODES/scan qr.mp4","scan-qr","Identity and usage rights require review before assignment","below_90_percent","Confirm identity, role, rights and crop before manifest assignment"
"/Users/megdude/Downloads/PERKS MEDIA/IMAGES NEW /QR CODES/your voice shapes downtown.png","your-voice-shapes-downtown","Identity and usage rights require review before assignment","below_90_percent","Confirm identity, role, rights and crop before manifest assignment"
"/Users/megdude/Downloads/PERKS MEDIA/IMAGES NEW /RAINEY/70-rainey-st-unit-1903-austin-tx-primary-photo.jpg","70-rainey-st-unit-1903-austin-tx-primary-photo","Identity and usage rights require review before assignment","below_90_percent","Confirm identity, role, rights and crop before manifest assignment"
"/Users/megdude/Downloads/PERKS MEDIA/IMAGES NEW /RAINEY/Austin_Convention_Visitors_Bureau_geoffduncan_08_4cfdc328-36b2-485a-8326-37ef60398839.jpg","austin-convention-visitors-bureau-geoffduncan-08-4cfdc328-36b2-485a-8326-37ef60398839","Identity and usage rights require review before assignment","below_90_percent","Confirm identity, role, rights and crop before manifest assignment"
"/Users/megdude/Downloads/PERKS MEDIA/IMAGES NEW /RAINEY/downtown-austin-walk-history-with-food-and-drink-options-d5021-53526P6-1.jpg","downtown-austin-walk-history-with-food-and-drink-options-d5021-53526p6-1","Identity and usage rights require review before assignment","below_90_percent","Confirm identity, role, rights and crop before manifest assignment"
"/Users/megdude/Downloads/PERKS MEDIA/IMAGES NEW /RAINEY/rainey street .jpeg","rainey-street","Identity and usage rights require review before assignment","below_90_percent","Confirm identity, role, rights and crop before manifest assignment"
"/Users/megdude/Downloads/PERKS MEDIA/IMAGES NEW /REAL ESTATE/nina and frank.png","nina-and-frank","Identity and usage rights require review before assignment","below_90_percent","Confirm identity, role, rights and crop before manifest assignment"
"/Users/megdude/Downloads/PERKS MEDIA/IMAGES NEW /REAL ESTATE/nina closing deal .png","nina-closing-deal","Identity and usage rights require review before assignment","below_90_percent","Confirm identity, role, rights and crop before manifest assignment"
"/Users/megdude/Downloads/PERKS MEDIA/IMAGES NEW /REAL ESTATE/nina real estate.png","nina-real-estate","Identity and usage rights require review before assignment","below_90_percent","Confirm identity, role, rights and crop before manifest assignment"
"/Users/megdude/Downloads/PERKS MEDIA/IMAGES NEW /REAL ESTATE/nina showing.png","nina-showing","Identity and usage rights require review before assignment","below_90_percent","Confirm identity, role, rights and crop before manifest assignment"
"/Users/megdude/Downloads/PERKS MEDIA/IMAGES NEW /REAL ESTATE/real estate agent.png","real-estate-agent","Identity and usage rights require review before assignment","below_90_percent","Confirm identity, role, rights and crop before manifest assignment"
"/Users/megdude/Downloads/PERKS MEDIA/IMAGES NEW /REPORTS/Monthly report dashboard for May 2024.png","monthly-report-dashboard-for-may-2024","Identity and usage rights require review before assignment","below_90_percent","Confirm identity, role, rights and crop before manifest assignment"
"/Users/megdude/Downloads/PERKS MEDIA/IMAGES NEW /REPORTS/monhtly report .png","monhtly-report","Identity and usage rights require review before assignment","below_90_percent","Confirm identity, role, rights and crop before manifest assignment"
"/Users/megdude/Downloads/PERKS MEDIA/IMAGES NEW /REPORTS/monthly report.png","monthly-report","Identity and usage rights require review before assignment","below_90_percent","Confirm identity, role, rights and crop before manifest assignment"
"/Users/megdude/Downloads/PERKS MEDIA/IMAGES NEW /REPORTS/reports .png","reports","Identity and usage rights require review before assignment","below_90_percent","Confirm identity, role, rights and crop before manifest assignment"
"/Users/megdude/Downloads/PERKS MEDIA/IMAGES NEW /REPORTS/reports for partners.png","reports-for-partners","Identity and usage rights require review before assignment","below_90_percent","Confirm identity, role, rights and crop before manifest assignment"
"/Users/megdude/Downloads/PERKS MEDIA/IMAGES NEW /REPUBLIC SQUARE/Republic_Interior_031121_1200x500_V240.jpg","republic-interior-031121-1200x500-v240","Identity and usage rights require review before assignment","below_90_percent","Confirm identity, role, rights and crop before manifest assignment"
"/Users/megdude/Downloads/PERKS MEDIA/IMAGES NEW /REPUBLIC SQUARE/rebublic lobby LPC_Republic_Lobby_031121_1200x500_V241.jpg","rebublic-lobby-lpc-republic-lobby-031121-1200x500-v241","Identity and usage rights require review before assignment","below_90_percent","Confirm identity, role, rights and crop before manifest assignment"
"/Users/megdude/Downloads/PERKS MEDIA/IMAGES NEW /REPUBLIC SQUARE/rebuplic square 02-slider-amenities-v2-1.jpg","rebuplic-square-02-slider-amenities-v2-1","Identity and usage rights require review before assignment","below_90_percent","Confirm identity, role, rights and crop before manifest assignment"
"/Users/megdude/Downloads/PERKS MEDIA/IMAGES NEW /REPUBLIC SQUARE/rebuplic square event.jpg","rebuplic-square-event","Identity and usage rights require review before assignment","below_90_percent","Confirm identity, role, rights and crop before manifest assignment"
"/Users/megdude/Downloads/PERKS MEDIA/IMAGES NEW /REPUBLIC SQUARE/rebuplic square outside.jpg","rebuplic-square-outside","Identity and usage rights require review before assignment","below_90_percent","Confirm identity, role, rights and crop before manifest assignment"
"/Users/megdude/Downloads/PERKS MEDIA/IMAGES NEW /REPUBLIC SQUARE/rebuplic square workout.jpg","rebuplic-square-workout","Identity and usage rights require review before assignment","below_90_percent","Confirm identity, role, rights and crop before manifest assignment"
"/Users/megdude/Downloads/PERKS MEDIA/IMAGES NEW /REPUBLIC SQUARE/rebuplic square.jpg","rebuplic-square","Identity and usage rights require review before assignment","below_90_percent","Confirm identity, role, rights and crop before manifest assignment"
"/Users/megdude/Downloads/PERKS MEDIA/IMAGES NEW /REPUBLIC SQUARE/republic LPC_Republic_Interior_031121_1200x500_V240.jpg","republic-lpc-republic-interior-031121-1200x500-v240","Identity and usage rights require review before assignment","below_90_percent","Confirm identity, role, rights and crop before manifest assignment"
"/Users/megdude/Downloads/PERKS MEDIA/IMAGES NEW /REPUBLIC SQUARE/republic LPC_Republic_Lobby_031121_1200x500_V241.jpg","republic-lpc-republic-lobby-031121-1200x500-v241","Identity and usage rights require review before assignment","below_90_percent","Confirm identity, role, rights and crop before manifest assignment"
"/Users/megdude/Downloads/PERKS MEDIA/IMAGES NEW /REPUBLIC SQUARE/republic bar 05-slider-amenities-v2-1.jpg","republic-bar-05-slider-amenities-v2-1","Identity and usage rights require review before assignment","below_90_percent","Confirm identity, role, rights and crop before manifest assignment"
"/Users/megdude/Downloads/PERKS MEDIA/IMAGES NEW /REPUBLIC SQUARE/republic gym.jpg","republic-gym","Identity and usage rights require review before assignment","below_90_percent","Confirm identity, role, rights and crop before manifest assignment"
"/Users/megdude/Downloads/PERKS MEDIA/IMAGES NEW /REPUBLIC SQUARE/republic outside 01-slider-amenities-v2-1.jpg","republic-outside-01-slider-amenities-v2-1","Identity and usage rights require review before assignment","below_90_percent","Confirm identity, role, rights and crop before manifest assignment"
"/Users/megdude/Downloads/PERKS MEDIA/IMAGES NEW /REPUBLIC SQUARE/republic rosens bagels02-slider-republic-square-6.jpg","republic-rosens-bagels02-slider-republic-square-6","Identity and usage rights require review before assignment","below_90_percent","Confirm identity, role, rights and crop before manifest assignment"
"/Users/megdude/Downloads/PERKS MEDIA/IMAGES NEW /REPUBLIC SQUARE/republic squaer republic-square-4.jpg","republic-squaer-republic-square-4","Identity and usage rights require review before assignment","below_90_percent","Confirm identity, role, rights and crop before manifest assignment"
"/Users/megdude/Downloads/PERKS MEDIA/IMAGES NEW /REPUBLIC SQUARE/republic square .jpg","republic-square","Identity and usage rights require review before assignment","below_90_percent","Confirm identity, role, rights and crop before manifest assignment"
"/Users/megdude/Downloads/PERKS MEDIA/IMAGES NEW /REPUBLIC SQUARE/republic square 01-slider-amenities-v2-1.jpg","republic-square-01-slider-amenities-v2-1","Identity and usage rights require review before assignment","below_90_percent","Confirm identity, role, rights and crop before manifest assignment"
"/Users/megdude/Downloads/PERKS MEDIA/IMAGES NEW /REPUBLIC SQUARE/republic square 01-slider-republic-square-2.jpg","republic-square-01-slider-republic-square-2","Identity and usage rights require review before assignment","below_90_percent","Confirm identity, role, rights and crop before manifest assignment"
"/Users/megdude/Downloads/PERKS MEDIA/IMAGES NEW /REPUBLIC SQUARE/republic square 01-slider-skyline-view-1.jpg","republic-square-01-slider-skyline-view-1","Identity and usage rights require review before assignment","below_90_percent","Confirm identity, role, rights and crop before manifest assignment"
"/Users/megdude/Downloads/PERKS MEDIA/IMAGES NEW /REPUBLIC SQUARE/republic square 03-slider-amenities-v2-1.jpg","republic-square-03-slider-amenities-v2-1","Identity and usage rights require review before assignment","below_90_percent","Confirm identity, role, rights and crop before manifest assignment"
"/Users/megdude/Downloads/PERKS MEDIA/IMAGES NEW /REPUBLIC SQUARE/republic square 06-slider-republic-square-4.jpg","republic-square-06-slider-republic-square-4","Identity and usage rights require review before assignment","below_90_percent","Confirm identity, role, rights and crop before manifest assignment"
"/Users/megdude/Downloads/PERKS MEDIA/IMAGES NEW /REPUBLIC SQUARE/republic square bar.jpg","republic-square-bar","Identity and usage rights require review before assignment","below_90_percent","Confirm identity, role, rights and crop before manifest assignment"
"/Users/megdude/Downloads/PERKS MEDIA/IMAGES NEW /REPUBLIC SQUARE/republic square facade.jpg","republic-square-facade","Identity and usage rights require review before assignment","below_90_percent","Confirm identity, role, rights and crop before manifest assignment"
"/Users/megdude/Downloads/PERKS MEDIA/IMAGES NEW /REPUBLIC SQUARE/republic square lady bird lake.jpg","republic-square-lady-bird-lake","Identity and usage rights require review before assignment","below_90_percent","Confirm identity, role, rights and crop before manifest assignment"
"/Users/megdude/Downloads/PERKS MEDIA/IMAGES NEW /REPUBLIC SQUARE/republic square outside.jpg","republic-square-outside","Identity and usage rights require review before assignment","below_90_percent","Confirm identity, role, rights and crop before manifest assignment"
"/Users/megdude/Downloads/PERKS MEDIA/IMAGES NEW /REPUBLIC SQUARE/republic square rendering.jpg","republic-square-rendering","Identity and usage rights require review before assignment","below_90_percent","Confirm identity, role, rights and crop before manifest assignment"
"/Users/megdude/Downloads/PERKS MEDIA/IMAGES NEW /REPUBLIC SQUARE/republic square slider-republic-square-2.jpg","republic-square-slider-republic-square-2","Identity and usage rights require review before assignment","below_90_percent","Confirm identity, role, rights and crop before manifest assignment"
"/Users/megdude/Downloads/PERKS MEDIA/IMAGES NEW /REPUBLIC SQUARE/republic square terrace.jpg","republic-square-terrace","Identity and usage rights require review before assignment","below_90_percent","Confirm identity, role, rights and crop before manifest assignment"
"/Users/megdude/Downloads/PERKS MEDIA/IMAGES NEW /REPUBLIC SQUARE/republic square yoga.jpg","republic-square-yoga","Identity and usage rights require review before assignment","below_90_percent","Confirm identity, role, rights and crop before manifest assignment"
"/Users/megdude/Downloads/PERKS MEDIA/IMAGES NEW /REPUBLIC SQUARE/republic square.png","republic-square","Identity and usage rights require review before assignment","below_90_percent","Confirm identity, role, rights and crop before manifest assignment"
"/Users/megdude/Downloads/PERKS MEDIA/IMAGES NEW /RESIDENT FLOW/around the corner .png","around-the-corner","Identity and usage rights require review before assignment","below_90_percent","Confirm identity, role, rights and crop before manifest assignment"
"/Users/megdude/Downloads/PERKS MEDIA/IMAGES NEW /RESIDENT FLOW/flo1 1 nearby .png","flo1-1-nearby","Identity and usage rights require review before assignment","below_90_percent","Confirm identity, role, rights and crop before manifest assignment"
"/Users/megdude/Downloads/PERKS MEDIA/IMAGES NEW /RESIDENT FLOW/flow 1.png","flow-1","Identity and usage rights require review before assignment","below_90_percent","Confirm identity, role, rights and crop before manifest assignment"
"/Users/megdude/Downloads/PERKS MEDIA/IMAGES NEW /RESIDENT FLOW/flow 2 check in .png","flow-2-check-in","Identity and usage rights require review before assignment","below_90_percent","Confirm identity, role, rights and crop before manifest assignment"
"/Users/megdude/Downloads/PERKS MEDIA/IMAGES NEW /RESIDENT FLOW/flow 2 discover.png","flow-2-discover","Identity and usage rights require review before assignment","below_90_percent","Confirm identity, role, rights and crop before manifest assignment"
"/Users/megdude/Downloads/PERKS MEDIA/IMAGES NEW /RESIDENT FLOW/flow 4 checked in .png","flow-4-checked-in","Identity and usage rights require review before assignment","below_90_percent","Confirm identity, role, rights and crop before manifest assignment"
"/Users/megdude/Downloads/PERKS MEDIA/IMAGES NEW /RESIDENT FLOW/flow 5 rooftop.png","flow-5-rooftop","Identity and usage rights require review before assignment","below_90_percent","Confirm identity, role, rights and crop before manifest assignment"
"/Users/megdude/Downloads/PERKS MEDIA/IMAGES NEW /RESIDENT FLOW/flow 6 rooftop .png","flow-6-rooftop","Identity and usage rights require review before assignment","below_90_percent","Confirm identity, role, rights and crop before manifest assignment"
"/Users/megdude/Downloads/PERKS MEDIA/IMAGES NEW /RESIDENT FLOW/flow 7 explore qr code.png","flow-7-explore-qr-code","Identity and usage rights require review before assignment","below_90_percent","Confirm identity, role, rights and crop before manifest assignment"
"/Users/megdude/Downloads/PERKS MEDIA/IMAGES NEW /RESIDENTIAL BUILDINGS/WaterlineLookingWest-scaled-1-768x768.jpg","waterlinelookingwest-scaled-1-768x768","Identity and usage rights require review before assignment","below_90_percent","Confirm identity, role, rights and crop before manifest assignment"
"/Users/megdude/Downloads/PERKS MEDIA/IMAGES NEW /RESIDENTIAL BUILDINGS/bar .jpg","bar","Identity and usage rights require review before assignment","below_90_percent","Confirm identity, role, rights and crop before manifest assignment"
"/Users/megdude/Downloads/PERKS MEDIA/IMAGES NEW /RESIDENTS/00 Be part of the map .png","00-be-part-of-the-map","Identity and usage rights require review before assignment","below_90_percent","Confirm identity, role, rights and crop before manifest assignment"
"/Users/megdude/Downloads/PERKS MEDIA/IMAGES NEW /RESIDENTS/00 venue qr code.png","00-venue-qr-code","Identity and usage rights require review before assignment","below_90_percent","Confirm identity, role, rights and crop before manifest assignment"
"/Users/megdude/Downloads/PERKS MEDIA/IMAGES NEW /RESIDENTS/09ae8342-cc33-4c7c-8cec-bad2f0238bb5.png","09ae8342-cc33-4c7c-8cec-bad2f0238bb5","Identity and usage rights require review before assignment","below_90_percent","Confirm identity, role, rights and crop before manifest assignment"
"/Users/megdude/Downloads/PERKS MEDIA/IMAGES NEW /RESIDENTS/1. Coffee.png","1-coffee","Identity and usage rights require review before assignment","below_90_percent","Confirm identity, role, rights and crop before manifest assignment"
"/Users/megdude/Downloads/PERKS MEDIA/IMAGES NEW /RESIDENTS/1.cafe.png","1-cafe","Identity and usage rights require review before assignment","below_90_percent","Confirm identity, role, rights and crop before manifest assignment"
"/Users/megdude/Downloads/PERKS MEDIA/IMAGES NEW /RESIDENTS/21.mp4","21","Identity and usage rights require review before assignment","below_90_percent","Confirm identity, role, rights and crop before manifest assignment"
"/Users/megdude/Downloads/PERKS MEDIA/IMAGES NEW /RESIDENTS/22.mp4","22","Identity and usage rights require review before assignment","below_90_percent","Confirm identity, role, rights and crop before manifest assignment"
"/Users/megdude/Downloads/PERKS MEDIA/IMAGES NEW /RESIDENTS/23.mp4","23","Identity and usage rights require review before assignment","below_90_percent","Confirm identity, role, rights and crop before manifest assignment"
"/Users/megdude/Downloads/PERKS MEDIA/IMAGES NEW /RESIDENTS/27.mp4","27","Identity and usage rights require review before assignment","below_90_percent","Confirm identity, role, rights and crop before manifest assignment"
"/Users/megdude/Downloads/PERKS MEDIA/IMAGES NEW /RESIDENTS/28.mp4","28","Identity and usage rights require review before assignment","below_90_percent","Confirm identity, role, rights and crop before manifest assignment"
"/Users/megdude/Downloads/PERKS MEDIA/IMAGES NEW /RESIDENTS/29.mp4","29","Identity and usage rights require review before assignment","below_90_percent","Confirm identity, role, rights and crop before manifest assignment"
"/Users/megdude/Downloads/PERKS MEDIA/IMAGES NEW /RESIDENTS/2ae8d91d-2922-48ea-92fd-45091b87fbe4.png","2ae8d91d-2922-48ea-92fd-45091b87fbe4","Identity and usage rights require review before assignment","below_90_percent","Confirm identity, role, rights and crop before manifest assignment"
"/Users/megdude/Downloads/PERKS MEDIA/IMAGES NEW /RESIDENTS/31.mp4","31","Identity and usage rights require review before assignment","below_90_percent","Confirm identity, role, rights and crop before manifest assignment"
"/Users/megdude/Downloads/PERKS MEDIA/IMAGES NEW /RESIDENTS/31c278c6-41b2-4c75-b7ed-10dfd733d95f.png","31c278c6-41b2-4c75-b7ed-10dfd733d95f","Identity and usage rights require review before assignment","below_90_percent","Confirm identity, role, rights and crop before manifest assignment"
"/Users/megdude/Downloads/PERKS MEDIA/IMAGES NEW /RESIDENTS/32.mp4","32","Identity and usage rights require review before assignment","below_90_percent","Confirm identity, role, rights and crop before manifest assignment"
"/Users/megdude/Downloads/PERKS MEDIA/IMAGES NEW /RESIDENTS/33.mp4","33","Identity and usage rights require review before assignment","below_90_percent","Confirm identity, role, rights and crop before manifest assignment"
"/Users/megdude/Downloads/PERKS MEDIA/IMAGES NEW /RESIDENTS/50.mp4","50","Identity and usage rights require review before assignment","below_90_percent","Confirm identity, role, rights and crop before manifest assignment"
"/Users/megdude/Downloads/PERKS MEDIA/IMAGES NEW /RESIDENTS/51.mp4","51","Identity and usage rights require review before assignment","below_90_percent","Confirm identity, role, rights and crop before manifest assignment"
"/Users/megdude/Downloads/PERKS MEDIA/IMAGES NEW /RESIDENTS/52.mp4","52","Identity and usage rights require review before assignment","below_90_percent","Confirm identity, role, rights and crop before manifest assignment"
"/Users/megdude/Downloads/PERKS MEDIA/IMAGES NEW /RESIDENTS/53.mp4","53","Identity and usage rights require review before assignment","below_90_percent","Confirm identity, role, rights and crop before manifest assignment"
"/Users/megdude/Downloads/PERKS MEDIA/IMAGES NEW /RESIDENTS/5cbff216-632b-4831-baa1-e9356e3145d4.png","5cbff216-632b-4831-baa1-e9356e3145d4","Identity and usage rights require review before assignment","below_90_percent","Confirm identity, role, rights and crop before manifest assignment"
"/Users/megdude/Downloads/PERKS MEDIA/IMAGES NEW /RESIDENTS/64cc5fee-b78d-463e-9137-7c74db222f79.png","64cc5fee-b78d-463e-9137-7c74db222f79","Identity and usage rights require review before assignment","below_90_percent","Confirm identity, role, rights and crop before manifest assignment"
"/Users/megdude/Downloads/PERKS MEDIA/IMAGES NEW /RESIDENTS/847156e3-ef71-4c93-a2c3-91840f522922.png","847156e3-ef71-4c93-a2c3-91840f522922","Identity and usage rights require review before assignment","below_90_percent","Confirm identity, role, rights and crop before manifest assignment"
"/Users/megdude/Downloads/PERKS MEDIA/IMAGES NEW /RESIDENTS/859bc617-7779-481d-93ca-ee260a057c8a.png","859bc617-7779-481d-93ca-ee260a057c8a","Identity and usage rights require review before assignment","below_90_percent","Confirm identity, role, rights and crop before manifest assignment"
"/Users/megdude/Downloads/PERKS MEDIA/IMAGES NEW /RESIDENTS/898c5c6a-c32e-4fe7-9eaf-948119895ae0.png","898c5c6a-c32e-4fe7-9eaf-948119895ae0","Identity and usage rights require review before assignment","below_90_percent","Confirm identity, role, rights and crop before manifest assignment"
"/Users/megdude/Downloads/PERKS MEDIA/IMAGES NEW /RESIDENTS/Exploring downtown perks by the water.png","exploring-downtown-perks-by-the-water","Identity and usage rights require review before assignment","below_90_percent","Confirm identity, role, rights and crop before manifest assignment"
"/Users/megdude/Downloads/PERKS MEDIA/IMAGES NEW /RESIDENTS/Hospitality.mp4","hospitality","Identity and usage rights require review before assignment","below_90_percent","Confirm identity, role, rights and crop before manifest assignment"
"/Users/megdude/Downloads/PERKS MEDIA/IMAGES NEW /RESIDENTS/b745633e-15c5-4dc7-a293-1d6baa8a6bda.png","b745633e-15c5-4dc7-a293-1d6baa8a6bda","Identity and usage rights require review before assignment","below_90_percent","Confirm identity, role, rights and crop before manifest assignment"
"/Users/megdude/Downloads/PERKS MEDIA/IMAGES NEW /RESIDENTS/better timing.png","better-timing","Identity and usage rights require review before assignment","below_90_percent","Confirm identity, role, rights and crop before manifest assignment"
"/Users/megdude/Downloads/PERKS MEDIA/IMAGES NEW /RESIDENTS/d022258a-9b64-4e61-bf8f-c03b77bfd361.png","d022258a-9b64-4e61-bf8f-c03b77bfd361","Identity and usage rights require review before assignment","below_90_percent","Confirm identity, role, rights and crop before manifest assignment"
"/Users/megdude/Downloads/PERKS MEDIA/IMAGES NEW /RESIDENTS/day in the life.png","day-in-the-life","Identity and usage rights require review before assignment","below_90_percent","Confirm identity, role, rights and crop before manifest assignment"
"/Users/megdude/Downloads/PERKS MEDIA/IMAGES NEW /RESIDENTS/deciding .png","deciding","Identity and usage rights require review before assignment","below_90_percent","Confirm identity, role, rights and crop before manifest assignment"
"/Users/megdude/Downloads/PERKS MEDIA/IMAGES NEW /RESIDENTS/e0ada82a-f739-4b9b-9fbd-ea2c61c12039.png","e0ada82a-f739-4b9b-9fbd-ea2c61c12039","Identity and usage rights require review before assignment","below_90_percent","Confirm identity, role, rights and crop before manifest assignment"
"/Users/megdude/Downloads/PERKS MEDIA/IMAGES NEW /RESIDENTS/fc6a78a3-cb7b-4a73-b9c1-f38f0e128f46.png","fc6a78a3-cb7b-4a73-b9c1-f38f0e128f46","Identity and usage rights require review before assignment","below_90_percent","Confirm identity, role, rights and crop before manifest assignment"
"/Users/megdude/Downloads/PERKS MEDIA/IMAGES NEW /RESIDENTS/girl on phone.jpeg","girl-on-phone","Identity and usage rights require review before assignment","below_90_percent","Confirm identity, role, rights and crop before manifest assignment"
"/Users/megdude/Downloads/PERKS MEDIA/IMAGES NEW /RESIDENTS/girl on street .jpeg","girl-on-street","Identity and usage rights require review before assignment","below_90_percent","Confirm identity, role, rights and crop before manifest assignment"
"/Users/megdude/Downloads/PERKS MEDIA/IMAGES NEW /RESIDENTS/happy customer.png","happy-customer","Identity and usage rights require review before assignment","below_90_percent","Confirm identity, role, rights and crop before manifest assignment"
"/Users/megdude/Downloads/PERKS MEDIA/IMAGES NEW /RESIDENTS/hotels & events.mp4","hotels-events","Identity and usage rights require review before assignment","below_90_percent","Confirm identity, role, rights and crop before manifest assignment"
"/Users/megdude/Downloads/PERKS MEDIA/IMAGES NEW /RESIDENTS/moments matter.mp4","moments-matter","Identity and usage rights require review before assignment","below_90_percent","Confirm identity, role, rights and crop before manifest assignment"
"/Users/megdude/Downloads/PERKS MEDIA/IMAGES NEW /RESIDENTS/moments.mp4","moments","Identity and usage rights require review before assignment","below_90_percent","Confirm identity, role, rights and crop before manifest assignment"
"/Users/megdude/Downloads/PERKS MEDIA/IMAGES NEW /RESIDENTS/resident mixer.png","resident-mixer","Identity and usage rights require review before assignment","below_90_percent","Confirm identity, role, rights and crop before manifest assignment"
"/Users/megdude/Downloads/PERKS MEDIA/IMAGES NEW /RESIDENTS/residnets rooftop.mp4","residnets-rooftop","Identity and usage rights require review before assignment","below_90_percent","Confirm identity, role, rights and crop before manifest assignment"
"/Users/megdude/Downloads/PERKS MEDIA/IMAGES NEW /RESIDENTS/wKEDwHBKtElmhsjpKFaDEhkBElrUklhhzWr3a0s3AWPgbxKTyCTvLEd3QbXtLbmvKnsLTE2TT2JRj0hK8c6wV1gOAQq0a5DedzLBLImA-GwAKEd5wwXLb4uTVDE2QkcV6vMcZHi811wVcXfqpB0uWNZIB1wsRUGopAQhq5t9-CjpXtBp2bE6zpNTUYBGHIDf.jpeg","wkedwhbktelmhsjpkfadehkbelruklhhzwr3a0s3awpgbxktyctvled3qbxtlbmvknslte2tt2jrj0hk8c6wv1goaqq0a5dedzlblima-gwaked5wwxlb4utvde2qkcv6vmczhi811wvcxfqpb0uwnzib1wsrugopaqhq5t9-cjpxtbp2be6zpntuybghidf","Identity and usage rights require review before assignment","below_90_percent","Confirm identity, role, rights and crop before manifest assignment"
"/Users/megdude/Downloads/PERKS MEDIA/IMAGES NEW /RESIDENTS/walking .png","walking","Identity and usage rights require review before assignment","below_90_percent","Confirm identity, role, rights and crop before manifest assignment"
"/Users/megdude/Downloads/PERKS MEDIA/IMAGES NEW /RESIDENTS MOBILE /545dbabe-2fed-4abe-b420-467feb965805.png","545dbabe-2fed-4abe-b420-467feb965805","Identity and usage rights require review before assignment","below_90_percent","Confirm identity, role, rights and crop before manifest assignment"
"/Users/megdude/Downloads/PERKS MEDIA/IMAGES NEW /RESIDENTS MOBILE /83523e72-4f57-4a02-994e-915b5315b8b2.png","83523e72-4f57-4a02-994e-915b5315b8b2","Identity and usage rights require review before assignment","below_90_percent","Confirm identity, role, rights and crop before manifest assignment"
"/Users/megdude/Downloads/PERKS MEDIA/IMAGES NEW /RESIDENTS MOBILE /864031a8-b060-4ddf-9d6c-562702e671b8.png","864031a8-b060-4ddf-9d6c-562702e671b8","Identity and usage rights require review before assignment","below_90_percent","Confirm identity, role, rights and crop before manifest assignment"
"/Users/megdude/Downloads/PERKS MEDIA/IMAGES NEW /RESIDENTS MOBILE /8a17ad68-aa90-4a47-8818-893470f363bf.png","8a17ad68-aa90-4a47-8818-893470f363bf","Identity and usage rights require review before assignment","below_90_percent","Confirm identity, role, rights and crop before manifest assignment"
"/Users/megdude/Downloads/PERKS MEDIA/IMAGES NEW /RESIDENTS MOBILE /99f5c159-4d47-4a18-a3f7-5a9e64fd318f.png","99f5c159-4d47-4a18-a3f7-5a9e64fd318f","Identity and usage rights require review before assignment","below_90_percent","Confirm identity, role, rights and crop before manifest assignment"
"/Users/megdude/Downloads/PERKS MEDIA/IMAGES NEW /RESIDENTS MOBILE /Ask residents what they think. copy.png","ask-residents-what-they-think-copy","Identity and usage rights require review before assignment","below_90_percent","Confirm identity, role, rights and crop before manifest assignment"
"/Users/megdude/Downloads/PERKS MEDIA/IMAGES NEW /RESIDENTS MOBILE /bef1dd72-e0d5-4339-b435-87d9ca42abdf.png","bef1dd72-e0d5-4339-b435-87d9ca42abdf","Identity and usage rights require review before assignment","below_90_percent","Confirm identity, role, rights and crop before manifest assignment"
"/Users/megdude/Downloads/PERKS MEDIA/IMAGES NEW /RESIDENTS MOBILE /better timing.png","better-timing","Identity and usage rights require review before assignment","below_90_percent","Confirm identity, role, rights and crop before manifest assignment"
"/Users/megdude/Downloads/PERKS MEDIA/IMAGES NEW /RESIDENTS MOBILE /e4cc792d-a84a-4a80-bd19-25dd675ba7ee.png","e4cc792d-a84a-4a80-bd19-25dd675ba7ee","Identity and usage rights require review before assignment","below_90_percent","Confirm identity, role, rights and crop before manifest assignment"
"/Users/megdude/Downloads/PERKS MEDIA/IMAGES NEW /RESIDENTS MOBILE MAP /00 Be part of the map .png","00-be-part-of-the-map","Identity and usage rights require review before assignment","below_90_percent","Confirm identity, role, rights and crop before manifest assignment"
"/Users/megdude/Downloads/PERKS MEDIA/IMAGES NEW /RESIDENTS MOBILE MAP /Help Find.png","help-find","Identity and usage rights require review before assignment","below_90_percent","Confirm identity, role, rights and crop before manifest assignment"
"/Users/megdude/Downloads/PERKS MEDIA/IMAGES NEW /RESIDENTS MOBILE MAP /Help more people show up..png","help-more-people-show-up","Identity and usage rights require review before assignment","below_90_percent","Confirm identity, role, rights and crop before manifest assignment"
"/Users/megdude/Downloads/PERKS MEDIA/IMAGES NEW /RESIDENTS MOBILE MAP /Map Listing Perks.png","map-listing-perks","Identity and usage rights require review before assignment","below_90_percent","Confirm identity, role, rights and crop before manifest assignment"
"/Users/megdude/Downloads/PERKS MEDIA/IMAGES NEW /RESIDENTS MOBILE MAP /Map Listing.png","map-listing","Identity and usage rights require review before assignment","below_90_percent","Confirm identity, role, rights and crop before manifest assignment"
"/Users/megdude/Downloads/PERKS MEDIA/IMAGES NEW /RESIDENTS MOBILE MAP /better timing.png","better-timing","Identity and usage rights require review before assignment","below_90_percent","Confirm identity, role, rights and crop before manifest assignment"
"/Users/megdude/Downloads/PERKS MEDIA/IMAGES NEW /RESIDENTS MOBILE MAP /clear next move .jpeg","clear-next-move","Identity and usage rights require review before assignment","below_90_percent","Confirm identity, role, rights and crop before manifest assignment"
"/Users/megdude/Downloads/PERKS MEDIA/IMAGES NEW /RESIDENTS MOBILE MAP /disocver on map.png","disocver-on-map","Identity and usage rights require review before assignment","below_90_percent","Confirm identity, role, rights and crop before manifest assignment"
"/Users/megdude/Downloads/PERKS MEDIA/IMAGES NEW /RESIDENTS MOBILE MAP /girl on phone.jpeg","girl-on-phone","Identity and usage rights require review before assignment","below_90_percent","Confirm identity, role, rights and crop before manifest assignment"
"/Users/megdude/Downloads/PERKS MEDIA/IMAGES NEW /RESIDENTS MOBILE MAP /one the map .png","one-the-map","Identity and usage rights require review before assignment","below_90_percent","Confirm identity, role, rights and crop before manifest assignment"
"/Users/megdude/Downloads/PERKS MEDIA/IMAGES NEW /RESIDENTS MOBILE MAP /show up on map.png","show-up-on-map","Identity and usage rights require review before assignment","below_90_percent","Confirm identity, role, rights and crop before manifest assignment"
"/Users/megdude/Downloads/PERKS MEDIA/IMAGES NEW /RESTAURANTS/0. deans steakhouse.webp","0-deans-steakhouse","Identity and usage rights require review before assignment","below_90_percent","Confirm identity, role, rights and crop before manifest assignment"
"/Users/megdude/Downloads/PERKS MEDIA/IMAGES NEW /RESTAURANTS/07696312-a3a8-43e1-b0e5-81818571770f.png","07696312-a3a8-43e1-b0e5-81818571770f","Identity and usage rights require review before assignment","below_90_percent","Confirm identity, role, rights and crop before manifest assignment"
"/Users/megdude/Downloads/PERKS MEDIA/IMAGES NEW /RESTAURANTS/1. Dean's Italian Steakhouse.jpg","1-dean-s-italian-steakhouse","Identity and usage rights require review before assignment","below_90_percent","Confirm identity, role, rights and crop before manifest assignment"
"/Users/megdude/Downloads/PERKS MEDIA/IMAGES NEW /RESTAURANTS/1. Deans-Italian-Steakhouse4.jpeg","1-deans-italian-steakhouse4","Identity and usage rights require review before assignment","below_90_percent","Confirm identity, role, rights and crop before manifest assignment"
"/Users/megdude/Downloads/PERKS MEDIA/IMAGES NEW /RESTAURANTS/1. Emmer-Rye.-Credit-Alicynn-Fink.-2--86c1f863a098030_86c1f9f6-9d36-3299-0347f1d3673b96d5.jpg","1-emmer-rye-credit-alicynn-fink-2-86c1f863a098030-86c1f9f6-9d36-3299-0347f1d3673b96d5","Identity and usage rights require review before assignment","below_90_percent","Confirm identity, role, rights and crop before manifest assignment"
"/Users/megdude/Downloads/PERKS MEDIA/IMAGES NEW /RESTAURANTS/1. Half Step .jpg","1-half-step","Identity and usage rights require review before assignment","below_90_percent","Confirm identity, role, rights and crop before manifest assignment"
"/Users/megdude/Downloads/PERKS MEDIA/IMAGES NEW /RESTAURANTS/1. bangers bar.webp","1-bangers-bar","Identity and usage rights require review before assignment","below_90_percent","Confirm identity, role, rights and crop before manifest assignment"
"/Users/megdude/Downloads/PERKS MEDIA/IMAGES NEW /RESTAURANTS/2. Dean's Italian Steakhouse.jpg","2-dean-s-italian-steakhouse","Identity and usage rights require review before assignment","below_90_percent","Confirm identity, role, rights and crop before manifest assignment"
"/Users/megdude/Downloads/PERKS MEDIA/IMAGES NEW /RESTAURANTS/2. Downtown Core Emmer & Rye Emmer & Rye Dining nearby · Rainey.webp","2-downtown-core-emmer-rye-emmer-rye-dining-nearby-rainey","Identity and usage rights require review before assignment","below_90_percent","Confirm identity, role, rights and crop before manifest assignment"
"/Users/megdude/Downloads/PERKS MEDIA/IMAGES NEW /RESTAURANTS/3. Dean's Italian Steakhouse cocktains.png","3-dean-s-italian-steakhouse-cocktains","Identity and usage rights require review before assignment","below_90_percent","Confirm identity, role, rights and crop before manifest assignment"
"/Users/megdude/Downloads/PERKS MEDIA/IMAGES NEW /RESTAURANTS/3. Downtown Core Emmer & Rye Emmer & Rye Dining nearby · Rainey.webp","3-downtown-core-emmer-rye-emmer-rye-dining-nearby-rainey","Identity and usage rights require review before assignment","below_90_percent","Confirm identity, role, rights and crop before manifest assignment"
"/Users/megdude/Downloads/PERKS MEDIA/IMAGES NEW /RESTAURANTS/545dbabe-2fed-4abe-b420-467feb965805.png","545dbabe-2fed-4abe-b420-467feb965805","Identity and usage rights require review before assignment","below_90_percent","Confirm identity, role, rights and crop before manifest assignment"
"/Users/megdude/Downloads/PERKS MEDIA/IMAGES NEW /RESTAURANTS/652c9d7f-54ca-4ee4-82ae-611ca95f8f6f.png","652c9d7f-54ca-4ee4-82ae-611ca95f8f6f","Identity and usage rights require review before assignment","below_90_percent","Confirm identity, role, rights and crop before manifest assignment"
"/Users/megdude/Downloads/PERKS MEDIA/IMAGES NEW /RESTAURANTS/6CB00465-0C7F-4E01-9DD3-5098E33A77E4.png","6cb00465-0c7f-4e01-9dd3-5098e33a77e4","Identity and usage rights require review before assignment","below_90_percent","Confirm identity, role, rights and crop before manifest assignment"
"/Users/megdude/Downloads/PERKS MEDIA/IMAGES NEW /RESTAURANTS/Dean's Italian Steakhouse.jpg","dean-s-italian-steakhouse","Identity and usage rights require review before assignment","below_90_percent","Confirm identity, role, rights and crop before manifest assignment"
"/Users/megdude/Downloads/PERKS MEDIA/IMAGES NEW /RESTAURANTS/Dean's Italian Steakhouse1.webp","dean-s-italian-steakhouse1","Identity and usage rights require review before assignment","below_90_percent","Confirm identity, role, rights and crop before manifest assignment"
"/Users/megdude/Downloads/PERKS MEDIA/IMAGES NEW /RESTAURANTS/Hopdoddy-Line.jpg","hopdoddy-line","Identity and usage rights require review before assignment","below_90_percent","Confirm identity, role, rights and crop before manifest assignment"
"/Users/megdude/Downloads/PERKS MEDIA/IMAGES NEW /RESTAURANTS/Hopdoddy.jpg","hopdoddy","Identity and usage rights require review before assignment","below_90_percent","Confirm identity, role, rights and crop before manifest assignment"
"/Users/megdude/Downloads/PERKS MEDIA/IMAGES NEW /RESTAURANTS/Row 2_ City discovering you at the right moment, hands holding and lighting a candle with warm glow, restaurant scene with plated gourmet food on table, people dining and socializing at outdoor restaurant.mp4","row-2-city-discovering-you-at-the-right-moment-hands-holding-and-lighting-a-candle-with-warm-glow-restaurant-scene-with-plated-gourmet-food-on-table-people-dining-and-socializing-at-outdoor-restaurant","Identity and usage rights require review before assignment","below_90_percent","Confirm identity, role, rights and crop before manifest assignment"
"/Users/megdude/Downloads/PERKS MEDIA/IMAGES NEW /RESTAURANTS/Sugarwolf-spread.jpg","sugarwolf-spread","Identity and usage rights require review before assignment","below_90_percent","Confirm identity, role, rights and crop before manifest assignment"
"/Users/megdude/Downloads/PERKS MEDIA/IMAGES NEW /RESTAURANTS/Welcome Host.jpeg","welcome-host","Identity and usage rights require review before assignment","below_90_percent","Confirm identity, role, rights and crop before manifest assignment"
"/Users/megdude/Downloads/PERKS MEDIA/IMAGES NEW /RESTAURANTS/a4b775b8-ab1c-49b5-a80d-a5b5c2ca62fe.png","a4b775b8-ab1c-49b5-a80d-a5b5c2ca62fe","Identity and usage rights require review before assignment","below_90_percent","Confirm identity, role, rights and crop before manifest assignment"
"/Users/megdude/Downloads/PERKS MEDIA/IMAGES NEW /RESTAURANTS/bar chi.jpeg","bar-chi","Identity and usage rights require review before assignment","below_90_percent","Confirm identity, role, rights and crop before manifest assignment"
"/Users/megdude/Downloads/PERKS MEDIA/IMAGES NEW /RESTAURANTS/bc5a1f8d-1723-45b6-8f15-cd3e410f6673 copy.png","bc5a1f8d-1723-45b6-8f15-cd3e410f6673-copy","Identity and usage rights require review before assignment","below_90_percent","Confirm identity, role, rights and crop before manifest assignment"
"/Users/megdude/Downloads/PERKS MEDIA/IMAGES NEW /RESTAURANTS/bc5a1f8d-1723-45b6-8f15-cd3e410f6673.png","bc5a1f8d-1723-45b6-8f15-cd3e410f6673","Identity and usage rights require review before assignment","below_90_percent","Confirm identity, role, rights and crop before manifest assignment"
"/Users/megdude/Downloads/PERKS MEDIA/IMAGES NEW /RESTAURANTS/fixe.jpeg","fixe","Identity and usage rights require review before assignment","below_90_percent","Confirm identity, role, rights and crop before manifest assignment"
"/Users/megdude/Downloads/PERKS MEDIA/IMAGES NEW /RESTAURANTS/francoid bar rouge.png","francoid-bar-rouge","Identity and usage rights require review before assignment","below_90_percent","Confirm identity, role, rights and crop before manifest assignment"
"/Users/megdude/Downloads/PERKS MEDIA/IMAGES NEW /RESTAURANTS/francois copy.png","francois-copy","Identity and usage rights require review before assignment","below_90_percent","Confirm identity, role, rights and crop before manifest assignment"
"/Users/megdude/Downloads/PERKS MEDIA/IMAGES NEW /RESTAURANTS/francois.png","francois","Identity and usage rights require review before assignment","below_90_percent","Confirm identity, role, rights and crop before manifest assignment"
"/Users/megdude/Downloads/PERKS MEDIA/IMAGES NEW /RESTAURANTS/francois.webp","francois","Identity and usage rights require review before assignment","below_90_percent","Confirm identity, role, rights and crop before manifest assignment"
"/Users/megdude/Downloads/PERKS MEDIA/IMAGES NEW /RESTAURANTS/happy customer.png","happy-customer","Identity and usage rights require review before assignment","below_90_percent","Confirm identity, role, rights and crop before manifest assignment"
"/Users/megdude/Downloads/PERKS MEDIA/IMAGES NEW /RESTAURANTS/kimberley.webp","kimberley","Identity and usage rights require review before assignment","below_90_percent","Confirm identity, role, rights and crop before manifest assignment"
"/Users/megdude/Downloads/PERKS MEDIA/IMAGES NEW /RESTAURANTS/perrys.jpeg","perrys","Identity and usage rights require review before assignment","below_90_percent","Confirm identity, role, rights and crop before manifest assignment"
"/Users/megdude/Downloads/PERKS MEDIA/IMAGES NEW /RESTAURANTS/red ash.png","red-ash","Identity and usage rights require review before assignment","below_90_percent","Confirm identity, role, rights and crop before manifest assignment"
"/Users/megdude/Downloads/PERKS MEDIA/IMAGES NEW /RESTAURANTS/sugar wolf 1.png","sugar-wolf-1","Identity and usage rights require review before assignment","below_90_percent","Confirm identity, role, rights and crop before manifest assignment"
"/Users/megdude/Downloads/PERKS MEDIA/IMAGES NEW /RESTAURANTS/sugar wolf.png","sugar-wolf","Identity and usage rights require review before assignment","below_90_percent","Confirm identity, role, rights and crop before manifest assignment"
"/Users/megdude/Downloads/PERKS MEDIA/IMAGES NEW /RESTAURANTS/sugarwolf.png","sugarwolf","Identity and usage rights require review before assignment","below_90_percent","Confirm identity, role, rights and crop before manifest assignment"
"/Users/megdude/Downloads/PERKS MEDIA/IMAGES NEW /RESTAURANTS/the kimberly.png","the-kimberly","Identity and usage rights require review before assignment","below_90_percent","Confirm identity, role, rights and crop before manifest assignment"
"/Users/megdude/Downloads/PERKS MEDIA/IMAGES NEW /RESTAURANTS/truluck.jpeg","truluck","Identity and usage rights require review before assignment","below_90_percent","Confirm identity, role, rights and crop before manifest assignment"
"/Users/megdude/Downloads/PERKS MEDIA/IMAGES NEW /RESTAURANTS/yKF2Rm-Ado4EPhnEcmOYnvB5fe0vgyxVfu4WQ0AMhxO6mf_9XzsbqqZmCAcuD8vX-wU9gn0O9CXj5lr6qGaa2NzUx0In_ZCE6fdoBDCcvA0O63uIn_66osJQBj88AXgg1c26WsrciC89zHnCj73c6ssWDysT4alsJEGuqi8OeCAqs4bXPaohu6PtfytIpcW0 copy.jpeg","ykf2rm-ado4ephnecmoynvb5fe0vgyxvfu4wq0amhxo6mf-9xzsbqqzmcacud8vx-wu9gn0o9cxj5lr6qgaa2nzux0in-zce6fdobdccva0o63uin-66osjqbj88axgg1c26wsrcic89zhncj73c6sswdyst4alsjeguqi8oecaqs4bxpaohu6ptfytipcw0-copy","Identity and usage rights require review before assignment","below_90_percent","Confirm identity, role, rights and crop before manifest assignment"
"/Users/megdude/Downloads/PERKS MEDIA/IMAGES NEW /RETAIL/POS. png.png","pos-png","Identity and usage rights require review before assignment","below_90_percent","Confirm identity, role, rights and crop before manifest assignment"
"/Users/megdude/Downloads/PERKS MEDIA/IMAGES NEW /RETAIL/instore service.png","instore-service","Identity and usage rights require review before assignment","below_90_percent","Confirm identity, role, rights and crop before manifest assignment"
"/Users/megdude/Downloads/PERKS MEDIA/IMAGES NEW /RETAIL/retail shop  copy.png","retail-shop-copy","Identity and usage rights require review before assignment","below_90_percent","Confirm identity, role, rights and crop before manifest assignment"
"/Users/megdude/Downloads/PERKS MEDIA/IMAGES NEW /RETAIL/retail shop .png","retail-shop","Identity and usage rights require review before assignment","below_90_percent","Confirm identity, role, rights and crop before manifest assignment"
"/Users/megdude/Downloads/PERKS MEDIA/IMAGES NEW /RETAIL/retail shops KPF_WallerCreek_TheGate_copyrightWAX2.jpg.webp","retail-shops-kpf-wallercreek-thegate-copyrightwax2-jpg","Identity and usage rights require review before assignment","below_90_percent","Confirm identity, role, rights and crop before manifest assignment"
"/Users/megdude/Downloads/PERKS MEDIA/IMAGES NEW /RETAIL/rivian.png","rivian","Identity and usage rights require review before assignment","below_90_percent","Confirm identity, role, rights and crop before manifest assignment"
"/Users/megdude/Downloads/PERKS MEDIA/IMAGES NEW /RETAIL/rotal blue inside copy.png","rotal-blue-inside-copy","Identity and usage rights require review before assignment","below_90_percent","Confirm identity, role, rights and crop before manifest assignment"
"/Users/megdude/Downloads/PERKS MEDIA/IMAGES NEW /RETAIL/rotal blue inside.png","rotal-blue-inside","Identity and usage rights require review before assignment","below_90_percent","Confirm identity, role, rights and crop before manifest assignment"
"/Users/megdude/Downloads/PERKS MEDIA/IMAGES NEW /RETAIL/royal blue POS  copy.png","royal-blue-pos-copy","Identity and usage rights require review before assignment","below_90_percent","Confirm identity, role, rights and crop before manifest assignment"
"/Users/megdude/Downloads/PERKS MEDIA/IMAGES NEW /RETAIL/royal blue POS .png","royal-blue-pos","Identity and usage rights require review before assignment","below_90_percent","Confirm identity, role, rights and crop before manifest assignment"
"/Users/megdude/Downloads/PERKS MEDIA/IMAGES NEW /RETAIL/royal blue grocery  copy.png","royal-blue-grocery-copy","Identity and usage rights require review before assignment","below_90_percent","Confirm identity, role, rights and crop before manifest assignment"
"/Users/megdude/Downloads/PERKS MEDIA/IMAGES NEW /RETAIL/royal blue grocery .png","royal-blue-grocery","Identity and usage rights require review before assignment","below_90_percent","Confirm identity, role, rights and crop before manifest assignment"
"/Users/megdude/Downloads/PERKS MEDIA/IMAGES NEW /RETAIL/royal blue.png","royal-blue","Identity and usage rights require review before assignment","below_90_percent","Confirm identity, role, rights and crop before manifest assignment"
"/Users/megdude/Downloads/PERKS MEDIA/IMAGES NEW /RETAIL/shop assisant.png","shop-assisant","Identity and usage rights require review before assignment","below_90_percent","Confirm identity, role, rights and crop before manifest assignment"
"/Users/megdude/Downloads/PERKS MEDIA/IMAGES NEW /RETAIL/shop assisnat.png","shop-assisnat","Identity and usage rights require review before assignment","below_90_percent","Confirm identity, role, rights and crop before manifest assignment"
"/Users/megdude/Downloads/PERKS MEDIA/IMAGES NEW /RETAIL/shop assistant at POS.png","shop-assistant-at-pos","Identity and usage rights require review before assignment","below_90_percent","Confirm identity, role, rights and crop before manifest assignment"
"/Users/megdude/Downloads/PERKS MEDIA/IMAGES NEW /RETAIL/shopping assistnat.png","shopping-assistnat","Identity and usage rights require review before assignment","below_90_percent","Confirm identity, role, rights and crop before manifest assignment"
"/Users/megdude/Downloads/PERKS MEDIA/IMAGES NEW /RIVIAN/02 rivian copy.png","02-rivian-copy","Identity and usage rights require review before assignment","below_90_percent","Confirm identity, role, rights and crop before manifest assignment"
"/Users/megdude/Downloads/PERKS MEDIA/IMAGES NEW /RIVIAN/02 rivian.png","02-rivian","Identity and usage rights require review before assignment","below_90_percent","Confirm identity, role, rights and crop before manifest assignment"
"/Users/megdude/Downloads/PERKS MEDIA/IMAGES NEW /RIVIAN/8J5L62CIianOYc2pGK7bnSfPHVKIfXD5f2L1WtaTz8q1zatxBiIjQFc9ZTuyRKp9PlKp8gfvhxjcO310jjX8CUNmqQpi6FHS9GciwhJxC953o58_YOMskbnF-WVNCiaTxcL3LQ8uCvfpnWUnJqs57UOf5lyhZgP6kS7WAvH3yrk0qzA-dlHBBWDn2WEpKA_c.jpeg","8j5l62ciianoyc2pgk7bnsfphvkifxd5f2l1wtatz8q1zatxbiijqfc9ztuyrkp9plkp8gfvhxjco310jjx8cunmqqpi6fhs9gciwhjxc953o58-yomskbnf-wvnciatxcl3lq8ucvfpnwunjqs57uof5lyhzgp6ks7wavh3yrk0qza-dlhbbwdn2wepka-c","Identity and usage rights require review before assignment","below_90_percent","Confirm identity, role, rights and crop before manifest assignment"
"/Users/megdude/Downloads/PERKS MEDIA/IMAGES NEW /RIVIAN/9JvnMPQ8kGuv11XCFhP4qI_0lIktNCTBBolhYsLAFdFrKtTRzkUq5Q31tv6T9ELH3voX6p5GdrTZtXeDJWPYBEvUKXwLboA0PHejrLBKAKZRKo7n0xwA5CQMUmC8eVeK__frO4QU1gVFAspV_WYn7zp3DhW7gT6T0Q9jZr3jl_veaPOYtJKM9M09OEVs68Sg.jpeg","9jvnmpq8kguv11xcfhp4qi-0liktnctbbolhyslafdfrkttrzkuq5q31tv6t9elh3vox6p5gdrtztxedjwpybevukxwlboa0phejrlbkakzrko7n0xwa5cqmumc8evek-fro4qu1gvfaspv-wyn7zp3dhw7gt6t0q9jzr3jl-veapoytjkm9m09oevs68sg","Identity and usage rights require review before assignment","below_90_percent","Confirm identity, role, rights and crop before manifest assignment"
"/Users/megdude/Downloads/PERKS MEDIA/IMAGES NEW /RIVIAN/BGqpkO6Agt-wJ57gkrmlZbLcha8Oa2iEBxFsSy9sgM7MVFiowUQLd7NLSiqDULIWfZwwGX5kBG42ADeCmTLrvh3qsiDCc4JPAsBmSGLoYwsd-pIfR4jC1cW8NXXPDLT_fdRjShqkq0GDa2WNLB7onU3u7mBLZewkh4WLZUBu8a5OkPSMMEsQuI11zqo538Hw.jpeg","bgqpko6agt-wj57gkrmlzblcha8oa2iebxfssy9sgm7mvfiowuqld7nlsiqduliwfzwwgx5kbg42adecmtlrvh3qsidcc4jpasbmsgloywsd-pifr4jc1cw8nxxpdlt-fdrjshqkq0gda2wnlb7onu3u7mblzewkh4wlzubu8a5okpsmmesqui11zqo538hw","Identity and usage rights require review before assignment","below_90_percent","Confirm identity, role, rights and crop before manifest assignment"
"/Users/megdude/Downloads/PERKS MEDIA/IMAGES NEW /RIVIAN/EAUKFSJXD7c0cdfa2hU303t4I_6igWFm0ilwhP9qI6fhyxdnAxSMS-WJqxRo1LIOhrecLo3ab7fYVstHw_ful_xkZKiurUizT4Elm1NscauM_qgpdGxHkNlnraJT84bMJujiWs9b6q6f5j6NLBUu5thEsBn-fkAzTS43z4SdERPWqqNqcr4UmO0kdi7hbc-R.jpeg","eaukfsjxd7c0cdfa2hu303t4i-6igwfm0ilwhp9qi6fhyxdnaxsms-wjqxro1liohreclo3ab7fyvsthw-ful-xkzkiuruizt4elm1nscaum-qgpdgxhknlnrajt84bmjujiws9b6q6f5j6nlbuu5thesbn-fkazts43z4sderpwqqnqcr4umo0kdi7hbc-r","Identity and usage rights require review before assignment","below_90_percent","Confirm identity, role, rights and crop before manifest assignment"
"/Users/megdude/Downloads/PERKS MEDIA/IMAGES NEW /RIVIAN/Fe7UiHhkFFkEKvIic-YpLhYlNj9bRL-6Bj9Qm4J0-6xZJq-U2KBQ80Ctv8hYwkNVDB16JXVSX5T_lq-H7U4xOpOsyynFmRePiHbfsuY8slgQhlq5xnIrbzYeYWvErFyPoE1i9yYtkRjDpU0c_cezRm1YxDXZHHRXciChV_UKYyRUXa-subEVD4VY61beuZlZ.jpeg","fe7uihhkffkekviic-yplhylnj9brl-6bj9qm4j0-6xzjq-u2kbq80ctv8hywknvdb16jxvsx5t-lq-h7u4xoposyynfmrepihbfsuy8slgqhlq5xnirbzyeywverfypoe1i9yytkrjdpu0c-cezrm1yxdxzhhrxcichv-ukyyruxa-subevd4vy61beuzlz","Identity and usage rights require review before assignment","below_90_percent","Confirm identity, role, rights and crop before manifest assignment"
"/Users/megdude/Downloads/PERKS MEDIA/IMAGES NEW /RIVIAN/MV1APrXOuS3F48D9b24mt2NHHjFgzFtI9WLbvzdFLWmiJ2dTDwgjkRBpUI-peAE0yCa4PAE2jrKFv4hnRfw2LirOpXv1--mNqT63xjCflAfO2czrIlGAWUpQYWsfckESG3R3CN_1jNJ0HgqUMsTGuNuD_K0U79cf40Xgs8_h8AI.jpeg","mv1aprxous3f48d9b24mt2nhhjfgzfti9wlbvzdflwmij2dtdwgjkrbpui-peae0yca4pae2jrkfv4hnrfw2liropxv1-mnqt63xjcflafo2czrilgawupqywsfckesg3r3cn-1jnj0hgqumstgunud-k0u79cf40xgs8-h8ai","Identity and usage rights require review before assignment","below_90_percent","Confirm identity, role, rights and crop before manifest assignment"
"/Users/megdude/Downloads/PERKS MEDIA/IMAGES NEW /RIVIAN/RIVIAN LOGO.png","rivian-logo","Identity and usage rights require review before assignment","below_90_percent","Confirm identity, role, rights and crop before manifest assignment"
"/Users/megdude/Downloads/PERKS MEDIA/IMAGES NEW /RIVIAN/RIVIAN copy.mp4","rivian-copy","Identity and usage rights require review before assignment","below_90_percent","Confirm identity, role, rights and crop before manifest assignment"
"/Users/megdude/Downloads/PERKS MEDIA/IMAGES NEW /RIVIAN/Rivian Full Clip.mp4","rivian-full-clip","Identity and usage rights require review before assignment","below_90_percent","Confirm identity, role, rights and crop before manifest assignment"
"/Users/megdude/Downloads/PERKS MEDIA/IMAGES NEW /RIVIAN/Rivian Short Clip.mp4","rivian-short-clip","Identity and usage rights require review before assignment","below_90_percent","Confirm identity, role, rights and crop before manifest assignment"
"/Users/megdude/Downloads/PERKS MEDIA/IMAGES NEW /RIVIAN/Rivian.mp4","rivian","Identity and usage rights require review before assignment","below_90_percent","Confirm identity, role, rights and crop before manifest assignment"
"/Users/megdude/Downloads/PERKS MEDIA/IMAGES NEW /RIVIAN/luSdxIzDhZmUOHgonUAwaeDVJE6c3-5uoHMKu-F--uSz85nAZUWJFpTiVyIme5wk2_X8nVX4Gb0SnsqxOoNfq03nfK1otql1f-Qy9oWzFPi66YWDJeOyuyryzi9jtmb0kDG0xf_VHxb_IrAqn8dhGxQoHVMA5H05hsZcIqgBgs_X_88TCUDLnoBYNtBDcb4Y.jpeg","lusdxizdhzmuohgonuawaedvje6c3-5uohmku-f-usz85nazuwjfptivyime5wk2-x8nvx4gb0snsqxoonfq03nfk1otql1f-qy9owzfpi66ywdjeoyuyryzi9jtmb0kdg0xf-vhxb-iraqn8dhgxqohvma5h05hszciqgbgs-x-88tcudlnobyntbdcb4y","Identity and usage rights require review before assignment","below_90_percent","Confirm identity, role, rights and crop before manifest assignment"
"/Users/megdude/Downloads/PERKS MEDIA/IMAGES NEW /RIVIAN/rivian campaign.png","rivian-campaign","Identity and usage rights require review before assignment","below_90_percent","Confirm identity, role, rights and crop before manifest assignment"
"/Users/megdude/Downloads/PERKS MEDIA/IMAGES NEW /RIVIAN/rivian.png","rivian","Identity and usage rights require review before assignment","below_90_percent","Confirm identity, role, rights and crop before manifest assignment"
"/Users/megdude/Downloads/PERKS MEDIA/IMAGES NEW /RIVIAN/zCapmh_DghvQMUSYw_K8H5C9lEZrNFh_NTyZLRD8BULPygh0wQT5jplvPYAfSnVRW3tfOceBunERRJG_B0n9dUV8w9ON4xCZ-hHCybYfEpwWtftbm_vtG0LNBG_9BDmPORtNyzH0c1hGmTE1Ra8UnVIe90IaPNMIEB8NPzh593oO0e-RsJm9BADlQEpdbsgU.jpeg","zcapmh-dghvqmusyw-k8h5c9lezrnfh-ntyzlrd8bulpygh0wqt5jplvpyafsnvrw3tfocebunerrjg-b0n9duv8w9on4xcz-hhcybyfepwwtftbm-vtg0lnbg-9bdmportnyzh0c1hgmte1ra8unvie90iapnmieb8npzh593oo0e-rsjm9badlqepdbsgu","Identity and usage rights require review before assignment","below_90_percent","Confirm identity, role, rights and crop before manifest assignment"
"/Users/megdude/Downloads/PERKS MEDIA/IMAGES NEW /ROOFTOP/11.happy hour.png","11-happy-hour","Identity and usage rights require review before assignment","below_90_percent","Confirm identity, role, rights and crop before manifest assignment"
"/Users/megdude/Downloads/PERKS MEDIA/IMAGES NEW /ROOFTOP/cocktail Lobby Bar Happy Hour South Congress Hotel.jpeg","cocktail-lobby-bar-happy-hour-south-congress-hotel","Identity and usage rights require review before assignment","below_90_percent","Confirm identity, role, rights and crop before manifest assignment"
"/Users/megdude/Downloads/PERKS MEDIA/IMAGES NEW /ROOFTOP/edgerooftop-homepage-sipinthescene-638515e802064.jpeg","edgerooftop-homepage-sipinthescene-638515e802064","Identity and usage rights require review before assignment","below_90_percent","Confirm identity, role, rights and crop before manifest assignment"
"/Users/megdude/Downloads/PERKS MEDIA/IMAGES NEW /ROOFTOP/rooftop cheers group.png","rooftop-cheers-group","Identity and usage rights require review before assignment","below_90_percent","Confirm identity, role, rights and crop before manifest assignment"
"/Users/megdude/Downloads/PERKS MEDIA/IMAGES NEW /SCAN QR/00 qr survey .png","00-qr-survey","Identity and usage rights require review before assignment","below_90_percent","Confirm identity, role, rights and crop before manifest assignment"
"/Users/megdude/Downloads/PERKS MEDIA/IMAGES NEW /SCAN QR/00 venue qr code.png","00-venue-qr-code","Identity and usage rights require review before assignment","below_90_percent","Confirm identity, role, rights and crop before manifest assignment"
"/Users/megdude/Downloads/PERKS MEDIA/IMAGES NEW /SCAN QR/545dbabe-2fed-4abe-b420-467feb965805.png","545dbabe-2fed-4abe-b420-467feb965805","Identity and usage rights require review before assignment","below_90_percent","Confirm identity, role, rights and crop before manifest assignment"
"/Users/megdude/Downloads/PERKS MEDIA/IMAGES NEW /SCAN QR/Ask residents what they think. copy.png","ask-residents-what-they-think-copy","Identity and usage rights require review before assignment","below_90_percent","Confirm identity, role, rights and crop before manifest assignment"
"/Users/megdude/Downloads/PERKS MEDIA/IMAGES NEW /SCAN QR/Ask residents what they think..png","ask-residents-what-they-think","Identity and usage rights require review before assignment","below_90_percent","Confirm identity, role, rights and crop before manifest assignment"
"/Users/megdude/Downloads/PERKS MEDIA/IMAGES NEW /SCAN QR/Fine Eywear Survey.png","fine-eywear-survey","Identity and usage rights require review before assignment","below_90_percent","Confirm identity, role, rights and crop before manifest assignment"
"/Users/megdude/Downloads/PERKS MEDIA/IMAGES NEW /SCAN QR/QR in lobby Lobb.png","qr-in-lobby-lobb","Identity and usage rights require review before assignment","below_90_percent","Confirm identity, role, rights and crop before manifest assignment"
"/Users/megdude/Downloads/PERKS MEDIA/IMAGES NEW /SCAN QR/Qr scan baby boomer.png","qr-scan-baby-boomer","Identity and usage rights require review before assignment","below_90_percent","Confirm identity, role, rights and crop before manifest assignment"
"/Users/megdude/Downloads/PERKS MEDIA/IMAGES NEW /SCAN QR/Scan QR Lobby.png","scan-qr-lobby","Identity and usage rights require review before assignment","below_90_percent","Confirm identity, role, rights and crop before manifest assignment"
"/Users/megdude/Downloads/PERKS MEDIA/IMAGES NEW /SCAN QR/better timing.png","better-timing","Identity and usage rights require review before assignment","below_90_percent","Confirm identity, role, rights and crop before manifest assignment"
"/Users/megdude/Downloads/PERKS MEDIA/IMAGES NEW /SCAN QR/elevator QR.png","elevator-qr","Identity and usage rights require review before assignment","below_90_percent","Confirm identity, role, rights and crop before manifest assignment"
"/Users/megdude/Downloads/PERKS MEDIA/IMAGES NEW /SCAN QR/elevator qr code 2.png","elevator-qr-code-2","Identity and usage rights require review before assignment","below_90_percent","Confirm identity, role, rights and crop before manifest assignment"
"/Users/megdude/Downloads/PERKS MEDIA/IMAGES NEW /SCAN QR/perks-offers.jpg","perks-offers","Identity and usage rights require review before assignment","below_90_percent","Confirm identity, role, rights and crop before manifest assignment"
"/Users/megdude/Downloads/PERKS MEDIA/IMAGES NEW /SCAN QR/perks-offers.jpg         → coffee counter QR : offer redemption.png","perks-offers-jpg-coffee-counter-qr-offer-redemption","Identity and usage rights require review before assignment","below_90_percent","Confirm identity, role, rights and crop before manifest assignment"
"/Users/megdude/Downloads/PERKS MEDIA/IMAGES NEW /SCAN QR/qr code redeem.png","qr-code-redeem","Identity and usage rights require review before assignment","below_90_percent","Confirm identity, role, rights and crop before manifest assignment"
"/Users/megdude/Downloads/PERKS MEDIA/IMAGES NEW /SCAN QR/qr code redemption .png","qr-code-redemption","Identity and usage rights require review before assignment","below_90_percent","Confirm identity, role, rights and crop before manifest assignment"
"/Users/megdude/Downloads/PERKS MEDIA/IMAGES NEW /SCAN QR/scan at POS.png","scan-at-pos","Identity and usage rights require review before assignment","below_90_percent","Confirm identity, role, rights and crop before manifest assignment"
"/Users/megdude/Downloads/PERKS MEDIA/IMAGES NEW /SCAN QR/scan perk .png","scan-perk","Identity and usage rights require review before assignment","below_90_percent","Confirm identity, role, rights and crop before manifest assignment"
"/Users/megdude/Downloads/PERKS MEDIA/IMAGES NEW /SCAN QR/scn qr code hotel .png","scn-qr-code-hotel","Identity and usage rights require review before assignment","below_90_percent","Confirm identity, role, rights and crop before manifest assignment"
"/Users/megdude/Downloads/PERKS MEDIA/IMAGES NEW /SCAN QR/• Scanning downtown perks in a café copy.png","scanning-downtown-perks-in-a-cafe-copy","Identity and usage rights require review before assignment","below_90_percent","Confirm identity, role, rights and crop before manifest assignment"
"/Users/megdude/Downloads/PERKS MEDIA/IMAGES NEW /SCAN QR/• Scanning downtown perks in a café.png","scanning-downtown-perks-in-a-cafe","Identity and usage rights require review before assignment","below_90_percent","Confirm identity, role, rights and crop before manifest assignment"
"/Users/megdude/Downloads/PERKS MEDIA/IMAGES NEW /STAY PUT/color-image.png","color-image","Identity and usage rights require review before assignment","below_90_percent","Confirm identity, role, rights and crop before manifest assignment"
"/Users/megdude/Downloads/PERKS MEDIA/IMAGES NEW /STAY PUT/downtown-austin-walk-history-with-food-and-drink-options-d5021-53526P6-1 copy.jpg","downtown-austin-walk-history-with-food-and-drink-options-d5021-53526p6-1-copy","Identity and usage rights require review before assignment","below_90_percent","Confirm identity, role, rights and crop before manifest assignment"
"/Users/megdude/Downloads/PERKS MEDIA/IMAGES NEW /STAY PUT/downtown-austin-walk-history-with-food-and-drink-options-d5021-53526P6-1.jpg","downtown-austin-walk-history-with-food-and-drink-options-d5021-53526p6-1","Identity and usage rights require review before assignment","below_90_percent","Confirm identity, role, rights and crop before manifest assignment"
"/Users/megdude/Downloads/PERKS MEDIA/IMAGES NEW /STAY PUT/jazzablanca 1.png","jazzablanca-1","Identity and usage rights require review before assignment","below_90_percent","Confirm identity, role, rights and crop before manifest assignment"
"/Users/megdude/Downloads/PERKS MEDIA/IMAGES NEW /STAY PUT/jazzablanca.png","jazzablanca","Identity and usage rights require review before assignment","below_90_percent","Confirm identity, role, rights and crop before manifest assignment"
"/Users/megdude/Downloads/PERKS MEDIA/IMAGES NEW /STAY PUT/meet up mondya.png","meet-up-mondya","Identity and usage rights require review before assignment","below_90_percent","Confirm identity, role, rights and crop before manifest assignment"
"/Users/megdude/Downloads/PERKS MEDIA/IMAGES NEW /STAY PUT/rawImage.jpg","rawimage","Identity and usage rights require review before assignment","below_90_percent","Confirm identity, role, rights and crop before manifest assignment"
"/Users/megdude/Downloads/PERKS MEDIA/IMAGES NEW /STAY PUT/redeem perk .png","redeem-perk","Identity and usage rights require review before assignment","below_90_percent","Confirm identity, role, rights and crop before manifest assignment"
"/Users/megdude/Downloads/PERKS MEDIA/IMAGES NEW /STAY PUT/stay put.jpg","stay-put","Identity and usage rights require review before assignment","below_90_percent","Confirm identity, role, rights and crop before manifest assignment"
"/Users/megdude/Downloads/PERKS MEDIA/IMAGES NEW /STAY PUT/stayput copy.png","stayput-copy","Identity and usage rights require review before assignment","below_90_percent","Confirm identity, role, rights and crop before manifest assignment"
"/Users/megdude/Downloads/PERKS MEDIA/IMAGES NEW /STORY OPENER/1.png","1","Identity and usage rights require review before assignment","below_90_percent","Confirm identity, role, rights and crop before manifest assignment"
"/Users/megdude/Downloads/PERKS MEDIA/IMAGES NEW /STORY OPENER/12.mp4","12","Identity and usage rights require review before assignment","below_90_percent","Confirm identity, role, rights and crop before manifest assignment"
"/Users/megdude/Downloads/PERKS MEDIA/IMAGES NEW /STORY OPENER/2.png","2","Identity and usage rights require review before assignment","below_90_percent","Confirm identity, role, rights and crop before manifest assignment"
"/Users/megdude/Downloads/PERKS MEDIA/IMAGES NEW /STORY OPENER/3.png","3","Identity and usage rights require review before assignment","below_90_percent","Confirm identity, role, rights and crop before manifest assignment"
"/Users/megdude/Downloads/PERKS MEDIA/IMAGES NEW /STORY OPENER/4.png","4","Identity and usage rights require review before assignment","below_90_percent","Confirm identity, role, rights and crop before manifest assignment"
"/Users/megdude/Downloads/PERKS MEDIA/IMAGES NEW /STORY OPENER/6.png","6","Identity and usage rights require review before assignment","below_90_percent","Confirm identity, role, rights and crop before manifest assignment"
"/Users/megdude/Downloads/PERKS MEDIA/IMAGES NEW /STORY OPENER/7.png","7","Identity and usage rights require review before assignment","below_90_percent","Confirm identity, role, rights and crop before manifest assignment"
"/Users/megdude/Downloads/PERKS MEDIA/IMAGES NEW /STORY OPENER/8.png","8","Identity and usage rights require review before assignment","below_90_percent","Confirm identity, role, rights and crop before manifest assignment"
"/Users/megdude/Downloads/PERKS MEDIA/IMAGES NEW /SURVEY/Ask residents what they think. copy.png","ask-residents-what-they-think-copy","Identity and usage rights require review before assignment","below_90_percent","Confirm identity, role, rights and crop before manifest assignment"
"/Users/megdude/Downloads/PERKS MEDIA/IMAGES NEW /SURVEY/Ask residents what they think..png","ask-residents-what-they-think","Identity and usage rights require review before assignment","below_90_percent","Confirm identity, role, rights and crop before manifest assignment"
"/Users/megdude/Downloads/PERKS MEDIA/IMAGES NEW /SURVEY/Cozy cafe survey experience.png","cozy-cafe-survey-experience","Identity and usage rights require review before assignment","below_90_percent","Confirm identity, role, rights and crop before manifest assignment"
"/Users/megdude/Downloads/PERKS MEDIA/IMAGES NEW /SURVEY/Cozy cafe vibes with modern interface.png","cozy-cafe-vibes-with-modern-interface","Identity and usage rights require review before assignment","below_90_percent","Confirm identity, role, rights and crop before manifest assignment"
"/Users/megdude/Downloads/PERKS MEDIA/IMAGES NEW /SURVEY/Survey 3.png","survey-3","Identity and usage rights require review before assignment","below_90_percent","Confirm identity, role, rights and crop before manifest assignment"
"/Users/megdude/Downloads/PERKS MEDIA/IMAGES NEW /SURVEY/Survey series - May 2024 overview.png","survey-series-may-2024-overview","Identity and usage rights require review before assignment","below_90_percent","Confirm identity, role, rights and crop before manifest assignment"
"/Users/megdude/Downloads/PERKS MEDIA/IMAGES NEW /SURVEY/survey 1.png","survey-1","Identity and usage rights require review before assignment","below_90_percent","Confirm identity, role, rights and crop before manifest assignment"
"/Users/megdude/Downloads/PERKS MEDIA/IMAGES NEW /SURVEY/survey copy 2.png","survey-copy-2","Identity and usage rights require review before assignment","below_90_percent","Confirm identity, role, rights and crop before manifest assignment"
"/Users/megdude/Downloads/PERKS MEDIA/IMAGES NEW /SURVEY/survey copy.png","survey-copy","Identity and usage rights require review before assignment","below_90_percent","Confirm identity, role, rights and crop before manifest assignment"
"/Users/megdude/Downloads/PERKS MEDIA/IMAGES NEW /SURVEY/survey series.png","survey-series","Identity and usage rights require review before assignment","below_90_percent","Confirm identity, role, rights and crop before manifest assignment"
"/Users/megdude/Downloads/PERKS MEDIA/IMAGES NEW /SURVEY/survey.png","survey","Identity and usage rights require review before assignment","below_90_percent","Confirm identity, role, rights and crop before manifest assignment"
"/Users/megdude/Downloads/PERKS MEDIA/IMAGES NEW /SURVEY COMMUNITY QUESTION/Feature Pricing (Pinterest Pin) (700 x 900 px).mp4","feature-pricing-pinterest-pin-700-x-900-px","Identity and usage rights require review before assignment","below_90_percent","Confirm identity, role, rights and crop before manifest assignment"
"/Users/megdude/Downloads/PERKS MEDIA/IMAGES NEW /Standard Proof Whiskey Co..webp","standard-proof-whiskey-co","Identity and usage rights require review before assignment","below_90_percent","Confirm identity, role, rights and crop before manifest assignment"
"/Users/megdude/Downloads/PERKS MEDIA/IMAGES NEW /TEACOVES/Chilis_Tecovas_Booth_Boots_2.jpg","chilis-tecovas-booth-boots-2","Identity and usage rights require review before assignment","below_90_percent","Confirm identity, role, rights and crop before manifest assignment"
"/Users/megdude/Downloads/PERKS MEDIA/IMAGES NEW /TOPO CHICO/31tw6IrHhQS9baRQFmr48o0-yinZqraJtqI973LtxE3ZIBxLWF9vJgw2oWDFlUsRT0l4aSY-lcUuyykKFMQ4bT0hptW2DH7cW7WMVSSend9s0Jt-e3U8tO-bZO7j08bEDvsEdbf5dgWn04n83k7DxX2kwCou6pmD2AkYWxR0zKyHFAaRxkU0pSQ3MecifzGj.jpeg","31tw6irhhqs9barqfmr48o0-yinzqrajtqi973ltxe3zibxlwf9vjgw2owdflusrt0l4asy-lcuuyykkfmq4bt0hptw2dh7cw7wmvssend9s0jt-e3u8to-bzo7j08bedvsedbf5dgwn04n83k7dxx2kwcou6pmd2akywxr0zkyhfaarxku0psq3mecifzgj","Identity and usage rights require review before assignment","below_90_percent","Confirm identity, role, rights and crop before manifest assignment"
"/Users/megdude/Downloads/PERKS MEDIA/IMAGES NEW /TOPO CHICO/3W6EqNoPaXGylKivS0Vsw9LHoQrDrW0_UfH_hnxjY4o8msQmhrXq6H6wOnApglD1dhX5T7QqOfybSN5QFx7sMhb1Byxl8ECXcLMcGe_vH8-8dtJRUuKKoMbbbKFQThx4jf_EMw4qjzIXVSeYZkhkD5RWxzUzxs5a3W_duXYIaGjIfhCQNUCCz3_I6BRBoPtU.jpeg","3w6eqnopaxgylkivs0vsw9lhoqrdrw0-ufh-hnxjy4o8msqmhrxq6h6wonapgld1dhx5t7qqofybsn5qfx7smhb1byxl8ecxclmcge-vh8-8dtjruukkombbbkfqthx4jf-emw4qjzixvseyzkhkd5rwxzuzxs5a3w-duxyiagjifhcqnuccz3-i6brboptu","Identity and usage rights require review before assignment","below_90_percent","Confirm identity, role, rights and crop before manifest assignment"
"/Users/megdude/Downloads/PERKS MEDIA/IMAGES NEW /TOPO CHICO/KX9x3oGjw6xY_u2zURIfppUbzPwfSXn7kN8dxHn47X37iam4XXFKqqOJWzpUJDOVwRnkTfFcxg4rEJDsf5tzHVELQBAQN4ij3wx2ErodksFcDaBGKG0bXazhzJuqNwgpzRzgyagVHX5iXpLax5aUBQHpFmd8ONki5QcgQNstf_RnJkh9rMW0Z3S6V-DnocuT.jpeg","kx9x3ogjw6xy-u2zurifppubzpwfsxn7kn8dxhn47x37iam4xxfkqqojwzpujdovwrnktffcxg4rejdsf5tzhvelqbaqn4ij3wx2erodksfcdabgkg0bxazhzjuqnwgpzrzgyagvhx5ixplax5aubqhpfmd8onki5qcgqnstf-rnjkh9rmw0z3s6v-dnocut","Identity and usage rights require review before assignment","below_90_percent","Confirm identity, role, rights and crop before manifest assignment"
"/Users/megdude/Downloads/PERKS MEDIA/IMAGES NEW /TOPO CHICO/QQy0R7y0D6reyvxjtO4Bz0cdcHuLgAmkHIwGAgmZSW66otks8dM8TUD5adIiQD3uYp0A7d6_Bi1A6MzzsJGL23tYSN207sRP8FR68N8CKNi5neqrVfzauBbHFsGulopDHdKhJ-KsUl3viTXWsTncYZVu6qayfVjVzYoEdkj67yvaNR3KVp7a8Qavd6xUypKt.jpeg","qqy0r7y0d6reyvxjto4bz0cdchulgamkhiwgagmzsw66otks8dm8tud5adiiqd3uyp0a7d6-bi1a6mzzsjgl23tysn207srp8fr68n8ckni5neqrvfzaubbhfsgulopdhdkhj-ksul3vitxwstncyzvu6qayfvjvzyoedkj67yvanr3kvp7a8qavd6xuypkt","Identity and usage rights require review before assignment","below_90_percent","Confirm identity, role, rights and crop before manifest assignment"
"/Users/megdude/Downloads/PERKS MEDIA/IMAGES NEW /TOPO CHICO/b1g2sfUyEIlTZ9VEepoCGMqVCLXHb0D-kzHHHFUwYqO_q2dw0vkhg5cFGV7ogZYYcoKjYrSIf3UPg1CFBvs9oenhBSpjg-PcikVcaoO-kcZ3YyPdpTt5PSc6cs24NuetCoYLC1FmPT9Pj0o099AbIU7lTkr_h4fDMlotA0ZA-GaBzWODjOtsGnjWkhciQqIR.jpeg","b1g2sfuyeiltz9veepocgmqvclxhb0d-kzhhhfuwyqo-q2dw0vkhg5cfgv7ogzyycokjyrsif3upg1cfbvs9oenhbspjg-pcikvcaoo-kcz3yypdptt5psc6cs24nuetcoylc1fmpt9pj0o099abiu7ltkr-h4fdmlota0za-gabzwodjotsgnjwkhciqqir","Identity and usage rights require review before assignment","below_90_percent","Confirm identity, role, rights and crop before manifest assignment"
"/Users/megdude/Downloads/PERKS MEDIA/IMAGES NEW /TOPO CHICO/kJpijN1kCBPVJEjSL54jD5bnkceWKjCxJHoIygqo87DjBwdw_k4q8YBKhQc_QPoVcQ-u8gnbjM02_gnakipBqQEZJUVcdYP40tc92usk570PopBrfdxoUtHegMH4r_lbjnYtapuKCPt2o_iGYegyRk2uJuNZbGQq3vA_sGrMPX5UGwUO732vMhaPU_xPRndp.jpeg","kjpijn1kcbpvjejsl54jd5bnkcewkjcxjhoiygqo87djbwdw-k4q8ybkhqc-qpovcq-u8gnbjm02-gnakipbqqezjuvcdyp40tc92usk570popbrfdxouthegmh4r-lbjnytapukcpt2o-igyegyrk2ujunzbgqq3va-sgrmpx5ugwuo732vmhapu-xprndp","Identity and usage rights require review before assignment","below_90_percent","Confirm identity, role, rights and crop before manifest assignment"
"/Users/megdude/Downloads/PERKS MEDIA/IMAGES NEW /TOPO CHICO/pY2OKGdMlKsBrbk_PXgTqTr8MWqVyOENfCgwhPk8gIDqcRa77Rty1G1ckUw71k40VsjMCCxK5qYCthVrOTlYMcPoBhqlY_QZQhDG4duxU2_wIFIDHmisbVQMOn8nqWk3YLdDCan7L3xZF2qpVdaw-Optii2gViGtyC1_mZLEsJseVXMJC8k2sLhMvN_z0_pN.jpeg","py2okgdmlksbrbk-pxgtqtr8mwqvyoenfcgwhpk8gidqcra77rty1g1ckuw71k40vsjmccxk5qycthvrotlymcpobhqly-qzqhdg4duxu2-wifidhmisbvqmon8nqwk3ylddcan7l3xzf2qpvdaw-optii2gvigtyc1-mzlesjsevxmjc8k2slhmvn-z0-pn","Identity and usage rights require review before assignment","below_90_percent","Confirm identity, role, rights and crop before manifest assignment"
"/Users/megdude/Downloads/PERKS MEDIA/IMAGES NEW /TRAIL/03 waterloo park.jpeg","03-waterloo-park","Identity and usage rights require review before assignment","below_90_percent","Confirm identity, role, rights and crop before manifest assignment"
"/Users/megdude/Downloads/PERKS MEDIA/IMAGES NEW /TRAIL/04 waterlook trail.jpeg","04-waterlook-trail","Identity and usage rights require review before assignment","below_90_percent","Confirm identity, role, rights and crop before manifest assignment"
"/Users/megdude/Downloads/PERKS MEDIA/IMAGES NEW /TRAIL/waterlook bikes on trail .png","waterlook-bikes-on-trail","Identity and usage rights require review before assignment","below_90_percent","Confirm identity, role, rights and crop before manifest assignment"
"/Users/megdude/Downloads/PERKS MEDIA/IMAGES NEW /TRAIL/waterlook brifge.png","waterlook-brifge","Identity and usage rights require review before assignment","below_90_percent","Confirm identity, role, rights and crop before manifest assignment"
"/Users/megdude/Downloads/PERKS MEDIA/IMAGES NEW /TRAIL/waterlook greenway .png","waterlook-greenway","Identity and usage rights require review before assignment","below_90_percent","Confirm identity, role, rights and crop before manifest assignment"
"/Users/megdude/Downloads/PERKS MEDIA/IMAGES NEW /TRAIL/waterlook trail .png","waterlook-trail","Identity and usage rights require review before assignment","below_90_percent","Confirm identity, role, rights and crop before manifest assignment"
"/Users/megdude/Downloads/PERKS MEDIA/IMAGES NEW /TRAIL/waterlook trail 1.png","waterlook-trail-1","Identity and usage rights require review before assignment","below_90_percent","Confirm identity, role, rights and crop before manifest assignment"
"/Users/megdude/Downloads/PERKS MEDIA/IMAGES NEW /TRAIL/waterlook trail 2.png","waterlook-trail-2","Identity and usage rights require review before assignment","below_90_percent","Confirm identity, role, rights and crop before manifest assignment"
"/Users/megdude/Downloads/PERKS MEDIA/IMAGES NEW /TRAIL/waterlook trail la mar bdige.png","waterlook-trail-la-mar-bdige","Identity and usage rights require review before assignment","below_90_percent","Confirm identity, role, rights and crop before manifest assignment"
"/Users/megdude/Downloads/PERKS MEDIA/IMAGES NEW /TRAIL/waterlook trail.png","waterlook-trail","Identity and usage rights require review before assignment","below_90_percent","Confirm identity, role, rights and crop before manifest assignment"
"/Users/megdude/Downloads/PERKS MEDIA/IMAGES NEW /USER JOURNEY FLOW/1. expolore nearby .png","1-expolore-nearby","Identity and usage rights require review before assignment","below_90_percent","Confirm identity, role, rights and crop before manifest assignment"
"/Users/megdude/Downloads/PERKS MEDIA/IMAGES NEW /USER JOURNEY FLOW/1. give people a reason top engage.png","1-give-people-a-reason-top-engage","Identity and usage rights require review before assignment","below_90_percent","Confirm identity, role, rights and crop before manifest assignment"
"/Users/megdude/Downloads/PERKS MEDIA/IMAGES NEW /USER JOURNEY FLOW/1. the shore.png","1-the-shore","Identity and usage rights require review before assignment","below_90_percent","Confirm identity, role, rights and crop before manifest assignment"
"/Users/megdude/Downloads/PERKS MEDIA/IMAGES NEW /USER JOURNEY FLOW/1. workout class.png","1-workout-class","Identity and usage rights require review before assignment","below_90_percent","Confirm identity, role, rights and crop before manifest assignment"
"/Users/megdude/Downloads/PERKS MEDIA/IMAGES NEW /USER JOURNEY FLOW/1d997e5d-901c-4ff4-bd99-a0f08e1f9bbb.png","1d997e5d-901c-4ff4-bd99-a0f08e1f9bbb","Identity and usage rights require review before assignment","below_90_percent","Confirm identity, role, rights and crop before manifest assignment"
"/Users/megdude/Downloads/PERKS MEDIA/IMAGES NEW /USER JOURNEY FLOW/2. coffee congress.png","2-coffee-congress","Identity and usage rights require review before assignment","below_90_percent","Confirm identity, role, rights and crop before manifest assignment"
"/Users/megdude/Downloads/PERKS MEDIA/IMAGES NEW /USER JOURNEY FLOW/2. daydreamer coffee.png","2-daydreamer-coffee","Identity and usage rights require review before assignment","below_90_percent","Confirm identity, role, rights and crop before manifest assignment"
"/Users/megdude/Downloads/PERKS MEDIA/IMAGES NEW /USER JOURNEY FLOW/2. morinng coffee.png","2-morinng-coffee","Identity and usage rights require review before assignment","below_90_percent","Confirm identity, role, rights and crop before manifest assignment"
"/Users/megdude/Downloads/PERKS MEDIA/IMAGES NEW /USER JOURNEY FLOW/2. morning coffee.png","2-morning-coffee","Identity and usage rights require review before assignment","below_90_percent","Confirm identity, role, rights and crop before manifest assignment"
"/Users/megdude/Downloads/PERKS MEDIA/IMAGES NEW /USER JOURNEY FLOW/2. resident meet up .png","2-resident-meet-up","Identity and usage rights require review before assignment","below_90_percent","Confirm identity, role, rights and crop before manifest assignment"
"/Users/megdude/Downloads/PERKS MEDIA/IMAGES NEW /USER JOURNEY FLOW/3. residents .png","3-residents","Identity and usage rights require review before assignment","below_90_percent","Confirm identity, role, rights and crop before manifest assignment"
"/Users/megdude/Downloads/PERKS MEDIA/IMAGES NEW /USER JOURNEY FLOW/3. rooftop event.png","3-rooftop-event","Identity and usage rights require review before assignment","below_90_percent","Confirm identity, role, rights and crop before manifest assignment"
"/Users/megdude/Downloads/PERKS MEDIA/IMAGES NEW /USER JOURNEY FLOW/3. workout class.png","3-workout-class","Identity and usage rights require review before assignment","below_90_percent","Confirm identity, role, rights and crop before manifest assignment"
"/Users/megdude/Downloads/PERKS MEDIA/IMAGES NEW /USER JOURNEY FLOW/4. scan perk .png","4-scan-perk","Identity and usage rights require review before assignment","below_90_percent","Confirm identity, role, rights and crop before manifest assignment"
"/Users/megdude/Downloads/PERKS MEDIA/IMAGES NEW /USER JOURNEY FLOW/4. waterline .png","4-waterline","Identity and usage rights require review before assignment","below_90_percent","Confirm identity, role, rights and crop before manifest assignment"
"/Users/megdude/Downloads/PERKS MEDIA/IMAGES NEW /USER JOURNEY FLOW/5. checked in .png","5-checked-in","Identity and usage rights require review before assignment","below_90_percent","Confirm identity, role, rights and crop before manifest assignment"
"/Users/megdude/Downloads/PERKS MEDIA/IMAGES NEW /USER JOURNEY FLOW/6. residnet event.png","6-residnet-event","Identity and usage rights require review before assignment","below_90_percent","Confirm identity, role, rights and crop before manifest assignment"
"/Users/megdude/Downloads/PERKS MEDIA/IMAGES NEW /USER JOURNEY FLOW/resident flow.png","resident-flow","Identity and usage rights require review before assignment","below_90_percent","Confirm identity, role, rights and crop before manifest assignment"
"/Users/megdude/Downloads/PERKS MEDIA/IMAGES NEW /VENUES/ACL .png","acl","Identity and usage rights require review before assignment","below_90_percent","Confirm identity, role, rights and crop before manifest assignment"
"/Users/megdude/Downloads/PERKS MEDIA/IMAGES NEW /VENUES/Amaya.jpeg","amaya","Identity and usage rights require review before assignment","below_90_percent","Confirm identity, role, rights and crop before manifest assignment"
"/Users/megdude/Downloads/PERKS MEDIA/IMAGES NEW /VENUES/Geraldine's.jpeg","geraldine-s","Identity and usage rights require review before assignment","below_90_percent","Confirm identity, role, rights and crop before manifest assignment"
"/Users/megdude/Downloads/PERKS MEDIA/IMAGES NEW /VENUES/Geraldine's.jpg","geraldine-s","Identity and usage rights require review before assignment","below_90_percent","Confirm identity, role, rights and crop before manifest assignment"
"/Users/megdude/Downloads/PERKS MEDIA/IMAGES NEW /VENUES/Hopdoddy-Line copy.jpg","hopdoddy-line-copy","Identity and usage rights require review before assignment","below_90_percent","Confirm identity, role, rights and crop before manifest assignment"
"/Users/megdude/Downloads/PERKS MEDIA/IMAGES NEW /VENUES/Hopdoddy-Line.jpg","hopdoddy-line","Identity and usage rights require review before assignment","below_90_percent","Confirm identity, role, rights and crop before manifest assignment"
"/Users/megdude/Downloads/PERKS MEDIA/IMAGES NEW /VENUES/IMG_0196.jpeg","img-0196","Identity and usage rights require review before assignment","below_90_percent","Confirm identity, role, rights and crop before manifest assignment"
"/Users/megdude/Downloads/PERKS MEDIA/IMAGES NEW /VENUES/IMG_0200.jpeg","img-0200","Identity and usage rights require review before assignment","below_90_percent","Confirm identity, role, rights and crop before manifest assignment"
"/Users/megdude/Downloads/PERKS MEDIA/IMAGES NEW /VENUES/Lustre-Pearl-Rainey-11.jpg","lustre-pearl-rainey-11","Identity and usage rights require review before assignment","below_90_percent","Confirm identity, role, rights and crop before manifest assignment"
"/Users/megdude/Downloads/PERKS MEDIA/IMAGES NEW /VENUES/bangers.jpg","bangers","Identity and usage rights require review before assignment","below_90_percent","Confirm identity, role, rights and crop before manifest assignment"
"/Users/megdude/Downloads/PERKS MEDIA/IMAGES NEW /VENUES/comedy mothership copy.png","comedy-mothership-copy","Identity and usage rights require review before assignment","below_90_percent","Confirm identity, role, rights and crop before manifest assignment"
"/Users/megdude/Downloads/PERKS MEDIA/IMAGES NEW /VENUES/comedy mothership.png","comedy-mothership","Identity and usage rights require review before assignment","below_90_percent","Confirm identity, role, rights and crop before manifest assignment"
"/Users/megdude/Downloads/PERKS MEDIA/IMAGES NEW /VENUES/lustreout_960__1_.jpg","lustreout-960-1","Identity and usage rights require review before assignment","below_90_percent","Confirm identity, role, rights and crop before manifest assignment"
"/Users/megdude/Downloads/PERKS MEDIA/IMAGES NEW /VENUES/parlor roomp-88-rainey.jpg","parlor-roomp-88-rainey","Identity and usage rights require review before assignment","below_90_percent","Confirm identity, role, rights and crop before manifest assignment"
"/Users/megdude/Downloads/PERKS MEDIA/IMAGES NEW /VENUES/pool table stay put .jpeg","pool-table-stay-put","Identity and usage rights require review before assignment","below_90_percent","Confirm identity, role, rights and crop before manifest assignment"
"/Users/megdude/Downloads/PERKS MEDIA/IMAGES NEW /VESPA ON RAINEY/2301_indRainey_model-DSC09323.jpg","2301-indrainey-model-dsc09323","Identity and usage rights require review before assignment","below_90_percent","Confirm identity, role, rights and crop before manifest assignment"
"/Users/megdude/Downloads/PERKS MEDIA/IMAGES NEW /VESPA ON RAINEY/3705-mid-DSC09596.jpg","3705-mid-dsc09596","Identity and usage rights require review before assignment","below_90_percent","Confirm identity, role, rights and crop before manifest assignment"
"/Users/megdude/Downloads/PERKS MEDIA/IMAGES NEW /VESPA ON RAINEY/About-Tower-Drone.jpg","about-tower-drone","Identity and usage rights require review before assignment","below_90_percent","Confirm identity, role, rights and crop before manifest assignment"
"/Users/megdude/Downloads/PERKS MEDIA/IMAGES NEW /VESPA ON RAINEY/Live-This-Life-Pool.jpg","live-this-life-pool","Identity and usage rights require review before assignment","below_90_percent","Confirm identity, role, rights and crop before manifest assignment"
"/Users/megdude/Downloads/PERKS MEDIA/IMAGES NEW /VESPA ON RAINEY/Rooftop-Lounge.jpg","rooftop-lounge","Identity and usage rights require review before assignment","below_90_percent","Confirm identity, role, rights and crop before manifest assignment"
"/Users/megdude/Downloads/PERKS MEDIA/IMAGES NEW /VESPA ON RAINEY/Rooftop-Pool-Lounge-1.jpg","rooftop-pool-lounge-1","Identity and usage rights require review before assignment","below_90_percent","Confirm identity, role, rights and crop before manifest assignment"
"/Users/megdude/Downloads/PERKS MEDIA/IMAGES NEW /VESPA ON RAINEY/The-Neighbors.jpg","the-neighbors","Identity and usage rights require review before assignment","below_90_percent","Confirm identity, role, rights and crop before manifest assignment"
"/Users/megdude/Downloads/PERKS MEDIA/IMAGES NEW /VESPA ON RAINEY/Vesper-Living-Room-Sunset.jpg","vesper-living-room-sunset","Identity and usage rights require review before assignment","below_90_percent","Confirm identity, role, rights and crop before manifest assignment"
"/Users/megdude/Downloads/PERKS MEDIA/IMAGES NEW /VESPA ON RAINEY/home_amen_liquor.jpg","home-amen-liquor","Identity and usage rights require review before assignment","below_90_percent","Confirm identity, role, rights and crop before manifest assignment"
"/Users/megdude/Downloads/PERKS MEDIA/IMAGES NEW /VESPA ON RAINEY/res_pent_hero-1536x913.jpg","res-pent-hero-1536x913","Identity and usage rights require review before assignment","below_90_percent","Confirm identity, role, rights and crop before manifest assignment"
"/Users/megdude/Downloads/PERKS MEDIA/IMAGES NEW /VESPA ON RAINEY/vesper_gallery_exterior-01.jpg","vesper-gallery-exterior-01","Identity and usage rights require review before assignment","below_90_percent","Confirm identity, role, rights and crop before manifest assignment"
"/Users/megdude/Downloads/PERKS MEDIA/IMAGES NEW /VESPA ON RAINEY/vesper_gallery_exterior-02.jpg","vesper-gallery-exterior-02","Identity and usage rights require review before assignment","below_90_percent","Confirm identity, role, rights and crop before manifest assignment"
"/Users/megdude/Downloads/PERKS MEDIA/IMAGES NEW /VESPA ON RAINEY/vesper_homepage_lifestyle_clubhouse.jpg","vesper-homepage-lifestyle-clubhouse","Identity and usage rights require review before assignment","below_90_percent","Confirm identity, role, rights and crop before manifest assignment"
"/Users/megdude/Downloads/PERKS MEDIA/IMAGES NEW /VESPA ON RAINEY/vesper_homepage_lifestyle_couple02.webp","vesper-homepage-lifestyle-couple02","Identity and usage rights require review before assignment","below_90_percent","Confirm identity, role, rights and crop before manifest assignment"
"/Users/megdude/Downloads/PERKS MEDIA/IMAGES NEW /VIDEO/0.NOW/ATX paddle 1.mp4","atx-paddle-1","Identity and usage rights require review before assignment","below_90_percent","Confirm identity, role, rights and crop before manifest assignment"
"/Users/megdude/Downloads/PERKS MEDIA/IMAGES NEW /VIDEO/0.NOW/meet up bar.mp4","meet-up-bar","Identity and usage rights require review before assignment","below_90_percent","Confirm identity, role, rights and crop before manifest assignment"
"/Users/megdude/Downloads/PERKS MEDIA/IMAGES NEW /VIDEO/0.NOW/paddleboard.mp4","paddleboard","Identity and usage rights require review before assignment","below_90_percent","Confirm identity, role, rights and crop before manifest assignment"
"/Users/megdude/Downloads/PERKS MEDIA/IMAGES NEW /VIDEO/0.NOW/pop up event.mp4","pop-up-event","Identity and usage rights require review before assignment","below_90_percent","Confirm identity, role, rights and crop before manifest assignment"
"/Users/megdude/Downloads/PERKS MEDIA/IMAGES NEW /VIDEO/0.NOW/welcome host .mp4","welcome-host","Identity and usage rights require review before assignment","below_90_percent","Confirm identity, role, rights and crop before manifest assignment"
"/Users/megdude/Downloads/PERKS MEDIA/IMAGES NEW /VIDEO/1. Pouring drunk.mp4","1-pouring-drunk","Identity and usage rights require review before assignment","below_90_percent","Confirm identity, role, rights and crop before manifest assignment"
"/Users/megdude/Downloads/PERKS MEDIA/IMAGES NEW /VIDEO/1.1.mp4","1-1","Identity and usage rights require review before assignment","below_90_percent","Confirm identity, role, rights and crop before manifest assignment"
"/Users/megdude/Downloads/PERKS MEDIA/IMAGES NEW /VIDEO/1.mp4","1","Identity and usage rights require review before assignment","below_90_percent","Confirm identity, role, rights and crop before manifest assignment"
"/Users/megdude/Downloads/PERKS MEDIA/IMAGES NEW /VIDEO/10.mp4","10","Identity and usage rights require review before assignment","below_90_percent","Confirm identity, role, rights and crop before manifest assignment"
"/Users/megdude/Downloads/PERKS MEDIA/IMAGES NEW /VIDEO/100.mp4","100","Identity and usage rights require review before assignment","below_90_percent","Confirm identity, role, rights and crop before manifest assignment"
"/Users/megdude/Downloads/PERKS MEDIA/IMAGES NEW /VIDEO/101.mp4","101","Identity and usage rights require review before assignment","below_90_percent","Confirm identity, role, rights and crop before manifest assignment"
"/Users/megdude/Downloads/PERKS MEDIA/IMAGES NEW /VIDEO/102.mp4","102","Identity and usage rights require review before assignment","below_90_percent","Confirm identity, role, rights and crop before manifest assignment"
"/Users/megdude/Downloads/PERKS MEDIA/IMAGES NEW /VIDEO/103.mp4","103","Identity and usage rights require review before assignment","below_90_percent","Confirm identity, role, rights and crop before manifest assignment"
"/Users/megdude/Downloads/PERKS MEDIA/IMAGES NEW /VIDEO/104.mp4","104","Identity and usage rights require review before assignment","below_90_percent","Confirm identity, role, rights and crop before manifest assignment"
"/Users/megdude/Downloads/PERKS MEDIA/IMAGES NEW /VIDEO/105.mp4","105","Identity and usage rights require review before assignment","below_90_percent","Confirm identity, role, rights and crop before manifest assignment"
"/Users/megdude/Downloads/PERKS MEDIA/IMAGES NEW /VIDEO/106.mp4","106","Identity and usage rights require review before assignment","below_90_percent","Confirm identity, role, rights and crop before manifest assignment"
"/Users/megdude/Downloads/PERKS MEDIA/IMAGES NEW /VIDEO/107.mp4","107","Identity and usage rights require review before assignment","below_90_percent","Confirm identity, role, rights and crop before manifest assignment"
"/Users/megdude/Downloads/PERKS MEDIA/IMAGES NEW /VIDEO/108.mp4","108","Identity and usage rights require review before assignment","below_90_percent","Confirm identity, role, rights and crop before manifest assignment"
"/Users/megdude/Downloads/PERKS MEDIA/IMAGES NEW /VIDEO/109.mp4","109","Identity and usage rights require review before assignment","below_90_percent","Confirm identity, role, rights and crop before manifest assignment"
"/Users/megdude/Downloads/PERKS MEDIA/IMAGES NEW /VIDEO/11.mp4","11","Identity and usage rights require review before assignment","below_90_percent","Confirm identity, role, rights and crop before manifest assignment"
"/Users/megdude/Downloads/PERKS MEDIA/IMAGES NEW /VIDEO/110.mp4","110","Identity and usage rights require review before assignment","below_90_percent","Confirm identity, role, rights and crop before manifest assignment"
"/Users/megdude/Downloads/PERKS MEDIA/IMAGES NEW /VIDEO/111.mp4","111","Identity and usage rights require review before assignment","below_90_percent","Confirm identity, role, rights and crop before manifest assignment"
"/Users/megdude/Downloads/PERKS MEDIA/IMAGES NEW /VIDEO/112.mp4","112","Identity and usage rights require review before assignment","below_90_percent","Confirm identity, role, rights and crop before manifest assignment"
"/Users/megdude/Downloads/PERKS MEDIA/IMAGES NEW /VIDEO/113.mp4","113","Identity and usage rights require review before assignment","below_90_percent","Confirm identity, role, rights and crop before manifest assignment"
"/Users/megdude/Downloads/PERKS MEDIA/IMAGES NEW /VIDEO/114.mp4","114","Identity and usage rights require review before assignment","below_90_percent","Confirm identity, role, rights and crop before manifest assignment"
"/Users/megdude/Downloads/PERKS MEDIA/IMAGES NEW /VIDEO/115.mp4","115","Identity and usage rights require review before assignment","below_90_percent","Confirm identity, role, rights and crop before manifest assignment"
"/Users/megdude/Downloads/PERKS MEDIA/IMAGES NEW /VIDEO/116.mp4","116","Identity and usage rights require review before assignment","below_90_percent","Confirm identity, role, rights and crop before manifest assignment"
"/Users/megdude/Downloads/PERKS MEDIA/IMAGES NEW /VIDEO/117.mp4","117","Identity and usage rights require review before assignment","below_90_percent","Confirm identity, role, rights and crop before manifest assignment"
"/Users/megdude/Downloads/PERKS MEDIA/IMAGES NEW /VIDEO/118.mp4","118","Identity and usage rights require review before assignment","below_90_percent","Confirm identity, role, rights and crop before manifest assignment"
"/Users/megdude/Downloads/PERKS MEDIA/IMAGES NEW /VIDEO/119.mp4","119","Identity and usage rights require review before assignment","below_90_percent","Confirm identity, role, rights and crop before manifest assignment"
"/Users/megdude/Downloads/PERKS MEDIA/IMAGES NEW /VIDEO/12.mp4","12","Identity and usage rights require review before assignment","below_90_percent","Confirm identity, role, rights and crop before manifest assignment"
"/Users/megdude/Downloads/PERKS MEDIA/IMAGES NEW /VIDEO/120.mp4","120","Identity and usage rights require review before assignment","below_90_percent","Confirm identity, role, rights and crop before manifest assignment"
"/Users/megdude/Downloads/PERKS MEDIA/IMAGES NEW /VIDEO/121.mp4","121","Identity and usage rights require review before assignment","below_90_percent","Confirm identity, role, rights and crop before manifest assignment"
"/Users/megdude/Downloads/PERKS MEDIA/IMAGES NEW /VIDEO/122.mp4","122","Identity and usage rights require review before assignment","below_90_percent","Confirm identity, role, rights and crop before manifest assignment"
"/Users/megdude/Downloads/PERKS MEDIA/IMAGES NEW /VIDEO/123.mp4","123","Identity and usage rights require review before assignment","below_90_percent","Confirm identity, role, rights and crop before manifest assignment"
"/Users/megdude/Downloads/PERKS MEDIA/IMAGES NEW /VIDEO/124.mp4","124","Identity and usage rights require review before assignment","below_90_percent","Confirm identity, role, rights and crop before manifest assignment"
"/Users/megdude/Downloads/PERKS MEDIA/IMAGES NEW /VIDEO/125.mp4","125","Identity and usage rights require review before assignment","below_90_percent","Confirm identity, role, rights and crop before manifest assignment"
"/Users/megdude/Downloads/PERKS MEDIA/IMAGES NEW /VIDEO/126.mp4","126","Identity and usage rights require review before assignment","below_90_percent","Confirm identity, role, rights and crop before manifest assignment"
"/Users/megdude/Downloads/PERKS MEDIA/IMAGES NEW /VIDEO/127.mp4","127","Identity and usage rights require review before assignment","below_90_percent","Confirm identity, role, rights and crop before manifest assignment"
"/Users/megdude/Downloads/PERKS MEDIA/IMAGES NEW /VIDEO/128.mp4","128","Identity and usage rights require review before assignment","below_90_percent","Confirm identity, role, rights and crop before manifest assignment"
"/Users/megdude/Downloads/PERKS MEDIA/IMAGES NEW /VIDEO/129.mp4","129","Identity and usage rights require review before assignment","below_90_percent","Confirm identity, role, rights and crop before manifest assignment"
"/Users/megdude/Downloads/PERKS MEDIA/IMAGES NEW /VIDEO/13.mp4","13","Identity and usage rights require review before assignment","below_90_percent","Confirm identity, role, rights and crop before manifest assignment"
"/Users/megdude/Downloads/PERKS MEDIA/IMAGES NEW /VIDEO/130.mp4","130","Identity and usage rights require review before assignment","below_90_percent","Confirm identity, role, rights and crop before manifest assignment"
"/Users/megdude/Downloads/PERKS MEDIA/IMAGES NEW /VIDEO/131.mp4","131","Identity and usage rights require review before assignment","below_90_percent","Confirm identity, role, rights and crop before manifest assignment"
"/Users/megdude/Downloads/PERKS MEDIA/IMAGES NEW /VIDEO/132.mp4","132","Identity and usage rights require review before assignment","below_90_percent","Confirm identity, role, rights and crop before manifest assignment"
"/Users/megdude/Downloads/PERKS MEDIA/IMAGES NEW /VIDEO/133.mp4","133","Identity and usage rights require review before assignment","below_90_percent","Confirm identity, role, rights and crop before manifest assignment"
"/Users/megdude/Downloads/PERKS MEDIA/IMAGES NEW /VIDEO/14.mp4","14","Identity and usage rights require review before assignment","below_90_percent","Confirm identity, role, rights and crop before manifest assignment"
"/Users/megdude/Downloads/PERKS MEDIA/IMAGES NEW /VIDEO/15.mp4","15","Identity and usage rights require review before assignment","below_90_percent","Confirm identity, role, rights and crop before manifest assignment"
"/Users/megdude/Downloads/PERKS MEDIA/IMAGES NEW /VIDEO/16.mp4","16","Identity and usage rights require review before assignment","below_90_percent","Confirm identity, role, rights and crop before manifest assignment"
"/Users/megdude/Downloads/PERKS MEDIA/IMAGES NEW /VIDEO/17.mp4","17","Identity and usage rights require review before assignment","below_90_percent","Confirm identity, role, rights and crop before manifest assignment"
"/Users/megdude/Downloads/PERKS MEDIA/IMAGES NEW /VIDEO/18.mp4","18","Identity and usage rights require review before assignment","below_90_percent","Confirm identity, role, rights and crop before manifest assignment"
"/Users/megdude/Downloads/PERKS MEDIA/IMAGES NEW /VIDEO/19.mp4","19","Identity and usage rights require review before assignment","below_90_percent","Confirm identity, role, rights and crop before manifest assignment"
"/Users/megdude/Downloads/PERKS MEDIA/IMAGES NEW /VIDEO/2 copy.mp4","2-copy","Identity and usage rights require review before assignment","below_90_percent","Confirm identity, role, rights and crop before manifest assignment"
"/Users/megdude/Downloads/PERKS MEDIA/IMAGES NEW /VIDEO/2.mp4","2","Identity and usage rights require review before assignment","below_90_percent","Confirm identity, role, rights and crop before manifest assignment"
"/Users/megdude/Downloads/PERKS MEDIA/IMAGES NEW /VIDEO/20.mp4","20","Identity and usage rights require review before assignment","below_90_percent","Confirm identity, role, rights and crop before manifest assignment"
"/Users/megdude/Downloads/PERKS MEDIA/IMAGES NEW /VIDEO/22.mp4","22","Identity and usage rights require review before assignment","below_90_percent","Confirm identity, role, rights and crop before manifest assignment"
"/Users/megdude/Downloads/PERKS MEDIA/IMAGES NEW /VIDEO/23.mp4","23","Identity and usage rights require review before assignment","below_90_percent","Confirm identity, role, rights and crop before manifest assignment"
"/Users/megdude/Downloads/PERKS MEDIA/IMAGES NEW /VIDEO/24.mp4","24","Identity and usage rights require review before assignment","below_90_percent","Confirm identity, role, rights and crop before manifest assignment"
"/Users/megdude/Downloads/PERKS MEDIA/IMAGES NEW /VIDEO/25.mp4","25","Identity and usage rights require review before assignment","below_90_percent","Confirm identity, role, rights and crop before manifest assignment"
"/Users/megdude/Downloads/PERKS MEDIA/IMAGES NEW /VIDEO/26.mp4","26","Identity and usage rights require review before assignment","below_90_percent","Confirm identity, role, rights and crop before manifest assignment"
"/Users/megdude/Downloads/PERKS MEDIA/IMAGES NEW /VIDEO/27 copy.mp4","27-copy","Identity and usage rights require review before assignment","below_90_percent","Confirm identity, role, rights and crop before manifest assignment"
"/Users/megdude/Downloads/PERKS MEDIA/IMAGES NEW /VIDEO/27.mp4","27","Identity and usage rights require review before assignment","below_90_percent","Confirm identity, role, rights and crop before manifest assignment"
"/Users/megdude/Downloads/PERKS MEDIA/IMAGES NEW /VIDEO/28 copy.mp4","28-copy","Identity and usage rights require review before assignment","below_90_percent","Confirm identity, role, rights and crop before manifest assignment"
"/Users/megdude/Downloads/PERKS MEDIA/IMAGES NEW /VIDEO/28.mp4","28","Identity and usage rights require review before assignment","below_90_percent","Confirm identity, role, rights and crop before manifest assignment"
"/Users/megdude/Downloads/PERKS MEDIA/IMAGES NEW /VIDEO/29 copy.mp4","29-copy","Identity and usage rights require review before assignment","below_90_percent","Confirm identity, role, rights and crop before manifest assignment"
"/Users/megdude/Downloads/PERKS MEDIA/IMAGES NEW /VIDEO/29.mp4","29","Identity and usage rights require review before assignment","below_90_percent","Confirm identity, role, rights and crop before manifest assignment"
"/Users/megdude/Downloads/PERKS MEDIA/IMAGES NEW /VIDEO/3.mp4","3","Identity and usage rights require review before assignment","below_90_percent","Confirm identity, role, rights and crop before manifest assignment"
"/Users/megdude/Downloads/PERKS MEDIA/IMAGES NEW /VIDEO/30.mp4","30","Identity and usage rights require review before assignment","below_90_percent","Confirm identity, role, rights and crop before manifest assignment"
"/Users/megdude/Downloads/PERKS MEDIA/IMAGES NEW /VIDEO/31 copy.mp4","31-copy","Identity and usage rights require review before assignment","below_90_percent","Confirm identity, role, rights and crop before manifest assignment"
"/Users/megdude/Downloads/PERKS MEDIA/IMAGES NEW /VIDEO/31.mp4","31","Identity and usage rights require review before assignment","below_90_percent","Confirm identity, role, rights and crop before manifest assignment"
"/Users/megdude/Downloads/PERKS MEDIA/IMAGES NEW /VIDEO/32 copy.mp4","32-copy","Identity and usage rights require review before assignment","below_90_percent","Confirm identity, role, rights and crop before manifest assignment"
"/Users/megdude/Downloads/PERKS MEDIA/IMAGES NEW /VIDEO/32.mp4","32","Identity and usage rights require review before assignment","below_90_percent","Confirm identity, role, rights and crop before manifest assignment"
"/Users/megdude/Downloads/PERKS MEDIA/IMAGES NEW /VIDEO/33 copy 2.mp4","33-copy-2","Identity and usage rights require review before assignment","below_90_percent","Confirm identity, role, rights and crop before manifest assignment"
"/Users/megdude/Downloads/PERKS MEDIA/IMAGES NEW /VIDEO/33 copy.mp4","33-copy","Identity and usage rights require review before assignment","below_90_percent","Confirm identity, role, rights and crop before manifest assignment"
"/Users/megdude/Downloads/PERKS MEDIA/IMAGES NEW /VIDEO/33.mp4","33","Identity and usage rights require review before assignment","below_90_percent","Confirm identity, role, rights and crop before manifest assignment"
"/Users/megdude/Downloads/PERKS MEDIA/IMAGES NEW /VIDEO/34 copy.mp4","34-copy","Identity and usage rights require review before assignment","below_90_percent","Confirm identity, role, rights and crop before manifest assignment"
"/Users/megdude/Downloads/PERKS MEDIA/IMAGES NEW /VIDEO/34.mp4","34","Identity and usage rights require review before assignment","below_90_percent","Confirm identity, role, rights and crop before manifest assignment"
"/Users/megdude/Downloads/PERKS MEDIA/IMAGES NEW /VIDEO/35 copy.mp4","35-copy","Identity and usage rights require review before assignment","below_90_percent","Confirm identity, role, rights and crop before manifest assignment"
"/Users/megdude/Downloads/PERKS MEDIA/IMAGES NEW /VIDEO/35.mp4","35","Identity and usage rights require review before assignment","below_90_percent","Confirm identity, role, rights and crop before manifest assignment"
"/Users/megdude/Downloads/PERKS MEDIA/IMAGES NEW /VIDEO/36.mp4","36","Identity and usage rights require review before assignment","below_90_percent","Confirm identity, role, rights and crop before manifest assignment"
"/Users/megdude/Downloads/PERKS MEDIA/IMAGES NEW /VIDEO/37.mp4","37","Identity and usage rights require review before assignment","below_90_percent","Confirm identity, role, rights and crop before manifest assignment"
"/Users/megdude/Downloads/PERKS MEDIA/IMAGES NEW /VIDEO/38.mp4","38","Identity and usage rights require review before assignment","below_90_percent","Confirm identity, role, rights and crop before manifest assignment"
"/Users/megdude/Downloads/PERKS MEDIA/IMAGES NEW /VIDEO/39.mp4","39","Identity and usage rights require review before assignment","below_90_percent","Confirm identity, role, rights and crop before manifest assignment"
"/Users/megdude/Downloads/PERKS MEDIA/IMAGES NEW /VIDEO/40.mp4","40","Identity and usage rights require review before assignment","below_90_percent","Confirm identity, role, rights and crop before manifest assignment"
"/Users/megdude/Downloads/PERKS MEDIA/IMAGES NEW /VIDEO/41.mp4","41","Identity and usage rights require review before assignment","below_90_percent","Confirm identity, role, rights and crop before manifest assignment"
"/Users/megdude/Downloads/PERKS MEDIA/IMAGES NEW /VIDEO/42.mp4","42","Identity and usage rights require review before assignment","below_90_percent","Confirm identity, role, rights and crop before manifest assignment"
"/Users/megdude/Downloads/PERKS MEDIA/IMAGES NEW /VIDEO/43.mp4","43","Identity and usage rights require review before assignment","below_90_percent","Confirm identity, role, rights and crop before manifest assignment"
"/Users/megdude/Downloads/PERKS MEDIA/IMAGES NEW /VIDEO/44.mp4","44","Identity and usage rights require review before assignment","below_90_percent","Confirm identity, role, rights and crop before manifest assignment"
"/Users/megdude/Downloads/PERKS MEDIA/IMAGES NEW /VIDEO/45.mp4","45","Identity and usage rights require review before assignment","below_90_percent","Confirm identity, role, rights and crop before manifest assignment"
"/Users/megdude/Downloads/PERKS MEDIA/IMAGES NEW /VIDEO/46.mp4","46","Identity and usage rights require review before assignment","below_90_percent","Confirm identity, role, rights and crop before manifest assignment"
"/Users/megdude/Downloads/PERKS MEDIA/IMAGES NEW /VIDEO/47 copy.mp4","47-copy","Identity and usage rights require review before assignment","below_90_percent","Confirm identity, role, rights and crop before manifest assignment"
"/Users/megdude/Downloads/PERKS MEDIA/IMAGES NEW /VIDEO/47.mp4","47","Identity and usage rights require review before assignment","below_90_percent","Confirm identity, role, rights and crop before manifest assignment"
"/Users/megdude/Downloads/PERKS MEDIA/IMAGES NEW /VIDEO/48 copy.mp4","48-copy","Identity and usage rights require review before assignment","below_90_percent","Confirm identity, role, rights and crop before manifest assignment"
"/Users/megdude/Downloads/PERKS MEDIA/IMAGES NEW /VIDEO/48.mp4","48","Identity and usage rights require review before assignment","below_90_percent","Confirm identity, role, rights and crop before manifest assignment"
"/Users/megdude/Downloads/PERKS MEDIA/IMAGES NEW /VIDEO/49 copy.mp4","49-copy","Identity and usage rights require review before assignment","below_90_percent","Confirm identity, role, rights and crop before manifest assignment"
"/Users/megdude/Downloads/PERKS MEDIA/IMAGES NEW /VIDEO/49.mp4","49","Identity and usage rights require review before assignment","below_90_percent","Confirm identity, role, rights and crop before manifest assignment"
"/Users/megdude/Downloads/PERKS MEDIA/IMAGES NEW /VIDEO/5.mp4","5","Identity and usage rights require review before assignment","below_90_percent","Confirm identity, role, rights and crop before manifest assignment"
"/Users/megdude/Downloads/PERKS MEDIA/IMAGES NEW /VIDEO/50 copy 2.mp4","50-copy-2","Identity and usage rights require review before assignment","below_90_percent","Confirm identity, role, rights and crop before manifest assignment"
"/Users/megdude/Downloads/PERKS MEDIA/IMAGES NEW /VIDEO/50 copy.mp4","50-copy","Identity and usage rights require review before assignment","below_90_percent","Confirm identity, role, rights and crop before manifest assignment"
"/Users/megdude/Downloads/PERKS MEDIA/IMAGES NEW /VIDEO/50.mp4","50","Identity and usage rights require review before assignment","below_90_percent","Confirm identity, role, rights and crop before manifest assignment"
"/Users/megdude/Downloads/PERKS MEDIA/IMAGES NEW /VIDEO/51.mp4","51","Identity and usage rights require review before assignment","below_90_percent","Confirm identity, role, rights and crop before manifest assignment"
"/Users/megdude/Downloads/PERKS MEDIA/IMAGES NEW /VIDEO/52 copy 2.mp4","52-copy-2","Identity and usage rights require review before assignment","below_90_percent","Confirm identity, role, rights and crop before manifest assignment"
"/Users/megdude/Downloads/PERKS MEDIA/IMAGES NEW /VIDEO/52 copy 3.mp4","52-copy-3","Identity and usage rights require review before assignment","below_90_percent","Confirm identity, role, rights and crop before manifest assignment"
"/Users/megdude/Downloads/PERKS MEDIA/IMAGES NEW /VIDEO/52 copy.mp4","52-copy","Identity and usage rights require review before assignment","below_90_percent","Confirm identity, role, rights and crop before manifest assignment"
"/Users/megdude/Downloads/PERKS MEDIA/IMAGES NEW /VIDEO/52.mp4","52","Identity and usage rights require review before assignment","below_90_percent","Confirm identity, role, rights and crop before manifest assignment"
"/Users/megdude/Downloads/PERKS MEDIA/IMAGES NEW /VIDEO/53 copy 2.mp4","53-copy-2","Identity and usage rights require review before assignment","below_90_percent","Confirm identity, role, rights and crop before manifest assignment"
"/Users/megdude/Downloads/PERKS MEDIA/IMAGES NEW /VIDEO/53.mp4","53","Identity and usage rights require review before assignment","below_90_percent","Confirm identity, role, rights and crop before manifest assignment"
"/Users/megdude/Downloads/PERKS MEDIA/IMAGES NEW /VIDEO/54 copy.mp4","54-copy","Identity and usage rights require review before assignment","below_90_percent","Confirm identity, role, rights and crop before manifest assignment"
"/Users/megdude/Downloads/PERKS MEDIA/IMAGES NEW /VIDEO/54.mp4","54","Identity and usage rights require review before assignment","below_90_percent","Confirm identity, role, rights and crop before manifest assignment"
"/Users/megdude/Downloads/PERKS MEDIA/IMAGES NEW /VIDEO/55 copy.mp4","55-copy","Identity and usage rights require review before assignment","below_90_percent","Confirm identity, role, rights and crop before manifest assignment"
"/Users/megdude/Downloads/PERKS MEDIA/IMAGES NEW /VIDEO/55.mp4","55","Identity and usage rights require review before assignment","below_90_percent","Confirm identity, role, rights and crop before manifest assignment"
"/Users/megdude/Downloads/PERKS MEDIA/IMAGES NEW /VIDEO/56 copy.mp4","56-copy","Identity and usage rights require review before assignment","below_90_percent","Confirm identity, role, rights and crop before manifest assignment"
"/Users/megdude/Downloads/PERKS MEDIA/IMAGES NEW /VIDEO/56.mp4","56","Identity and usage rights require review before assignment","below_90_percent","Confirm identity, role, rights and crop before manifest assignment"
"/Users/megdude/Downloads/PERKS MEDIA/IMAGES NEW /VIDEO/57 copy.mp4","57-copy","Identity and usage rights require review before assignment","below_90_percent","Confirm identity, role, rights and crop before manifest assignment"
"/Users/megdude/Downloads/PERKS MEDIA/IMAGES NEW /VIDEO/57.mp4","57","Identity and usage rights require review before assignment","below_90_percent","Confirm identity, role, rights and crop before manifest assignment"
"/Users/megdude/Downloads/PERKS MEDIA/IMAGES NEW /VIDEO/58.mp4","58","Identity and usage rights require review before assignment","below_90_percent","Confirm identity, role, rights and crop before manifest assignment"
"/Users/megdude/Downloads/PERKS MEDIA/IMAGES NEW /VIDEO/59.mp4","59","Identity and usage rights require review before assignment","below_90_percent","Confirm identity, role, rights and crop before manifest assignment"
"/Users/megdude/Downloads/PERKS MEDIA/IMAGES NEW /VIDEO/6.mp4","6","Identity and usage rights require review before assignment","below_90_percent","Confirm identity, role, rights and crop before manifest assignment"
"/Users/megdude/Downloads/PERKS MEDIA/IMAGES NEW /VIDEO/60.mp4","60","Identity and usage rights require review before assignment","below_90_percent","Confirm identity, role, rights and crop before manifest assignment"
"/Users/megdude/Downloads/PERKS MEDIA/IMAGES NEW /VIDEO/61.mp4","61","Identity and usage rights require review before assignment","below_90_percent","Confirm identity, role, rights and crop before manifest assignment"
"/Users/megdude/Downloads/PERKS MEDIA/IMAGES NEW /VIDEO/62.mp4","62","Identity and usage rights require review before assignment","below_90_percent","Confirm identity, role, rights and crop before manifest assignment"
"/Users/megdude/Downloads/PERKS MEDIA/IMAGES NEW /VIDEO/63.mp4","63","Identity and usage rights require review before assignment","below_90_percent","Confirm identity, role, rights and crop before manifest assignment"
"/Users/megdude/Downloads/PERKS MEDIA/IMAGES NEW /VIDEO/64.mp4","64","Identity and usage rights require review before assignment","below_90_percent","Confirm identity, role, rights and crop before manifest assignment"
"/Users/megdude/Downloads/PERKS MEDIA/IMAGES NEW /VIDEO/65.mp4","65","Identity and usage rights require review before assignment","below_90_percent","Confirm identity, role, rights and crop before manifest assignment"
"/Users/megdude/Downloads/PERKS MEDIA/IMAGES NEW /VIDEO/66.mp4","66","Identity and usage rights require review before assignment","below_90_percent","Confirm identity, role, rights and crop before manifest assignment"
"/Users/megdude/Downloads/PERKS MEDIA/IMAGES NEW /VIDEO/67.mp4","67","Identity and usage rights require review before assignment","below_90_percent","Confirm identity, role, rights and crop before manifest assignment"
"/Users/megdude/Downloads/PERKS MEDIA/IMAGES NEW /VIDEO/68.mp4","68","Identity and usage rights require review before assignment","below_90_percent","Confirm identity, role, rights and crop before manifest assignment"
"/Users/megdude/Downloads/PERKS MEDIA/IMAGES NEW /VIDEO/69.mp4","69","Identity and usage rights require review before assignment","below_90_percent","Confirm identity, role, rights and crop before manifest assignment"
"/Users/megdude/Downloads/PERKS MEDIA/IMAGES NEW /VIDEO/7.mp4","7","Identity and usage rights require review before assignment","below_90_percent","Confirm identity, role, rights and crop before manifest assignment"
"/Users/megdude/Downloads/PERKS MEDIA/IMAGES NEW /VIDEO/70.mp4","70","Identity and usage rights require review before assignment","below_90_percent","Confirm identity, role, rights and crop before manifest assignment"
"/Users/megdude/Downloads/PERKS MEDIA/IMAGES NEW /VIDEO/71.mp4","71","Identity and usage rights require review before assignment","below_90_percent","Confirm identity, role, rights and crop before manifest assignment"
"/Users/megdude/Downloads/PERKS MEDIA/IMAGES NEW /VIDEO/72.mp4","72","Identity and usage rights require review before assignment","below_90_percent","Confirm identity, role, rights and crop before manifest assignment"
"/Users/megdude/Downloads/PERKS MEDIA/IMAGES NEW /VIDEO/73.mp4","73","Identity and usage rights require review before assignment","below_90_percent","Confirm identity, role, rights and crop before manifest assignment"
"/Users/megdude/Downloads/PERKS MEDIA/IMAGES NEW /VIDEO/74.mp4","74","Identity and usage rights require review before assignment","below_90_percent","Confirm identity, role, rights and crop before manifest assignment"
"/Users/megdude/Downloads/PERKS MEDIA/IMAGES NEW /VIDEO/75.mp4","75","Identity and usage rights require review before assignment","below_90_percent","Confirm identity, role, rights and crop before manifest assignment"
"/Users/megdude/Downloads/PERKS MEDIA/IMAGES NEW /VIDEO/76.mp4","76","Identity and usage rights require review before assignment","below_90_percent","Confirm identity, role, rights and crop before manifest assignment"
"/Users/megdude/Downloads/PERKS MEDIA/IMAGES NEW /VIDEO/77.mp4","77","Identity and usage rights require review before assignment","below_90_percent","Confirm identity, role, rights and crop before manifest assignment"
"/Users/megdude/Downloads/PERKS MEDIA/IMAGES NEW /VIDEO/78.mp4","78","Identity and usage rights require review before assignment","below_90_percent","Confirm identity, role, rights and crop before manifest assignment"
"/Users/megdude/Downloads/PERKS MEDIA/IMAGES NEW /VIDEO/79.mp4","79","Identity and usage rights require review before assignment","below_90_percent","Confirm identity, role, rights and crop before manifest assignment"
"/Users/megdude/Downloads/PERKS MEDIA/IMAGES NEW /VIDEO/8.mp4","8","Identity and usage rights require review before assignment","below_90_percent","Confirm identity, role, rights and crop before manifest assignment"
"/Users/megdude/Downloads/PERKS MEDIA/IMAGES NEW /VIDEO/80.mp4","80","Identity and usage rights require review before assignment","below_90_percent","Confirm identity, role, rights and crop before manifest assignment"
"/Users/megdude/Downloads/PERKS MEDIA/IMAGES NEW /VIDEO/81.mp4","81","Identity and usage rights require review before assignment","below_90_percent","Confirm identity, role, rights and crop before manifest assignment"
"/Users/megdude/Downloads/PERKS MEDIA/IMAGES NEW /VIDEO/82.mp4","82","Identity and usage rights require review before assignment","below_90_percent","Confirm identity, role, rights and crop before manifest assignment"
"/Users/megdude/Downloads/PERKS MEDIA/IMAGES NEW /VIDEO/83.mp4","83","Identity and usage rights require review before assignment","below_90_percent","Confirm identity, role, rights and crop before manifest assignment"
"/Users/megdude/Downloads/PERKS MEDIA/IMAGES NEW /VIDEO/84.mp4","84","Identity and usage rights require review before assignment","below_90_percent","Confirm identity, role, rights and crop before manifest assignment"
"/Users/megdude/Downloads/PERKS MEDIA/IMAGES NEW /VIDEO/85.mp4","85","Identity and usage rights require review before assignment","below_90_percent","Confirm identity, role, rights and crop before manifest assignment"
"/Users/megdude/Downloads/PERKS MEDIA/IMAGES NEW /VIDEO/86.mp4","86","Identity and usage rights require review before assignment","below_90_percent","Confirm identity, role, rights and crop before manifest assignment"
"/Users/megdude/Downloads/PERKS MEDIA/IMAGES NEW /VIDEO/87.mp4","87","Identity and usage rights require review before assignment","below_90_percent","Confirm identity, role, rights and crop before manifest assignment"
"/Users/megdude/Downloads/PERKS MEDIA/IMAGES NEW /VIDEO/88.mp4","88","Identity and usage rights require review before assignment","below_90_percent","Confirm identity, role, rights and crop before manifest assignment"
"/Users/megdude/Downloads/PERKS MEDIA/IMAGES NEW /VIDEO/89.mp4","89","Identity and usage rights require review before assignment","below_90_percent","Confirm identity, role, rights and crop before manifest assignment"
"/Users/megdude/Downloads/PERKS MEDIA/IMAGES NEW /VIDEO/9.mp4","9","Identity and usage rights require review before assignment","below_90_percent","Confirm identity, role, rights and crop before manifest assignment"
"/Users/megdude/Downloads/PERKS MEDIA/IMAGES NEW /VIDEO/90.mp4","90","Identity and usage rights require review before assignment","below_90_percent","Confirm identity, role, rights and crop before manifest assignment"
"/Users/megdude/Downloads/PERKS MEDIA/IMAGES NEW /VIDEO/91.mp4","91","Identity and usage rights require review before assignment","below_90_percent","Confirm identity, role, rights and crop before manifest assignment"
"/Users/megdude/Downloads/PERKS MEDIA/IMAGES NEW /VIDEO/92.mp4","92","Identity and usage rights require review before assignment","below_90_percent","Confirm identity, role, rights and crop before manifest assignment"
"/Users/megdude/Downloads/PERKS MEDIA/IMAGES NEW /VIDEO/93.mp4","93","Identity and usage rights require review before assignment","below_90_percent","Confirm identity, role, rights and crop before manifest assignment"
"/Users/megdude/Downloads/PERKS MEDIA/IMAGES NEW /VIDEO/94.mp4","94","Identity and usage rights require review before assignment","below_90_percent","Confirm identity, role, rights and crop before manifest assignment"
"/Users/megdude/Downloads/PERKS MEDIA/IMAGES NEW /VIDEO/95.mp4","95","Identity and usage rights require review before assignment","below_90_percent","Confirm identity, role, rights and crop before manifest assignment"
"/Users/megdude/Downloads/PERKS MEDIA/IMAGES NEW /VIDEO/96.mp4","96","Identity and usage rights require review before assignment","below_90_percent","Confirm identity, role, rights and crop before manifest assignment"
"/Users/megdude/Downloads/PERKS MEDIA/IMAGES NEW /VIDEO/97.mp4","97","Identity and usage rights require review before assignment","below_90_percent","Confirm identity, role, rights and crop before manifest assignment"
"/Users/megdude/Downloads/PERKS MEDIA/IMAGES NEW /VIDEO/98.mp4","98","Identity and usage rights require review before assignment","below_90_percent","Confirm identity, role, rights and crop before manifest assignment"
"/Users/megdude/Downloads/PERKS MEDIA/IMAGES NEW /VIDEO/99.mp4","99","Identity and usage rights require review before assignment","below_90_percent","Confirm identity, role, rights and crop before manifest assignment"
"/Users/megdude/Downloads/PERKS MEDIA/IMAGES NEW /VIDEO/ALL VIDS/1.mp4","1","Identity and usage rights require review before assignment","below_90_percent","Confirm identity, role, rights and crop before manifest assignment"
"/Users/megdude/Downloads/PERKS MEDIA/IMAGES NEW /VIDEO/ALL VIDS/10.mp4","10","Identity and usage rights require review before assignment","below_90_percent","Confirm identity, role, rights and crop before manifest assignment"
"/Users/megdude/Downloads/PERKS MEDIA/IMAGES NEW /VIDEO/ALL VIDS/11.mp4","11","Identity and usage rights require review before assignment","below_90_percent","Confirm identity, role, rights and crop before manifest assignment"
"/Users/megdude/Downloads/PERKS MEDIA/IMAGES NEW /VIDEO/ALL VIDS/12.mp4","12","Identity and usage rights require review before assignment","below_90_percent","Confirm identity, role, rights and crop before manifest assignment"
"/Users/megdude/Downloads/PERKS MEDIA/IMAGES NEW /VIDEO/ALL VIDS/13.mp4","13","Identity and usage rights require review before assignment","below_90_percent","Confirm identity, role, rights and crop before manifest assignment"
"/Users/megdude/Downloads/PERKS MEDIA/IMAGES NEW /VIDEO/ALL VIDS/14.mp4","14","Identity and usage rights require review before assignment","below_90_percent","Confirm identity, role, rights and crop before manifest assignment"
"/Users/megdude/Downloads/PERKS MEDIA/IMAGES NEW /VIDEO/ALL VIDS/15.mp4","15","Identity and usage rights require review before assignment","below_90_percent","Confirm identity, role, rights and crop before manifest assignment"
"/Users/megdude/Downloads/PERKS MEDIA/IMAGES NEW /VIDEO/ALL VIDS/16.mp4","16","Identity and usage rights require review before assignment","below_90_percent","Confirm identity, role, rights and crop before manifest assignment"
"/Users/megdude/Downloads/PERKS MEDIA/IMAGES NEW /VIDEO/ALL VIDS/17.mp4","17","Identity and usage rights require review before assignment","below_90_percent","Confirm identity, role, rights and crop before manifest assignment"
"/Users/megdude/Downloads/PERKS MEDIA/IMAGES NEW /VIDEO/ALL VIDS/18.mp4","18","Identity and usage rights require review before assignment","below_90_percent","Confirm identity, role, rights and crop before manifest assignment"
"/Users/megdude/Downloads/PERKS MEDIA/IMAGES NEW /VIDEO/ALL VIDS/19.mp4","19","Identity and usage rights require review before assignment","below_90_percent","Confirm identity, role, rights and crop before manifest assignment"
"/Users/megdude/Downloads/PERKS MEDIA/IMAGES NEW /VIDEO/ALL VIDS/2.mp4","2","Identity and usage rights require review before assignment","below_90_percent","Confirm identity, role, rights and crop before manifest assignment"
"/Users/megdude/Downloads/PERKS MEDIA/IMAGES NEW /VIDEO/ALL VIDS/20.mp4","20","Identity and usage rights require review before assignment","below_90_percent","Confirm identity, role, rights and crop before manifest assignment"
"/Users/megdude/Downloads/PERKS MEDIA/IMAGES NEW /VIDEO/ALL VIDS/21.mp4","21","Identity and usage rights require review before assignment","below_90_percent","Confirm identity, role, rights and crop before manifest assignment"
"/Users/megdude/Downloads/PERKS MEDIA/IMAGES NEW /VIDEO/ALL VIDS/22.mp4","22","Identity and usage rights require review before assignment","below_90_percent","Confirm identity, role, rights and crop before manifest assignment"
"/Users/megdude/Downloads/PERKS MEDIA/IMAGES NEW /VIDEO/ALL VIDS/23.mp4","23","Identity and usage rights require review before assignment","below_90_percent","Confirm identity, role, rights and crop before manifest assignment"
"/Users/megdude/Downloads/PERKS MEDIA/IMAGES NEW /VIDEO/ALL VIDS/24.mp4","24","Identity and usage rights require review before assignment","below_90_percent","Confirm identity, role, rights and crop before manifest assignment"
"/Users/megdude/Downloads/PERKS MEDIA/IMAGES NEW /VIDEO/ALL VIDS/26.mp4","26","Identity and usage rights require review before assignment","below_90_percent","Confirm identity, role, rights and crop before manifest assignment"
"/Users/megdude/Downloads/PERKS MEDIA/IMAGES NEW /VIDEO/ALL VIDS/27.mp4","27","Identity and usage rights require review before assignment","below_90_percent","Confirm identity, role, rights and crop before manifest assignment"
"/Users/megdude/Downloads/PERKS MEDIA/IMAGES NEW /VIDEO/ALL VIDS/28.mp4","28","Identity and usage rights require review before assignment","below_90_percent","Confirm identity, role, rights and crop before manifest assignment"
"/Users/megdude/Downloads/PERKS MEDIA/IMAGES NEW /VIDEO/ALL VIDS/3.mp4","3","Identity and usage rights require review before assignment","below_90_percent","Confirm identity, role, rights and crop before manifest assignment"
"/Users/megdude/Downloads/PERKS MEDIA/IMAGES NEW /VIDEO/ALL VIDS/30.mp4","30","Identity and usage rights require review before assignment","below_90_percent","Confirm identity, role, rights and crop before manifest assignment"
"/Users/megdude/Downloads/PERKS MEDIA/IMAGES NEW /VIDEO/ALL VIDS/31.mp4","31","Identity and usage rights require review before assignment","below_90_percent","Confirm identity, role, rights and crop before manifest assignment"
"/Users/megdude/Downloads/PERKS MEDIA/IMAGES NEW /VIDEO/ALL VIDS/33.mp4","33","Identity and usage rights require review before assignment","below_90_percent","Confirm identity, role, rights and crop before manifest assignment"
"/Users/megdude/Downloads/PERKS MEDIA/IMAGES NEW /VIDEO/ALL VIDS/34.mp4","34","Identity and usage rights require review before assignment","below_90_percent","Confirm identity, role, rights and crop before manifest assignment"
"/Users/megdude/Downloads/PERKS MEDIA/IMAGES NEW /VIDEO/ALL VIDS/35.mp4","35","Identity and usage rights require review before assignment","below_90_percent","Confirm identity, role, rights and crop before manifest assignment"
"/Users/megdude/Downloads/PERKS MEDIA/IMAGES NEW /VIDEO/ALL VIDS/36.mp4","36","Identity and usage rights require review before assignment","below_90_percent","Confirm identity, role, rights and crop before manifest assignment"
"/Users/megdude/Downloads/PERKS MEDIA/IMAGES NEW /VIDEO/ALL VIDS/37.mp4","37","Identity and usage rights require review before assignment","below_90_percent","Confirm identity, role, rights and crop before manifest assignment"
"/Users/megdude/Downloads/PERKS MEDIA/IMAGES NEW /VIDEO/ALL VIDS/38.mp4","38","Identity and usage rights require review before assignment","below_90_percent","Confirm identity, role, rights and crop before manifest assignment"
"/Users/megdude/Downloads/PERKS MEDIA/IMAGES NEW /VIDEO/ALL VIDS/39.mp4","39","Identity and usage rights require review before assignment","below_90_percent","Confirm identity, role, rights and crop before manifest assignment"
"/Users/megdude/Downloads/PERKS MEDIA/IMAGES NEW /VIDEO/ALL VIDS/4.mp4","4","Identity and usage rights require review before assignment","below_90_percent","Confirm identity, role, rights and crop before manifest assignment"
"/Users/megdude/Downloads/PERKS MEDIA/IMAGES NEW /VIDEO/ALL VIDS/40.mp4","40","Identity and usage rights require review before assignment","below_90_percent","Confirm identity, role, rights and crop before manifest assignment"
"/Users/megdude/Downloads/PERKS MEDIA/IMAGES NEW /VIDEO/ALL VIDS/41.mp4","41","Identity and usage rights require review before assignment","below_90_percent","Confirm identity, role, rights and crop before manifest assignment"
"/Users/megdude/Downloads/PERKS MEDIA/IMAGES NEW /VIDEO/ALL VIDS/42.mp4","42","Identity and usage rights require review before assignment","below_90_percent","Confirm identity, role, rights and crop before manifest assignment"
"/Users/megdude/Downloads/PERKS MEDIA/IMAGES NEW /VIDEO/ALL VIDS/43.mp4","43","Identity and usage rights require review before assignment","below_90_percent","Confirm identity, role, rights and crop before manifest assignment"
"/Users/megdude/Downloads/PERKS MEDIA/IMAGES NEW /VIDEO/ALL VIDS/44.mp4","44","Identity and usage rights require review before assignment","below_90_percent","Confirm identity, role, rights and crop before manifest assignment"
"/Users/megdude/Downloads/PERKS MEDIA/IMAGES NEW /VIDEO/ALL VIDS/45.mp4","45","Identity and usage rights require review before assignment","below_90_percent","Confirm identity, role, rights and crop before manifest assignment"
"/Users/megdude/Downloads/PERKS MEDIA/IMAGES NEW /VIDEO/ALL VIDS/46.mp4","46","Identity and usage rights require review before assignment","below_90_percent","Confirm identity, role, rights and crop before manifest assignment"
"/Users/megdude/Downloads/PERKS MEDIA/IMAGES NEW /VIDEO/ALL VIDS/47.mp4","47","Identity and usage rights require review before assignment","below_90_percent","Confirm identity, role, rights and crop before manifest assignment"
"/Users/megdude/Downloads/PERKS MEDIA/IMAGES NEW /VIDEO/ALL VIDS/48.mp4","48","Identity and usage rights require review before assignment","below_90_percent","Confirm identity, role, rights and crop before manifest assignment"
"/Users/megdude/Downloads/PERKS MEDIA/IMAGES NEW /VIDEO/ALL VIDS/49.mp4","49","Identity and usage rights require review before assignment","below_90_percent","Confirm identity, role, rights and crop before manifest assignment"
"/Users/megdude/Downloads/PERKS MEDIA/IMAGES NEW /VIDEO/ALL VIDS/5.mp4","5","Identity and usage rights require review before assignment","below_90_percent","Confirm identity, role, rights and crop before manifest assignment"
"/Users/megdude/Downloads/PERKS MEDIA/IMAGES NEW /VIDEO/ALL VIDS/50.mp4","50","Identity and usage rights require review before assignment","below_90_percent","Confirm identity, role, rights and crop before manifest assignment"
"/Users/megdude/Downloads/PERKS MEDIA/IMAGES NEW /VIDEO/ALL VIDS/51.mp4","51","Identity and usage rights require review before assignment","below_90_percent","Confirm identity, role, rights and crop before manifest assignment"
"/Users/megdude/Downloads/PERKS MEDIA/IMAGES NEW /VIDEO/ALL VIDS/52.mp4","52","Identity and usage rights require review before assignment","below_90_percent","Confirm identity, role, rights and crop before manifest assignment"
"/Users/megdude/Downloads/PERKS MEDIA/IMAGES NEW /VIDEO/ALL VIDS/53.mp4","53","Identity and usage rights require review before assignment","below_90_percent","Confirm identity, role, rights and crop before manifest assignment"
"/Users/megdude/Downloads/PERKS MEDIA/IMAGES NEW /VIDEO/ALL VIDS/54.mp4","54","Identity and usage rights require review before assignment","below_90_percent","Confirm identity, role, rights and crop before manifest assignment"
"/Users/megdude/Downloads/PERKS MEDIA/IMAGES NEW /VIDEO/ALL VIDS/55.mp4","55","Identity and usage rights require review before assignment","below_90_percent","Confirm identity, role, rights and crop before manifest assignment"
"/Users/megdude/Downloads/PERKS MEDIA/IMAGES NEW /VIDEO/ALL VIDS/56.mp4","56","Identity and usage rights require review before assignment","below_90_percent","Confirm identity, role, rights and crop before manifest assignment"
"/Users/megdude/Downloads/PERKS MEDIA/IMAGES NEW /VIDEO/ALL VIDS/57.mp4","57","Identity and usage rights require review before assignment","below_90_percent","Confirm identity, role, rights and crop before manifest assignment"
"/Users/megdude/Downloads/PERKS MEDIA/IMAGES NEW /VIDEO/ALL VIDS/58.mp4","58","Identity and usage rights require review before assignment","below_90_percent","Confirm identity, role, rights and crop before manifest assignment"
"/Users/megdude/Downloads/PERKS MEDIA/IMAGES NEW /VIDEO/ALL VIDS/59.mp4","59","Identity and usage rights require review before assignment","below_90_percent","Confirm identity, role, rights and crop before manifest assignment"
"/Users/megdude/Downloads/PERKS MEDIA/IMAGES NEW /VIDEO/ALL VIDS/6.mp4","6","Identity and usage rights require review before assignment","below_90_percent","Confirm identity, role, rights and crop before manifest assignment"
"/Users/megdude/Downloads/PERKS MEDIA/IMAGES NEW /VIDEO/ALL VIDS/60.mp4","60","Identity and usage rights require review before assignment","below_90_percent","Confirm identity, role, rights and crop before manifest assignment"
"/Users/megdude/Downloads/PERKS MEDIA/IMAGES NEW /VIDEO/ALL VIDS/61.mp4","61","Identity and usage rights require review before assignment","below_90_percent","Confirm identity, role, rights and crop before manifest assignment"
"/Users/megdude/Downloads/PERKS MEDIA/IMAGES NEW /VIDEO/ALL VIDS/62.mp4","62","Identity and usage rights require review before assignment","below_90_percent","Confirm identity, role, rights and crop before manifest assignment"
"/Users/megdude/Downloads/PERKS MEDIA/IMAGES NEW /VIDEO/ALL VIDS/63.mp4","63","Identity and usage rights require review before assignment","below_90_percent","Confirm identity, role, rights and crop before manifest assignment"
"/Users/megdude/Downloads/PERKS MEDIA/IMAGES NEW /VIDEO/ALL VIDS/64.mp4","64","Identity and usage rights require review before assignment","below_90_percent","Confirm identity, role, rights and crop before manifest assignment"
"/Users/megdude/Downloads/PERKS MEDIA/IMAGES NEW /VIDEO/ALL VIDS/65.mp4","65","Identity and usage rights require review before assignment","below_90_percent","Confirm identity, role, rights and crop before manifest assignment"
"/Users/megdude/Downloads/PERKS MEDIA/IMAGES NEW /VIDEO/ALL VIDS/66.mp4","66","Identity and usage rights require review before assignment","below_90_percent","Confirm identity, role, rights and crop before manifest assignment"
"/Users/megdude/Downloads/PERKS MEDIA/IMAGES NEW /VIDEO/ALL VIDS/67.mp4","67","Identity and usage rights require review before assignment","below_90_percent","Confirm identity, role, rights and crop before manifest assignment"
"/Users/megdude/Downloads/PERKS MEDIA/IMAGES NEW /VIDEO/ALL VIDS/68.mp4","68","Identity and usage rights require review before assignment","below_90_percent","Confirm identity, role, rights and crop before manifest assignment"
"/Users/megdude/Downloads/PERKS MEDIA/IMAGES NEW /VIDEO/ALL VIDS/69.mp4","69","Identity and usage rights require review before assignment","below_90_percent","Confirm identity, role, rights and crop before manifest assignment"
"/Users/megdude/Downloads/PERKS MEDIA/IMAGES NEW /VIDEO/ALL VIDS/7.mp4","7","Identity and usage rights require review before assignment","below_90_percent","Confirm identity, role, rights and crop before manifest assignment"
"/Users/megdude/Downloads/PERKS MEDIA/IMAGES NEW /VIDEO/ALL VIDS/70.mp4","70","Identity and usage rights require review before assignment","below_90_percent","Confirm identity, role, rights and crop before manifest assignment"
"/Users/megdude/Downloads/PERKS MEDIA/IMAGES NEW /VIDEO/ALL VIDS/71.mp4","71","Identity and usage rights require review before assignment","below_90_percent","Confirm identity, role, rights and crop before manifest assignment"
"/Users/megdude/Downloads/PERKS MEDIA/IMAGES NEW /VIDEO/ALL VIDS/72.mp4","72","Identity and usage rights require review before assignment","below_90_percent","Confirm identity, role, rights and crop before manifest assignment"
"/Users/megdude/Downloads/PERKS MEDIA/IMAGES NEW /VIDEO/ALL VIDS/73.mp4","73","Identity and usage rights require review before assignment","below_90_percent","Confirm identity, role, rights and crop before manifest assignment"
"/Users/megdude/Downloads/PERKS MEDIA/IMAGES NEW /VIDEO/ALL VIDS/8.mp4","8","Identity and usage rights require review before assignment","below_90_percent","Confirm identity, role, rights and crop before manifest assignment"
"/Users/megdude/Downloads/PERKS MEDIA/IMAGES NEW /VIDEO/ALL VIDS/9.mp4","9","Identity and usage rights require review before assignment","below_90_percent","Confirm identity, role, rights and crop before manifest assignment"
"/Users/megdude/Downloads/PERKS MEDIA/IMAGES NEW /VIDEO/ALL VIDS/district placement.mp4","district-placement","Identity and usage rights require review before assignment","below_90_percent","Confirm identity, role, rights and crop before manifest assignment"
"/Users/megdude/Downloads/PERKS MEDIA/IMAGES NEW /VIDEO/ALL VIDS/qr engagement.mp4","qr-engagement","Identity and usage rights require review before assignment","below_90_percent","Confirm identity, role, rights and crop before manifest assignment"
"/Users/megdude/Downloads/PERKS MEDIA/IMAGES NEW /VIDEO/ALL VIDS/year round map visibility.mp4","year-round-map-visibility","Identity and usage rights require review before assignment","below_90_percent","Confirm identity, role, rights and crop before manifest assignment"
"/Users/megdude/Downloads/PERKS MEDIA/IMAGES NEW /VIDEO/ATX Animation 2.mp4","atx-animation-2","Identity and usage rights require review before assignment","below_90_percent","Confirm identity, role, rights and crop before manifest assignment"
"/Users/megdude/Downloads/PERKS MEDIA/IMAGES NEW /VIDEO/ATX Animation 3.mp4","atx-animation-3","Identity and usage rights require review before assignment","below_90_percent","Confirm identity, role, rights and crop before manifest assignment"
"/Users/megdude/Downloads/PERKS MEDIA/IMAGES NEW /VIDEO/ATX Animation 5.mp4","atx-animation-5","Identity and usage rights require review before assignment","below_90_percent","Confirm identity, role, rights and crop before manifest assignment"
"/Users/megdude/Downloads/PERKS MEDIA/IMAGES NEW /VIDEO/ATX happy hour.mp4","atx-happy-hour","Identity and usage rights require review before assignment","below_90_percent","Confirm identity, role, rights and crop before manifest assignment"
"/Users/megdude/Downloads/PERKS MEDIA/IMAGES NEW /VIDEO/ATX paddle .mp4","atx-paddle","Identity and usage rights require review before assignment","below_90_percent","Confirm identity, role, rights and crop before manifest assignment"
"/Users/megdude/Downloads/PERKS MEDIA/IMAGES NEW /VIDEO/ATX timelapse.mp4","atx-timelapse","Identity and usage rights require review before assignment","below_90_percent","Confirm identity, role, rights and crop before manifest assignment"
"/Users/megdude/Downloads/PERKS MEDIA/IMAGES NEW /VIDEO/Austin Animation.mp4","austin-animation","Identity and usage rights require review before assignment","below_90_percent","Confirm identity, role, rights and crop before manifest assignment"
"/Users/megdude/Downloads/PERKS MEDIA/IMAGES NEW /VIDEO/Brand Partners.mp4","brand-partners","Identity and usage rights require review before assignment","below_90_percent","Confirm identity, role, rights and crop before manifest assignment"
"/Users/megdude/Downloads/PERKS MEDIA/IMAGES NEW /VIDEO/Cheers.mp4","cheers","Identity and usage rights require review before assignment","below_90_percent","Confirm identity, role, rights and crop before manifest assignment"
"/Users/megdude/Downloads/PERKS MEDIA/IMAGES NEW /VIDEO/Civic Trail.mp4","civic-trail","Identity and usage rights require review before assignment","below_90_percent","Confirm identity, role, rights and crop before manifest assignment"
"/Users/megdude/Downloads/PERKS MEDIA/IMAGES NEW /VIDEO/DAA/DAA Art Walk BRIGHT.mp4","daa-art-walk-bright","Identity and usage rights require review before assignment","below_90_percent","Confirm identity, role, rights and crop before manifest assignment"
"/Users/megdude/Downloads/PERKS MEDIA/IMAGES NEW /VIDEO/DAA/DAA Art Walk.mp4","daa-art-walk","Identity and usage rights require review before assignment","below_90_percent","Confirm identity, role, rights and crop before manifest assignment"
"/Users/megdude/Downloads/PERKS MEDIA/IMAGES NEW /VIDEO/DAA/DAA BIke Lanes BRIGHT.mp4","daa-bike-lanes-bright","Identity and usage rights require review before assignment","below_90_percent","Confirm identity, role, rights and crop before manifest assignment"
"/Users/megdude/Downloads/PERKS MEDIA/IMAGES NEW /VIDEO/DAA/DAA BIke Lanes.mp4","daa-bike-lanes","Identity and usage rights require review before assignment","below_90_percent","Confirm identity, role, rights and crop before manifest assignment"
"/Users/megdude/Downloads/PERKS MEDIA/IMAGES NEW /VIDEO/DAA/DAA Full Waterloo Video.mp4","daa-full-waterloo-video","Identity and usage rights require review before assignment","below_90_percent","Confirm identity, role, rights and crop before manifest assignment"
"/Users/megdude/Downloads/PERKS MEDIA/IMAGES NEW /VIDEO/DAA/DAA Full Welcome to Downtown.mp4","daa-full-welcome-to-downtown","Identity and usage rights require review before assignment","below_90_percent","Confirm identity, role, rights and crop before manifest assignment"
"/Users/megdude/Downloads/PERKS MEDIA/IMAGES NEW /VIDEO/DAA/DAA Waterloo Loop BRIGHT.mp4","daa-waterloo-loop-bright","Identity and usage rights require review before assignment","below_90_percent","Confirm identity, role, rights and crop before manifest assignment"
"/Users/megdude/Downloads/PERKS MEDIA/IMAGES NEW /VIDEO/DAA/DAA Waterloo Loop.mp4","daa-waterloo-loop","Identity and usage rights require review before assignment","below_90_percent","Confirm identity, role, rights and crop before manifest assignment"
"/Users/megdude/Downloads/PERKS MEDIA/IMAGES NEW /VIDEO/DAA/DAA Welcome to Downtown 6th Street.mp4","daa-welcome-to-downtown-6th-street","Identity and usage rights require review before assignment","below_90_percent","Confirm identity, role, rights and crop before manifest assignment"
"/Users/megdude/Downloads/PERKS MEDIA/IMAGES NEW /VIDEO/DAA/DAA Welcome to Downtown Art.mp4","daa-welcome-to-downtown-art","Identity and usage rights require review before assignment","below_90_percent","Confirm identity, role, rights and crop before manifest assignment"
"/Users/megdude/Downloads/PERKS MEDIA/IMAGES NEW /VIDEO/DAA/DAA Welcome to Downtown Congress.mp4","daa-welcome-to-downtown-congress","Identity and usage rights require review before assignment","below_90_percent","Confirm identity, role, rights and crop before manifest assignment"
"/Users/megdude/Downloads/PERKS MEDIA/IMAGES NEW /VIDEO/DAA/DAA Welcome to Downtown Event.mp4","daa-welcome-to-downtown-event","Identity and usage rights require review before assignment","below_90_percent","Confirm identity, role, rights and crop before manifest assignment"
"/Users/megdude/Downloads/PERKS MEDIA/IMAGES NEW /VIDEO/DAA/DAA Welcome to Downtown Second Street.mp4","daa-welcome-to-downtown-second-street","Identity and usage rights require review before assignment","below_90_percent","Confirm identity, role, rights and crop before manifest assignment"
"/Users/megdude/Downloads/PERKS MEDIA/IMAGES NEW /VIDEO/DAA/HRivian Electric Charging.mp4","hrivian-electric-charging","Identity and usage rights require review before assignment","below_90_percent","Confirm identity, role, rights and crop before manifest assignment"
"/Users/megdude/Downloads/PERKS MEDIA/IMAGES NEW /VIDEO/DAA/RIVIAN lifestyle.mp4","rivian-lifestyle","Identity and usage rights require review before assignment","below_90_percent","Confirm identity, role, rights and crop before manifest assignment"
"/Users/megdude/Downloads/PERKS MEDIA/IMAGES NEW /VIDEO/DAA/Rivian Activation.mp4","rivian-activation","Identity and usage rights require review before assignment","below_90_percent","Confirm identity, role, rights and crop before manifest assignment"
"/Users/megdude/Downloads/PERKS MEDIA/IMAGES NEW /VIDEO/DAA/Rivian Rides.mp4","rivian-rides","Identity and usage rights require review before assignment","below_90_percent","Confirm identity, role, rights and crop before manifest assignment"
"/Users/megdude/Downloads/PERKS MEDIA/IMAGES NEW /VIDEO/Dashboard.mp4","dashboard","Identity and usage rights require review before assignment","below_90_percent","Confirm identity, role, rights and crop before manifest assignment"
"/Users/megdude/Downloads/PERKS MEDIA/IMAGES NEW /VIDEO/Discover Downtown.mp4","discover-downtown","Identity and usage rights require review before assignment","below_90_percent","Confirm identity, role, rights and crop before manifest assignment"
"/Users/megdude/Downloads/PERKS MEDIA/IMAGES NEW /VIDEO/Downtown ATX.mp4","downtown-atx","Identity and usage rights require review before assignment","below_90_percent","Confirm identity, role, rights and crop before manifest assignment"
"/Users/megdude/Downloads/PERKS MEDIA/IMAGES NEW /VIDEO/Downtown Austin Pan.mp4","downtown-austin-pan","Identity and usage rights require review before assignment","below_90_percent","Confirm identity, role, rights and crop before manifest assignment"
"/Users/megdude/Downloads/PERKS MEDIA/IMAGES NEW /VIDEO/Downtown Austin Street View.mp4","downtown-austin-street-view","Identity and usage rights require review before assignment","below_90_percent","Confirm identity, role, rights and crop before manifest assignment"
"/Users/megdude/Downloads/PERKS MEDIA/IMAGES NEW /VIDEO/Downtown Drone Vid.mp4","downtown-drone-vid","Identity and usage rights require review before assignment","below_90_percent","Confirm identity, role, rights and crop before manifest assignment"
"/Users/megdude/Downloads/PERKS MEDIA/IMAGES NEW /VIDEO/Downtown Drone.mp4","downtown-drone","Identity and usage rights require review before assignment","below_90_percent","Confirm identity, role, rights and crop before manifest assignment"
"/Users/megdude/Downloads/PERKS MEDIA/IMAGES NEW /VIDEO/Drone Lake Congress.mp4","drone-lake-congress","Identity and usage rights require review before assignment","below_90_percent","Confirm identity, role, rights and crop before manifest assignment"
"/Users/megdude/Downloads/PERKS MEDIA/IMAGES NEW /VIDEO/Drone.mp4","drone","Identity and usage rights require review before assignment","below_90_percent","Confirm identity, role, rights and crop before manifest assignment"
"/Users/megdude/Downloads/PERKS MEDIA/IMAGES NEW /VIDEO/Event sunset.mp4","event-sunset","Identity and usage rights require review before assignment","below_90_percent","Confirm identity, role, rights and crop before manifest assignment"
"/Users/megdude/Downloads/PERKS MEDIA/IMAGES NEW /VIDEO/Find on Map.mp4","find-on-map","Identity and usage rights require review before assignment","below_90_percent","Confirm identity, role, rights and crop before manifest assignment"
"/Users/megdude/Downloads/PERKS MEDIA/IMAGES NEW /VIDEO/Fine eyewear try on.mp4","fine-eyewear-try-on","Identity and usage rights require review before assignment","below_90_percent","Confirm identity, role, rights and crop before manifest assignment"
"/Users/megdude/Downloads/PERKS MEDIA/IMAGES NEW /VIDEO/Four Seasons Hotel Austin in Austin, TX Four Seasons Hotel Austin in Aus26 JUNE ,/1.mp4","1","Identity and usage rights require review before assignment","below_90_percent","Confirm identity, role, rights and crop before manifest assignment"
"/Users/megdude/Downloads/PERKS MEDIA/IMAGES NEW /VIDEO/Four Seasons Hotel Austin in Austin, TX Four Seasons Hotel Austin in Aus26 JUNE ,/134.mp4","134","Identity and usage rights require review before assignment","below_90_percent","Confirm identity, role, rights and crop before manifest assignment"
"/Users/megdude/Downloads/PERKS MEDIA/IMAGES NEW /VIDEO/Four Seasons Hotel Austin in Austin, TX Four Seasons Hotel Austin in Aus26 JUNE ,/135.mp4","135","Identity and usage rights require review before assignment","below_90_percent","Confirm identity, role, rights and crop before manifest assignment"
"/Users/megdude/Downloads/PERKS MEDIA/IMAGES NEW /VIDEO/Four Seasons Hotel Austin in Austin, TX Four Seasons Hotel Austin in Aus26 JUNE ,/136.mp4","136","Identity and usage rights require review before assignment","below_90_percent","Confirm identity, role, rights and crop before manifest assignment"
"/Users/megdude/Downloads/PERKS MEDIA/IMAGES NEW /VIDEO/Four Seasons Hotel Austin in Austin, TX Four Seasons Hotel Austin in Aus26 JUNE ,/137.mp4","137","Identity and usage rights require review before assignment","below_90_percent","Confirm identity, role, rights and crop before manifest assignment"
"/Users/megdude/Downloads/PERKS MEDIA/IMAGES NEW /VIDEO/Four Seasons Hotel Austin in Austin, TX Four Seasons Hotel Austin in Aus26 JUNE ,/138.mp4","138","Identity and usage rights require review before assignment","below_90_percent","Confirm identity, role, rights and crop before manifest assignment"
"/Users/megdude/Downloads/PERKS MEDIA/IMAGES NEW /VIDEO/Four Seasons Hotel Austin in Austin, TX Four Seasons Hotel Austin in Aus26 JUNE ,/139.mp4","139","Identity and usage rights require review before assignment","below_90_percent","Confirm identity, role, rights and crop before manifest assignment"
"/Users/megdude/Downloads/PERKS MEDIA/IMAGES NEW /VIDEO/Four Seasons Hotel Austin in Austin, TX Four Seasons Hotel Austin in Aus26 JUNE ,/140.mp4","140","Identity and usage rights require review before assignment","below_90_percent","Confirm identity, role, rights and crop before manifest assignment"
"/Users/megdude/Downloads/PERKS MEDIA/IMAGES NEW /VIDEO/Four Seasons Hotel Austin in Austin, TX Four Seasons Hotel Austin in Aus26 JUNE ,/144.mp4","144","Identity and usage rights require review before assignment","below_90_percent","Confirm identity, role, rights and crop before manifest assignment"
"/Users/megdude/Downloads/PERKS MEDIA/IMAGES NEW /VIDEO/Four Seasons Hotel Austin in Austin, TX Four Seasons Hotel Austin in Aus26 JUNE ,/145.mp4","145","Identity and usage rights require review before assignment","below_90_percent","Confirm identity, role, rights and crop before manifest assignment"
"/Users/megdude/Downloads/PERKS MEDIA/IMAGES NEW /VIDEO/Four Seasons Hotel Austin in Austin, TX Four Seasons Hotel Austin in Aus26 JUNE ,/146.mp4","146","Identity and usage rights require review before assignment","below_90_percent","Confirm identity, role, rights and crop before manifest assignment"
"/Users/megdude/Downloads/PERKS MEDIA/IMAGES NEW /VIDEO/Four Seasons Hotel Austin in Austin, TX Four Seasons Hotel Austin in Aus26 JUNE ,/147.mp4","147","Identity and usage rights require review before assignment","below_90_percent","Confirm identity, role, rights and crop before manifest assignment"
"/Users/megdude/Downloads/PERKS MEDIA/IMAGES NEW /VIDEO/Four Seasons Hotel Austin in Austin, TX Four Seasons Hotel Austin in Aus26 JUNE ,/148.mp4","148","Identity and usage rights require review before assignment","below_90_percent","Confirm identity, role, rights and crop before manifest assignment"
"/Users/megdude/Downloads/PERKS MEDIA/IMAGES NEW /VIDEO/Four Seasons Hotel Austin in Austin, TX Four Seasons Hotel Austin in Aus26 JUNE ,/149.mp4","149","Identity and usage rights require review before assignment","below_90_percent","Confirm identity, role, rights and crop before manifest assignment"
"/Users/megdude/Downloads/PERKS MEDIA/IMAGES NEW /VIDEO/Four Seasons Hotel Austin in Austin, TX Four Seasons Hotel Austin in Aus26 JUNE ,/150.mp4","150","Identity and usage rights require review before assignment","below_90_percent","Confirm identity, role, rights and crop before manifest assignment"
"/Users/megdude/Downloads/PERKS MEDIA/IMAGES NEW /VIDEO/Four Seasons Hotel Austin in Austin, TX Four Seasons Hotel Austin in Aus26 JUNE ,/151.mp4","151","Identity and usage rights require review before assignment","below_90_percent","Confirm identity, role, rights and crop before manifest assignment"
"/Users/megdude/Downloads/PERKS MEDIA/IMAGES NEW /VIDEO/Four Seasons Hotel Austin in Austin, TX Four Seasons Hotel Austin in Aus26 JUNE ,/152.mp4","152","Identity and usage rights require review before assignment","below_90_percent","Confirm identity, role, rights and crop before manifest assignment"
"/Users/megdude/Downloads/PERKS MEDIA/IMAGES NEW /VIDEO/Four Seasons Hotel Austin in Austin, TX Four Seasons Hotel Austin in Aus26 JUNE ,/153.mp4","153","Identity and usage rights require review before assignment","below_90_percent","Confirm identity, role, rights and crop before manifest assignment"
"/Users/megdude/Downloads/PERKS MEDIA/IMAGES NEW /VIDEO/Four Seasons Hotel Austin in Austin, TX Four Seasons Hotel Austin in Aus26 JUNE ,/154.mp4","154","Identity and usage rights require review before assignment","below_90_percent","Confirm identity, role, rights and crop before manifest assignment"
"/Users/megdude/Downloads/PERKS MEDIA/IMAGES NEW /VIDEO/Four Seasons Hotel Austin in Austin, TX Four Seasons Hotel Austin in Aus26 JUNE ,/155.mp4","155","Identity and usage rights require review before assignment","below_90_percent","Confirm identity, role, rights and crop before manifest assignment"
"/Users/megdude/Downloads/PERKS MEDIA/IMAGES NEW /VIDEO/Four Seasons Hotel Austin in Austin, TX Four Seasons Hotel Austin in Aus26 JUNE ,/156.mp4","156","Identity and usage rights require review before assignment","below_90_percent","Confirm identity, role, rights and crop before manifest assignment"
"/Users/megdude/Downloads/PERKS MEDIA/IMAGES NEW /VIDEO/Four Seasons Hotel Austin in Austin, TX Four Seasons Hotel Austin in Aus26 JUNE ,/157.mp4","157","Identity and usage rights require review before assignment","below_90_percent","Confirm identity, role, rights and crop before manifest assignment"
"/Users/megdude/Downloads/PERKS MEDIA/IMAGES NEW /VIDEO/Four Seasons Hotel Austin in Austin, TX Four Seasons Hotel Austin in Aus26 JUNE ,/2.mp4","2","Identity and usage rights require review before assignment","below_90_percent","Confirm identity, role, rights and crop before manifest assignment"
"/Users/megdude/Downloads/PERKS MEDIA/IMAGES NEW /VIDEO/Four Seasons Hotel Austin in Austin, TX Four Seasons Hotel Austin in Aus26 JUNE ,/21.mp4","21","Identity and usage rights require review before assignment","below_90_percent","Confirm identity, role, rights and crop before manifest assignment"
"/Users/megdude/Downloads/PERKS MEDIA/IMAGES NEW /VIDEO/Four Seasons Hotel Austin in Austin, TX Four Seasons Hotel Austin in Aus26 JUNE ,/22.mp4","22","Identity and usage rights require review before assignment","below_90_percent","Confirm identity, role, rights and crop before manifest assignment"
"/Users/megdude/Downloads/PERKS MEDIA/IMAGES NEW /VIDEO/Four Seasons Hotel Austin in Austin, TX Four Seasons Hotel Austin in Aus26 JUNE ,/23.mp4","23","Identity and usage rights require review before assignment","below_90_percent","Confirm identity, role, rights and crop before manifest assignment"
"/Users/megdude/Downloads/PERKS MEDIA/IMAGES NEW /VIDEO/Four Seasons Hotel Austin in Austin, TX Four Seasons Hotel Austin in Aus26 JUNE ,/24.mp4","24","Identity and usage rights require review before assignment","below_90_percent","Confirm identity, role, rights and crop before manifest assignment"
"/Users/megdude/Downloads/PERKS MEDIA/IMAGES NEW /VIDEO/Four Seasons Hotel Austin in Austin, TX Four Seasons Hotel Austin in Aus26 JUNE ,/25.mp4","25","Identity and usage rights require review before assignment","below_90_percent","Confirm identity, role, rights and crop before manifest assignment"
"/Users/megdude/Downloads/PERKS MEDIA/IMAGES NEW /VIDEO/Four Seasons Hotel Austin in Austin, TX Four Seasons Hotel Austin in Aus26 JUNE ,/26.mp4","26","Identity and usage rights require review before assignment","below_90_percent","Confirm identity, role, rights and crop before manifest assignment"
"/Users/megdude/Downloads/PERKS MEDIA/IMAGES NEW /VIDEO/Four Seasons Hotel Austin in Austin, TX Four Seasons Hotel Austin in Aus26 JUNE ,/27.mp4","27","Identity and usage rights require review before assignment","below_90_percent","Confirm identity, role, rights and crop before manifest assignment"
"/Users/megdude/Downloads/PERKS MEDIA/IMAGES NEW /VIDEO/Four Seasons Hotel Austin in Austin, TX Four Seasons Hotel Austin in Aus26 JUNE ,/28.mp4","28","Identity and usage rights require review before assignment","below_90_percent","Confirm identity, role, rights and crop before manifest assignment"
"/Users/megdude/Downloads/PERKS MEDIA/IMAGES NEW /VIDEO/Four Seasons Hotel Austin in Austin, TX Four Seasons Hotel Austin in Aus26 JUNE ,/29.mp4","29","Identity and usage rights require review before assignment","below_90_percent","Confirm identity, role, rights and crop before manifest assignment"
"/Users/megdude/Downloads/PERKS MEDIA/IMAGES NEW /VIDEO/Four Seasons Hotel Austin in Austin, TX Four Seasons Hotel Austin in Aus26 JUNE ,/3.mp4","3","Identity and usage rights require review before assignment","below_90_percent","Confirm identity, role, rights and crop before manifest assignment"
"/Users/megdude/Downloads/PERKS MEDIA/IMAGES NEW /VIDEO/Four Seasons Hotel Austin in Austin, TX Four Seasons Hotel Austin in Aus26 JUNE ,/30.mp4","30","Identity and usage rights require review before assignment","below_90_percent","Confirm identity, role, rights and crop before manifest assignment"
"/Users/megdude/Downloads/PERKS MEDIA/IMAGES NEW /VIDEO/Four Seasons Hotel Austin in Austin, TX Four Seasons Hotel Austin in Aus26 JUNE ,/31.mp4","31","Identity and usage rights require review before assignment","below_90_percent","Confirm identity, role, rights and crop before manifest assignment"
"/Users/megdude/Downloads/PERKS MEDIA/IMAGES NEW /VIDEO/Four Seasons Hotel Austin in Austin, TX Four Seasons Hotel Austin in Aus26 JUNE ,/32.mp4","32","Identity and usage rights require review before assignment","below_90_percent","Confirm identity, role, rights and crop before manifest assignment"
"/Users/megdude/Downloads/PERKS MEDIA/IMAGES NEW /VIDEO/Four Seasons Hotel Austin in Austin, TX Four Seasons Hotel Austin in Aus26 JUNE ,/33.mp4","33","Identity and usage rights require review before assignment","below_90_percent","Confirm identity, role, rights and crop before manifest assignment"
"/Users/megdude/Downloads/PERKS MEDIA/IMAGES NEW /VIDEO/Four Seasons Hotel Austin in Austin, TX Four Seasons Hotel Austin in Aus26 JUNE ,/34.mp4","34","Identity and usage rights require review before assignment","below_90_percent","Confirm identity, role, rights and crop before manifest assignment"
"/Users/megdude/Downloads/PERKS MEDIA/IMAGES NEW /VIDEO/Four Seasons Hotel Austin in Austin, TX Four Seasons Hotel Austin in Aus26 JUNE ,/35.mp4","35","Identity and usage rights require review before assignment","below_90_percent","Confirm identity, role, rights and crop before manifest assignment"
"/Users/megdude/Downloads/PERKS MEDIA/IMAGES NEW /VIDEO/Four Seasons Hotel Austin in Austin, TX Four Seasons Hotel Austin in Aus26 JUNE ,/36.mp4","36","Identity and usage rights require review before assignment","below_90_percent","Confirm identity, role, rights and crop before manifest assignment"
"/Users/megdude/Downloads/PERKS MEDIA/IMAGES NEW /VIDEO/Four Seasons Hotel Austin in Austin, TX Four Seasons Hotel Austin in Aus26 JUNE ,/37.mp4","37","Identity and usage rights require review before assignment","below_90_percent","Confirm identity, role, rights and crop before manifest assignment"
"/Users/megdude/Downloads/PERKS MEDIA/IMAGES NEW /VIDEO/Four Seasons Hotel Austin in Austin, TX Four Seasons Hotel Austin in Aus26 JUNE ,/38.mp4","38","Identity and usage rights require review before assignment","below_90_percent","Confirm identity, role, rights and crop before manifest assignment"
"/Users/megdude/Downloads/PERKS MEDIA/IMAGES NEW /VIDEO/Four Seasons Hotel Austin in Austin, TX Four Seasons Hotel Austin in Aus26 JUNE ,/39.mp4","39","Identity and usage rights require review before assignment","below_90_percent","Confirm identity, role, rights and crop before manifest assignment"
"/Users/megdude/Downloads/PERKS MEDIA/IMAGES NEW /VIDEO/Four Seasons Hotel Austin in Austin, TX Four Seasons Hotel Austin in Aus26 JUNE ,/4.mp4","4","Identity and usage rights require review before assignment","below_90_percent","Confirm identity, role, rights and crop before manifest assignment"
"/Users/megdude/Downloads/PERKS MEDIA/IMAGES NEW /VIDEO/Four Seasons Hotel Austin in Austin, TX Four Seasons Hotel Austin in Aus26 JUNE ,/40.mp4","40","Identity and usage rights require review before assignment","below_90_percent","Confirm identity, role, rights and crop before manifest assignment"
"/Users/megdude/Downloads/PERKS MEDIA/IMAGES NEW /VIDEO/Four Seasons Hotel Austin in Austin, TX Four Seasons Hotel Austin in Aus26 JUNE ,/41.mp4","41","Identity and usage rights require review before assignment","below_90_percent","Confirm identity, role, rights and crop before manifest assignment"
"/Users/megdude/Downloads/PERKS MEDIA/IMAGES NEW /VIDEO/Four Seasons Hotel Austin in Austin, TX Four Seasons Hotel Austin in Aus26 JUNE ,/42.mp4","42","Identity and usage rights require review before assignment","below_90_percent","Confirm identity, role, rights and crop before manifest assignment"
"/Users/megdude/Downloads/PERKS MEDIA/IMAGES NEW /VIDEO/Four Seasons Hotel Austin in Austin, TX Four Seasons Hotel Austin in Aus26 JUNE ,/43.mp4","43","Identity and usage rights require review before assignment","below_90_percent","Confirm identity, role, rights and crop before manifest assignment"
"/Users/megdude/Downloads/PERKS MEDIA/IMAGES NEW /VIDEO/Four Seasons Hotel Austin in Austin, TX Four Seasons Hotel Austin in Aus26 JUNE ,/44.mp4","44","Identity and usage rights require review before assignment","below_90_percent","Confirm identity, role, rights and crop before manifest assignment"
"/Users/megdude/Downloads/PERKS MEDIA/IMAGES NEW /VIDEO/Four Seasons Hotel Austin in Austin, TX Four Seasons Hotel Austin in Aus26 JUNE ,/45.mp4","45","Identity and usage rights require review before assignment","below_90_percent","Confirm identity, role, rights and crop before manifest assignment"
"/Users/megdude/Downloads/PERKS MEDIA/IMAGES NEW /VIDEO/Four Seasons Hotel Austin in Austin, TX Four Seasons Hotel Austin in Aus26 JUNE ,/46.mp4","46","Identity and usage rights require review before assignment","below_90_percent","Confirm identity, role, rights and crop before manifest assignment"
"/Users/megdude/Downloads/PERKS MEDIA/IMAGES NEW /VIDEO/Four Seasons Hotel Austin in Austin, TX Four Seasons Hotel Austin in Aus26 JUNE ,/47.mp4","47","Identity and usage rights require review before assignment","below_90_percent","Confirm identity, role, rights and crop before manifest assignment"
"/Users/megdude/Downloads/PERKS MEDIA/IMAGES NEW /VIDEO/Four Seasons Hotel Austin in Austin, TX Four Seasons Hotel Austin in Aus26 JUNE ,/48.mp4","48","Identity and usage rights require review before assignment","below_90_percent","Confirm identity, role, rights and crop before manifest assignment"
"/Users/megdude/Downloads/PERKS MEDIA/IMAGES NEW /VIDEO/Four Seasons Hotel Austin in Austin, TX Four Seasons Hotel Austin in Aus26 JUNE ,/49.mp4","49","Identity and usage rights require review before assignment","below_90_percent","Confirm identity, role, rights and crop before manifest assignment"
"/Users/megdude/Downloads/PERKS MEDIA/IMAGES NEW /VIDEO/Four Seasons Hotel Austin in Austin, TX Four Seasons Hotel Austin in Aus26 JUNE ,/5.mp4","5","Identity and usage rights require review before assignment","below_90_percent","Confirm identity, role, rights and crop before manifest assignment"
"/Users/megdude/Downloads/PERKS MEDIA/IMAGES NEW /VIDEO/Four Seasons Hotel Austin in Austin, TX Four Seasons Hotel Austin in Aus26 JUNE ,/50.mp4","50","Identity and usage rights require review before assignment","below_90_percent","Confirm identity, role, rights and crop before manifest assignment"
"/Users/megdude/Downloads/PERKS MEDIA/IMAGES NEW /VIDEO/Four Seasons Hotel Austin in Austin, TX Four Seasons Hotel Austin in Aus26 JUNE ,/51.mp4","51","Identity and usage rights require review before assignment","below_90_percent","Confirm identity, role, rights and crop before manifest assignment"
"/Users/megdude/Downloads/PERKS MEDIA/IMAGES NEW /VIDEO/Four Seasons Hotel Austin in Austin, TX Four Seasons Hotel Austin in Aus26 JUNE ,/52.mp4","52","Identity and usage rights require review before assignment","below_90_percent","Confirm identity, role, rights and crop before manifest assignment"
"/Users/megdude/Downloads/PERKS MEDIA/IMAGES NEW /VIDEO/Four Seasons Hotel Austin in Austin, TX Four Seasons Hotel Austin in Aus26 JUNE ,/53.mp4","53","Identity and usage rights require review before assignment","below_90_percent","Confirm identity, role, rights and crop before manifest assignment"
"/Users/megdude/Downloads/PERKS MEDIA/IMAGES NEW /VIDEO/Four Seasons Hotel Austin in Austin, TX Four Seasons Hotel Austin in Aus26 JUNE ,/54.mp4","54","Identity and usage rights require review before assignment","below_90_percent","Confirm identity, role, rights and crop before manifest assignment"
"/Users/megdude/Downloads/PERKS MEDIA/IMAGES NEW /VIDEO/Four Seasons Hotel Austin in Austin, TX Four Seasons Hotel Austin in Aus26 JUNE ,/55.mp4","55","Identity and usage rights require review before assignment","below_90_percent","Confirm identity, role, rights and crop before manifest assignment"
"/Users/megdude/Downloads/PERKS MEDIA/IMAGES NEW /VIDEO/Four Seasons Hotel Austin in Austin, TX Four Seasons Hotel Austin in Aus26 JUNE ,/56.mp4","56","Identity and usage rights require review before assignment","below_90_percent","Confirm identity, role, rights and crop before manifest assignment"
"/Users/megdude/Downloads/PERKS MEDIA/IMAGES NEW /VIDEO/Four Seasons Hotel Austin in Austin, TX Four Seasons Hotel Austin in Aus26 JUNE ,/57.mp4","57","Identity and usage rights require review before assignment","below_90_percent","Confirm identity, role, rights and crop before manifest assignment"
"/Users/megdude/Downloads/PERKS MEDIA/IMAGES NEW /VIDEO/Four Seasons Hotel Austin in Austin, TX Four Seasons Hotel Austin in Aus26 JUNE ,/58.mp4","58","Identity and usage rights require review before assignment","below_90_percent","Confirm identity, role, rights and crop before manifest assignment"
"/Users/megdude/Downloads/PERKS MEDIA/IMAGES NEW /VIDEO/Four Seasons Hotel Austin in Austin, TX Four Seasons Hotel Austin in Aus26 JUNE ,/59.mp4","59","Identity and usage rights require review before assignment","below_90_percent","Confirm identity, role, rights and crop before manifest assignment"
"/Users/megdude/Downloads/PERKS MEDIA/IMAGES NEW /VIDEO/Four Seasons Hotel Austin in Austin, TX Four Seasons Hotel Austin in Aus26 JUNE ,/60.mp4","60","Identity and usage rights require review before assignment","below_90_percent","Confirm identity, role, rights and crop before manifest assignment"
"/Users/megdude/Downloads/PERKS MEDIA/IMAGES NEW /VIDEO/Four Seasons Hotel Austin in Austin, TX Four Seasons Hotel Austin in Aus26 JUNE ,/61.mp4","61","Identity and usage rights require review before assignment","below_90_percent","Confirm identity, role, rights and crop before manifest assignment"
"/Users/megdude/Downloads/PERKS MEDIA/IMAGES NEW /VIDEO/Four Seasons Hotel Austin in Austin, TX Four Seasons Hotel Austin in Aus26 JUNE ,/62.mp4","62","Identity and usage rights require review before assignment","below_90_percent","Confirm identity, role, rights and crop before manifest assignment"
"/Users/megdude/Downloads/PERKS MEDIA/IMAGES NEW /VIDEO/Four Seasons Hotel Austin in Austin, TX Four Seasons Hotel Austin in Aus26 JUNE ,/63.mp4","63","Identity and usage rights require review before assignment","below_90_percent","Confirm identity, role, rights and crop before manifest assignment"
"/Users/megdude/Downloads/PERKS MEDIA/IMAGES NEW /VIDEO/Four Seasons Hotel Austin in Austin, TX Four Seasons Hotel Austin in Aus26 JUNE ,/64.mp4","64","Identity and usage rights require review before assignment","below_90_percent","Confirm identity, role, rights and crop before manifest assignment"
"/Users/megdude/Downloads/PERKS MEDIA/IMAGES NEW /VIDEO/Four Seasons Hotel Austin in Austin, TX Four Seasons Hotel Austin in Aus26 JUNE ,/65.mp4","65","Identity and usage rights require review before assignment","below_90_percent","Confirm identity, role, rights and crop before manifest assignment"
"/Users/megdude/Downloads/PERKS MEDIA/IMAGES NEW /VIDEO/Four Seasons Hotel Austin in Austin, TX Four Seasons Hotel Austin in Aus26 JUNE ,/66.mp4","66","Identity and usage rights require review before assignment","below_90_percent","Confirm identity, role, rights and crop before manifest assignment"
"/Users/megdude/Downloads/PERKS MEDIA/IMAGES NEW /VIDEO/Four Seasons Hotel Austin in Austin, TX Four Seasons Hotel Austin in Aus26 JUNE ,/67.mp4","67","Identity and usage rights require review before assignment","below_90_percent","Confirm identity, role, rights and crop before manifest assignment"
"/Users/megdude/Downloads/PERKS MEDIA/IMAGES NEW /VIDEO/Four Seasons Hotel Austin in Austin, TX Four Seasons Hotel Austin in Aus26 JUNE ,/68.mp4","68","Identity and usage rights require review before assignment","below_90_percent","Confirm identity, role, rights and crop before manifest assignment"
"/Users/megdude/Downloads/PERKS MEDIA/IMAGES NEW /VIDEO/Four Seasons Hotel Austin in Austin, TX Four Seasons Hotel Austin in Aus26 JUNE ,/69.mp4","69","Identity and usage rights require review before assignment","below_90_percent","Confirm identity, role, rights and crop before manifest assignment"
"/Users/megdude/Downloads/PERKS MEDIA/IMAGES NEW /VIDEO/Four Seasons Hotel Austin in Austin, TX Four Seasons Hotel Austin in Aus26 JUNE ,/7.mp4","7","Identity and usage rights require review before assignment","below_90_percent","Confirm identity, role, rights and crop before manifest assignment"
"/Users/megdude/Downloads/PERKS MEDIA/IMAGES NEW /VIDEO/Four Seasons Hotel Austin in Austin, TX Four Seasons Hotel Austin in Aus26 JUNE ,/70.mp4","70","Identity and usage rights require review before assignment","below_90_percent","Confirm identity, role, rights and crop before manifest assignment"
"/Users/megdude/Downloads/PERKS MEDIA/IMAGES NEW /VIDEO/Four Seasons Hotel Austin in Austin, TX Four Seasons Hotel Austin in Aus26 JUNE ,/71.mp4","71","Identity and usage rights require review before assignment","below_90_percent","Confirm identity, role, rights and crop before manifest assignment"
"/Users/megdude/Downloads/PERKS MEDIA/IMAGES NEW /VIDEO/Four Seasons Hotel Austin in Austin, TX Four Seasons Hotel Austin in Aus26 JUNE ,/74.mp4","74","Identity and usage rights require review before assignment","below_90_percent","Confirm identity, role, rights and crop before manifest assignment"
"/Users/megdude/Downloads/PERKS MEDIA/IMAGES NEW /VIDEO/Four Seasons Hotel Austin in Austin, TX Four Seasons Hotel Austin in Aus26 JUNE ,/75.mp4","75","Identity and usage rights require review before assignment","below_90_percent","Confirm identity, role, rights and crop before manifest assignment"
"/Users/megdude/Downloads/PERKS MEDIA/IMAGES NEW /VIDEO/Four Seasons Hotel Austin in Austin, TX Four Seasons Hotel Austin in Aus26 JUNE ,/8.mp4","8","Identity and usage rights require review before assignment","below_90_percent","Confirm identity, role, rights and crop before manifest assignment"
"/Users/megdude/Downloads/PERKS MEDIA/IMAGES NEW /VIDEO/Four Seasons Hotel Austin in Austin, TX Four Seasons Hotel Austin in Aus26 JUNE ,/84.mp4","84","Identity and usage rights require review before assignment","below_90_percent","Confirm identity, role, rights and crop before manifest assignment"
"/Users/megdude/Downloads/PERKS MEDIA/IMAGES NEW /VIDEO/Four Seasons Hotel Austin in Austin, TX Four Seasons Hotel Austin in Aus26 JUNE ,/85.mp4","85","Identity and usage rights require review before assignment","below_90_percent","Confirm identity, role, rights and crop before manifest assignment"
"/Users/megdude/Downloads/PERKS MEDIA/IMAGES NEW /VIDEO/Four Seasons Hotel Austin in Austin, TX Four Seasons Hotel Austin in Aus26 JUNE ,/96.mp4","96","Identity and usage rights require review before assignment","below_90_percent","Confirm identity, role, rights and crop before manifest assignment"
"/Users/megdude/Downloads/PERKS MEDIA/IMAGES NEW /VIDEO/Four Seasons Hotel Austin in Austin, TX Four Seasons Hotel Austin in Aus26 JUNE ,/97.mp4","97","Identity and usage rights require review before assignment","below_90_percent","Confirm identity, role, rights and crop before manifest assignment"
"/Users/megdude/Downloads/PERKS MEDIA/IMAGES NEW /VIDEO/Four Seasons Hotel Austin in Austin, TX Four Seasons Hotel Austin in Aus26 JUNE ,/98.mp4","98","Identity and usage rights require review before assignment","below_90_percent","Confirm identity, role, rights and crop before manifest assignment"
"/Users/megdude/Downloads/PERKS MEDIA/IMAGES NEW /VIDEO/Four Seasons Hotel Austin in Austin, TX Four Seasons Hotel Austin in Aus26 JUNE ,/Dashboard - Next View.mp4","dashboard-next-view","Identity and usage rights require review before assignment","below_90_percent","Confirm identity, role, rights and crop before manifest assignment"
"/Users/megdude/Downloads/PERKS MEDIA/IMAGES NEW /VIDEO/Four Seasons Hotel Austin in Austin, TX Four Seasons Hotel Austin in Aus26 JUNE ,/Dashboard - Partner Intelligence.mp4","dashboard-partner-intelligence","Identity and usage rights require review before assignment","below_90_percent","Confirm identity, role, rights and crop before manifest assignment"
"/Users/megdude/Downloads/PERKS MEDIA/IMAGES NEW /VIDEO/Four Seasons Hotel Austin in Austin, TX Four Seasons Hotel Austin in Aus26 JUNE ,/Dashboard - Revenue & Engagement.mp4","dashboard-revenue-engagement","Identity and usage rights require review before assignment","below_90_percent","Confirm identity, role, rights and crop before manifest assignment"
"/Users/megdude/Downloads/PERKS MEDIA/IMAGES NEW /VIDEO/Four Seasons Hotel Austin in Austin, TX Four Seasons Hotel Austin in Austin, TX Four Seasons Hotel Austin in Austin, TX Fonew property videos ,/1.mp4","1","Identity and usage rights require review before assignment","below_90_percent","Confirm identity, role, rights and crop before manifest assignment"
"/Users/megdude/Downloads/PERKS MEDIA/IMAGES NEW /VIDEO/Four Seasons Hotel Austin in Austin, TX Four Seasons Hotel Austin in Austin, TX Four Seasons Hotel Austin in Austin, TX Fonew property videos ,/10.mp4","10","Identity and usage rights require review before assignment","below_90_percent","Confirm identity, role, rights and crop before manifest assignment"
"/Users/megdude/Downloads/PERKS MEDIA/IMAGES NEW /VIDEO/Four Seasons Hotel Austin in Austin, TX Four Seasons Hotel Austin in Austin, TX Four Seasons Hotel Austin in Austin, TX Fonew property videos ,/11.mp4","11","Identity and usage rights require review before assignment","below_90_percent","Confirm identity, role, rights and crop before manifest assignment"
"/Users/megdude/Downloads/PERKS MEDIA/IMAGES NEW /VIDEO/Four Seasons Hotel Austin in Austin, TX Four Seasons Hotel Austin in Austin, TX Four Seasons Hotel Austin in Austin, TX Fonew property videos ,/13.mp4","13","Identity and usage rights require review before assignment","below_90_percent","Confirm identity, role, rights and crop before manifest assignment"
"/Users/megdude/Downloads/PERKS MEDIA/IMAGES NEW /VIDEO/Four Seasons Hotel Austin in Austin, TX Four Seasons Hotel Austin in Austin, TX Four Seasons Hotel Austin in Austin, TX Fonew property videos ,/14.mp4","14","Identity and usage rights require review before assignment","below_90_percent","Confirm identity, role, rights and crop before manifest assignment"
"/Users/megdude/Downloads/PERKS MEDIA/IMAGES NEW /VIDEO/Four Seasons Hotel Austin in Austin, TX Four Seasons Hotel Austin in Austin, TX Four Seasons Hotel Austin in Austin, TX Fonew property videos ,/15.mp4","15","Identity and usage rights require review before assignment","below_90_percent","Confirm identity, role, rights and crop before manifest assignment"
"/Users/megdude/Downloads/PERKS MEDIA/IMAGES NEW /VIDEO/Four Seasons Hotel Austin in Austin, TX Four Seasons Hotel Austin in Austin, TX Four Seasons Hotel Austin in Austin, TX Fonew property videos ,/16.mp4","16","Identity and usage rights require review before assignment","below_90_percent","Confirm identity, role, rights and crop before manifest assignment"
"/Users/megdude/Downloads/PERKS MEDIA/IMAGES NEW /VIDEO/Four Seasons Hotel Austin in Austin, TX Four Seasons Hotel Austin in Austin, TX Four Seasons Hotel Austin in Austin, TX Fonew property videos ,/17.mp4","17","Identity and usage rights require review before assignment","below_90_percent","Confirm identity, role, rights and crop before manifest assignment"
"/Users/megdude/Downloads/PERKS MEDIA/IMAGES NEW /VIDEO/Four Seasons Hotel Austin in Austin, TX Four Seasons Hotel Austin in Austin, TX Four Seasons Hotel Austin in Austin, TX Fonew property videos ,/18.mp4","18","Identity and usage rights require review before assignment","below_90_percent","Confirm identity, role, rights and crop before manifest assignment"
"/Users/megdude/Downloads/PERKS MEDIA/IMAGES NEW /VIDEO/Four Seasons Hotel Austin in Austin, TX Four Seasons Hotel Austin in Austin, TX Four Seasons Hotel Austin in Austin, TX Fonew property videos ,/19.mp4","19","Identity and usage rights require review before assignment","below_90_percent","Confirm identity, role, rights and crop before manifest assignment"
"/Users/megdude/Downloads/PERKS MEDIA/IMAGES NEW /VIDEO/Four Seasons Hotel Austin in Austin, TX Four Seasons Hotel Austin in Austin, TX Four Seasons Hotel Austin in Austin, TX Fonew property videos ,/2.mp4","2","Identity and usage rights require review before assignment","below_90_percent","Confirm identity, role, rights and crop before manifest assignment"
"/Users/megdude/Downloads/PERKS MEDIA/IMAGES NEW /VIDEO/Four Seasons Hotel Austin in Austin, TX Four Seasons Hotel Austin in Austin, TX Four Seasons Hotel Austin in Austin, TX Fonew property videos ,/20.mp4","20","Identity and usage rights require review before assignment","below_90_percent","Confirm identity, role, rights and crop before manifest assignment"
"/Users/megdude/Downloads/PERKS MEDIA/IMAGES NEW /VIDEO/Four Seasons Hotel Austin in Austin, TX Four Seasons Hotel Austin in Austin, TX Four Seasons Hotel Austin in Austin, TX Fonew property videos ,/21.mp4","21","Identity and usage rights require review before assignment","below_90_percent","Confirm identity, role, rights and crop before manifest assignment"
"/Users/megdude/Downloads/PERKS MEDIA/IMAGES NEW /VIDEO/Four Seasons Hotel Austin in Austin, TX Four Seasons Hotel Austin in Austin, TX Four Seasons Hotel Austin in Austin, TX Fonew property videos ,/22.mp4","22","Identity and usage rights require review before assignment","below_90_percent","Confirm identity, role, rights and crop before manifest assignment"
"/Users/megdude/Downloads/PERKS MEDIA/IMAGES NEW /VIDEO/Four Seasons Hotel Austin in Austin, TX Four Seasons Hotel Austin in Austin, TX Four Seasons Hotel Austin in Austin, TX Fonew property videos ,/23.mp4","23","Identity and usage rights require review before assignment","below_90_percent","Confirm identity, role, rights and crop before manifest assignment"
"/Users/megdude/Downloads/PERKS MEDIA/IMAGES NEW /VIDEO/Four Seasons Hotel Austin in Austin, TX Four Seasons Hotel Austin in Austin, TX Four Seasons Hotel Austin in Austin, TX Fonew property videos ,/24.mp4","24","Identity and usage rights require review before assignment","below_90_percent","Confirm identity, role, rights and crop before manifest assignment"
"/Users/megdude/Downloads/PERKS MEDIA/IMAGES NEW /VIDEO/Four Seasons Hotel Austin in Austin, TX Four Seasons Hotel Austin in Austin, TX Four Seasons Hotel Austin in Austin, TX Fonew property videos ,/25.mp4","25","Identity and usage rights require review before assignment","below_90_percent","Confirm identity, role, rights and crop before manifest assignment"
"/Users/megdude/Downloads/PERKS MEDIA/IMAGES NEW /VIDEO/Four Seasons Hotel Austin in Austin, TX Four Seasons Hotel Austin in Austin, TX Four Seasons Hotel Austin in Austin, TX Fonew property videos ,/26.mp4","26","Identity and usage rights require review before assignment","below_90_percent","Confirm identity, role, rights and crop before manifest assignment"
"/Users/megdude/Downloads/PERKS MEDIA/IMAGES NEW /VIDEO/Four Seasons Hotel Austin in Austin, TX Four Seasons Hotel Austin in Austin, TX Four Seasons Hotel Austin in Austin, TX Fonew property videos ,/27.mp4","27","Identity and usage rights require review before assignment","below_90_percent","Confirm identity, role, rights and crop before manifest assignment"
"/Users/megdude/Downloads/PERKS MEDIA/IMAGES NEW /VIDEO/Four Seasons Hotel Austin in Austin, TX Four Seasons Hotel Austin in Austin, TX Four Seasons Hotel Austin in Austin, TX Fonew property videos ,/28.mp4","28","Identity and usage rights require review before assignment","below_90_percent","Confirm identity, role, rights and crop before manifest assignment"
"/Users/megdude/Downloads/PERKS MEDIA/IMAGES NEW /VIDEO/Four Seasons Hotel Austin in Austin, TX Four Seasons Hotel Austin in Austin, TX Four Seasons Hotel Austin in Austin, TX Fonew property videos ,/29.mp4","29","Identity and usage rights require review before assignment","below_90_percent","Confirm identity, role, rights and crop before manifest assignment"
"/Users/megdude/Downloads/PERKS MEDIA/IMAGES NEW /VIDEO/Four Seasons Hotel Austin in Austin, TX Four Seasons Hotel Austin in Austin, TX Four Seasons Hotel Austin in Austin, TX Fonew property videos ,/3.mp4","3","Identity and usage rights require review before assignment","below_90_percent","Confirm identity, role, rights and crop before manifest assignment"
"/Users/megdude/Downloads/PERKS MEDIA/IMAGES NEW /VIDEO/Four Seasons Hotel Austin in Austin, TX Four Seasons Hotel Austin in Austin, TX Four Seasons Hotel Austin in Austin, TX Fonew property videos ,/30.mp4","30","Identity and usage rights require review before assignment","below_90_percent","Confirm identity, role, rights and crop before manifest assignment"
"/Users/megdude/Downloads/PERKS MEDIA/IMAGES NEW /VIDEO/Four Seasons Hotel Austin in Austin, TX Four Seasons Hotel Austin in Austin, TX Four Seasons Hotel Austin in Austin, TX Fonew property videos ,/31.mp4","31","Identity and usage rights require review before assignment","below_90_percent","Confirm identity, role, rights and crop before manifest assignment"
"/Users/megdude/Downloads/PERKS MEDIA/IMAGES NEW /VIDEO/Four Seasons Hotel Austin in Austin, TX Four Seasons Hotel Austin in Austin, TX Four Seasons Hotel Austin in Austin, TX Fonew property videos ,/32.mp4","32","Identity and usage rights require review before assignment","below_90_percent","Confirm identity, role, rights and crop before manifest assignment"
"/Users/megdude/Downloads/PERKS MEDIA/IMAGES NEW /VIDEO/Four Seasons Hotel Austin in Austin, TX Four Seasons Hotel Austin in Austin, TX Four Seasons Hotel Austin in Austin, TX Fonew property videos ,/33.mp4","33","Identity and usage rights require review before assignment","below_90_percent","Confirm identity, role, rights and crop before manifest assignment"
"/Users/megdude/Downloads/PERKS MEDIA/IMAGES NEW /VIDEO/Four Seasons Hotel Austin in Austin, TX Four Seasons Hotel Austin in Austin, TX Four Seasons Hotel Austin in Austin, TX Fonew property videos ,/34.mp4","34","Identity and usage rights require review before assignment","below_90_percent","Confirm identity, role, rights and crop before manifest assignment"
"/Users/megdude/Downloads/PERKS MEDIA/IMAGES NEW /VIDEO/Four Seasons Hotel Austin in Austin, TX Four Seasons Hotel Austin in Austin, TX Four Seasons Hotel Austin in Austin, TX Fonew property videos ,/35.mp4","35","Identity and usage rights require review before assignment","below_90_percent","Confirm identity, role, rights and crop before manifest assignment"
"/Users/megdude/Downloads/PERKS MEDIA/IMAGES NEW /VIDEO/Four Seasons Hotel Austin in Austin, TX Four Seasons Hotel Austin in Austin, TX Four Seasons Hotel Austin in Austin, TX Fonew property videos ,/36.mp4","36","Identity and usage rights require review before assignment","below_90_percent","Confirm identity, role, rights and crop before manifest assignment"
"/Users/megdude/Downloads/PERKS MEDIA/IMAGES NEW /VIDEO/Four Seasons Hotel Austin in Austin, TX Four Seasons Hotel Austin in Austin, TX Four Seasons Hotel Austin in Austin, TX Fonew property videos ,/37.mp4","37","Identity and usage rights require review before assignment","below_90_percent","Confirm identity, role, rights and crop before manifest assignment"
"/Users/megdude/Downloads/PERKS MEDIA/IMAGES NEW /VIDEO/Four Seasons Hotel Austin in Austin, TX Four Seasons Hotel Austin in Austin, TX Four Seasons Hotel Austin in Austin, TX Fonew property videos ,/38.mp4","38","Identity and usage rights require review before assignment","below_90_percent","Confirm identity, role, rights and crop before manifest assignment"
"/Users/megdude/Downloads/PERKS MEDIA/IMAGES NEW /VIDEO/Four Seasons Hotel Austin in Austin, TX Four Seasons Hotel Austin in Austin, TX Four Seasons Hotel Austin in Austin, TX Fonew property videos ,/39.mp4","39","Identity and usage rights require review before assignment","below_90_percent","Confirm identity, role, rights and crop before manifest assignment"
"/Users/megdude/Downloads/PERKS MEDIA/IMAGES NEW /VIDEO/Four Seasons Hotel Austin in Austin, TX Four Seasons Hotel Austin in Austin, TX Four Seasons Hotel Austin in Austin, TX Fonew property videos ,/4.mp4","4","Identity and usage rights require review before assignment","below_90_percent","Confirm identity, role, rights and crop before manifest assignment"
"/Users/megdude/Downloads/PERKS MEDIA/IMAGES NEW /VIDEO/Four Seasons Hotel Austin in Austin, TX Four Seasons Hotel Austin in Austin, TX Four Seasons Hotel Austin in Austin, TX Fonew property videos ,/40.mp4","40","Identity and usage rights require review before assignment","below_90_percent","Confirm identity, role, rights and crop before manifest assignment"
"/Users/megdude/Downloads/PERKS MEDIA/IMAGES NEW /VIDEO/Four Seasons Hotel Austin in Austin, TX Four Seasons Hotel Austin in Austin, TX Four Seasons Hotel Austin in Austin, TX Fonew property videos ,/41.mp4","41","Identity and usage rights require review before assignment","below_90_percent","Confirm identity, role, rights and crop before manifest assignment"
"/Users/megdude/Downloads/PERKS MEDIA/IMAGES NEW /VIDEO/Four Seasons Hotel Austin in Austin, TX Four Seasons Hotel Austin in Austin, TX Four Seasons Hotel Austin in Austin, TX Fonew property videos ,/42.mp4","42","Identity and usage rights require review before assignment","below_90_percent","Confirm identity, role, rights and crop before manifest assignment"
"/Users/megdude/Downloads/PERKS MEDIA/IMAGES NEW /VIDEO/Four Seasons Hotel Austin in Austin, TX Four Seasons Hotel Austin in Austin, TX Four Seasons Hotel Austin in Austin, TX Fonew property videos ,/43.mp4","43","Identity and usage rights require review before assignment","below_90_percent","Confirm identity, role, rights and crop before manifest assignment"
"/Users/megdude/Downloads/PERKS MEDIA/IMAGES NEW /VIDEO/Four Seasons Hotel Austin in Austin, TX Four Seasons Hotel Austin in Austin, TX Four Seasons Hotel Austin in Austin, TX Fonew property videos ,/44.mp4","44","Identity and usage rights require review before assignment","below_90_percent","Confirm identity, role, rights and crop before manifest assignment"
"/Users/megdude/Downloads/PERKS MEDIA/IMAGES NEW /VIDEO/Four Seasons Hotel Austin in Austin, TX Four Seasons Hotel Austin in Austin, TX Four Seasons Hotel Austin in Austin, TX Fonew property videos ,/45.mp4","45","Identity and usage rights require review before assignment","below_90_percent","Confirm identity, role, rights and crop before manifest assignment"
"/Users/megdude/Downloads/PERKS MEDIA/IMAGES NEW /VIDEO/Four Seasons Hotel Austin in Austin, TX Four Seasons Hotel Austin in Austin, TX Four Seasons Hotel Austin in Austin, TX Fonew property videos ,/46.mp4","46","Identity and usage rights require review before assignment","below_90_percent","Confirm identity, role, rights and crop before manifest assignment"
"/Users/megdude/Downloads/PERKS MEDIA/IMAGES NEW /VIDEO/Four Seasons Hotel Austin in Austin, TX Four Seasons Hotel Austin in Austin, TX Four Seasons Hotel Austin in Austin, TX Fonew property videos ,/47.mp4","47","Identity and usage rights require review before assignment","below_90_percent","Confirm identity, role, rights and crop before manifest assignment"
"/Users/megdude/Downloads/PERKS MEDIA/IMAGES NEW /VIDEO/Four Seasons Hotel Austin in Austin, TX Four Seasons Hotel Austin in Austin, TX Four Seasons Hotel Austin in Austin, TX Fonew property videos ,/48.mp4","48","Identity and usage rights require review before assignment","below_90_percent","Confirm identity, role, rights and crop before manifest assignment"
"/Users/megdude/Downloads/PERKS MEDIA/IMAGES NEW /VIDEO/Four Seasons Hotel Austin in Austin, TX Four Seasons Hotel Austin in Austin, TX Four Seasons Hotel Austin in Austin, TX Fonew property videos ,/49.mp4","49","Identity and usage rights require review before assignment","below_90_percent","Confirm identity, role, rights and crop before manifest assignment"
"/Users/megdude/Downloads/PERKS MEDIA/IMAGES NEW /VIDEO/Four Seasons Hotel Austin in Austin, TX Four Seasons Hotel Austin in Austin, TX Four Seasons Hotel Austin in Austin, TX Fonew property videos ,/5.mp4","5","Identity and usage rights require review before assignment","below_90_percent","Confirm identity, role, rights and crop before manifest assignment"
"/Users/megdude/Downloads/PERKS MEDIA/IMAGES NEW /VIDEO/Four Seasons Hotel Austin in Austin, TX Four Seasons Hotel Austin in Austin, TX Four Seasons Hotel Austin in Austin, TX Fonew property videos ,/50.mp4","50","Identity and usage rights require review before assignment","below_90_percent","Confirm identity, role, rights and crop before manifest assignment"
"/Users/megdude/Downloads/PERKS MEDIA/IMAGES NEW /VIDEO/Four Seasons Hotel Austin in Austin, TX Four Seasons Hotel Austin in Austin, TX Four Seasons Hotel Austin in Austin, TX Fonew property videos ,/51.mp4","51","Identity and usage rights require review before assignment","below_90_percent","Confirm identity, role, rights and crop before manifest assignment"
"/Users/megdude/Downloads/PERKS MEDIA/IMAGES NEW /VIDEO/Four Seasons Hotel Austin in Austin, TX Four Seasons Hotel Austin in Austin, TX Four Seasons Hotel Austin in Austin, TX Fonew property videos ,/52.mp4","52","Identity and usage rights require review before assignment","below_90_percent","Confirm identity, role, rights and crop before manifest assignment"
"/Users/megdude/Downloads/PERKS MEDIA/IMAGES NEW /VIDEO/Four Seasons Hotel Austin in Austin, TX Four Seasons Hotel Austin in Austin, TX Four Seasons Hotel Austin in Austin, TX Fonew property videos ,/53.mp4","53","Identity and usage rights require review before assignment","below_90_percent","Confirm identity, role, rights and crop before manifest assignment"
"/Users/megdude/Downloads/PERKS MEDIA/IMAGES NEW /VIDEO/Four Seasons Hotel Austin in Austin, TX Four Seasons Hotel Austin in Austin, TX Four Seasons Hotel Austin in Austin, TX Fonew property videos ,/54.mp4","54","Identity and usage rights require review before assignment","below_90_percent","Confirm identity, role, rights and crop before manifest assignment"
"/Users/megdude/Downloads/PERKS MEDIA/IMAGES NEW /VIDEO/Four Seasons Hotel Austin in Austin, TX Four Seasons Hotel Austin in Austin, TX Four Seasons Hotel Austin in Austin, TX Fonew property videos ,/55.mp4","55","Identity and usage rights require review before assignment","below_90_percent","Confirm identity, role, rights and crop before manifest assignment"
"/Users/megdude/Downloads/PERKS MEDIA/IMAGES NEW /VIDEO/Four Seasons Hotel Austin in Austin, TX Four Seasons Hotel Austin in Austin, TX Four Seasons Hotel Austin in Austin, TX Fonew property videos ,/56.mp4","56","Identity and usage rights require review before assignment","below_90_percent","Confirm identity, role, rights and crop before manifest assignment"
"/Users/megdude/Downloads/PERKS MEDIA/IMAGES NEW /VIDEO/Four Seasons Hotel Austin in Austin, TX Four Seasons Hotel Austin in Austin, TX Four Seasons Hotel Austin in Austin, TX Fonew property videos ,/57.mp4","57","Identity and usage rights require review before assignment","below_90_percent","Confirm identity, role, rights and crop before manifest assignment"
"/Users/megdude/Downloads/PERKS MEDIA/IMAGES NEW /VIDEO/Four Seasons Hotel Austin in Austin, TX Four Seasons Hotel Austin in Austin, TX Four Seasons Hotel Austin in Austin, TX Fonew property videos ,/58.mp4","58","Identity and usage rights require review before assignment","below_90_percent","Confirm identity, role, rights and crop before manifest assignment"
"/Users/megdude/Downloads/PERKS MEDIA/IMAGES NEW /VIDEO/Four Seasons Hotel Austin in Austin, TX Four Seasons Hotel Austin in Austin, TX Four Seasons Hotel Austin in Austin, TX Fonew property videos ,/59.mp4","59","Identity and usage rights require review before assignment","below_90_percent","Confirm identity, role, rights and crop before manifest assignment"
"/Users/megdude/Downloads/PERKS MEDIA/IMAGES NEW /VIDEO/Four Seasons Hotel Austin in Austin, TX Four Seasons Hotel Austin in Austin, TX Four Seasons Hotel Austin in Austin, TX Fonew property videos ,/6.mp4","6","Identity and usage rights require review before assignment","below_90_percent","Confirm identity, role, rights and crop before manifest assignment"
"/Users/megdude/Downloads/PERKS MEDIA/IMAGES NEW /VIDEO/Four Seasons Hotel Austin in Austin, TX Four Seasons Hotel Austin in Austin, TX Four Seasons Hotel Austin in Austin, TX Fonew property videos ,/60.mp4","60","Identity and usage rights require review before assignment","below_90_percent","Confirm identity, role, rights and crop before manifest assignment"
"/Users/megdude/Downloads/PERKS MEDIA/IMAGES NEW /VIDEO/Four Seasons Hotel Austin in Austin, TX Four Seasons Hotel Austin in Austin, TX Four Seasons Hotel Austin in Austin, TX Fonew property videos ,/61.mp4","61","Identity and usage rights require review before assignment","below_90_percent","Confirm identity, role, rights and crop before manifest assignment"
"/Users/megdude/Downloads/PERKS MEDIA/IMAGES NEW /VIDEO/Four Seasons Hotel Austin in Austin, TX Four Seasons Hotel Austin in Austin, TX Four Seasons Hotel Austin in Austin, TX Fonew property videos ,/62.mp4","62","Identity and usage rights require review before assignment","below_90_percent","Confirm identity, role, rights and crop before manifest assignment"
"/Users/megdude/Downloads/PERKS MEDIA/IMAGES NEW /VIDEO/Four Seasons Hotel Austin in Austin, TX Four Seasons Hotel Austin in Austin, TX Four Seasons Hotel Austin in Austin, TX Fonew property videos ,/63.mp4","63","Identity and usage rights require review before assignment","below_90_percent","Confirm identity, role, rights and crop before manifest assignment"
"/Users/megdude/Downloads/PERKS MEDIA/IMAGES NEW /VIDEO/Four Seasons Hotel Austin in Austin, TX Four Seasons Hotel Austin in Austin, TX Four Seasons Hotel Austin in Austin, TX Fonew property videos ,/64.mp4","64","Identity and usage rights require review before assignment","below_90_percent","Confirm identity, role, rights and crop before manifest assignment"
"/Users/megdude/Downloads/PERKS MEDIA/IMAGES NEW /VIDEO/Four Seasons Hotel Austin in Austin, TX Four Seasons Hotel Austin in Austin, TX Four Seasons Hotel Austin in Austin, TX Fonew property videos ,/65.mp4","65","Identity and usage rights require review before assignment","below_90_percent","Confirm identity, role, rights and crop before manifest assignment"
"/Users/megdude/Downloads/PERKS MEDIA/IMAGES NEW /VIDEO/Four Seasons Hotel Austin in Austin, TX Four Seasons Hotel Austin in Austin, TX Four Seasons Hotel Austin in Austin, TX Fonew property videos ,/66.mp4","66","Identity and usage rights require review before assignment","below_90_percent","Confirm identity, role, rights and crop before manifest assignment"
"/Users/megdude/Downloads/PERKS MEDIA/IMAGES NEW /VIDEO/Four Seasons Hotel Austin in Austin, TX Four Seasons Hotel Austin in Austin, TX Four Seasons Hotel Austin in Austin, TX Fonew property videos ,/67.mp4","67","Identity and usage rights require review before assignment","below_90_percent","Confirm identity, role, rights and crop before manifest assignment"
"/Users/megdude/Downloads/PERKS MEDIA/IMAGES NEW /VIDEO/Four Seasons Hotel Austin in Austin, TX Four Seasons Hotel Austin in Austin, TX Four Seasons Hotel Austin in Austin, TX Fonew property videos ,/7.mp4","7","Identity and usage rights require review before assignment","below_90_percent","Confirm identity, role, rights and crop before manifest assignment"
"/Users/megdude/Downloads/PERKS MEDIA/IMAGES NEW /VIDEO/Four Seasons Hotel Austin in Austin, TX Four Seasons Hotel Austin in Austin, TX Four Seasons Hotel Austin in Austin, TX Fonew property videos ,/8.mp4","8","Identity and usage rights require review before assignment","below_90_percent","Confirm identity, role, rights and crop before manifest assignment"
"/Users/megdude/Downloads/PERKS MEDIA/IMAGES NEW /VIDEO/Four Seasons Hotel Austin in Austin, TX Four Seasons Hotel Austin in Austin, TX Four Seasons Hotel Austin in Austin, TX Fonew property videos ,/9.mp4","9","Identity and usage rights require review before assignment","below_90_percent","Confirm identity, role, rights and crop before manifest assignment"
"/Users/megdude/Downloads/PERKS MEDIA/IMAGES NEW /VIDEO/Four Seasons Hotel Austin in Austin, TX Four Seasons Hotel Austin in Austin, TX Four Seasons Hotel Austin in Austin, TX Fonew property videos ,/event partnerships.mp4","event-partnerships","Identity and usage rights require review before assignment","below_90_percent","Confirm identity, role, rights and crop before manifest assignment"
"/Users/megdude/Downloads/PERKS MEDIA/IMAGES NEW /VIDEO/Four Seasons Hotel Austin in Austin, TX Four Seasons Hotel Austin in Austin, TX Four Seasons Hotel Austin in Austin, TX Fonew property videos ,/offer saves.mp4","offer-saves","Identity and usage rights require review before assignment","below_90_percent","Confirm identity, role, rights and crop before manifest assignment"
"/Users/megdude/Downloads/PERKS MEDIA/IMAGES NEW /VIDEO/Four Seasons Hotel Austin in Austin, TX Four Seasons Hotel Austin in Austin, TX Four Seasons Hotel Austin in Austin, TX Fonew property videos , 2/1.mp4","1","Identity and usage rights require review before assignment","below_90_percent","Confirm identity, role, rights and crop before manifest assignment"
"/Users/megdude/Downloads/PERKS MEDIA/IMAGES NEW /VIDEO/Four Seasons Hotel Austin in Austin, TX Four Seasons Hotel Austin in Austin, TX Four Seasons Hotel Austin in Austin, TX Fonew property videos , 2/10.mp4","10","Identity and usage rights require review before assignment","below_90_percent","Confirm identity, role, rights and crop before manifest assignment"
"/Users/megdude/Downloads/PERKS MEDIA/IMAGES NEW /VIDEO/Four Seasons Hotel Austin in Austin, TX Four Seasons Hotel Austin in Austin, TX Four Seasons Hotel Austin in Austin, TX Fonew property videos , 2/11.mp4","11","Identity and usage rights require review before assignment","below_90_percent","Confirm identity, role, rights and crop before manifest assignment"
"/Users/megdude/Downloads/PERKS MEDIA/IMAGES NEW /VIDEO/Four Seasons Hotel Austin in Austin, TX Four Seasons Hotel Austin in Austin, TX Four Seasons Hotel Austin in Austin, TX Fonew property videos , 2/13.mp4","13","Identity and usage rights require review before assignment","below_90_percent","Confirm identity, role, rights and crop before manifest assignment"
"/Users/megdude/Downloads/PERKS MEDIA/IMAGES NEW /VIDEO/Four Seasons Hotel Austin in Austin, TX Four Seasons Hotel Austin in Austin, TX Four Seasons Hotel Austin in Austin, TX Fonew property videos , 2/14.mp4","14","Identity and usage rights require review before assignment","below_90_percent","Confirm identity, role, rights and crop before manifest assignment"
"/Users/megdude/Downloads/PERKS MEDIA/IMAGES NEW /VIDEO/Four Seasons Hotel Austin in Austin, TX Four Seasons Hotel Austin in Austin, TX Four Seasons Hotel Austin in Austin, TX Fonew property videos , 2/15.mp4","15","Identity and usage rights require review before assignment","below_90_percent","Confirm identity, role, rights and crop before manifest assignment"
"/Users/megdude/Downloads/PERKS MEDIA/IMAGES NEW /VIDEO/Four Seasons Hotel Austin in Austin, TX Four Seasons Hotel Austin in Austin, TX Four Seasons Hotel Austin in Austin, TX Fonew property videos , 2/16.mp4","16","Identity and usage rights require review before assignment","below_90_percent","Confirm identity, role, rights and crop before manifest assignment"
"/Users/megdude/Downloads/PERKS MEDIA/IMAGES NEW /VIDEO/Four Seasons Hotel Austin in Austin, TX Four Seasons Hotel Austin in Austin, TX Four Seasons Hotel Austin in Austin, TX Fonew property videos , 2/17.mp4","17","Identity and usage rights require review before assignment","below_90_percent","Confirm identity, role, rights and crop before manifest assignment"
"/Users/megdude/Downloads/PERKS MEDIA/IMAGES NEW /VIDEO/Four Seasons Hotel Austin in Austin, TX Four Seasons Hotel Austin in Austin, TX Four Seasons Hotel Austin in Austin, TX Fonew property videos , 2/18.mp4","18","Identity and usage rights require review before assignment","below_90_percent","Confirm identity, role, rights and crop before manifest assignment"
"/Users/megdude/Downloads/PERKS MEDIA/IMAGES NEW /VIDEO/Four Seasons Hotel Austin in Austin, TX Four Seasons Hotel Austin in Austin, TX Four Seasons Hotel Austin in Austin, TX Fonew property videos , 2/19.mp4","19","Identity and usage rights require review before assignment","below_90_percent","Confirm identity, role, rights and crop before manifest assignment"
"/Users/megdude/Downloads/PERKS MEDIA/IMAGES NEW /VIDEO/Four Seasons Hotel Austin in Austin, TX Four Seasons Hotel Austin in Austin, TX Four Seasons Hotel Austin in Austin, TX Fonew property videos , 2/2.mp4","2","Identity and usage rights require review before assignment","below_90_percent","Confirm identity, role, rights and crop before manifest assignment"
"/Users/megdude/Downloads/PERKS MEDIA/IMAGES NEW /VIDEO/Four Seasons Hotel Austin in Austin, TX Four Seasons Hotel Austin in Austin, TX Four Seasons Hotel Austin in Austin, TX Fonew property videos , 2/20.mp4","20","Identity and usage rights require review before assignment","below_90_percent","Confirm identity, role, rights and crop before manifest assignment"
"/Users/megdude/Downloads/PERKS MEDIA/IMAGES NEW /VIDEO/Four Seasons Hotel Austin in Austin, TX Four Seasons Hotel Austin in Austin, TX Four Seasons Hotel Austin in Austin, TX Fonew property videos , 2/21.mp4","21","Identity and usage rights require review before assignment","below_90_percent","Confirm identity, role, rights and crop before manifest assignment"
"/Users/megdude/Downloads/PERKS MEDIA/IMAGES NEW /VIDEO/Four Seasons Hotel Austin in Austin, TX Four Seasons Hotel Austin in Austin, TX Four Seasons Hotel Austin in Austin, TX Fonew property videos , 2/22.mp4","22","Identity and usage rights require review before assignment","below_90_percent","Confirm identity, role, rights and crop before manifest assignment"
"/Users/megdude/Downloads/PERKS MEDIA/IMAGES NEW /VIDEO/Four Seasons Hotel Austin in Austin, TX Four Seasons Hotel Austin in Austin, TX Four Seasons Hotel Austin in Austin, TX Fonew property videos , 2/23.mp4","23","Identity and usage rights require review before assignment","below_90_percent","Confirm identity, role, rights and crop before manifest assignment"
"/Users/megdude/Downloads/PERKS MEDIA/IMAGES NEW /VIDEO/Four Seasons Hotel Austin in Austin, TX Four Seasons Hotel Austin in Austin, TX Four Seasons Hotel Austin in Austin, TX Fonew property videos , 2/24.mp4","24","Identity and usage rights require review before assignment","below_90_percent","Confirm identity, role, rights and crop before manifest assignment"
"/Users/megdude/Downloads/PERKS MEDIA/IMAGES NEW /VIDEO/Four Seasons Hotel Austin in Austin, TX Four Seasons Hotel Austin in Austin, TX Four Seasons Hotel Austin in Austin, TX Fonew property videos , 2/25.mp4","25","Identity and usage rights require review before assignment","below_90_percent","Confirm identity, role, rights and crop before manifest assignment"
"/Users/megdude/Downloads/PERKS MEDIA/IMAGES NEW /VIDEO/Four Seasons Hotel Austin in Austin, TX Four Seasons Hotel Austin in Austin, TX Four Seasons Hotel Austin in Austin, TX Fonew property videos , 2/26.mp4","26","Identity and usage rights require review before assignment","below_90_percent","Confirm identity, role, rights and crop before manifest assignment"
"/Users/megdude/Downloads/PERKS MEDIA/IMAGES NEW /VIDEO/Four Seasons Hotel Austin in Austin, TX Four Seasons Hotel Austin in Austin, TX Four Seasons Hotel Austin in Austin, TX Fonew property videos , 2/27.mp4","27","Identity and usage rights require review before assignment","below_90_percent","Confirm identity, role, rights and crop before manifest assignment"
"/Users/megdude/Downloads/PERKS MEDIA/IMAGES NEW /VIDEO/Four Seasons Hotel Austin in Austin, TX Four Seasons Hotel Austin in Austin, TX Four Seasons Hotel Austin in Austin, TX Fonew property videos , 2/28.mp4","28","Identity and usage rights require review before assignment","below_90_percent","Confirm identity, role, rights and crop before manifest assignment"
"/Users/megdude/Downloads/PERKS MEDIA/IMAGES NEW /VIDEO/Four Seasons Hotel Austin in Austin, TX Four Seasons Hotel Austin in Austin, TX Four Seasons Hotel Austin in Austin, TX Fonew property videos , 2/29.mp4","29","Identity and usage rights require review before assignment","below_90_percent","Confirm identity, role, rights and crop before manifest assignment"
"/Users/megdude/Downloads/PERKS MEDIA/IMAGES NEW /VIDEO/Four Seasons Hotel Austin in Austin, TX Four Seasons Hotel Austin in Austin, TX Four Seasons Hotel Austin in Austin, TX Fonew property videos , 2/3.mp4","3","Identity and usage rights require review before assignment","below_90_percent","Confirm identity, role, rights and crop before manifest assignment"
"/Users/megdude/Downloads/PERKS MEDIA/IMAGES NEW /VIDEO/Four Seasons Hotel Austin in Austin, TX Four Seasons Hotel Austin in Austin, TX Four Seasons Hotel Austin in Austin, TX Fonew property videos , 2/30.mp4","30","Identity and usage rights require review before assignment","below_90_percent","Confirm identity, role, rights and crop before manifest assignment"
"/Users/megdude/Downloads/PERKS MEDIA/IMAGES NEW /VIDEO/Four Seasons Hotel Austin in Austin, TX Four Seasons Hotel Austin in Austin, TX Four Seasons Hotel Austin in Austin, TX Fonew property videos , 2/31.mp4","31","Identity and usage rights require review before assignment","below_90_percent","Confirm identity, role, rights and crop before manifest assignment"
"/Users/megdude/Downloads/PERKS MEDIA/IMAGES NEW /VIDEO/Four Seasons Hotel Austin in Austin, TX Four Seasons Hotel Austin in Austin, TX Four Seasons Hotel Austin in Austin, TX Fonew property videos , 2/32.mp4","32","Identity and usage rights require review before assignment","below_90_percent","Confirm identity, role, rights and crop before manifest assignment"
"/Users/megdude/Downloads/PERKS MEDIA/IMAGES NEW /VIDEO/Four Seasons Hotel Austin in Austin, TX Four Seasons Hotel Austin in Austin, TX Four Seasons Hotel Austin in Austin, TX Fonew property videos , 2/33.mp4","33","Identity and usage rights require review before assignment","below_90_percent","Confirm identity, role, rights and crop before manifest assignment"
"/Users/megdude/Downloads/PERKS MEDIA/IMAGES NEW /VIDEO/Four Seasons Hotel Austin in Austin, TX Four Seasons Hotel Austin in Austin, TX Four Seasons Hotel Austin in Austin, TX Fonew property videos , 2/34.mp4","34","Identity and usage rights require review before assignment","below_90_percent","Confirm identity, role, rights and crop before manifest assignment"
"/Users/megdude/Downloads/PERKS MEDIA/IMAGES NEW /VIDEO/Four Seasons Hotel Austin in Austin, TX Four Seasons Hotel Austin in Austin, TX Four Seasons Hotel Austin in Austin, TX Fonew property videos , 2/35.mp4","35","Identity and usage rights require review before assignment","below_90_percent","Confirm identity, role, rights and crop before manifest assignment"
"/Users/megdude/Downloads/PERKS MEDIA/IMAGES NEW /VIDEO/Four Seasons Hotel Austin in Austin, TX Four Seasons Hotel Austin in Austin, TX Four Seasons Hotel Austin in Austin, TX Fonew property videos , 2/36.mp4","36","Identity and usage rights require review before assignment","below_90_percent","Confirm identity, role, rights and crop before manifest assignment"
"/Users/megdude/Downloads/PERKS MEDIA/IMAGES NEW /VIDEO/Four Seasons Hotel Austin in Austin, TX Four Seasons Hotel Austin in Austin, TX Four Seasons Hotel Austin in Austin, TX Fonew property videos , 2/37.mp4","37","Identity and usage rights require review before assignment","below_90_percent","Confirm identity, role, rights and crop before manifest assignment"
"/Users/megdude/Downloads/PERKS MEDIA/IMAGES NEW /VIDEO/Four Seasons Hotel Austin in Austin, TX Four Seasons Hotel Austin in Austin, TX Four Seasons Hotel Austin in Austin, TX Fonew property videos , 2/38.mp4","38","Identity and usage rights require review before assignment","below_90_percent","Confirm identity, role, rights and crop before manifest assignment"
"/Users/megdude/Downloads/PERKS MEDIA/IMAGES NEW /VIDEO/Four Seasons Hotel Austin in Austin, TX Four Seasons Hotel Austin in Austin, TX Four Seasons Hotel Austin in Austin, TX Fonew property videos , 2/39.mp4","39","Identity and usage rights require review before assignment","below_90_percent","Confirm identity, role, rights and crop before manifest assignment"
"/Users/megdude/Downloads/PERKS MEDIA/IMAGES NEW /VIDEO/Four Seasons Hotel Austin in Austin, TX Four Seasons Hotel Austin in Austin, TX Four Seasons Hotel Austin in Austin, TX Fonew property videos , 2/4.mp4","4","Identity and usage rights require review before assignment","below_90_percent","Confirm identity, role, rights and crop before manifest assignment"
"/Users/megdude/Downloads/PERKS MEDIA/IMAGES NEW /VIDEO/Four Seasons Hotel Austin in Austin, TX Four Seasons Hotel Austin in Austin, TX Four Seasons Hotel Austin in Austin, TX Fonew property videos , 2/40.mp4","40","Identity and usage rights require review before assignment","below_90_percent","Confirm identity, role, rights and crop before manifest assignment"
"/Users/megdude/Downloads/PERKS MEDIA/IMAGES NEW /VIDEO/Four Seasons Hotel Austin in Austin, TX Four Seasons Hotel Austin in Austin, TX Four Seasons Hotel Austin in Austin, TX Fonew property videos , 2/41.mp4","41","Identity and usage rights require review before assignment","below_90_percent","Confirm identity, role, rights and crop before manifest assignment"
"/Users/megdude/Downloads/PERKS MEDIA/IMAGES NEW /VIDEO/Four Seasons Hotel Austin in Austin, TX Four Seasons Hotel Austin in Austin, TX Four Seasons Hotel Austin in Austin, TX Fonew property videos , 2/42.mp4","42","Identity and usage rights require review before assignment","below_90_percent","Confirm identity, role, rights and crop before manifest assignment"
"/Users/megdude/Downloads/PERKS MEDIA/IMAGES NEW /VIDEO/Four Seasons Hotel Austin in Austin, TX Four Seasons Hotel Austin in Austin, TX Four Seasons Hotel Austin in Austin, TX Fonew property videos , 2/43.mp4","43","Identity and usage rights require review before assignment","below_90_percent","Confirm identity, role, rights and crop before manifest assignment"
"/Users/megdude/Downloads/PERKS MEDIA/IMAGES NEW /VIDEO/Four Seasons Hotel Austin in Austin, TX Four Seasons Hotel Austin in Austin, TX Four Seasons Hotel Austin in Austin, TX Fonew property videos , 2/44.mp4","44","Identity and usage rights require review before assignment","below_90_percent","Confirm identity, role, rights and crop before manifest assignment"
"/Users/megdude/Downloads/PERKS MEDIA/IMAGES NEW /VIDEO/Four Seasons Hotel Austin in Austin, TX Four Seasons Hotel Austin in Austin, TX Four Seasons Hotel Austin in Austin, TX Fonew property videos , 2/45.mp4","45","Identity and usage rights require review before assignment","below_90_percent","Confirm identity, role, rights and crop before manifest assignment"
"/Users/megdude/Downloads/PERKS MEDIA/IMAGES NEW /VIDEO/Four Seasons Hotel Austin in Austin, TX Four Seasons Hotel Austin in Austin, TX Four Seasons Hotel Austin in Austin, TX Fonew property videos , 2/46.mp4","46","Identity and usage rights require review before assignment","below_90_percent","Confirm identity, role, rights and crop before manifest assignment"
"/Users/megdude/Downloads/PERKS MEDIA/IMAGES NEW /VIDEO/Four Seasons Hotel Austin in Austin, TX Four Seasons Hotel Austin in Austin, TX Four Seasons Hotel Austin in Austin, TX Fonew property videos , 2/47.mp4","47","Identity and usage rights require review before assignment","below_90_percent","Confirm identity, role, rights and crop before manifest assignment"
"/Users/megdude/Downloads/PERKS MEDIA/IMAGES NEW /VIDEO/Four Seasons Hotel Austin in Austin, TX Four Seasons Hotel Austin in Austin, TX Four Seasons Hotel Austin in Austin, TX Fonew property videos , 2/48.mp4","48","Identity and usage rights require review before assignment","below_90_percent","Confirm identity, role, rights and crop before manifest assignment"
"/Users/megdude/Downloads/PERKS MEDIA/IMAGES NEW /VIDEO/Four Seasons Hotel Austin in Austin, TX Four Seasons Hotel Austin in Austin, TX Four Seasons Hotel Austin in Austin, TX Fonew property videos , 2/49.mp4","49","Identity and usage rights require review before assignment","below_90_percent","Confirm identity, role, rights and crop before manifest assignment"
"/Users/megdude/Downloads/PERKS MEDIA/IMAGES NEW /VIDEO/Four Seasons Hotel Austin in Austin, TX Four Seasons Hotel Austin in Austin, TX Four Seasons Hotel Austin in Austin, TX Fonew property videos , 2/5.mp4","5","Identity and usage rights require review before assignment","below_90_percent","Confirm identity, role, rights and crop before manifest assignment"
"/Users/megdude/Downloads/PERKS MEDIA/IMAGES NEW /VIDEO/Four Seasons Hotel Austin in Austin, TX Four Seasons Hotel Austin in Austin, TX Four Seasons Hotel Austin in Austin, TX Fonew property videos , 2/50.mp4","50","Identity and usage rights require review before assignment","below_90_percent","Confirm identity, role, rights and crop before manifest assignment"
"/Users/megdude/Downloads/PERKS MEDIA/IMAGES NEW /VIDEO/Four Seasons Hotel Austin in Austin, TX Four Seasons Hotel Austin in Austin, TX Four Seasons Hotel Austin in Austin, TX Fonew property videos , 2/51.mp4","51","Identity and usage rights require review before assignment","below_90_percent","Confirm identity, role, rights and crop before manifest assignment"
"/Users/megdude/Downloads/PERKS MEDIA/IMAGES NEW /VIDEO/Four Seasons Hotel Austin in Austin, TX Four Seasons Hotel Austin in Austin, TX Four Seasons Hotel Austin in Austin, TX Fonew property videos , 2/53.mp4","53","Identity and usage rights require review before assignment","below_90_percent","Confirm identity, role, rights and crop before manifest assignment"
"/Users/megdude/Downloads/PERKS MEDIA/IMAGES NEW /VIDEO/Four Seasons Hotel Austin in Austin, TX Four Seasons Hotel Austin in Austin, TX Four Seasons Hotel Austin in Austin, TX Fonew property videos , 2/54.mp4","54","Identity and usage rights require review before assignment","below_90_percent","Confirm identity, role, rights and crop before manifest assignment"
"/Users/megdude/Downloads/PERKS MEDIA/IMAGES NEW /VIDEO/Four Seasons Hotel Austin in Austin, TX Four Seasons Hotel Austin in Austin, TX Four Seasons Hotel Austin in Austin, TX Fonew property videos , 2/55.mp4","55","Identity and usage rights require review before assignment","below_90_percent","Confirm identity, role, rights and crop before manifest assignment"
"/Users/megdude/Downloads/PERKS MEDIA/IMAGES NEW /VIDEO/Four Seasons Hotel Austin in Austin, TX Four Seasons Hotel Austin in Austin, TX Four Seasons Hotel Austin in Austin, TX Fonew property videos , 2/56.mp4","56","Identity and usage rights require review before assignment","below_90_percent","Confirm identity, role, rights and crop before manifest assignment"
"/Users/megdude/Downloads/PERKS MEDIA/IMAGES NEW /VIDEO/Four Seasons Hotel Austin in Austin, TX Four Seasons Hotel Austin in Austin, TX Four Seasons Hotel Austin in Austin, TX Fonew property videos , 2/57.mp4","57","Identity and usage rights require review before assignment","below_90_percent","Confirm identity, role, rights and crop before manifest assignment"
"/Users/megdude/Downloads/PERKS MEDIA/IMAGES NEW /VIDEO/Four Seasons Hotel Austin in Austin, TX Four Seasons Hotel Austin in Austin, TX Four Seasons Hotel Austin in Austin, TX Fonew property videos , 2/58.mp4","58","Identity and usage rights require review before assignment","below_90_percent","Confirm identity, role, rights and crop before manifest assignment"
"/Users/megdude/Downloads/PERKS MEDIA/IMAGES NEW /VIDEO/Four Seasons Hotel Austin in Austin, TX Four Seasons Hotel Austin in Austin, TX Four Seasons Hotel Austin in Austin, TX Fonew property videos , 2/59.mp4","59","Identity and usage rights require review before assignment","below_90_percent","Confirm identity, role, rights and crop before manifest assignment"
"/Users/megdude/Downloads/PERKS MEDIA/IMAGES NEW /VIDEO/Four Seasons Hotel Austin in Austin, TX Four Seasons Hotel Austin in Austin, TX Four Seasons Hotel Austin in Austin, TX Fonew property videos , 2/60.mp4","60","Identity and usage rights require review before assignment","below_90_percent","Confirm identity, role, rights and crop before manifest assignment"
"/Users/megdude/Downloads/PERKS MEDIA/IMAGES NEW /VIDEO/Four Seasons Hotel Austin in Austin, TX Four Seasons Hotel Austin in Austin, TX Four Seasons Hotel Austin in Austin, TX Fonew property videos , 2/61.mp4","61","Identity and usage rights require review before assignment","below_90_percent","Confirm identity, role, rights and crop before manifest assignment"
"/Users/megdude/Downloads/PERKS MEDIA/IMAGES NEW /VIDEO/Four Seasons Hotel Austin in Austin, TX Four Seasons Hotel Austin in Austin, TX Four Seasons Hotel Austin in Austin, TX Fonew property videos , 2/63.mp4","63","Identity and usage rights require review before assignment","below_90_percent","Confirm identity, role, rights and crop before manifest assignment"
"/Users/megdude/Downloads/PERKS MEDIA/IMAGES NEW /VIDEO/Four Seasons Hotel Austin in Austin, TX Four Seasons Hotel Austin in Austin, TX Four Seasons Hotel Austin in Austin, TX Fonew property videos , 2/64.mp4","64","Identity and usage rights require review before assignment","below_90_percent","Confirm identity, role, rights and crop before manifest assignment"
"/Users/megdude/Downloads/PERKS MEDIA/IMAGES NEW /VIDEO/Four Seasons Hotel Austin in Austin, TX Four Seasons Hotel Austin in Austin, TX Four Seasons Hotel Austin in Austin, TX Fonew property videos , 2/65.mp4","65","Identity and usage rights require review before assignment","below_90_percent","Confirm identity, role, rights and crop before manifest assignment"
"/Users/megdude/Downloads/PERKS MEDIA/IMAGES NEW /VIDEO/Four Seasons Hotel Austin in Austin, TX Four Seasons Hotel Austin in Austin, TX Four Seasons Hotel Austin in Austin, TX Fonew property videos , 2/66.mp4","66","Identity and usage rights require review before assignment","below_90_percent","Confirm identity, role, rights and crop before manifest assignment"
"/Users/megdude/Downloads/PERKS MEDIA/IMAGES NEW /VIDEO/Four Seasons Hotel Austin in Austin, TX Four Seasons Hotel Austin in Austin, TX Four Seasons Hotel Austin in Austin, TX Fonew property videos , 2/67.mp4","67","Identity and usage rights require review before assignment","below_90_percent","Confirm identity, role, rights and crop before manifest assignment"
"/Users/megdude/Downloads/PERKS MEDIA/IMAGES NEW /VIDEO/Four Seasons Hotel Austin in Austin, TX Four Seasons Hotel Austin in Austin, TX Four Seasons Hotel Austin in Austin, TX Fonew property videos , 2/7.mp4","7","Identity and usage rights require review before assignment","below_90_percent","Confirm identity, role, rights and crop before manifest assignment"
"/Users/megdude/Downloads/PERKS MEDIA/IMAGES NEW /VIDEO/Four Seasons Hotel Austin in Austin, TX Four Seasons Hotel Austin in Austin, TX Four Seasons Hotel Austin in Austin, TX Fonew property videos , 2/8.mp4","8","Identity and usage rights require review before assignment","below_90_percent","Confirm identity, role, rights and crop before manifest assignment"
"/Users/megdude/Downloads/PERKS MEDIA/IMAGES NEW /VIDEO/Four Seasons Hotel Austin in Austin, TX Four Seasons Hotel Austin in Austin, TX Four Seasons Hotel Austin in Austin, TX Fonew property videos , 2/9.mp4","9","Identity and usage rights require review before assignment","below_90_percent","Confirm identity, role, rights and crop before manifest assignment"
"/Users/megdude/Downloads/PERKS MEDIA/IMAGES NEW /VIDEO/Four Seasons Hotel Austin in Austin, TX Four Seasons Hotel Austin in Austin, TX Four Seasons Hotel Austin in Austin, TX Four Seasons Hotel Austin in Austin, TX Four Seasons Hotel Austin in Austin,/11.mp4","11","Identity and usage rights require review before assignment","below_90_percent","Confirm identity, role, rights and crop before manifest assignment"
"/Users/megdude/Downloads/PERKS MEDIA/IMAGES NEW /VIDEO/Four Seasons Hotel Austin in Austin, TX Four Seasons Hotel Austin in Austin, TX Four Seasons Hotel Austin in Austin, TX Four Seasons Hotel Austin in Austin, TX Four Seasons Hotel Austin in Austin,/12.mp4","12","Identity and usage rights require review before assignment","below_90_percent","Confirm identity, role, rights and crop before manifest assignment"
"/Users/megdude/Downloads/PERKS MEDIA/IMAGES NEW /VIDEO/Four Seasons Hotel Austin in Austin, TX Four Seasons Hotel Austin in Austin, TX Four Seasons Hotel Austin in Austin, TX Four Seasons Hotel Austin in Austin, TX Four Seasons Hotel Austin in Austin,/13.mp4","13","Identity and usage rights require review before assignment","below_90_percent","Confirm identity, role, rights and crop before manifest assignment"
"/Users/megdude/Downloads/PERKS MEDIA/IMAGES NEW /VIDEO/Four Seasons Hotel Austin in Austin, TX Four Seasons Hotel Austin in Austin, TX Four Seasons Hotel Austin in Austin, TX Four Seasons Hotel Austin in Austin, TX Four Seasons Hotel Austin in Austin,/14.mp4","14","Identity and usage rights require review before assignment","below_90_percent","Confirm identity, role, rights and crop before manifest assignment"
"/Users/megdude/Downloads/PERKS MEDIA/IMAGES NEW /VIDEO/Four Seasons Hotel Austin in Austin, TX Four Seasons Hotel Austin in Austin, TX Four Seasons Hotel Austin in Austin, TX Four Seasons Hotel Austin in Austin, TX Four Seasons Hotel Austin in Austin,/15.mp4","15","Identity and usage rights require review before assignment","below_90_percent","Confirm identity, role, rights and crop before manifest assignment"
"/Users/megdude/Downloads/PERKS MEDIA/IMAGES NEW /VIDEO/Four Seasons Hotel Austin in Austin, TX Four Seasons Hotel Austin in Austin, TX Four Seasons Hotel Austin in Austin, TX Four Seasons Hotel Austin in Austin, TX Four Seasons Hotel Austin in Austin,/17.mp4","17","Identity and usage rights require review before assignment","below_90_percent","Confirm identity, role, rights and crop before manifest assignment"
"/Users/megdude/Downloads/PERKS MEDIA/IMAGES NEW /VIDEO/Four Seasons Hotel Austin in Austin, TX Four Seasons Hotel Austin in Austin, TX Four Seasons Hotel Austin in Austin, TX Four Seasons Hotel Austin in Austin, TX Four Seasons Hotel Austin in Austin,/18.mp4","18","Identity and usage rights require review before assignment","below_90_percent","Confirm identity, role, rights and crop before manifest assignment"
"/Users/megdude/Downloads/PERKS MEDIA/IMAGES NEW /VIDEO/Four Seasons Hotel Austin in Austin, TX Four Seasons Hotel Austin in Austin, TX Four Seasons Hotel Austin in Austin, TX Four Seasons Hotel Austin in Austin, TX Four Seasons Hotel Austin in Austin,/19.mp4","19","Identity and usage rights require review before assignment","below_90_percent","Confirm identity, role, rights and crop before manifest assignment"
"/Users/megdude/Downloads/PERKS MEDIA/IMAGES NEW /VIDEO/Four Seasons Hotel Austin in Austin, TX Four Seasons Hotel Austin in Austin, TX Four Seasons Hotel Austin in Austin, TX Four Seasons Hotel Austin in Austin, TX Four Seasons Hotel Austin in Austin,/22.mp4","22","Identity and usage rights require review before assignment","below_90_percent","Confirm identity, role, rights and crop before manifest assignment"
"/Users/megdude/Downloads/PERKS MEDIA/IMAGES NEW /VIDEO/Four Seasons Hotel Austin in Austin, TX Four Seasons Hotel Austin in Austin, TX Four Seasons Hotel Austin in Austin, TX Four Seasons Hotel Austin in Austin, TX Four Seasons Hotel Austin in Austin,/23.mp4","23","Identity and usage rights require review before assignment","below_90_percent","Confirm identity, role, rights and crop before manifest assignment"
"/Users/megdude/Downloads/PERKS MEDIA/IMAGES NEW /VIDEO/Four Seasons Hotel Austin in Austin, TX Four Seasons Hotel Austin in Austin, TX Four Seasons Hotel Austin in Austin, TX Four Seasons Hotel Austin in Austin, TX Four Seasons Hotel Austin in Austin,/24.mp4","24","Identity and usage rights require review before assignment","below_90_percent","Confirm identity, role, rights and crop before manifest assignment"
"/Users/megdude/Downloads/PERKS MEDIA/IMAGES NEW /VIDEO/Four Seasons Hotel Austin in Austin, TX Four Seasons Hotel Austin in Austin, TX Four Seasons Hotel Austin in Austin, TX Four Seasons Hotel Austin in Austin, TX Four Seasons Hotel Austin in Austin,/25.mp4","25","Identity and usage rights require review before assignment","below_90_percent","Confirm identity, role, rights and crop before manifest assignment"
"/Users/megdude/Downloads/PERKS MEDIA/IMAGES NEW /VIDEO/Four Seasons Hotel Austin in Austin, TX Four Seasons Hotel Austin in Austin, TX Four Seasons Hotel Austin in Austin, TX Four Seasons Hotel Austin in Austin, TX Four Seasons Hotel Austin in Austin,/26.mp4","26","Identity and usage rights require review before assignment","below_90_percent","Confirm identity, role, rights and crop before manifest assignment"
"/Users/megdude/Downloads/PERKS MEDIA/IMAGES NEW /VIDEO/Four Seasons Hotel Austin in Austin, TX Four Seasons Hotel Austin in Austin, TX Four Seasons Hotel Austin in Austin, TX Four Seasons Hotel Austin in Austin, TX Four Seasons Hotel Austin in Austin,/27.mp4","27","Identity and usage rights require review before assignment","below_90_percent","Confirm identity, role, rights and crop before manifest assignment"
"/Users/megdude/Downloads/PERKS MEDIA/IMAGES NEW /VIDEO/Four Seasons Hotel Austin in Austin, TX Four Seasons Hotel Austin in Austin, TX Four Seasons Hotel Austin in Austin, TX Four Seasons Hotel Austin in Austin, TX Four Seasons Hotel Austin in Austin,/28.mp4","28","Identity and usage rights require review before assignment","below_90_percent","Confirm identity, role, rights and crop before manifest assignment"
"/Users/megdude/Downloads/PERKS MEDIA/IMAGES NEW /VIDEO/Four Seasons Hotel Austin in Austin, TX Four Seasons Hotel Austin in Austin, TX Four Seasons Hotel Austin in Austin, TX Four Seasons Hotel Austin in Austin, TX Four Seasons Hotel Austin in Austin,/29.mp4","29","Identity and usage rights require review before assignment","below_90_percent","Confirm identity, role, rights and crop before manifest assignment"
"/Users/megdude/Downloads/PERKS MEDIA/IMAGES NEW /VIDEO/Four Seasons Hotel Austin in Austin, TX Four Seasons Hotel Austin in Austin, TX Four Seasons Hotel Austin in Austin, TX Four Seasons Hotel Austin in Austin, TX Four Seasons Hotel Austin in Austin,/4.mp4","4","Identity and usage rights require review before assignment","below_90_percent","Confirm identity, role, rights and crop before manifest assignment"
"/Users/megdude/Downloads/PERKS MEDIA/IMAGES NEW /VIDEO/Four Seasons Hotel Austin in Austin, TX Four Seasons Hotel Austin in Austin, TX Four Seasons Hotel Austin in Austin, TX Four Seasons Hotel Austin in Austin, TX Four Seasons Hotel Austin in Austin,/5.mp4","5","Identity and usage rights require review before assignment","below_90_percent","Confirm identity, role, rights and crop before manifest assignment"
"/Users/megdude/Downloads/PERKS MEDIA/IMAGES NEW /VIDEO/Four Seasons Hotel Austin in Austin, TX Four Seasons Hotel Austin in Austin, TX Four Seasons Hotel Austin in Austin, TX Four Seasons Hotel Austin in Austin, TX Four Seasons Hotel Austin in Austin,/6.mp4","6","Identity and usage rights require review before assignment","below_90_percent","Confirm identity, role, rights and crop before manifest assignment"
"/Users/megdude/Downloads/PERKS MEDIA/IMAGES NEW /VIDEO/Four Seasons Hotel Austin in Austin, TX Four Seasons Hotel Austin in Austin, TX Four Seasons Hotel Austin in Austin, TX Four Seasons Hotel Austin in Austin, TX Four Seasons Hotel Austin in Austin,/7.mp4","7","Identity and usage rights require review before assignment","below_90_percent","Confirm identity, role, rights and crop before manifest assignment"
"/Users/megdude/Downloads/PERKS MEDIA/IMAGES NEW /VIDEO/Four Seasons Hotel Austin in Austin, TX Four Seasons Hotel Austin in Austin, TX Four Seasons Hotel Austin in Austin, TX Four Seasons Hotel Austin in Austin, TX Four Seasons Hotel Austin in Austin,/8.mp4","8","Identity and usage rights require review before assignment","below_90_percent","Confirm identity, role, rights and crop before manifest assignment"
"/Users/megdude/Downloads/PERKS MEDIA/IMAGES NEW /VIDEO/Four Seasons Hotel Austin in Austin, TX Four Seasons Hotel Austin in Austin, TX Four Seasons Hotel Austin in Austin, TX Four Seasons Hotel Austin in Austin, TX Four Seasons Hotel Austin in Austin,.mp4","four-seasons-hotel-austin-in-austin-tx-four-seasons-hotel-austin-in-austin-tx-four-seasons-hotel-austin-in-austin-tx-four-seasons-hotel-austin-in-austin-tx-four-seasons-hotel-austin-in-austin","Identity and usage rights require review before assignment","below_90_percent","Confirm identity, role, rights and crop before manifest assignment"
"/Users/megdude/Downloads/PERKS MEDIA/IMAGES NEW /VIDEO/Hospitality.mp4","hospitality","Identity and usage rights require review before assignment","below_90_percent","Confirm identity, role, rights and crop before manifest assignment"
"/Users/megdude/Downloads/PERKS MEDIA/IMAGES NEW /VIDEO/Hotel/7.mp4","7","Identity and usage rights require review before assignment","below_90_percent","Confirm identity, role, rights and crop before manifest assignment"
"/Users/megdude/Downloads/PERKS MEDIA/IMAGES NEW /VIDEO/Hotel/8.mp4","8","Identity and usage rights require review before assignment","below_90_percent","Confirm identity, role, rights and crop before manifest assignment"
"/Users/megdude/Downloads/PERKS MEDIA/IMAGES NEW /VIDEO/In Store QR.mp4","in-store-qr","Identity and usage rights require review before assignment","below_90_percent","Confirm identity, role, rights and crop before manifest assignment"
"/Users/megdude/Downloads/PERKS MEDIA/IMAGES NEW /VIDEO/Lifestyle Video.mp4","lifestyle-video","Identity and usage rights require review before assignment","below_90_percent","Confirm identity, role, rights and crop before manifest assignment"
"/Users/megdude/Downloads/PERKS MEDIA/IMAGES NEW /VIDEO/NEW 26 JUNE/112.mp4","112","Identity and usage rights require review before assignment","below_90_percent","Confirm identity, role, rights and crop before manifest assignment"
"/Users/megdude/Downloads/PERKS MEDIA/IMAGES NEW /VIDEO/NEW 26 JUNE/113.mp4","113","Identity and usage rights require review before assignment","below_90_percent","Confirm identity, role, rights and crop before manifest assignment"
"/Users/megdude/Downloads/PERKS MEDIA/IMAGES NEW /VIDEO/NEW 26 JUNE/114.mp4","114","Identity and usage rights require review before assignment","below_90_percent","Confirm identity, role, rights and crop before manifest assignment"
"/Users/megdude/Downloads/PERKS MEDIA/IMAGES NEW /VIDEO/NEW 26 JUNE/115.mp4","115","Identity and usage rights require review before assignment","below_90_percent","Confirm identity, role, rights and crop before manifest assignment"
"/Users/megdude/Downloads/PERKS MEDIA/IMAGES NEW /VIDEO/NEW 26 JUNE/116.mp4","116","Identity and usage rights require review before assignment","below_90_percent","Confirm identity, role, rights and crop before manifest assignment"
"/Users/megdude/Downloads/PERKS MEDIA/IMAGES NEW /VIDEO/NEW 26 JUNE/117.mp4","117","Identity and usage rights require review before assignment","below_90_percent","Confirm identity, role, rights and crop before manifest assignment"
"/Users/megdude/Downloads/PERKS MEDIA/IMAGES NEW /VIDEO/NEW 26 JUNE/118.mp4","118","Identity and usage rights require review before assignment","below_90_percent","Confirm identity, role, rights and crop before manifest assignment"
"/Users/megdude/Downloads/PERKS MEDIA/IMAGES NEW /VIDEO/NEW 26 JUNE/119.mp4","119","Identity and usage rights require review before assignment","below_90_percent","Confirm identity, role, rights and crop before manifest assignment"
"/Users/megdude/Downloads/PERKS MEDIA/IMAGES NEW /VIDEO/NEW 26 JUNE/120.mp4","120","Identity and usage rights require review before assignment","below_90_percent","Confirm identity, role, rights and crop before manifest assignment"
"/Users/megdude/Downloads/PERKS MEDIA/IMAGES NEW /VIDEO/NEW 26 JUNE/121.mp4","121","Identity and usage rights require review before assignment","below_90_percent","Confirm identity, role, rights and crop before manifest assignment"
"/Users/megdude/Downloads/PERKS MEDIA/IMAGES NEW /VIDEO/NEW 26 JUNE/122.mp4","122","Identity and usage rights require review before assignment","below_90_percent","Confirm identity, role, rights and crop before manifest assignment"
"/Users/megdude/Downloads/PERKS MEDIA/IMAGES NEW /VIDEO/NEW VID1/1. elevator.mp4","1-elevator","Identity and usage rights require review before assignment","below_90_percent","Confirm identity, role, rights and crop before manifest assignment"
"/Users/megdude/Downloads/PERKS MEDIA/IMAGES NEW /VIDEO/NEW VID1/2. walking into city .mp4","2-walking-into-city","Identity and usage rights require review before assignment","below_90_percent","Confirm identity, role, rights and crop before manifest assignment"
"/Users/megdude/Downloads/PERKS MEDIA/IMAGES NEW /VIDEO/NEW VID1/21.mp4","21","Identity and usage rights require review before assignment","below_90_percent","Confirm identity, role, rights and crop before manifest assignment"
"/Users/megdude/Downloads/PERKS MEDIA/IMAGES NEW /VIDEO/NEW VID1/22.mp4","22","Identity and usage rights require review before assignment","below_90_percent","Confirm identity, role, rights and crop before manifest assignment"
"/Users/megdude/Downloads/PERKS MEDIA/IMAGES NEW /VIDEO/NEW VID1/23.mp4","23","Identity and usage rights require review before assignment","below_90_percent","Confirm identity, role, rights and crop before manifest assignment"
"/Users/megdude/Downloads/PERKS MEDIA/IMAGES NEW /VIDEO/NEW VID1/27.mp4","27","Identity and usage rights require review before assignment","below_90_percent","Confirm identity, role, rights and crop before manifest assignment"
"/Users/megdude/Downloads/PERKS MEDIA/IMAGES NEW /VIDEO/NEW VID1/28.mp4","28","Identity and usage rights require review before assignment","below_90_percent","Confirm identity, role, rights and crop before manifest assignment"
"/Users/megdude/Downloads/PERKS MEDIA/IMAGES NEW /VIDEO/NEW VID1/29.mp4","29","Identity and usage rights require review before assignment","below_90_percent","Confirm identity, role, rights and crop before manifest assignment"
"/Users/megdude/Downloads/PERKS MEDIA/IMAGES NEW /VIDEO/NEW VID1/3. discovering places .mp4","3-discovering-places","Identity and usage rights require review before assignment","below_90_percent","Confirm identity, role, rights and crop before manifest assignment"
"/Users/megdude/Downloads/PERKS MEDIA/IMAGES NEW /VIDEO/NEW VID1/31.mp4","31","Identity and usage rights require review before assignment","below_90_percent","Confirm identity, role, rights and crop before manifest assignment"
"/Users/megdude/Downloads/PERKS MEDIA/IMAGES NEW /VIDEO/NEW VID1/32.mp4","32","Identity and usage rights require review before assignment","below_90_percent","Confirm identity, role, rights and crop before manifest assignment"
"/Users/megdude/Downloads/PERKS MEDIA/IMAGES NEW /VIDEO/NEW VID1/33.mp4","33","Identity and usage rights require review before assignment","below_90_percent","Confirm identity, role, rights and crop before manifest assignment"
"/Users/megdude/Downloads/PERKS MEDIA/IMAGES NEW /VIDEO/NEW VID1/4. check in at event.mp4","4-check-in-at-event","Identity and usage rights require review before assignment","below_90_percent","Confirm identity, role, rights and crop before manifest assignment"
"/Users/megdude/Downloads/PERKS MEDIA/IMAGES NEW /VIDEO/NEW VID1/5. checkin complete.mp4","5-checkin-complete","Identity and usage rights require review before assignment","below_90_percent","Confirm identity, role, rights and crop before manifest assignment"
"/Users/megdude/Downloads/PERKS MEDIA/IMAGES NEW /VIDEO/NEW VID1/50 2.mp4","50-2","Identity and usage rights require review before assignment","below_90_percent","Confirm identity, role, rights and crop before manifest assignment"
"/Users/megdude/Downloads/PERKS MEDIA/IMAGES NEW /VIDEO/NEW VID1/51 2.mp4","51-2","Identity and usage rights require review before assignment","below_90_percent","Confirm identity, role, rights and crop before manifest assignment"
"/Users/megdude/Downloads/PERKS MEDIA/IMAGES NEW /VIDEO/NEW VID1/52 2.mp4","52-2","Identity and usage rights require review before assignment","below_90_percent","Confirm identity, role, rights and crop before manifest assignment"
"/Users/megdude/Downloads/PERKS MEDIA/IMAGES NEW /VIDEO/NEW VID1/53 2.mp4","53-2","Identity and usage rights require review before assignment","below_90_percent","Confirm identity, role, rights and crop before manifest assignment"
"/Users/megdude/Downloads/PERKS MEDIA/IMAGES NEW /VIDEO/NEW VID1/53.mp4","53","Identity and usage rights require review before assignment","below_90_percent","Confirm identity, role, rights and crop before manifest assignment"
"/Users/megdude/Downloads/PERKS MEDIA/IMAGES NEW /VIDEO/NEW VID1/54.mp4","54","Identity and usage rights require review before assignment","below_90_percent","Confirm identity, role, rights and crop before manifest assignment"
"/Users/megdude/Downloads/PERKS MEDIA/IMAGES NEW /VIDEO/NEW VID1/55.mp4","55","Identity and usage rights require review before assignment","below_90_percent","Confirm identity, role, rights and crop before manifest assignment"
"/Users/megdude/Downloads/PERKS MEDIA/IMAGES NEW /VIDEO/NEW VID1/56.mp4","56","Identity and usage rights require review before assignment","below_90_percent","Confirm identity, role, rights and crop before manifest assignment"
"/Users/megdude/Downloads/PERKS MEDIA/IMAGES NEW /VIDEO/NEW VID1/6. arrived at party.mp4","6-arrived-at-party","Identity and usage rights require review before assignment","below_90_percent","Confirm identity, role, rights and crop before manifest assignment"
"/Users/megdude/Downloads/PERKS MEDIA/IMAGES NEW /VIDEO/NEW VID1/7. rooftop bliss.mp4","7-rooftop-bliss","Identity and usage rights require review before assignment","below_90_percent","Confirm identity, role, rights and crop before manifest assignment"
"/Users/megdude/Downloads/PERKS MEDIA/IMAGES NEW /VIDEO/NEW VID1/Around_The_Corne.mp4","around-the-corne","Identity and usage rights require review before assignment","below_90_percent","Confirm identity, role, rights and crop before manifest assignment"
"/Users/megdude/Downloads/PERKS MEDIA/IMAGES NEW /VIDEO/NEW VID1/Hospitality.mp4","hospitality","Identity and usage rights require review before assignment","below_90_percent","Confirm identity, role, rights and crop before manifest assignment"
"/Users/megdude/Downloads/PERKS MEDIA/IMAGES NEW /VIDEO/NEW VID1/Places_Nearb.mp4","places-nearb","Identity and usage rights require review before assignment","below_90_percent","Confirm identity, role, rights and crop before manifest assignment"
"/Users/megdude/Downloads/PERKS MEDIA/IMAGES NEW /VIDEO/NEW VID1/be part of the plan.mp4","be-part-of-the-plan","Identity and usage rights require review before assignment","below_90_percent","Confirm identity, role, rights and crop before manifest assignment"
"/Users/megdude/Downloads/PERKS MEDIA/IMAGES NEW /VIDEO/NEW VID1/be the place they come back to .mp4","be-the-place-they-come-back-to","Identity and usage rights require review before assignment","below_90_percent","Confirm identity, role, rights and crop before manifest assignment"
"/Users/megdude/Downloads/PERKS MEDIA/IMAGES NEW /VIDEO/NEW VID1/day in life scene.mp4","day-in-life-scene","Identity and usage rights require review before assignment","below_90_percent","Confirm identity, role, rights and crop before manifest assignment"
"/Users/megdude/Downloads/PERKS MEDIA/IMAGES NEW /VIDEO/NEW VID1/day in the life.mp4","day-in-the-life","Identity and usage rights require review before assignment","below_90_percent","Confirm identity, role, rights and crop before manifest assignment"
"/Users/megdude/Downloads/PERKS MEDIA/IMAGES NEW /VIDEO/NEW VID1/events nearby .mp4","events-nearby","Identity and usage rights require review before assignment","below_90_percent","Confirm identity, role, rights and crop before manifest assignment"
"/Users/megdude/Downloads/PERKS MEDIA/IMAGES NEW /VIDEO/NEW VID1/hotels & events.mp4","hotels-events","Identity and usage rights require review before assignment","below_90_percent","Confirm identity, role, rights and crop before manifest assignment"
"/Users/megdude/Downloads/PERKS MEDIA/IMAGES NEW /VIDEO/NEW VID1/making plans nearby.mp4","making-plans-nearby","Identity and usage rights require review before assignment","below_90_percent","Confirm identity, role, rights and crop before manifest assignment"
"/Users/megdude/Downloads/PERKS MEDIA/IMAGES NEW /VIDEO/NEW VID1/meet closeby.mp4","meet-closeby","Identity and usage rights require review before assignment","below_90_percent","Confirm identity, role, rights and crop before manifest assignment"
"/Users/megdude/Downloads/PERKS MEDIA/IMAGES NEW /VIDEO/NEW VID1/moments matter.mp4","moments-matter","Identity and usage rights require review before assignment","below_90_percent","Confirm identity, role, rights and crop before manifest assignment"
"/Users/megdude/Downloads/PERKS MEDIA/IMAGES NEW /VIDEO/NEW VID1/moments.mp4","moments","Identity and usage rights require review before assignment","below_90_percent","Confirm identity, role, rights and crop before manifest assignment"
"/Users/megdude/Downloads/PERKS MEDIA/IMAGES NEW /VIDEO/NEW VID1/residnets rooftop.mp4","residnets-rooftop","Identity and usage rights require review before assignment","below_90_percent","Confirm identity, role, rights and crop before manifest assignment"
"/Users/megdude/Downloads/PERKS MEDIA/IMAGES NEW /VIDEO/Nina closong.mp4","nina-closong","Identity and usage rights require review before assignment","below_90_percent","Confirm identity, role, rights and crop before manifest assignment"
"/Users/megdude/Downloads/PERKS MEDIA/IMAGES NEW /VIDEO/Partner dashboard access.mp4","partner-dashboard-access","Identity and usage rights require review before assignment","below_90_percent","Confirm identity, role, rights and crop before manifest assignment"
"/Users/megdude/Downloads/PERKS MEDIA/IMAGES NEW /VIDEO/Perk Campaign.mp4","perk-campaign","Identity and usage rights require review before assignment","below_90_percent","Confirm identity, role, rights and crop before manifest assignment"
"/Users/megdude/Downloads/PERKS MEDIA/IMAGES NEW /VIDEO/Perk QR.mp4","perk-qr","Identity and usage rights require review before assignment","below_90_percent","Confirm identity, role, rights and crop before manifest assignment"
"/Users/megdude/Downloads/PERKS MEDIA/IMAGES NEW /VIDEO/Perks Benefits.mp4","perks-benefits","Identity and usage rights require review before assignment","below_90_percent","Confirm identity, role, rights and crop before manifest assignment"
"/Users/megdude/Downloads/PERKS MEDIA/IMAGES NEW /VIDEO/Qr Code Scan copy.mp4","qr-code-scan-copy","Identity and usage rights require review before assignment","below_90_percent","Confirm identity, role, rights and crop before manifest assignment"
"/Users/megdude/Downloads/PERKS MEDIA/IMAGES NEW /VIDEO/RIVIAN copy.mp4","rivian-copy","Identity and usage rights require review before assignment","below_90_percent","Confirm identity, role, rights and crop before manifest assignment"
"/Users/megdude/Downloads/PERKS MEDIA/IMAGES NEW /VIDEO/Resident Scan Code.mp4","resident-scan-code","Identity and usage rights require review before assignment","below_90_percent","Confirm identity, role, rights and crop before manifest assignment"
"/Users/megdude/Downloads/PERKS MEDIA/IMAGES NEW /VIDEO/Residents Cheers on Rooftop.mp4","residents-cheers-on-rooftop","Identity and usage rights require review before assignment","below_90_percent","Confirm identity, role, rights and crop before manifest assignment"
"/Users/megdude/Downloads/PERKS MEDIA/IMAGES NEW /VIDEO/Restaurant.mp4","restaurant","Identity and usage rights require review before assignment","below_90_percent","Confirm identity, role, rights and crop before manifest assignment"
"/Users/megdude/Downloads/PERKS MEDIA/IMAGES NEW /VIDEO/Retail QR.mp4","retail-qr","Identity and usage rights require review before assignment","below_90_percent","Confirm identity, role, rights and crop before manifest assignment"
"/Users/megdude/Downloads/PERKS MEDIA/IMAGES NEW /VIDEO/Right momeny.mp4","right-momeny","Identity and usage rights require review before assignment","below_90_percent","Confirm identity, role, rights and crop before manifest assignment"
"/Users/megdude/Downloads/PERKS MEDIA/IMAGES NEW /VIDEO/Rivian 2.mp4","rivian-2","Identity and usage rights require review before assignment","below_90_percent","Confirm identity, role, rights and crop before manifest assignment"
"/Users/megdude/Downloads/PERKS MEDIA/IMAGES NEW /VIDEO/Rivian Experience.mp4","rivian-experience","Identity and usage rights require review before assignment","below_90_percent","Confirm identity, role, rights and crop before manifest assignment"
"/Users/megdude/Downloads/PERKS MEDIA/IMAGES NEW /VIDEO/Rivian Full Clip.mp4","rivian-full-clip","Identity and usage rights require review before assignment","below_90_percent","Confirm identity, role, rights and crop before manifest assignment"
"/Users/megdude/Downloads/PERKS MEDIA/IMAGES NEW /VIDEO/Rivian Mobile.mp4","rivian-mobile","Identity and usage rights require review before assignment","below_90_percent","Confirm identity, role, rights and crop before manifest assignment"
"/Users/megdude/Downloads/PERKS MEDIA/IMAGES NEW /VIDEO/Rivian Short Clip.mp4","rivian-short-clip","Identity and usage rights require review before assignment","below_90_percent","Confirm identity, role, rights and crop before manifest assignment"
"/Users/megdude/Downloads/PERKS MEDIA/IMAGES NEW /VIDEO/Row 1_ Building extending into neighborhood with modern architecture, woman in beige dress looking at city view through large windows with plants, urban cityscape with tall buildings and skyline, hands holding smartphone showing map navigation interf.mp4","row-1-building-extending-into-neighborhood-with-modern-architecture-woman-in-beige-dress-looking-at-city-view-through-large-windows-with-plants-urban-cityscape-with-tall-buildings-and-skyline-hands-holding-smartphone-showing-map-navigation-interf","Identity and usage rights require review before assignment","below_90_percent","Confirm identity, role, rights and crop before manifest assignment"
"/Users/megdude/Downloads/PERKS MEDIA/IMAGES NEW /VIDEO/Row 2_ City discovering you at the right moment, hands holding and lighting a candle with warm glow, restaurant scene with plated gourmet food on table, people dining and socializing at outdoor restaurant.mp4","row-2-city-discovering-you-at-the-right-moment-hands-holding-and-lighting-a-candle-with-warm-glow-restaurant-scene-with-plated-gourmet-food-on-table-people-dining-and-socializing-at-outdoor-restaurant","Identity and usage rights require review before assignment","below_90_percent","Confirm identity, role, rights and crop before manifest assignment"
"/Users/megdude/Downloads/PERKS MEDIA/IMAGES NEW /VIDEO/Rvian Hospitality Video.mp4","rvian-hospitality-video","Identity and usage rights require review before assignment","below_90_percent","Confirm identity, role, rights and crop before manifest assignment"
"/Users/megdude/Downloads/PERKS MEDIA/IMAGES NEW /VIDEO/Scanning QR Code.mp4","scanning-qr-code","Identity and usage rights require review before assignment","below_90_percent","Confirm identity, role, rights and crop before manifest assignment"
"/Users/megdude/Downloads/PERKS MEDIA/IMAGES NEW /VIDEO/Survey responses.mp4","survey-responses","Identity and usage rights require review before assignment","below_90_percent","Confirm identity, role, rights and crop before manifest assignment"
"/Users/megdude/Downloads/PERKS MEDIA/IMAGES NEW /VIDEO/Turn a stay into a visit..mp4","turn-a-stay-into-a-visit","Identity and usage rights require review before assignment","below_90_percent","Confirm identity, role, rights and crop before manifest assignment"
"/Users/megdude/Downloads/PERKS MEDIA/IMAGES NEW /VIDEO/VID 24 JUNE 2/27.mp4","27","Identity and usage rights require review before assignment","below_90_percent","Confirm identity, role, rights and crop before manifest assignment"
"/Users/megdude/Downloads/PERKS MEDIA/IMAGES NEW /VIDEO/VID 24 JUNE 2/28.mp4","28","Identity and usage rights require review before assignment","below_90_percent","Confirm identity, role, rights and crop before manifest assignment"
"/Users/megdude/Downloads/PERKS MEDIA/IMAGES NEW /VIDEO/VID 24 JUNE 2/29.mp4","29","Identity and usage rights require review before assignment","below_90_percent","Confirm identity, role, rights and crop before manifest assignment"
"/Users/megdude/Downloads/PERKS MEDIA/IMAGES NEW /VIDEO/VID 24 JUNE 2/30.mp4","30","Identity and usage rights require review before assignment","below_90_percent","Confirm identity, role, rights and crop before manifest assignment"
"/Users/megdude/Downloads/PERKS MEDIA/IMAGES NEW /VIDEO/VID 24 JUNE 2/31.mp4","31","Identity and usage rights require review before assignment","below_90_percent","Confirm identity, role, rights and crop before manifest assignment"
"/Users/megdude/Downloads/PERKS MEDIA/IMAGES NEW /VIDEO/VID 24 JUNE 2/32.mp4","32","Identity and usage rights require review before assignment","below_90_percent","Confirm identity, role, rights and crop before manifest assignment"
"/Users/megdude/Downloads/PERKS MEDIA/IMAGES NEW /VIDEO/VID 24 JUNE 2/33.mp4","33","Identity and usage rights require review before assignment","below_90_percent","Confirm identity, role, rights and crop before manifest assignment"
"/Users/megdude/Downloads/PERKS MEDIA/IMAGES NEW /VIDEO/VID 24 JUNE 2/34.mp4","34","Identity and usage rights require review before assignment","below_90_percent","Confirm identity, role, rights and crop before manifest assignment"
"/Users/megdude/Downloads/PERKS MEDIA/IMAGES NEW /VIDEO/VID 24 JUNE 2/35.mp4","35","Identity and usage rights require review before assignment","below_90_percent","Confirm identity, role, rights and crop before manifest assignment"
"/Users/megdude/Downloads/PERKS MEDIA/IMAGES NEW /VIDEO/VID 24 JUNE 2/36.mp4","36","Identity and usage rights require review before assignment","below_90_percent","Confirm identity, role, rights and crop before manifest assignment"
"/Users/megdude/Downloads/PERKS MEDIA/IMAGES NEW /VIDEO/VID 24 JUNE 2/37.mp4","37","Identity and usage rights require review before assignment","below_90_percent","Confirm identity, role, rights and crop before manifest assignment"
"/Users/megdude/Downloads/PERKS MEDIA/IMAGES NEW /VIDEO/VID 24 JUNE 2/38.mp4","38","Identity and usage rights require review before assignment","below_90_percent","Confirm identity, role, rights and crop before manifest assignment"
"/Users/megdude/Downloads/PERKS MEDIA/IMAGES NEW /VIDEO/VID 24 JUNE 2/39.mp4","39","Identity and usage rights require review before assignment","below_90_percent","Confirm identity, role, rights and crop before manifest assignment"
"/Users/megdude/Downloads/PERKS MEDIA/IMAGES NEW /VIDEO/VID 24 JUNE 2/40.mp4","40","Identity and usage rights require review before assignment","below_90_percent","Confirm identity, role, rights and crop before manifest assignment"
"/Users/megdude/Downloads/PERKS MEDIA/IMAGES NEW /VIDEO/VID 24 JUNE 2/41.mp4","41","Identity and usage rights require review before assignment","below_90_percent","Confirm identity, role, rights and crop before manifest assignment"
"/Users/megdude/Downloads/PERKS MEDIA/IMAGES NEW /VIDEO/VID 24 JUNE 2/42.mp4","42","Identity and usage rights require review before assignment","below_90_percent","Confirm identity, role, rights and crop before manifest assignment"
"/Users/megdude/Downloads/PERKS MEDIA/IMAGES NEW /VIDEO/VID 24 JUNE 2/43.mp4","43","Identity and usage rights require review before assignment","below_90_percent","Confirm identity, role, rights and crop before manifest assignment"
"/Users/megdude/Downloads/PERKS MEDIA/IMAGES NEW /VIDEO/VID 24 JUNE 2/44.mp4","44","Identity and usage rights require review before assignment","below_90_percent","Confirm identity, role, rights and crop before manifest assignment"
"/Users/megdude/Downloads/PERKS MEDIA/IMAGES NEW /VIDEO/VID 24 JUNE 2/45.mp4","45","Identity and usage rights require review before assignment","below_90_percent","Confirm identity, role, rights and crop before manifest assignment"
"/Users/megdude/Downloads/PERKS MEDIA/IMAGES NEW /VIDEO/VID 24 JUNE 2/46.mp4","46","Identity and usage rights require review before assignment","below_90_percent","Confirm identity, role, rights and crop before manifest assignment"
"/Users/megdude/Downloads/PERKS MEDIA/IMAGES NEW /VIDEO/VID 24 JUNE 2/47.mp4","47","Identity and usage rights require review before assignment","below_90_percent","Confirm identity, role, rights and crop before manifest assignment"
"/Users/megdude/Downloads/PERKS MEDIA/IMAGES NEW /VIDEO/VIDEO 2/1.mp4","1","Identity and usage rights require review before assignment","below_90_percent","Confirm identity, role, rights and crop before manifest assignment"
"/Users/megdude/Downloads/PERKS MEDIA/IMAGES NEW /VIDEO/VIDEO 2/12.mp4","12","Identity and usage rights require review before assignment","below_90_percent","Confirm identity, role, rights and crop before manifest assignment"
"/Users/megdude/Downloads/PERKS MEDIA/IMAGES NEW /VIDEO/VIDEO 2/14.mp4","14","Identity and usage rights require review before assignment","below_90_percent","Confirm identity, role, rights and crop before manifest assignment"
"/Users/megdude/Downloads/PERKS MEDIA/IMAGES NEW /VIDEO/VIDEO 2/15.mp4","15","Identity and usage rights require review before assignment","below_90_percent","Confirm identity, role, rights and crop before manifest assignment"
"/Users/megdude/Downloads/PERKS MEDIA/IMAGES NEW /VIDEO/VIDEO 2/3.mp4","3","Identity and usage rights require review before assignment","below_90_percent","Confirm identity, role, rights and crop before manifest assignment"
"/Users/megdude/Downloads/PERKS MEDIA/IMAGES NEW /VIDEO/VIDEO 2/33.mp4","33","Identity and usage rights require review before assignment","below_90_percent","Confirm identity, role, rights and crop before manifest assignment"
"/Users/megdude/Downloads/PERKS MEDIA/IMAGES NEW /VIDEO/VIDEO 2/34.mp4","34","Identity and usage rights require review before assignment","below_90_percent","Confirm identity, role, rights and crop before manifest assignment"
"/Users/megdude/Downloads/PERKS MEDIA/IMAGES NEW /VIDEO/VIDEO 2/35.mp4","35","Identity and usage rights require review before assignment","below_90_percent","Confirm identity, role, rights and crop before manifest assignment"
"/Users/megdude/Downloads/PERKS MEDIA/IMAGES NEW /VIDEO/VIDEO 2/4.mp4","4","Identity and usage rights require review before assignment","below_90_percent","Confirm identity, role, rights and crop before manifest assignment"
"/Users/megdude/Downloads/PERKS MEDIA/IMAGES NEW /VIDEO/VIDEO 2/5.mp4","5","Identity and usage rights require review before assignment","below_90_percent","Confirm identity, role, rights and crop before manifest assignment"
"/Users/megdude/Downloads/PERKS MEDIA/IMAGES NEW /VIDEO/VIDEO 2/6.mp4","6","Identity and usage rights require review before assignment","below_90_percent","Confirm identity, role, rights and crop before manifest assignment"
"/Users/megdude/Downloads/PERKS MEDIA/IMAGES NEW /VIDEO/VIDEO 2/7.mp4","7","Identity and usage rights require review before assignment","below_90_percent","Confirm identity, role, rights and crop before manifest assignment"
"/Users/megdude/Downloads/PERKS MEDIA/IMAGES NEW /VIDEO/VIDEO 2/hospitality.mp4","hospitality","Identity and usage rights require review before assignment","below_90_percent","Confirm identity, role, rights and crop before manifest assignment"
"/Users/megdude/Downloads/PERKS MEDIA/IMAGES NEW /VIDEO/VIDEO 2/hotels.mp4","hotels","Identity and usage rights require review before assignment","below_90_percent","Confirm identity, role, rights and crop before manifest assignment"
"/Users/megdude/Downloads/PERKS MEDIA/IMAGES NEW /VIDEO/VIDEO 2/trail.mp4","trail","Identity and usage rights require review before assignment","below_90_percent","Confirm identity, role, rights and crop before manifest assignment"
"/Users/megdude/Downloads/PERKS MEDIA/IMAGES NEW /VIDEO/VIDEO 2/wellness welcome.mp4","wellness-welcome","Identity and usage rights require review before assignment","below_90_percent","Confirm identity, role, rights and crop before manifest assignment"
"/Users/megdude/Downloads/PERKS MEDIA/IMAGES NEW /VIDEO/Want_To_Live_Here_.mp4","want-to-live-here","Identity and usage rights require review before assignment","below_90_percent","Confirm identity, role, rights and crop before manifest assignment"
"/Users/megdude/Downloads/PERKS MEDIA/IMAGES NEW /VIDEO/antones live music  Austin in Austin, TX Four Seasons Hotel Austin in Austin, TX Four Seasons Hotel Austin in Austin,.mp4","antones-live-music-austin-in-austin-tx-four-seasons-hotel-austin-in-austin-tx-four-seasons-hotel-austin-in-austin","Identity and usage rights require review before assignment","below_90_percent","Confirm identity, role, rights and crop before manifest assignment"
"/Users/megdude/Downloads/PERKS MEDIA/IMAGES NEW /VIDEO/atx at night.mp4","atx-at-night","Identity and usage rights require review before assignment","below_90_percent","Confirm identity, role, rights and crop before manifest assignment"
"/Users/megdude/Downloads/PERKS MEDIA/IMAGES NEW /VIDEO/atx downtown drone.mp4","atx-downtown-drone","Identity and usage rights require review before assignment","below_90_percent","Confirm identity, role, rights and crop before manifest assignment"
"/Users/megdude/Downloads/PERKS MEDIA/IMAGES NEW /VIDEO/atx downtown.mp4","atx-downtown","Identity and usage rights require review before assignment","below_90_percent","Confirm identity, role, rights and crop before manifest assignment"
"/Users/megdude/Downloads/PERKS MEDIA/IMAGES NEW /VIDEO/austin mural.mp4","austin-mural","Identity and usage rights require review before assignment","below_90_percent","Confirm identity, role, rights and crop before manifest assignment"
"/Users/megdude/Downloads/PERKS MEDIA/IMAGES NEW /VIDEO/austin pan.mp4","austin-pan","Identity and usage rights require review before assignment","below_90_percent","Confirm identity, role, rights and crop before manifest assignment"
"/Users/megdude/Downloads/PERKS MEDIA/IMAGES NEW /VIDEO/austin timelapse.mp4","austin-timelapse","Identity and usage rights require review before assignment","below_90_percent","Confirm identity, role, rights and crop before manifest assignment"
"/Users/megdude/Downloads/PERKS MEDIA/IMAGES NEW /VIDEO/bike on trail.mp4","bike-on-trail","Identity and usage rights require review before assignment","below_90_percent","Confirm identity, role, rights and crop before manifest assignment"
"/Users/megdude/Downloads/PERKS MEDIA/IMAGES NEW /VIDEO/bikes civic.mp4","bikes-civic","Identity and usage rights require review before assignment","below_90_percent","Confirm identity, role, rights and crop before manifest assignment"
"/Users/megdude/Downloads/PERKS MEDIA/IMAGES NEW /VIDEO/brand .mp4","brand","Identity and usage rights require review before assignment","below_90_percent","Confirm identity, role, rights and crop before manifest assignment"
"/Users/megdude/Downloads/PERKS MEDIA/IMAGES NEW /VIDEO/breakfast.mp4","breakfast","Identity and usage rights require review before assignment","below_90_percent","Confirm identity, role, rights and crop before manifest assignment"
"/Users/megdude/Downloads/PERKS MEDIA/IMAGES NEW /VIDEO/bridge south congress.mp4","bridge-south-congress","Identity and usage rights require review before assignment","below_90_percent","Confirm identity, role, rights and crop before manifest assignment"
"/Users/megdude/Downloads/PERKS MEDIA/IMAGES NEW /VIDEO/campaign modules.mp4","campaign-modules","Identity and usage rights require review before assignment","below_90_percent","Confirm identity, role, rights and crop before manifest assignment"
"/Users/megdude/Downloads/PERKS MEDIA/IMAGES NEW /VIDEO/champaign.mp4","champaign","Identity and usage rights require review before assignment","below_90_percent","Confirm identity, role, rights and crop before manifest assignment"
"/Users/megdude/Downloads/PERKS MEDIA/IMAGES NEW /VIDEO/cheers selfie.mp4","cheers-selfie","Identity and usage rights require review before assignment","below_90_percent","Confirm identity, role, rights and crop before manifest assignment"
"/Users/megdude/Downloads/PERKS MEDIA/IMAGES NEW /VIDEO/civic downtown.mp4","civic-downtown","Identity and usage rights require review before assignment","below_90_percent","Confirm identity, role, rights and crop before manifest assignment"
"/Users/megdude/Downloads/PERKS MEDIA/IMAGES NEW /VIDEO/civic lake paddle.mp4","civic-lake-paddle","Identity and usage rights require review before assignment","below_90_percent","Confirm identity, role, rights and crop before manifest assignment"
"/Users/megdude/Downloads/PERKS MEDIA/IMAGES NEW /VIDEO/civic.mp4","civic","Identity and usage rights require review before assignment","below_90_percent","Confirm identity, role, rights and crop before manifest assignment"
"/Users/megdude/Downloads/PERKS MEDIA/IMAGES NEW /VIDEO/cocktails on rooftop.mp4","cocktails-on-rooftop","Identity and usage rights require review before assignment","below_90_percent","Confirm identity, role, rights and crop before manifest assignment"
"/Users/megdude/Downloads/PERKS MEDIA/IMAGES NEW /VIDEO/create_the_next_video_and_dont.mp4","create-the-next-video-and-dont","Identity and usage rights require review before assignment","below_90_percent","Confirm identity, role, rights and crop before manifest assignment"
"/Users/megdude/Downloads/PERKS MEDIA/IMAGES NEW /VIDEO/create_video_for_Places_Nearb.mp4","create-video-for-places-nearb","Identity and usage rights require review before assignment","below_90_percent","Confirm identity, role, rights and crop before manifest assignment"
"/Users/megdude/Downloads/PERKS MEDIA/IMAGES NEW /VIDEO/create_video_nwo_that_visually (1).mp4","create-video-nwo-that-visually-1","Identity and usage rights require review before assignment","below_90_percent","Confirm identity, role, rights and crop before manifest assignment"
"/Users/megdude/Downloads/PERKS MEDIA/IMAGES NEW /VIDEO/create_video_nwo_that_visually.mp4","create-video-nwo-that-visually","Identity and usage rights require review before assignment","below_90_percent","Confirm identity, role, rights and crop before manifest assignment"
"/Users/megdude/Downloads/PERKS MEDIA/IMAGES NEW /VIDEO/day in life.mp4","day-in-life","Identity and usage rights require review before assignment","below_90_percent","Confirm identity, role, rights and crop before manifest assignment"
"/Users/megdude/Downloads/PERKS MEDIA/IMAGES NEW /VIDEO/event sponsored.mp4","event-sponsored","Identity and usage rights require review before assignment","below_90_percent","Confirm identity, role, rights and crop before manifest assignment"
"/Users/megdude/Downloads/PERKS MEDIA/IMAGES NEW /VIDEO/featured event.mp4","featured-event","Identity and usage rights require review before assignment","below_90_percent","Confirm identity, role, rights and crop before manifest assignment"
"/Users/megdude/Downloads/PERKS MEDIA/IMAGES NEW /VIDEO/find happening now.mp4","find-happening-now","Identity and usage rights require review before assignment","below_90_percent","Confirm identity, role, rights and crop before manifest assignment"
"/Users/megdude/Downloads/PERKS MEDIA/IMAGES NEW /VIDEO/find nearby.mp4","find-nearby","Identity and usage rights require review before assignment","below_90_percent","Confirm identity, role, rights and crop before manifest assignment"
"/Users/megdude/Downloads/PERKS MEDIA/IMAGES NEW /VIDEO/fine eyewear sunglasses.mp4","fine-eyewear-sunglasses","Identity and usage rights require review before assignment","below_90_percent","Confirm identity, role, rights and crop before manifest assignment"
"/Users/megdude/Downloads/PERKS MEDIA/IMAGES NEW /VIDEO/fine eyewear.mp4","fine-eyewear","Identity and usage rights require review before assignment","below_90_percent","Confirm identity, role, rights and crop before manifest assignment"
"/Users/megdude/Downloads/PERKS MEDIA/IMAGES NEW /VIDEO/hotels & events.mp4","hotels-events","Identity and usage rights require review before assignment","below_90_percent","Confirm identity, role, rights and crop before manifest assignment"
"/Users/megdude/Downloads/PERKS MEDIA/IMAGES NEW /VIDEO/hotels.mp4","hotels","Identity and usage rights require review before assignment","below_90_percent","Confirm identity, role, rights and crop before manifest assignment"
"/Users/megdude/Downloads/PERKS MEDIA/IMAGES NEW /VIDEO/istockphoto-2237924560-640_adpp_is.mp4","istockphoto-2237924560-640-adpp-is","Identity and usage rights require review before assignment","below_90_percent","Confirm identity, role, rights and crop before manifest assignment"
"/Users/megdude/Downloads/PERKS MEDIA/IMAGES NEW /VIDEO/istockphoto-2237937155-mp4-480x480-is.mp4","istockphoto-2237937155-mp4-480x480-is","Identity and usage rights require review before assignment","below_90_percent","Confirm identity, role, rights and crop before manifest assignment"
"/Users/megdude/Downloads/PERKS MEDIA/IMAGES NEW /VIDEO/istockphoto-2237951477-mp4-480x480-is (1).mp4","istockphoto-2237951477-mp4-480x480-is-1","Identity and usage rights require review before assignment","below_90_percent","Confirm identity, role, rights and crop before manifest assignment"
"/Users/megdude/Downloads/PERKS MEDIA/IMAGES NEW /VIDEO/istockphoto-2237951477-mp4-480x480-is.mp4","istockphoto-2237951477-mp4-480x480-is","Identity and usage rights require review before assignment","below_90_percent","Confirm identity, role, rights and crop before manifest assignment"
"/Users/megdude/Downloads/PERKS MEDIA/IMAGES NEW /VIDEO/istockphoto-2237951887-mp4-480x480-is.mp4","istockphoto-2237951887-mp4-480x480-is","Identity and usage rights require review before assignment","below_90_percent","Confirm identity, role, rights and crop before manifest assignment"
"/Users/megdude/Downloads/PERKS MEDIA/IMAGES NEW /VIDEO/lady bird bridge.mp4","lady-bird-bridge","Identity and usage rights require review before assignment","below_90_percent","Confirm identity, role, rights and crop before manifest assignment"
"/Users/megdude/Downloads/PERKS MEDIA/IMAGES NEW /VIDEO/legends building video.mp4","legends-building-video","Identity and usage rights require review before assignment","below_90_percent","Confirm identity, role, rights and crop before manifest assignment"
"/Users/megdude/Downloads/PERKS MEDIA/IMAGES NEW /VIDEO/less set up .mp4","less-set-up","Identity and usage rights require review before assignment","below_90_percent","Confirm identity, role, rights and crop before manifest assignment"
"/Users/megdude/Downloads/PERKS MEDIA/IMAGES NEW /VIDEO/local business.mp4","local-business","Identity and usage rights require review before assignment","below_90_percent","Confirm identity, role, rights and crop before manifest assignment"
"/Users/megdude/Downloads/PERKS MEDIA/IMAGES NEW /VIDEO/map qr.mp4","map-qr","Identity and usage rights require review before assignment","below_90_percent","Confirm identity, role, rights and crop before manifest assignment"
"/Users/megdude/Downloads/PERKS MEDIA/IMAGES NEW /VIDEO/moments matter.mp4","moments-matter","Identity and usage rights require review before assignment","below_90_percent","Confirm identity, role, rights and crop before manifest assignment"
"/Users/megdude/Downloads/PERKS MEDIA/IMAGES NEW /VIDEO/moments.mp4","moments","Identity and usage rights require review before assignment","below_90_percent","Confirm identity, role, rights and crop before manifest assignment"
"/Users/megdude/Downloads/PERKS MEDIA/IMAGES NEW /VIDEO/new vid/1.mp4","1","Identity and usage rights require review before assignment","below_90_percent","Confirm identity, role, rights and crop before manifest assignment"
"/Users/megdude/Downloads/PERKS MEDIA/IMAGES NEW /VIDEO/new vid/11.mp4","11","Identity and usage rights require review before assignment","below_90_percent","Confirm identity, role, rights and crop before manifest assignment"
"/Users/megdude/Downloads/PERKS MEDIA/IMAGES NEW /VIDEO/new vid/12.mp4","12","Identity and usage rights require review before assignment","below_90_percent","Confirm identity, role, rights and crop before manifest assignment"
"/Users/megdude/Downloads/PERKS MEDIA/IMAGES NEW /VIDEO/new vid/13.mp4","13","Identity and usage rights require review before assignment","below_90_percent","Confirm identity, role, rights and crop before manifest assignment"
"/Users/megdude/Downloads/PERKS MEDIA/IMAGES NEW /VIDEO/new vid/14.mp4","14","Identity and usage rights require review before assignment","below_90_percent","Confirm identity, role, rights and crop before manifest assignment"
"/Users/megdude/Downloads/PERKS MEDIA/IMAGES NEW /VIDEO/new vid/15.mp4","15","Identity and usage rights require review before assignment","below_90_percent","Confirm identity, role, rights and crop before manifest assignment"
"/Users/megdude/Downloads/PERKS MEDIA/IMAGES NEW /VIDEO/new vid/16.mp4","16","Identity and usage rights require review before assignment","below_90_percent","Confirm identity, role, rights and crop before manifest assignment"
"/Users/megdude/Downloads/PERKS MEDIA/IMAGES NEW /VIDEO/new vid/17.mp4","17","Identity and usage rights require review before assignment","below_90_percent","Confirm identity, role, rights and crop before manifest assignment"
"/Users/megdude/Downloads/PERKS MEDIA/IMAGES NEW /VIDEO/new vid/18.mp4","18","Identity and usage rights require review before assignment","below_90_percent","Confirm identity, role, rights and crop before manifest assignment"
"/Users/megdude/Downloads/PERKS MEDIA/IMAGES NEW /VIDEO/new vid/19.mp4","19","Identity and usage rights require review before assignment","below_90_percent","Confirm identity, role, rights and crop before manifest assignment"
"/Users/megdude/Downloads/PERKS MEDIA/IMAGES NEW /VIDEO/new vid/2.mp4","2","Identity and usage rights require review before assignment","below_90_percent","Confirm identity, role, rights and crop before manifest assignment"
"/Users/megdude/Downloads/PERKS MEDIA/IMAGES NEW /VIDEO/new vid/20.mp4","20","Identity and usage rights require review before assignment","below_90_percent","Confirm identity, role, rights and crop before manifest assignment"
"/Users/megdude/Downloads/PERKS MEDIA/IMAGES NEW /VIDEO/new vid/21.mp4","21","Identity and usage rights require review before assignment","below_90_percent","Confirm identity, role, rights and crop before manifest assignment"
"/Users/megdude/Downloads/PERKS MEDIA/IMAGES NEW /VIDEO/new vid/22.mp4","22","Identity and usage rights require review before assignment","below_90_percent","Confirm identity, role, rights and crop before manifest assignment"
"/Users/megdude/Downloads/PERKS MEDIA/IMAGES NEW /VIDEO/new vid/23.mp4","23","Identity and usage rights require review before assignment","below_90_percent","Confirm identity, role, rights and crop before manifest assignment"
"/Users/megdude/Downloads/PERKS MEDIA/IMAGES NEW /VIDEO/new vid/24.mp4","24","Identity and usage rights require review before assignment","below_90_percent","Confirm identity, role, rights and crop before manifest assignment"
"/Users/megdude/Downloads/PERKS MEDIA/IMAGES NEW /VIDEO/new vid/25.mp4","25","Identity and usage rights require review before assignment","below_90_percent","Confirm identity, role, rights and crop before manifest assignment"
"/Users/megdude/Downloads/PERKS MEDIA/IMAGES NEW /VIDEO/new vid/26.mp4","26","Identity and usage rights require review before assignment","below_90_percent","Confirm identity, role, rights and crop before manifest assignment"
"/Users/megdude/Downloads/PERKS MEDIA/IMAGES NEW /VIDEO/new vid/27.mp4","27","Identity and usage rights require review before assignment","below_90_percent","Confirm identity, role, rights and crop before manifest assignment"
"/Users/megdude/Downloads/PERKS MEDIA/IMAGES NEW /VIDEO/new vid/28.mp4","28","Identity and usage rights require review before assignment","below_90_percent","Confirm identity, role, rights and crop before manifest assignment"
"/Users/megdude/Downloads/PERKS MEDIA/IMAGES NEW /VIDEO/new vid/29.mp4","29","Identity and usage rights require review before assignment","below_90_percent","Confirm identity, role, rights and crop before manifest assignment"
"/Users/megdude/Downloads/PERKS MEDIA/IMAGES NEW /VIDEO/new vid/3.mp4","3","Identity and usage rights require review before assignment","below_90_percent","Confirm identity, role, rights and crop before manifest assignment"
"/Users/megdude/Downloads/PERKS MEDIA/IMAGES NEW /VIDEO/new vid/30.mp4","30","Identity and usage rights require review before assignment","below_90_percent","Confirm identity, role, rights and crop before manifest assignment"
"/Users/megdude/Downloads/PERKS MEDIA/IMAGES NEW /VIDEO/new vid/31.mp4","31","Identity and usage rights require review before assignment","below_90_percent","Confirm identity, role, rights and crop before manifest assignment"
"/Users/megdude/Downloads/PERKS MEDIA/IMAGES NEW /VIDEO/new vid/4.mp4","4","Identity and usage rights require review before assignment","below_90_percent","Confirm identity, role, rights and crop before manifest assignment"
"/Users/megdude/Downloads/PERKS MEDIA/IMAGES NEW /VIDEO/new vid/5.mp4","5","Identity and usage rights require review before assignment","below_90_percent","Confirm identity, role, rights and crop before manifest assignment"
"/Users/megdude/Downloads/PERKS MEDIA/IMAGES NEW /VIDEO/new vid/7.mp4","7","Identity and usage rights require review before assignment","below_90_percent","Confirm identity, role, rights and crop before manifest assignment"
"/Users/megdude/Downloads/PERKS MEDIA/IMAGES NEW /VIDEO/new vid/9.mp4","9","Identity and usage rights require review before assignment","below_90_percent","Confirm identity, role, rights and crop before manifest assignment"
"/Users/megdude/Downloads/PERKS MEDIA/IMAGES NEW /VIDEO/paddleboarding.mp4","paddleboarding","Identity and usage rights require review before assignment","below_90_percent","Confirm identity, role, rights and crop before manifest assignment"
"/Users/megdude/Downloads/PERKS MEDIA/IMAGES NEW /VIDEO/parking.mp4","parking","Identity and usage rights require review before assignment","below_90_percent","Confirm identity, role, rights and crop before manifest assignment"
"/Users/megdude/Downloads/PERKS MEDIA/IMAGES NEW /VIDEO/partner brands.mp4","partner-brands","Identity and usage rights require review before assignment","below_90_percent","Confirm identity, role, rights and crop before manifest assignment"
"/Users/megdude/Downloads/PERKS MEDIA/IMAGES NEW /VIDEO/partner vid.mp4","partner-vid","Identity and usage rights require review before assignment","below_90_percent","Confirm identity, role, rights and crop before manifest assignment"
"/Users/megdude/Downloads/PERKS MEDIA/IMAGES NEW /VIDEO/partners.mp4","partners","Identity and usage rights require review before assignment","below_90_percent","Confirm identity, role, rights and crop before manifest assignment"
"/Users/megdude/Downloads/PERKS MEDIA/IMAGES NEW /VIDEO/perks campaign add on.mp4","perks-campaign-add-on","Identity and usage rights require review before assignment","below_90_percent","Confirm identity, role, rights and crop before manifest assignment"
"/Users/megdude/Downloads/PERKS MEDIA/IMAGES NEW /VIDEO/places_Nearby_T.mp4","places-nearby-t","Identity and usage rights require review before assignment","below_90_percent","Confirm identity, role, rights and crop before manifest assignment"
"/Users/megdude/Downloads/PERKS MEDIA/IMAGES NEW /VIDEO/pop up activtion music .mp4","pop-up-activtion-music","Identity and usage rights require review before assignment","below_90_percent","Confirm identity, role, rights and crop before manifest assignment"
"/Users/megdude/Downloads/PERKS MEDIA/IMAGES NEW /VIDEO/procered_with_next (1).mp4","procered-with-next-1","Identity and usage rights require review before assignment","below_90_percent","Confirm identity, role, rights and crop before manifest assignment"
"/Users/megdude/Downloads/PERKS MEDIA/IMAGES NEW /VIDEO/procered_with_next.mp4","procered-with-next","Identity and usage rights require review before assignment","below_90_percent","Confirm identity, role, rights and crop before manifest assignment"
"/Users/megdude/Downloads/PERKS MEDIA/IMAGES NEW /VIDEO/qr code perk.mp4","qr-code-perk","Identity and usage rights require review before assignment","below_90_percent","Confirm identity, role, rights and crop before manifest assignment"
"/Users/megdude/Downloads/PERKS MEDIA/IMAGES NEW /VIDEO/qr code.mp4","qr-code","Identity and usage rights require review before assignment","below_90_percent","Confirm identity, role, rights and crop before manifest assignment"
"/Users/megdude/Downloads/PERKS MEDIA/IMAGES NEW /VIDEO/qr scan man.mp4","qr-scan-man","Identity and usage rights require review before assignment","below_90_percent","Confirm identity, role, rights and crop before manifest assignment"
"/Users/megdude/Downloads/PERKS MEDIA/IMAGES NEW /VIDEO/qr scan.mp4","qr-scan","Identity and usage rights require review before assignment","below_90_percent","Confirm identity, role, rights and crop before manifest assignment"
"/Users/megdude/Downloads/PERKS MEDIA/IMAGES NEW /VIDEO/qr survey.mp4","qr-survey","Identity and usage rights require review before assignment","below_90_percent","Confirm identity, role, rights and crop before manifest assignment"
"/Users/megdude/Downloads/PERKS MEDIA/IMAGES NEW /VIDEO/real estate.mp4","real-estate","Identity and usage rights require review before assignment","below_90_percent","Confirm identity, role, rights and crop before manifest assignment"
"/Users/megdude/Downloads/PERKS MEDIA/IMAGES NEW /VIDEO/reason to come back.mp4","reason-to-come-back","Identity and usage rights require review before assignment","below_90_percent","Confirm identity, role, rights and crop before manifest assignment"
"/Users/megdude/Downloads/PERKS MEDIA/IMAGES NEW /VIDEO/resident benefits.mp4","resident-benefits","Identity and usage rights require review before assignment","below_90_percent","Confirm identity, role, rights and crop before manifest assignment"
"/Users/megdude/Downloads/PERKS MEDIA/IMAGES NEW /VIDEO/resident checking in .mp4","resident-checking-in","Identity and usage rights require review before assignment","below_90_percent","Confirm identity, role, rights and crop before manifest assignment"
"/Users/megdude/Downloads/PERKS MEDIA/IMAGES NEW /VIDEO/resident event checkin .mp4","resident-event-checkin","Identity and usage rights require review before assignment","below_90_percent","Confirm identity, role, rights and crop before manifest assignment"
"/Users/megdude/Downloads/PERKS MEDIA/IMAGES NEW /VIDEO/resident moemnts.mp4","resident-moemnts","Identity and usage rights require review before assignment","below_90_percent","Confirm identity, role, rights and crop before manifest assignment"
"/Users/megdude/Downloads/PERKS MEDIA/IMAGES NEW /VIDEO/resident moments 2.mp4","resident-moments-2","Identity and usage rights require review before assignment","below_90_percent","Confirm identity, role, rights and crop before manifest assignment"
"/Users/megdude/Downloads/PERKS MEDIA/IMAGES NEW /VIDEO/resident parking.mp4","resident-parking","Identity and usage rights require review before assignment","below_90_percent","Confirm identity, role, rights and crop before manifest assignment"
"/Users/megdude/Downloads/PERKS MEDIA/IMAGES NEW /VIDEO/resident walking.mp4","resident-walking","Identity and usage rights require review before assignment","below_90_percent","Confirm identity, role, rights and crop before manifest assignment"
"/Users/megdude/Downloads/PERKS MEDIA/IMAGES NEW /VIDEO/residents value prop.mp4","residents-value-prop","Identity and usage rights require review before assignment","below_90_percent","Confirm identity, role, rights and crop before manifest assignment"
"/Users/megdude/Downloads/PERKS MEDIA/IMAGES NEW /VIDEO/residnets rooftop.mp4","residnets-rooftop","Identity and usage rights require review before assignment","below_90_percent","Confirm identity, role, rights and crop before manifest assignment"
"/Users/megdude/Downloads/PERKS MEDIA/IMAGES NEW /VIDEO/rivian event.mp4","rivian-event","Identity and usage rights require review before assignment","below_90_percent","Confirm identity, role, rights and crop before manifest assignment"
"/Users/megdude/Downloads/PERKS MEDIA/IMAGES NEW /VIDEO/rivian vid.mp4","rivian-vid","Identity and usage rights require review before assignment","below_90_percent","Confirm identity, role, rights and crop before manifest assignment"
"/Users/megdude/Downloads/PERKS MEDIA/IMAGES NEW /VIDEO/rivian.mp4","rivian","Identity and usage rights require review before assignment","below_90_percent","Confirm identity, role, rights and crop before manifest assignment"
"/Users/megdude/Downloads/PERKS MEDIA/IMAGES NEW /VIDEO/scan qr.mp4","scan-qr","Identity and usage rights require review before assignment","below_90_percent","Confirm identity, role, rights and crop before manifest assignment"
"/Users/megdude/Downloads/PERKS MEDIA/IMAGES NEW /VIDEO/show up .mp4","show-up","Identity and usage rights require review before assignment","below_90_percent","Confirm identity, role, rights and crop before manifest assignment"
"/Users/megdude/Downloads/PERKS MEDIA/IMAGES NEW /VIDEO/sponsor event .mp4","sponsor-event","Identity and usage rights require review before assignment","below_90_percent","Confirm identity, role, rights and crop before manifest assignment"
"/Users/megdude/Downloads/PERKS MEDIA/IMAGES NEW /VIDEO/sponsored campaignmp4.mp4","sponsored-campaignmp4","Identity and usage rights require review before assignment","below_90_percent","Confirm identity, role, rights and crop before manifest assignment"
"/Users/megdude/Downloads/PERKS MEDIA/IMAGES NEW /VIDEO/sponsored event copy.mp4","sponsored-event-copy","Identity and usage rights require review before assignment","below_90_percent","Confirm identity, role, rights and crop before manifest assignment"
"/Users/megdude/Downloads/PERKS MEDIA/IMAGES NEW /VIDEO/sponsored event.mp4","sponsored-event","Identity and usage rights require review before assignment","below_90_percent","Confirm identity, role, rights and crop before manifest assignment"
"/Users/megdude/Downloads/PERKS MEDIA/IMAGES NEW /VIDEO/stayput.mp4","stayput","Identity and usage rights require review before assignment","below_90_percent","Confirm identity, role, rights and crop before manifest assignment"
"/Users/megdude/Downloads/PERKS MEDIA/IMAGES NEW /VIDEO/sunset concery.mp4","sunset-concery","Identity and usage rights require review before assignment","below_90_percent","Confirm identity, role, rights and crop before manifest assignment"
"/Users/megdude/Downloads/PERKS MEDIA/IMAGES NEW /VIDEO/survey qr.mp4","survey-qr","Identity and usage rights require review before assignment","below_90_percent","Confirm identity, role, rights and crop before manifest assignment"
"/Users/megdude/Downloads/PERKS MEDIA/IMAGES NEW /VIDEO/survey vid.mp4","survey-vid","Identity and usage rights require review before assignment","below_90_percent","Confirm identity, role, rights and crop before manifest assignment"
"/Users/megdude/Downloads/PERKS MEDIA/IMAGES NEW /VIDEO/trail .mp4","trail","Identity and usage rights require review before assignment","below_90_percent","Confirm identity, role, rights and crop before manifest assignment"
"/Users/megdude/Downloads/PERKS MEDIA/IMAGES NEW /VIDEO/trail bike on trail.mp4","trail-bike-on-trail","Identity and usage rights require review before assignment","below_90_percent","Confirm identity, role, rights and crop before manifest assignment"
"/Users/megdude/Downloads/PERKS MEDIA/IMAGES NEW /VIDEO/turn stay into visit.mp4","turn-stay-into-visit","Identity and usage rights require review before assignment","below_90_percent","Confirm identity, role, rights and crop before manifest assignment"
"/Users/megdude/Downloads/PERKS MEDIA/IMAGES NEW /VIDEO/value prop residents.mp4","value-prop-residents","Identity and usage rights require review before assignment","below_90_percent","Confirm identity, role, rights and crop before manifest assignment"
"/Users/megdude/Downloads/PERKS MEDIA/IMAGES NEW /VIDEO/want to live here.mp4","want-to-live-here","Identity and usage rights require review before assignment","below_90_percent","Confirm identity, role, rights and crop before manifest assignment"
"/Users/megdude/Downloads/PERKS MEDIA/IMAGES NEW /VIDEO/waterline.mp4","waterline","Identity and usage rights require review before assignment","below_90_percent","Confirm identity, role, rights and crop before manifest assignment"
"/Users/megdude/Downloads/PERKS MEDIA/IMAGES NEW /VIDEO/waterloo trail.mp4","waterloo-trail","Identity and usage rights require review before assignment","below_90_percent","Confirm identity, role, rights and crop before manifest assignment"
"/Users/megdude/Downloads/PERKS MEDIA/IMAGES NEW /VIDEO/waterlooo republic square.mp4","waterlooo-republic-square","Identity and usage rights require review before assignment","below_90_percent","Confirm identity, role, rights and crop before manifest assignment"
"/Users/megdude/Downloads/PERKS MEDIA/IMAGES NEW /VIDEO/welness welcome.mp4","welness-welcome","Identity and usage rights require review before assignment","below_90_percent","Confirm identity, role, rights and crop before manifest assignment"
"/Users/megdude/Downloads/PERKS MEDIA/IMAGES NEW /VIDEO/women using qr code.mp4","women-using-qr-code","Identity and usage rights require review before assignment","below_90_percent","Confirm identity, role, rights and crop before manifest assignment"
"/Users/megdude/Downloads/PERKS MEDIA/IMAGES NEW /VIDEO/workout.mp4","workout","Identity and usage rights require review before assignment","below_90_percent","Confirm identity, role, rights and crop before manifest assignment"
"/Users/megdude/Downloads/PERKS MEDIA/IMAGES NEW /VIDEO BACKGROUNDS/Find on Map .mp4","find-on-map","Identity and usage rights require review before assignment","below_90_percent","Confirm identity, role, rights and crop before manifest assignment"
"/Users/megdude/Downloads/PERKS MEDIA/IMAGES NEW /VIDEO BACKGROUNDS/Properties Rooftop.mp4","properties-rooftop","Identity and usage rights require review before assignment","below_90_percent","Confirm identity, role, rights and crop before manifest assignment"
"/Users/megdude/Downloads/PERKS MEDIA/IMAGES NEW /VIDEO BACKGROUNDS/Qr Code Scan.mp4","qr-code-scan","Identity and usage rights require review before assignment","below_90_percent","Confirm identity, role, rights and crop before manifest assignment"
"/Users/megdude/Downloads/PERKS MEDIA/IMAGES NEW /VIDEO BACKGROUNDS/Rooftop Dark .mp4","rooftop-dark","Identity and usage rights require review before assignment","below_90_percent","Confirm identity, role, rights and crop before manifest assignment"
"/Users/megdude/Downloads/PERKS MEDIA/IMAGES NEW /VIDEO BACKGROUNDS/Running Dark.mp4","running-dark","Identity and usage rights require review before assignment","below_90_percent","Confirm identity, role, rights and crop before manifest assignment"
"/Users/megdude/Downloads/PERKS MEDIA/IMAGES NEW /VIDEO BACKGROUNDS/Running on Trail.mp4","running-on-trail","Identity and usage rights require review before assignment","below_90_percent","Confirm identity, role, rights and crop before manifest assignment"
"/Users/megdude/Downloads/PERKS MEDIA/IMAGES NEW /WATERLINE/04 waterlook trail.jpeg","04-waterlook-trail","Identity and usage rights require review before assignment","below_90_percent","Confirm identity, role, rights and crop before manifest assignment"
"/Users/megdude/Downloads/PERKS MEDIA/IMAGES NEW /WATERLINE/36E32FFD-BE0F-4611-B920-D49D46CD4D92.png","36e32ffd-be0f-4611-b920-d49d46cd4d92","Identity and usage rights require review before assignment","below_90_percent","Confirm identity, role, rights and crop before manifest assignment"
"/Users/megdude/Downloads/PERKS MEDIA/IMAGES NEW /WATERLINE/Crown View.jpg","crown-view","Identity and usage rights require review before assignment","below_90_percent","Confirm identity, role, rights and crop before manifest assignment"
"/Users/megdude/Downloads/PERKS MEDIA/IMAGES NEW /WATERLINE/Hotel.jpg","hotel","Identity and usage rights require review before assignment","below_90_percent","Confirm identity, role, rights and crop before manifest assignment"
"/Users/megdude/Downloads/PERKS MEDIA/IMAGES NEW /WATERLINE/KPF_WallerCreek_TheGate_copyrightWAX.jpg","kpf-wallercreek-thegate-copyrightwax","Identity and usage rights require review before assignment","below_90_percent","Confirm identity, role, rights and crop before manifest assignment"
"/Users/megdude/Downloads/PERKS MEDIA/IMAGES NEW /WATERLINE/KPF_WallerCreek_TheGate_copyrightWAX2.jpg","kpf-wallercreek-thegate-copyrightwax2","Identity and usage rights require review before assignment","below_90_percent","Confirm identity, role, rights and crop before manifest assignment"
"/Users/megdude/Downloads/PERKS MEDIA/IMAGES NEW /WATERLINE/KPF_WallerCreek_TheGate_copyrightWAX4.jpg","kpf-wallercreek-thegate-copyrightwax4","Identity and usage rights require review before assignment","below_90_percent","Confirm identity, role, rights and crop before manifest assignment"
"/Users/megdude/Downloads/PERKS MEDIA/IMAGES NEW /WATERLINE/LPC-Waterline-TheCrown-CopyrightPlomp-scaled.jpg","lpc-waterline-thecrown-copyrightplomp-scaled","Identity and usage rights require review before assignment","below_90_percent","Confirm identity, role, rights and crop before manifest assignment"
"/Users/megdude/Downloads/PERKS MEDIA/IMAGES NEW /WATERLINE/Location.jpg","location","Identity and usage rights require review before assignment","below_90_percent","Confirm identity, role, rights and crop before manifest assignment"
"/Users/megdude/Downloads/PERKS MEDIA/IMAGES NEW /WATERLINE/Residences.jpg","residences","Identity and usage rights require review before assignment","below_90_percent","Confirm identity, role, rights and crop before manifest assignment"
"/Users/megdude/Downloads/PERKS MEDIA/IMAGES NEW /WATERLINE/Retail.jpg","retail","Identity and usage rights require review before assignment","below_90_percent","Confirm identity, role, rights and crop before manifest assignment"
"/Users/megdude/Downloads/PERKS MEDIA/IMAGES NEW /WATERLINE/c02.jpg","c02","Identity and usage rights require review before assignment","below_90_percent","Confirm identity, role, rights and crop before manifest assignment"
"/Users/megdude/Downloads/PERKS MEDIA/IMAGES NEW /WATERLINE/downtown LPC-Waterline-TheCrown-CopyrightPlomp-scaled.jpg.webp","downtown-lpc-waterline-thecrown-copyrightplomp-scaled-jpg","Identity and usage rights require review before assignment","below_90_percent","Confirm identity, role, rights and crop before manifest assignment"
"/Users/megdude/Downloads/PERKS MEDIA/IMAGES NEW /WATERLINE/event.png","event","Identity and usage rights require review before assignment","below_90_percent","Confirm identity, role, rights and crop before manifest assignment"
"/Users/megdude/Downloads/PERKS MEDIA/IMAGES NEW /WATERLINE/hero.jpg","hero","Identity and usage rights require review before assignment","below_90_percent","Confirm identity, role, rights and crop before manifest assignment"
"/Users/megdude/Downloads/PERKS MEDIA/IMAGES NEW /WATERLINE/offices.jpg","offices","Identity and usage rights require review before assignment","below_90_percent","Confirm identity, role, rights and crop before manifest assignment"
"/Users/megdude/Downloads/PERKS MEDIA/IMAGES NEW /WATERLINE/waterline LPC-Waterline-Invite-CopyrightPlomp-scaled.jpg.webp","waterline-lpc-waterline-invite-copyrightplomp-scaled-jpg","Identity and usage rights require review before assignment","below_90_percent","Confirm identity, role, rights and crop before manifest assignment"
"/Users/megdude/Downloads/PERKS MEDIA/IMAGES NEW /WATERLINE/waterline atx copy.png","waterline-atx-copy","Identity and usage rights require review before assignment","below_90_percent","Confirm identity, role, rights and crop before manifest assignment"
"/Users/megdude/Downloads/PERKS MEDIA/IMAGES NEW /WATERLINE/waterline atx.png","waterline-atx","Identity and usage rights require review before assignment","below_90_percent","Confirm identity, role, rights and crop before manifest assignment"
"/Users/megdude/Downloads/PERKS MEDIA/IMAGES NEW /WATERLINE/waterline hero.webp","waterline-hero","Identity and usage rights require review before assignment","below_90_percent","Confirm identity, role, rights and crop before manifest assignment"
"/Users/megdude/Downloads/PERKS MEDIA/IMAGES NEW /WATERLINE/waterline office.png","waterline-office","Identity and usage rights require review before assignment","below_90_percent","Confirm identity, role, rights and crop before manifest assignment"
"/Users/megdude/Downloads/PERKS MEDIA/IMAGES NEW /WATERLINE/waterline offices.webp","waterline-offices","Identity and usage rights require review before assignment","below_90_percent","Confirm identity, role, rights and crop before manifest assignment"
"/Users/megdude/Downloads/PERKS MEDIA/IMAGES NEW /WATERLINE/waterline_page_08.png","waterline-page-08","Identity and usage rights require review before assignment","below_90_percent","Confirm identity, role, rights and crop before manifest assignment"
"/Users/megdude/Downloads/PERKS MEDIA/IMAGES NEW /WATERLOO GREENWAY /03 waterloo park.jpeg","03-waterloo-park","Identity and usage rights require review before assignment","below_90_percent","Confirm identity, role, rights and crop before manifest assignment"
"/Users/megdude/Downloads/PERKS MEDIA/IMAGES NEW /WATERLOO GREENWAY /04 waterlook trail.jpeg","04-waterlook-trail","Identity and usage rights require review before assignment","below_90_percent","Confirm identity, role, rights and crop before manifest assignment"
"/Users/megdude/Downloads/PERKS MEDIA/IMAGES NEW /WATERLOO GREENWAY /waterlook bikes on trail .png","waterlook-bikes-on-trail","Identity and usage rights require review before assignment","below_90_percent","Confirm identity, role, rights and crop before manifest assignment"
"/Users/megdude/Downloads/PERKS MEDIA/IMAGES NEW /WATERLOO GREENWAY /waterlook brifge.png","waterlook-brifge","Identity and usage rights require review before assignment","below_90_percent","Confirm identity, role, rights and crop before manifest assignment"
"/Users/megdude/Downloads/PERKS MEDIA/IMAGES NEW /WATERLOO GREENWAY /waterlook greenway .png","waterlook-greenway","Identity and usage rights require review before assignment","below_90_percent","Confirm identity, role, rights and crop before manifest assignment"
"/Users/megdude/Downloads/PERKS MEDIA/IMAGES NEW /WATERLOO GREENWAY /waterlook trail .png","waterlook-trail","Identity and usage rights require review before assignment","below_90_percent","Confirm identity, role, rights and crop before manifest assignment"
"/Users/megdude/Downloads/PERKS MEDIA/IMAGES NEW /WATERLOO GREENWAY /waterlook trail 1.png","waterlook-trail-1","Identity and usage rights require review before assignment","below_90_percent","Confirm identity, role, rights and crop before manifest assignment"
"/Users/megdude/Downloads/PERKS MEDIA/IMAGES NEW /WATERLOO GREENWAY /waterlook trail 2.png","waterlook-trail-2","Identity and usage rights require review before assignment","below_90_percent","Confirm identity, role, rights and crop before manifest assignment"
"/Users/megdude/Downloads/PERKS MEDIA/IMAGES NEW /WATERLOO GREENWAY /waterlook trail la mar bdige.png","waterlook-trail-la-mar-bdige","Identity and usage rights require review before assignment","below_90_percent","Confirm identity, role, rights and crop before manifest assignment"
"/Users/megdude/Downloads/PERKS MEDIA/IMAGES NEW /WATERLOO GREENWAY /waterlook trail.png","waterlook-trail","Identity and usage rights require review before assignment","below_90_percent","Confirm identity, role, rights and crop before manifest assignment"
"/Users/megdude/Downloads/PERKS MEDIA/IMAGES NEW /WELLNESS/equinox .jpeg","equinox","Identity and usage rights require review before assignment","below_90_percent","Confirm identity, role, rights and crop before manifest assignment"
"/Users/megdude/Downloads/PERKS MEDIA/IMAGES NEW /WELLNESS/equinox1 .jpeg","equinox1","Identity and usage rights require review before assignment","below_90_percent","Confirm identity, role, rights and crop before manifest assignment"
"/Users/megdude/Downloads/PERKS MEDIA/IMAGES NEW /WELLNESS/greeting wellness.png","greeting-wellness","Identity and usage rights require review before assignment","below_90_percent","Confirm identity, role, rights and crop before manifest assignment"
"/Users/megdude/Downloads/PERKS MEDIA/IMAGES NEW /WELLNESS/images (1).jpeg","images-1","Identity and usage rights require review before assignment","below_90_percent","Confirm identity, role, rights and crop before manifest assignment"
"/Users/megdude/Downloads/PERKS MEDIA/IMAGES NEW /WELLNESS/nail salon.png","nail-salon","Identity and usage rights require review before assignment","below_90_percent","Confirm identity, role, rights and crop before manifest assignment"
"/Users/megdude/Downloads/PERKS MEDIA/IMAGES NEW /WELLNESS/spa pedicure' copy.png","spa-pedicure-copy","Identity and usage rights require review before assignment","below_90_percent","Confirm identity, role, rights and crop before manifest assignment"
"/Users/megdude/Downloads/PERKS MEDIA/IMAGES NEW /WELLNESS/spa pedicure'.png","spa-pedicure","Identity and usage rights require review before assignment","below_90_percent","Confirm identity, role, rights and crop before manifest assignment"
"/Users/megdude/Downloads/PERKS MEDIA/IMAGES NEW /WELLNESS/spa welcome copy.png","spa-welcome-copy","Identity and usage rights require review before assignment","below_90_percent","Confirm identity, role, rights and crop before manifest assignment"
"/Users/megdude/Downloads/PERKS MEDIA/IMAGES NEW /WELLNESS/spa welcome.png","spa-welcome","Identity and usage rights require review before assignment","below_90_percent","Confirm identity, role, rights and crop before manifest assignment"
"/Users/megdude/Downloads/PERKS MEDIA/IMAGES NEW /WELLNESS/wellness.png","wellness","Identity and usage rights require review before assignment","below_90_percent","Confirm identity, role, rights and crop before manifest assignment"
"/Users/megdude/Downloads/PERKS MEDIA/IMAGES NEW /WORKOUTCLASS/greeting wellness.png","greeting-wellness","Identity and usage rights require review before assignment","below_90_percent","Confirm identity, role, rights and crop before manifest assignment"
"/Users/megdude/Downloads/PERKS MEDIA/IMAGES NEW /WORKOUTCLASS/morning-yoga-waterloo.jpeg","morning-yoga-waterloo","Identity and usage rights require review before assignment","below_90_percent","Confirm identity, role, rights and crop before manifest assignment"
"/Users/megdude/Downloads/PERKS MEDIA/IMAGES NEW /WORKOUTCLASS/workout class almost missed.png","workout-class-almost-missed","Identity and usage rights require review before assignment","below_90_percent","Confirm identity, role, rights and crop before manifest assignment"
"/Users/megdude/Downloads/PERKS MEDIA/IMAGES NEW /YETI/Yeti Bar Inside Yeti's Brand New Texas-Forever Patio Bar | Eater Austin .webp","yeti-bar-inside-yeti-s-brand-new-texas-forever-patio-bar-eater-austin","Identity and usage rights require review before assignment","below_90_percent","Confirm identity, role, rights and crop before manifest assignment"
"/Users/megdude/Downloads/PERKS MEDIA/IMAGES NEW /YETI/Yeti Brand Campaign.png","yeti-brand-campaign","Identity and usage rights require review before assignment","below_90_percent","Confirm identity, role, rights and crop before manifest assignment"
"/Users/megdude/Downloads/PERKS MEDIA/IMAGES NEW /YETI/Yeti Store.png","yeti-store","Identity and usage rights require review before assignment","below_90_percent","Confirm identity, role, rights and crop before manifest assignment"
"/Users/megdude/Downloads/PERKS MEDIA/IMAGES NEW /YETI/Yeti-event-customer-story.jpg","yeti-event-customer-story","Identity and usage rights require review before assignment","below_90_percent","Confirm identity, role, rights and crop before manifest assignment"
"/Users/megdude/Downloads/PERKS MEDIA/IMAGES NEW /YETI/yeti event.jpeg","yeti-event","Identity and usage rights require review before assignment","below_90_percent","Confirm identity, role, rights and crop before manifest assignment"
"/Users/megdude/Downloads/PERKS MEDIA/IMAGES NEW /YETI/yeti.png","yeti","Identity and usage rights require review before assignment","below_90_percent","Confirm identity, role, rights and crop before manifest assignment"
"/Users/megdude/Downloads/PERKS MEDIA/IMAGES NEW /YOGA/-V3wHp4pK8yiLAP_hlCODGH-S0-yOBr_X2RBN4k7IgWLXWaZHzoPAqAflGRQDQydzsB9Q1LjJidsxmgYOJdK54VEwKIV8bC61OemFZ2KwGgHRVqezyGuQfzXzHMgN_dJwBBZJWLnmXWK4B6uTfR9fgxUhLSOt6MgdEmPNE91E9YvAZSldhwg783YsObyp8Zw.jpeg","v3whp4pk8yilap-hlcodgh-s0-yobr-x2rbn4k7igwlxwazhzopaqaflgrqdqydzsb9q1ljjidsxmgyojdk54vewkiv8bc61oemfz2kwgghrvqezyguqfzxzhmgn-djwbbzjwlnmxwk4b6utfr9fgxuhlsot6mgdempne91e9yvazsldhwg783ysobyp8zw","Identity and usage rights require review before assignment","below_90_percent","Confirm identity, role, rights and crop before manifest assignment"
"/Users/megdude/Downloads/PERKS MEDIA/IMAGES NEW /YOGA/HAqONBtNLOQVFcxpH2eBO5Xhc3DKS0QBVedsmInJSvHsT4AINUkJmzWSlqpIHsfyooxGuZI0allp-mkQxnUWIpsK9XZmO-soqjSQppCTQeqb2ykXLb2DKmD9-NWFbNQtluza-CfL9G-PG9f_2V3bTArHSvw-nT0JJpptcdOLYOFyMwyQNPjdkPJrdOqVuoUM.jpeg","haqonbtnloqvfcxph2ebo5xhc3dks0qbvedsminjsvhst4ainukjmzwslqpihsfyooxguzi0allp-mkqxnuwipsk9xzmo-soqjsqppctqeqb2ykxlb2dkmd9-nwfbnqtluza-cfl9g-pg9f-2v3btarhsvw-nt0jjpptcdolyofymwyqnpjdkpjrdoqvuoum","Identity and usage rights require review before assignment","below_90_percent","Confirm identity, role, rights and crop before manifest assignment"
"/Users/megdude/Downloads/PERKS MEDIA/IMAGES NEW /YOGA/yoga event copy.png","yoga-event-copy","Identity and usage rights require review before assignment","below_90_percent","Confirm identity, role, rights and crop before manifest assignment"
"/Users/megdude/Downloads/PERKS MEDIA/IMAGES NEW /YOGA/yoga event.png","yoga-event","Identity and usage rights require review before assignment","below_90_percent","Confirm identity, role, rights and crop before manifest assignment"
"/Users/megdude/Downloads/PERKS MEDIA/IMAGES NEW /YOGA/yoga park.jpeg","yoga-park","Identity and usage rights require review before assignment","below_90_percent","Confirm identity, role, rights and crop before manifest assignment"
"/Users/megdude/Downloads/PERKS MEDIA/IMAGES NEW /YOGA/yoga republic square copy.png","yoga-republic-square-copy","Identity and usage rights require review before assignment","below_90_percent","Confirm identity, role, rights and crop before manifest assignment"
"/Users/megdude/Downloads/PERKS MEDIA/IMAGES NEW /YOGA/yoga republic square.png","yoga-republic-square","Identity and usage rights require review before assignment","below_90_percent","Confirm identity, role, rights and crop before manifest assignment"
"/Users/megdude/Downloads/PERKS MEDIA/IMAGES NEW /YOUR DOWNTOWN COLLECTION.png","your-downtown-collection","Identity and usage rights require review before assignment","below_90_percent","Confirm identity, role, rights and crop before manifest assignment"
"/Users/megdude/Downloads/PERKS MEDIA/IMAGES NEW /fine eyewear logo .svg","fine-eyewear-logo","Identity and usage rights require review before assignment","below_90_percent","Confirm identity, role, rights and crop before manifest assignment"
"/Users/megdude/Downloads/PERKS MEDIA/IMAGES NEW /fine eyewear logo.png","fine-eyewear-logo","Identity and usage rights require review before assignment","below_90_percent","Confirm identity, role, rights and crop before manifest assignment"
"/Users/megdude/Downloads/PERKS MEDIA/IMAGES NEW /fine eyewear.png","fine-eyewear","Identity and usage rights require review before assignment","below_90_percent","Confirm identity, role, rights and crop before manifest assignment"
"/Users/megdude/Downloads/PERKS MEDIA/IMAGES NEW /image.png","image","Identity and usage rights require review before assignment","below_90_percent","Confirm identity, role, rights and crop before manifest assignment"
"/Users/megdude/Downloads/PERKS MEDIA/IMAGES NEW /inkind-social.png","inkind-social","Identity and usage rights require review before assignment","below_90_percent","Confirm identity, role, rights and crop before manifest assignment"
"/Users/megdude/Downloads/PERKS MEDIA/IMAGES NEW /perk campaign.png","perk-campaign","Identity and usage rights require review before assignment","below_90_percent","Confirm identity, role, rights and crop before manifest assignment"
"/Users/megdude/Downloads/PERKS MEDIA/IMAGES NEW /perks campaign.jpeg","perks-campaign","Identity and usage rights require review before assignment","below_90_percent","Confirm identity, role, rights and crop before manifest assignment"
"/Users/megdude/Downloads/PERKS MEDIA/IMAGES NEW /rivian campaign.png","rivian-campaign","Identity and usage rights require review before assignment","below_90_percent","Confirm identity, role, rights and crop before manifest assignment"
"/Users/megdude/Downloads/PERKS MEDIA/MAP IMAGES/dp-topo/31tw6IrHhQS9baRQFmr48o0-yinZqraJtqI973LtxE3ZIBxLWF9vJgw2oWDFlUsRT0l4aSY-lcUuyykKFMQ4bT0hptW2DH7cW7WMVSSend9s0Jt-e3U8tO-bZO7j08bEDvsEdbf5dgWn04n83k7DxX2kwCou6pmD2AkYWxR0zKyHFAaRxkU0pSQ3MecifzGj.jpeg","31tw6irhhqs9barqfmr48o0-yinzqrajtqi973ltxe3zibxlwf9vjgw2owdflusrt0l4asy-lcuuyykkfmq4bt0hptw2dh7cw7wmvssend9s0jt-e3u8to-bzo7j08bedvsedbf5dgwn04n83k7dxx2kwcou6pmd2akywxr0zkyhfaarxku0psq3mecifzgj","Identity and usage rights require review before assignment","below_90_percent","Confirm identity, role, rights and crop before manifest assignment"
"/Users/megdude/Downloads/PERKS MEDIA/MAP IMAGES/dp-topo/3W6EqNoPaXGylKivS0Vsw9LHoQrDrW0_UfH_hnxjY4o8msQmhrXq6H6wOnApglD1dhX5T7QqOfybSN5QFx7sMhb1Byxl8ECXcLMcGe_vH8-8dtJRUuKKoMbbbKFQThx4jf_EMw4qjzIXVSeYZkhkD5RWxzUzxs5a3W_duXYIaGjIfhCQNUCCz3_I6BRBoPtU.jpeg","3w6eqnopaxgylkivs0vsw9lhoqrdrw0-ufh-hnxjy4o8msqmhrxq6h6wonapgld1dhx5t7qqofybsn5qfx7smhb1byxl8ecxclmcge-vh8-8dtjruukkombbbkfqthx4jf-emw4qjzixvseyzkhkd5rwxzuzxs5a3w-duxyiagjifhcqnuccz3-i6brboptu","Identity and usage rights require review before assignment","below_90_percent","Confirm identity, role, rights and crop before manifest assignment"
"/Users/megdude/Downloads/PERKS MEDIA/MAP IMAGES/dp-topo/KX9x3oGjw6xY_u2zURIfppUbzPwfSXn7kN8dxHn47X37iam4XXFKqqOJWzpUJDOVwRnkTfFcxg4rEJDsf5tzHVELQBAQN4ij3wx2ErodksFcDaBGKG0bXazhzJuqNwgpzRzgyagVHX5iXpLax5aUBQHpFmd8ONki5QcgQNstf_RnJkh9rMW0Z3S6V-DnocuT.jpeg","kx9x3ogjw6xy-u2zurifppubzpwfsxn7kn8dxhn47x37iam4xxfkqqojwzpujdovwrnktffcxg4rejdsf5tzhvelqbaqn4ij3wx2erodksfcdabgkg0bxazhzjuqnwgpzrzgyagvhx5ixplax5aubqhpfmd8onki5qcgqnstf-rnjkh9rmw0z3s6v-dnocut","Identity and usage rights require review before assignment","below_90_percent","Confirm identity, role, rights and crop before manifest assignment"
"/Users/megdude/Downloads/PERKS MEDIA/MAP IMAGES/dp-topo/QQy0R7y0D6reyvxjtO4Bz0cdcHuLgAmkHIwGAgmZSW66otks8dM8TUD5adIiQD3uYp0A7d6_Bi1A6MzzsJGL23tYSN207sRP8FR68N8CKNi5neqrVfzauBbHFsGulopDHdKhJ-KsUl3viTXWsTncYZVu6qayfVjVzYoEdkj67yvaNR3KVp7a8Qavd6xUypKt.jpeg","qqy0r7y0d6reyvxjto4bz0cdchulgamkhiwgagmzsw66otks8dm8tud5adiiqd3uyp0a7d6-bi1a6mzzsjgl23tysn207srp8fr68n8ckni5neqrvfzaubbhfsgulopdhdkhj-ksul3vitxwstncyzvu6qayfvjvzyoedkj67yvanr3kvp7a8qavd6xuypkt","Identity and usage rights require review before assignment","below_90_percent","Confirm identity, role, rights and crop before manifest assignment"
"/Users/megdude/Downloads/PERKS MEDIA/MAP IMAGES/dp-topo/b1g2sfUyEIlTZ9VEepoCGMqVCLXHb0D-kzHHHFUwYqO_q2dw0vkhg5cFGV7ogZYYcoKjYrSIf3UPg1CFBvs9oenhBSpjg-PcikVcaoO-kcZ3YyPdpTt5PSc6cs24NuetCoYLC1FmPT9Pj0o099AbIU7lTkr_h4fDMlotA0ZA-GaBzWODjOtsGnjWkhciQqIR.jpeg","b1g2sfuyeiltz9veepocgmqvclxhb0d-kzhhhfuwyqo-q2dw0vkhg5cfgv7ogzyycokjyrsif3upg1cfbvs9oenhbspjg-pcikvcaoo-kcz3yypdptt5psc6cs24nuetcoylc1fmpt9pj0o099abiu7ltkr-h4fdmlota0za-gabzwodjotsgnjwkhciqqir","Identity and usage rights require review before assignment","below_90_percent","Confirm identity, role, rights and crop before manifest assignment"
"/Users/megdude/Downloads/PERKS MEDIA/MAP IMAGES/dp-topo/kJpijN1kCBPVJEjSL54jD5bnkceWKjCxJHoIygqo87DjBwdw_k4q8YBKhQc_QPoVcQ-u8gnbjM02_gnakipBqQEZJUVcdYP40tc92usk570PopBrfdxoUtHegMH4r_lbjnYtapuKCPt2o_iGYegyRk2uJuNZbGQq3vA_sGrMPX5UGwUO732vMhaPU_xPRndp.jpeg","kjpijn1kcbpvjejsl54jd5bnkcewkjcxjhoiygqo87djbwdw-k4q8ybkhqc-qpovcq-u8gnbjm02-gnakipbqqezjuvcdyp40tc92usk570popbrfdxouthegmh4r-lbjnytapukcpt2o-igyegyrk2ujunzbgqq3va-sgrmpx5ugwuo732vmhapu-xprndp","Identity and usage rights require review before assignment","below_90_percent","Confirm identity, role, rights and crop before manifest assignment"
"/Users/megdude/Downloads/PERKS MEDIA/MAP IMAGES/dp-topo/topo chico.jpeg","topo-chico","Identity and usage rights require review before assignment","below_90_percent","Confirm identity, role, rights and crop before manifest assignment"
"/Users/megdude/Downloads/PERKS MEDIA/NEW IMAGES/01_aris_bar.jpg","01-aris-bar","Identity and usage rights require review before assignment","below_90_percent","Confirm identity, role, rights and crop before manifest assignment"
"/Users/megdude/Downloads/PERKS MEDIA/NEW IMAGES/01_atx_cocina_cocktail.webp","01-atx-cocina-cocktail","Identity and usage rights require review before assignment","below_90_percent","Confirm identity, role, rights and crop before manifest assignment"
"/Users/megdude/Downloads/PERKS MEDIA/NEW IMAGES/01_las-perlas_bar.jpg","01-las-perlas-bar","Identity and usage rights require review before assignment","below_90_percent","Confirm identity, role, rights and crop before manifest assignment"
"/Users/megdude/Downloads/PERKS MEDIA/NEW IMAGES/01_pelons_exterior.webp","01-pelons-exterior","Identity and usage rights require review before assignment","below_90_percent","Confirm identity, role, rights and crop before manifest assignment"
"/Users/megdude/Downloads/PERKS MEDIA/NEW IMAGES/02_aris_dining_room.jpg","02-aris-dining-room","Identity and usage rights require review before assignment","below_90_percent","Confirm identity, role, rights and crop before manifest assignment"
"/Users/megdude/Downloads/PERKS MEDIA/NEW IMAGES/02_atx_cocina_bar.webp","02-atx-cocina-bar","Identity and usage rights require review before assignment","below_90_percent","Confirm identity, role, rights and crop before manifest assignment"
"/Users/megdude/Downloads/PERKS MEDIA/NEW IMAGES/02_las-perlas_interior.jpg","02-las-perlas-interior","Identity and usage rights require review before assignment","below_90_percent","Confirm identity, role, rights and crop before manifest assignment"
"/Users/megdude/Downloads/PERKS MEDIA/NEW IMAGES/02_pelons_bar.webp","02-pelons-bar","Identity and usage rights require review before assignment","below_90_percent","Confirm identity, role, rights and crop before manifest assignment"
"/Users/megdude/Downloads/PERKS MEDIA/NEW IMAGES/03_aris_cocktail.jpg","03-aris-cocktail","Identity and usage rights require review before assignment","below_90_percent","Confirm identity, role, rights and crop before manifest assignment"
"/Users/megdude/Downloads/PERKS MEDIA/NEW IMAGES/03_atx_cocina_interior.webp","03-atx-cocina-interior","Identity and usage rights require review before assignment","below_90_percent","Confirm identity, role, rights and crop before manifest assignment"
"/Users/megdude/Downloads/PERKS MEDIA/NEW IMAGES/03_las-perlas_patio.jpeg","03-las-perlas-patio","Identity and usage rights require review before assignment","below_90_percent","Confirm identity, role, rights and crop before manifest assignment"
"/Users/megdude/Downloads/PERKS MEDIA/NEW IMAGES/03_pelons_tacos.webp","03-pelons-tacos","Identity and usage rights require review before assignment","below_90_percent","Confirm identity, role, rights and crop before manifest assignment"
"/Users/megdude/Downloads/PERKS MEDIA/NEW IMAGES/07696312-a3a8-43e1-b0e5-81818571770f-1 copy.png","07696312-a3a8-43e1-b0e5-81818571770f-1-copy","Identity and usage rights require review before assignment","below_90_percent","Confirm identity, role, rights and crop before manifest assignment"
"/Users/megdude/Downloads/PERKS MEDIA/NEW IMAGES/0e7aeb5d-e05b-d38f-cfed-fcba6b52ca17.jpg","0e7aeb5d-e05b-d38f-cfed-fcba6b52ca17","Identity and usage rights require review before assignment","below_90_percent","Confirm identity, role, rights and crop before manifest assignment"
"/Users/megdude/Downloads/PERKS MEDIA/NEW IMAGES/1-cafe.png","1-cafe","Identity and usage rights require review before assignment","below_90_percent","Confirm identity, role, rights and crop before manifest assignment"
"/Users/megdude/Downloads/PERKS MEDIA/NEW IMAGES/1-expolore-nearby-2.png","1-expolore-nearby-2","Identity and usage rights require review before assignment","below_90_percent","Confirm identity, role, rights and crop before manifest assignment"
"/Users/megdude/Downloads/PERKS MEDIA/NEW IMAGES/1. add locarion .png","1-add-locarion","Identity and usage rights require review before assignment","below_90_percent","Confirm identity, role, rights and crop before manifest assignment"
"/Users/megdude/Downloads/PERKS MEDIA/NEW IMAGES/11-happy-hour copy.png","11-happy-hour-copy","Identity and usage rights require review before assignment","below_90_percent","Confirm identity, role, rights and crop before manifest assignment"
"/Users/megdude/Downloads/PERKS MEDIA/NEW IMAGES/11-morning-coffee copy.png","11-morning-coffee-copy","Identity and usage rights require review before assignment","below_90_percent","Confirm identity, role, rights and crop before manifest assignment"
"/Users/megdude/Downloads/PERKS MEDIA/NEW IMAGES/1363fe2f-8bea-29f1-859f-3bd2325b6ec6.png","1363fe2f-8bea-29f1-859f-3bd2325b6ec6","Identity and usage rights require review before assignment","below_90_percent","Confirm identity, role, rights and crop before manifest assignment"
"/Users/megdude/Downloads/PERKS MEDIA/NEW IMAGES/16a1b3f1-20df-4589-ac25-8eaf4f6e8937.png","16a1b3f1-20df-4589-ac25-8eaf4f6e8937","Identity and usage rights require review before assignment","below_90_percent","Confirm identity, role, rights and crop before manifest assignment"
"/Users/megdude/Downloads/PERKS MEDIA/NEW IMAGES/1aa4c4b6-b994-4816-a6ef-6f9beed8a8b9.png","1aa4c4b6-b994-4816-a6ef-6f9beed8a8b9","Identity and usage rights require review before assignment","below_90_percent","Confirm identity, role, rights and crop before manifest assignment"
"/Users/megdude/Downloads/PERKS MEDIA/NEW IMAGES/2. give a reason.png","2-give-a-reason","Identity and usage rights require review before assignment","below_90_percent","Confirm identity, role, rights and crop before manifest assignment"
"/Users/megdude/Downloads/PERKS MEDIA/NEW IMAGES/218D957C-2B6F-4F8C-9EDC-85D640706269_4_5005_c copy.jpeg","218d957c-2b6f-4f8c-9edc-85d640706269-4-5005-c-copy","Identity and usage rights require review before assignment","below_90_percent","Confirm identity, role, rights and crop before manifest assignment"
"/Users/megdude/Downloads/PERKS MEDIA/NEW IMAGES/24-diner_hero_clean_1600x900.png","24-diner-hero-clean-1600x900","Identity and usage rights require review before assignment","below_90_percent","Confirm identity, role, rights and crop before manifest assignment"
"/Users/megdude/Downloads/PERKS MEDIA/NEW IMAGES/37f37e1c-f2af-4d09-a098-8dfec1d549ce.png","37f37e1c-f2af-4d09-a098-8dfec1d549ce","Identity and usage rights require review before assignment","below_90_percent","Confirm identity, role, rights and crop before manifest assignment"
"/Users/megdude/Downloads/PERKS MEDIA/NEW IMAGES/5cbff216-632b-4831-baa1-e9356e3145d4 copy.png","5cbff216-632b-4831-baa1-e9356e3145d4-copy","Identity and usage rights require review before assignment","below_90_percent","Confirm identity, role, rights and crop before manifest assignment"
"/Users/megdude/Downloads/PERKS MEDIA/NEW IMAGES/5eb6611f-9252-4e32-85a7-b34217d394e1.png","5eb6611f-9252-4e32-85a7-b34217d394e1","Identity and usage rights require review before assignment","below_90_percent","Confirm identity, role, rights and crop before manifest assignment"
"/Users/megdude/Downloads/PERKS MEDIA/NEW IMAGES/65B19ECF-EDD1-4964-9F4A-9DEC510402A0_2048x.webp","65b19ecf-edd1-4964-9f4a-9dec510402a0-2048x","Identity and usage rights require review before assignment","below_90_percent","Confirm identity, role, rights and crop before manifest assignment"
"/Users/megdude/Downloads/PERKS MEDIA/NEW IMAGES/847156e3-ef71-4c93-a2c3-91840f522922 copy.png","847156e3-ef71-4c93-a2c3-91840f522922-copy","Identity and usage rights require review before assignment","below_90_percent","Confirm identity, role, rights and crop before manifest assignment"
"/Users/megdude/Downloads/PERKS MEDIA/NEW IMAGES/9-cocktail-at-pool copy.png","9-cocktail-at-pool-copy","Identity and usage rights require review before assignment","below_90_percent","Confirm identity, role, rights and crop before manifest assignment"
"/Users/megdude/Downloads/PERKS MEDIA/NEW IMAGES/9-cocktail-at-the-pool copy.png","9-cocktail-at-the-pool-copy","Identity and usage rights require review before assignment","below_90_percent","Confirm identity, role, rights and crop before manifest assignment"
"/Users/megdude/Downloads/PERKS MEDIA/NEW IMAGES/AUS_2423_aspect4x5.jpg","aus-2423-aspect4x5","Identity and usage rights require review before assignment","below_90_percent","Confirm identity, role, rights and crop before manifest assignment"
"/Users/megdude/Downloads/PERKS MEDIA/NEW IMAGES/AUS_2427_original.jpg","aus-2427-original","Identity and usage rights require review before assignment","below_90_percent","Confirm identity, role, rights and crop before manifest assignment"
"/Users/megdude/Downloads/PERKS MEDIA/NEW IMAGES/AUS_2433_original.jpg","aus-2433-original","Identity and usage rights require review before assignment","below_90_percent","Confirm identity, role, rights and crop before manifest assignment"
"/Users/megdude/Downloads/PERKS MEDIA/NEW IMAGES/AUS_2439_aspect16x9.jpg","aus-2439-aspect16x9","Identity and usage rights require review before assignment","below_90_percent","Confirm identity, role, rights and crop before manifest assignment"
"/Users/megdude/Downloads/PERKS MEDIA/NEW IMAGES/AUS_2468_original.jpg","aus-2468-original","Identity and usage rights require review before assignment","below_90_percent","Confirm identity, role, rights and crop before manifest assignment"
"/Users/megdude/Downloads/PERKS MEDIA/NEW IMAGES/AUS_2500_original.jpg","aus-2500-original","Identity and usage rights require review before assignment","below_90_percent","Confirm identity, role, rights and crop before manifest assignment"
"/Users/megdude/Downloads/PERKS MEDIA/NEW IMAGES/AUS_2565_aspect16x9.jpg","aus-2565-aspect16x9","Identity and usage rights require review before assignment","below_90_percent","Confirm identity, role, rights and crop before manifest assignment"
"/Users/megdude/Downloads/PERKS MEDIA/NEW IMAGES/AUS_2567_aspect4x5.jpg","aus-2567-aspect4x5","Identity and usage rights require review before assignment","below_90_percent","Confirm identity, role, rights and crop before manifest assignment"
"/Users/megdude/Downloads/PERKS MEDIA/NEW IMAGES/Bangers_Beer_Garden_Patio_Stage_Live_Music_Group_Party_Event_5560aebe-1c27-4cbe-b22a-15111144acf2_360x.webp","bangers-beer-garden-patio-stage-live-music-group-party-event-5560aebe-1c27-4cbe-b22a-15111144acf2-360x","Identity and usage rights require review before assignment","below_90_percent","Confirm identity, role, rights and crop before manifest assignment"
"/Users/megdude/Downloads/PERKS MEDIA/NEW IMAGES/DAA.png","daa","Identity and usage rights require review before assignment","below_90_percent","Confirm identity, role, rights and crop before manifest assignment"
"/Users/megdude/Downloads/PERKS MEDIA/NEW IMAGES/DSC0929-2_1296x.webp","dsc0929-2-1296x","Identity and usage rights require review before assignment","below_90_percent","Confirm identity, role, rights and crop before manifest assignment"
"/Users/megdude/Downloads/PERKS MEDIA/NEW IMAGES/GEMINI/08d4125a-798d-43c8-b534-0684f7367b83.jpeg","08d4125a-798d-43c8-b534-0684f7367b83","Identity and usage rights require review before assignment","below_90_percent","Confirm identity, role, rights and crop before manifest assignment"
"/Users/megdude/Downloads/PERKS MEDIA/NEW IMAGES/GEMINI/1217d6a2-929f-4709-a7cc-5c342df19f1c.jpeg","1217d6a2-929f-4709-a7cc-5c342df19f1c","Identity and usage rights require review before assignment","below_90_percent","Confirm identity, role, rights and crop before manifest assignment"
"/Users/megdude/Downloads/PERKS MEDIA/NEW IMAGES/GEMINI/Gemini_Generated_Image_66uasy66uasy66ua.png","gemini-generated-image-66uasy66uasy66ua","Identity and usage rights require review before assignment","below_90_percent","Confirm identity, role, rights and crop before manifest assignment"
"/Users/megdude/Downloads/PERKS MEDIA/NEW IMAGES/IMG_5660.JPG","img-5660","Identity and usage rights require review before assignment","below_90_percent","Confirm identity, role, rights and crop before manifest assignment"
"/Users/megdude/Downloads/PERKS MEDIA/NEW IMAGES/New New Images/User attachment (1).jpeg","user-attachment-1","Identity and usage rights require review before assignment","below_90_percent","Confirm identity, role, rights and crop before manifest assignment"
"/Users/megdude/Downloads/PERKS MEDIA/NEW IMAGES/New New Images/User attachment (10).jpeg","user-attachment-10","Identity and usage rights require review before assignment","below_90_percent","Confirm identity, role, rights and crop before manifest assignment"
"/Users/megdude/Downloads/PERKS MEDIA/NEW IMAGES/New New Images/User attachment (11).jpeg","user-attachment-11","Identity and usage rights require review before assignment","below_90_percent","Confirm identity, role, rights and crop before manifest assignment"
"/Users/megdude/Downloads/PERKS MEDIA/NEW IMAGES/New New Images/User attachment (12).jpeg","user-attachment-12","Identity and usage rights require review before assignment","below_90_percent","Confirm identity, role, rights and crop before manifest assignment"
"/Users/megdude/Downloads/PERKS MEDIA/NEW IMAGES/New New Images/User attachment (13).jpeg","user-attachment-13","Identity and usage rights require review before assignment","below_90_percent","Confirm identity, role, rights and crop before manifest assignment"
"/Users/megdude/Downloads/PERKS MEDIA/NEW IMAGES/New New Images/User attachment (14).jpeg","user-attachment-14","Identity and usage rights require review before assignment","below_90_percent","Confirm identity, role, rights and crop before manifest assignment"
"/Users/megdude/Downloads/PERKS MEDIA/NEW IMAGES/New New Images/User attachment (15).jpeg","user-attachment-15","Identity and usage rights require review before assignment","below_90_percent","Confirm identity, role, rights and crop before manifest assignment"
"/Users/megdude/Downloads/PERKS MEDIA/NEW IMAGES/New New Images/User attachment (16).jpeg","user-attachment-16","Identity and usage rights require review before assignment","below_90_percent","Confirm identity, role, rights and crop before manifest assignment"
"/Users/megdude/Downloads/PERKS MEDIA/NEW IMAGES/New New Images/User attachment (17).jpeg","user-attachment-17","Identity and usage rights require review before assignment","below_90_percent","Confirm identity, role, rights and crop before manifest assignment"
"/Users/megdude/Downloads/PERKS MEDIA/NEW IMAGES/New New Images/User attachment (18).jpeg","user-attachment-18","Identity and usage rights require review before assignment","below_90_percent","Confirm identity, role, rights and crop before manifest assignment"
"/Users/megdude/Downloads/PERKS MEDIA/NEW IMAGES/New New Images/User attachment (19).jpeg","user-attachment-19","Identity and usage rights require review before assignment","below_90_percent","Confirm identity, role, rights and crop before manifest assignment"
"/Users/megdude/Downloads/PERKS MEDIA/NEW IMAGES/New New Images/User attachment (2).jpeg","user-attachment-2","Identity and usage rights require review before assignment","below_90_percent","Confirm identity, role, rights and crop before manifest assignment"
"/Users/megdude/Downloads/PERKS MEDIA/NEW IMAGES/New New Images/User attachment (20).jpeg","user-attachment-20","Identity and usage rights require review before assignment","below_90_percent","Confirm identity, role, rights and crop before manifest assignment"
"/Users/megdude/Downloads/PERKS MEDIA/NEW IMAGES/New New Images/User attachment (21).jpeg","user-attachment-21","Identity and usage rights require review before assignment","below_90_percent","Confirm identity, role, rights and crop before manifest assignment"
"/Users/megdude/Downloads/PERKS MEDIA/NEW IMAGES/New New Images/User attachment (22).jpeg","user-attachment-22","Identity and usage rights require review before assignment","below_90_percent","Confirm identity, role, rights and crop before manifest assignment"
"/Users/megdude/Downloads/PERKS MEDIA/NEW IMAGES/New New Images/User attachment (23).jpeg","user-attachment-23","Identity and usage rights require review before assignment","below_90_percent","Confirm identity, role, rights and crop before manifest assignment"
"/Users/megdude/Downloads/PERKS MEDIA/NEW IMAGES/New New Images/User attachment (24).jpeg","user-attachment-24","Identity and usage rights require review before assignment","below_90_percent","Confirm identity, role, rights and crop before manifest assignment"
"/Users/megdude/Downloads/PERKS MEDIA/NEW IMAGES/New New Images/User attachment (25).jpeg","user-attachment-25","Identity and usage rights require review before assignment","below_90_percent","Confirm identity, role, rights and crop before manifest assignment"
"/Users/megdude/Downloads/PERKS MEDIA/NEW IMAGES/New New Images/User attachment (3).jpeg","user-attachment-3","Identity and usage rights require review before assignment","below_90_percent","Confirm identity, role, rights and crop before manifest assignment"
"/Users/megdude/Downloads/PERKS MEDIA/NEW IMAGES/New New Images/User attachment (4).jpeg","user-attachment-4","Identity and usage rights require review before assignment","below_90_percent","Confirm identity, role, rights and crop before manifest assignment"
"/Users/megdude/Downloads/PERKS MEDIA/NEW IMAGES/New New Images/User attachment (5).jpeg","user-attachment-5","Identity and usage rights require review before assignment","below_90_percent","Confirm identity, role, rights and crop before manifest assignment"
"/Users/megdude/Downloads/PERKS MEDIA/NEW IMAGES/New New Images/User attachment (6).jpeg","user-attachment-6","Identity and usage rights require review before assignment","below_90_percent","Confirm identity, role, rights and crop before manifest assignment"
"/Users/megdude/Downloads/PERKS MEDIA/NEW IMAGES/New New Images/User attachment (7).jpeg","user-attachment-7","Identity and usage rights require review before assignment","below_90_percent","Confirm identity, role, rights and crop before manifest assignment"
"/Users/megdude/Downloads/PERKS MEDIA/NEW IMAGES/New New Images/User attachment (8).jpeg","user-attachment-8","Identity and usage rights require review before assignment","below_90_percent","Confirm identity, role, rights and crop before manifest assignment"
"/Users/megdude/Downloads/PERKS MEDIA/NEW IMAGES/New New Images/User attachment (9).jpeg","user-attachment-9","Identity and usage rights require review before assignment","below_90_percent","Confirm identity, role, rights and crop before manifest assignment"
"/Users/megdude/Downloads/PERKS MEDIA/NEW IMAGES/New New Images/User attachment.jpeg","user-attachment","Identity and usage rights require review before assignment","below_90_percent","Confirm identity, role, rights and crop before manifest assignment"
"/Users/megdude/Downloads/PERKS MEDIA/NEW IMAGES/Sausage_1296x.webp","sausage-1296x","Identity and usage rights require review before assignment","below_90_percent","Confirm identity, role, rights and crop before manifest assignment"
"/Users/megdude/Downloads/PERKS MEDIA/NEW IMAGES/TOPO CHICO/31tw6IrHhQS9baRQFmr48o0-yinZqraJtqI973LtxE3ZIBxLWF9vJgw2oWDFlUsRT0l4aSY-lcUuyykKFMQ4bT0hptW2DH7cW7WMVSSend9s0Jt-e3U8tO-bZO7j08bEDvsEdbf5dgWn04n83k7DxX2kwCou6pmD2AkYWxR0zKyHFAaRxkU0pSQ3MecifzGj.jpeg","31tw6irhhqs9barqfmr48o0-yinzqrajtqi973ltxe3zibxlwf9vjgw2owdflusrt0l4asy-lcuuyykkfmq4bt0hptw2dh7cw7wmvssend9s0jt-e3u8to-bzo7j08bedvsedbf5dgwn04n83k7dxx2kwcou6pmd2akywxr0zkyhfaarxku0psq3mecifzgj","Identity and usage rights require review before assignment","below_90_percent","Confirm identity, role, rights and crop before manifest assignment"
"/Users/megdude/Downloads/PERKS MEDIA/NEW IMAGES/TOPO CHICO/3W6EqNoPaXGylKivS0Vsw9LHoQrDrW0_UfH_hnxjY4o8msQmhrXq6H6wOnApglD1dhX5T7QqOfybSN5QFx7sMhb1Byxl8ECXcLMcGe_vH8-8dtJRUuKKoMbbbKFQThx4jf_EMw4qjzIXVSeYZkhkD5RWxzUzxs5a3W_duXYIaGjIfhCQNUCCz3_I6BRBoPtU.jpeg","3w6eqnopaxgylkivs0vsw9lhoqrdrw0-ufh-hnxjy4o8msqmhrxq6h6wonapgld1dhx5t7qqofybsn5qfx7smhb1byxl8ecxclmcge-vh8-8dtjruukkombbbkfqthx4jf-emw4qjzixvseyzkhkd5rwxzuzxs5a3w-duxyiagjifhcqnuccz3-i6brboptu","Identity and usage rights require review before assignment","below_90_percent","Confirm identity, role, rights and crop before manifest assignment"
"/Users/megdude/Downloads/PERKS MEDIA/NEW IMAGES/TOPO CHICO/KX9x3oGjw6xY_u2zURIfppUbzPwfSXn7kN8dxHn47X37iam4XXFKqqOJWzpUJDOVwRnkTfFcxg4rEJDsf5tzHVELQBAQN4ij3wx2ErodksFcDaBGKG0bXazhzJuqNwgpzRzgyagVHX5iXpLax5aUBQHpFmd8ONki5QcgQNstf_RnJkh9rMW0Z3S6V-DnocuT.jpeg","kx9x3ogjw6xy-u2zurifppubzpwfsxn7kn8dxhn47x37iam4xxfkqqojwzpujdovwrnktffcxg4rejdsf5tzhvelqbaqn4ij3wx2erodksfcdabgkg0bxazhzjuqnwgpzrzgyagvhx5ixplax5aubqhpfmd8onki5qcgqnstf-rnjkh9rmw0z3s6v-dnocut","Identity and usage rights require review before assignment","below_90_percent","Confirm identity, role, rights and crop before manifest assignment"
"/Users/megdude/Downloads/PERKS MEDIA/NEW IMAGES/TOPO CHICO/QQy0R7y0D6reyvxjtO4Bz0cdcHuLgAmkHIwGAgmZSW66otks8dM8TUD5adIiQD3uYp0A7d6_Bi1A6MzzsJGL23tYSN207sRP8FR68N8CKNi5neqrVfzauBbHFsGulopDHdKhJ-KsUl3viTXWsTncYZVu6qayfVjVzYoEdkj67yvaNR3KVp7a8Qavd6xUypKt.jpeg","qqy0r7y0d6reyvxjto4bz0cdchulgamkhiwgagmzsw66otks8dm8tud5adiiqd3uyp0a7d6-bi1a6mzzsjgl23tysn207srp8fr68n8ckni5neqrvfzaubbhfsgulopdhdkhj-ksul3vitxwstncyzvu6qayfvjvzyoedkj67yvanr3kvp7a8qavd6xuypkt","Identity and usage rights require review before assignment","below_90_percent","Confirm identity, role, rights and crop before manifest assignment"
"/Users/megdude/Downloads/PERKS MEDIA/NEW IMAGES/TOPO CHICO/b1g2sfUyEIlTZ9VEepoCGMqVCLXHb0D-kzHHHFUwYqO_q2dw0vkhg5cFGV7ogZYYcoKjYrSIf3UPg1CFBvs9oenhBSpjg-PcikVcaoO-kcZ3YyPdpTt5PSc6cs24NuetCoYLC1FmPT9Pj0o099AbIU7lTkr_h4fDMlotA0ZA-GaBzWODjOtsGnjWkhciQqIR.jpeg","b1g2sfuyeiltz9veepocgmqvclxhb0d-kzhhhfuwyqo-q2dw0vkhg5cfgv7ogzyycokjyrsif3upg1cfbvs9oenhbspjg-pcikvcaoo-kcz3yypdptt5psc6cs24nuetcoylc1fmpt9pj0o099abiu7ltkr-h4fdmlota0za-gabzwodjotsgnjwkhciqqir","Identity and usage rights require review before assignment","below_90_percent","Confirm identity, role, rights and crop before manifest assignment"
"/Users/megdude/Downloads/PERKS MEDIA/NEW IMAGES/TOPO CHICO/kJpijN1kCBPVJEjSL54jD5bnkceWKjCxJHoIygqo87DjBwdw_k4q8YBKhQc_QPoVcQ-u8gnbjM02_gnakipBqQEZJUVcdYP40tc92usk570PopBrfdxoUtHegMH4r_lbjnYtapuKCPt2o_iGYegyRk2uJuNZbGQq3vA_sGrMPX5UGwUO732vMhaPU_xPRndp.jpeg","kjpijn1kcbpvjejsl54jd5bnkcewkjcxjhoiygqo87djbwdw-k4q8ybkhqc-qpovcq-u8gnbjm02-gnakipbqqezjuvcdyp40tc92usk570popbrfdxouthegmh4r-lbjnytapukcpt2o-igyegyrk2ujunzbgqq3va-sgrmpx5ugwuo732vmhapu-xprndp","Identity and usage rights require review before assignment","below_90_percent","Confirm identity, role, rights and crop before manifest assignment"
"/Users/megdude/Downloads/PERKS MEDIA/NEW IMAGES/TOPO CHICO/pY2OKGdMlKsBrbk_PXgTqTr8MWqVyOENfCgwhPk8gIDqcRa77Rty1G1ckUw71k40VsjMCCxK5qYCthVrOTlYMcPoBhqlY_QZQhDG4duxU2_wIFIDHmisbVQMOn8nqWk3YLdDCan7L3xZF2qpVdaw-Optii2gViGtyC1_mZLEsJseVXMJC8k2sLhMvN_z0_pN.jpeg","py2okgdmlksbrbk-pxgtqtr8mwqvyoenfcgwhpk8gidqcra77rty1g1ckuw71k40vsjmccxk5qycthvrotlymcpobhqly-qzqhdg4duxu2-wifidhmisbvqmon8nqwk3ylddcan7l3xzf2qpvdaw-optii2gvigtyc1-mzlesjsevxmjc8k2slhmvn-z0-pn","Identity and usage rights require review before assignment","below_90_percent","Confirm identity, role, rights and crop before manifest assignment"
"/Users/megdude/Downloads/PERKS MEDIA/NEW IMAGES/Tables_at_Bangers_HDR.jpg","tables-at-bangers-hdr","Identity and usage rights require review before assignment","below_90_percent","Confirm identity, role, rights and crop before manifest assignment"
"/Users/megdude/Downloads/PERKS MEDIA/NEW IMAGES/User attachment (1).jpeg","user-attachment-1","Identity and usage rights require review before assignment","below_90_percent","Confirm identity, role, rights and crop before manifest assignment"
"/Users/megdude/Downloads/PERKS MEDIA/NEW IMAGES/User attachment (1).png","user-attachment-1","Identity and usage rights require review before assignment","below_90_percent","Confirm identity, role, rights and crop before manifest assignment"
"/Users/megdude/Downloads/PERKS MEDIA/NEW IMAGES/User attachment (10).jpeg","user-attachment-10","Identity and usage rights require review before assignment","below_90_percent","Confirm identity, role, rights and crop before manifest assignment"
"/Users/megdude/Downloads/PERKS MEDIA/NEW IMAGES/User attachment (11).jpeg","user-attachment-11","Identity and usage rights require review before assignment","below_90_percent","Confirm identity, role, rights and crop before manifest assignment"
"/Users/megdude/Downloads/PERKS MEDIA/NEW IMAGES/User attachment (12).jpeg","user-attachment-12","Identity and usage rights require review before assignment","below_90_percent","Confirm identity, role, rights and crop before manifest assignment"
"/Users/megdude/Downloads/PERKS MEDIA/NEW IMAGES/User attachment (13).jpeg","user-attachment-13","Identity and usage rights require review before assignment","below_90_percent","Confirm identity, role, rights and crop before manifest assignment"
"/Users/megdude/Downloads/PERKS MEDIA/NEW IMAGES/User attachment (14).jpeg","user-attachment-14","Identity and usage rights require review before assignment","below_90_percent","Confirm identity, role, rights and crop before manifest assignment"
"/Users/megdude/Downloads/PERKS MEDIA/NEW IMAGES/User attachment (15).jpeg","user-attachment-15","Identity and usage rights require review before assignment","below_90_percent","Confirm identity, role, rights and crop before manifest assignment"
"/Users/megdude/Downloads/PERKS MEDIA/NEW IMAGES/User attachment (16).jpeg","user-attachment-16","Identity and usage rights require review before assignment","below_90_percent","Confirm identity, role, rights and crop before manifest assignment"
"/Users/megdude/Downloads/PERKS MEDIA/NEW IMAGES/User attachment (17).jpeg","user-attachment-17","Identity and usage rights require review before assignment","below_90_percent","Confirm identity, role, rights and crop before manifest assignment"
"/Users/megdude/Downloads/PERKS MEDIA/NEW IMAGES/User attachment (18).jpeg","user-attachment-18","Identity and usage rights require review before assignment","below_90_percent","Confirm identity, role, rights and crop before manifest assignment"
"/Users/megdude/Downloads/PERKS MEDIA/NEW IMAGES/User attachment (19).jpeg","user-attachment-19","Identity and usage rights require review before assignment","below_90_percent","Confirm identity, role, rights and crop before manifest assignment"
"/Users/megdude/Downloads/PERKS MEDIA/NEW IMAGES/User attachment (2).jpeg","user-attachment-2","Identity and usage rights require review before assignment","below_90_percent","Confirm identity, role, rights and crop before manifest assignment"
"/Users/megdude/Downloads/PERKS MEDIA/NEW IMAGES/User attachment (20).jpeg","user-attachment-20","Identity and usage rights require review before assignment","below_90_percent","Confirm identity, role, rights and crop before manifest assignment"
"/Users/megdude/Downloads/PERKS MEDIA/NEW IMAGES/User attachment (21).jpeg","user-attachment-21","Identity and usage rights require review before assignment","below_90_percent","Confirm identity, role, rights and crop before manifest assignment"
"/Users/megdude/Downloads/PERKS MEDIA/NEW IMAGES/User attachment (22).jpeg","user-attachment-22","Identity and usage rights require review before assignment","below_90_percent","Confirm identity, role, rights and crop before manifest assignment"
"/Users/megdude/Downloads/PERKS MEDIA/NEW IMAGES/User attachment (23).jpeg","user-attachment-23","Identity and usage rights require review before assignment","below_90_percent","Confirm identity, role, rights and crop before manifest assignment"
"/Users/megdude/Downloads/PERKS MEDIA/NEW IMAGES/User attachment (24).jpeg","user-attachment-24","Identity and usage rights require review before assignment","below_90_percent","Confirm identity, role, rights and crop before manifest assignment"
"/Users/megdude/Downloads/PERKS MEDIA/NEW IMAGES/User attachment (25).jpeg","user-attachment-25","Identity and usage rights require review before assignment","below_90_percent","Confirm identity, role, rights and crop before manifest assignment"
"/Users/megdude/Downloads/PERKS MEDIA/NEW IMAGES/User attachment (26).jpeg","user-attachment-26","Identity and usage rights require review before assignment","below_90_percent","Confirm identity, role, rights and crop before manifest assignment"
"/Users/megdude/Downloads/PERKS MEDIA/NEW IMAGES/User attachment (3).jpeg","user-attachment-3","Identity and usage rights require review before assignment","below_90_percent","Confirm identity, role, rights and crop before manifest assignment"
"/Users/megdude/Downloads/PERKS MEDIA/NEW IMAGES/User attachment (4).jpeg","user-attachment-4","Identity and usage rights require review before assignment","below_90_percent","Confirm identity, role, rights and crop before manifest assignment"
"/Users/megdude/Downloads/PERKS MEDIA/NEW IMAGES/User attachment (5).jpeg","user-attachment-5","Identity and usage rights require review before assignment","below_90_percent","Confirm identity, role, rights and crop before manifest assignment"
"/Users/megdude/Downloads/PERKS MEDIA/NEW IMAGES/User attachment (6).jpeg","user-attachment-6","Identity and usage rights require review before assignment","below_90_percent","Confirm identity, role, rights and crop before manifest assignment"
"/Users/megdude/Downloads/PERKS MEDIA/NEW IMAGES/User attachment (7).jpeg","user-attachment-7","Identity and usage rights require review before assignment","below_90_percent","Confirm identity, role, rights and crop before manifest assignment"
"/Users/megdude/Downloads/PERKS MEDIA/NEW IMAGES/User attachment (8).jpeg","user-attachment-8","Identity and usage rights require review before assignment","below_90_percent","Confirm identity, role, rights and crop before manifest assignment"
"/Users/megdude/Downloads/PERKS MEDIA/NEW IMAGES/User attachment (9).jpeg","user-attachment-9","Identity and usage rights require review before assignment","below_90_percent","Confirm identity, role, rights and crop before manifest assignment"
"/Users/megdude/Downloads/PERKS MEDIA/NEW IMAGES/User attachment.jpeg","user-attachment","Identity and usage rights require review before assignment","below_90_percent","Confirm identity, role, rights and crop before manifest assignment"
"/Users/megdude/Downloads/PERKS MEDIA/NEW IMAGES/User attachment.png","user-attachment","Identity and usage rights require review before assignment","below_90_percent","Confirm identity, role, rights and crop before manifest assignment"
"/Users/megdude/Downloads/PERKS MEDIA/NEW IMAGES/YETI/4733e522-69b6-46d1-a6b5-e116a6ec4bda_1920x1080.jpg","4733e522-69b6-46d1-a6b5-e116a6ec4bda-1920x1080","Identity and usage rights require review before assignment","below_90_percent","Confirm identity, role, rights and crop before manifest assignment"
"/Users/megdude/Downloads/PERKS MEDIA/NEW IMAGES/YETI/ATXFC_20250119_SieteSleve_JG108536.webp","atxfc-20250119-sietesleve-jg108536","Identity and usage rights require review before assignment","below_90_percent","Confirm identity, role, rights and crop before manifest assignment"
"/Users/megdude/Downloads/PERKS MEDIA/NEW IMAGES/YETI/ATXFC_20260117_Yetis_JG205583.webp","atxfc-20260117-yetis-jg205583","Identity and usage rights require review before assignment","below_90_percent","Confirm identity, role, rights and crop before manifest assignment"
"/Users/megdude/Downloads/PERKS MEDIA/NEW IMAGES/YETI/G8izAkIWQAAojuU.jpg","g8izakiwqaaojuu","Identity and usage rights require review before assignment","below_90_percent","Confirm identity, role, rights and crop before manifest assignment"
"/Users/megdude/Downloads/PERKS MEDIA/NEW IMAGES/YETI/YETIFlagship_Interior1copy.jpg","yetiflagship-interior1copy","Identity and usage rights require review before assignment","below_90_percent","Confirm identity, role, rights and crop before manifest assignment"
"/Users/megdude/Downloads/PERKS MEDIA/NEW IMAGES/YETI/austinfc yeti.jpeg","austinfc-yeti","Identity and usage rights require review before assignment","below_90_percent","Confirm identity, role, rights and crop before manifest assignment"
"/Users/megdude/Downloads/PERKS MEDIA/NEW IMAGES/YETI/images (1).jpeg","images-1","Identity and usage rights require review before assignment","below_90_percent","Confirm identity, role, rights and crop before manifest assignment"
"/Users/megdude/Downloads/PERKS MEDIA/NEW IMAGES/YETI/images.jpeg","images","Identity and usage rights require review before assignment","below_90_percent","Confirm identity, role, rights and crop before manifest assignment"
"/Users/megdude/Downloads/PERKS MEDIA/NEW IMAGES/YETI/yerti 623669663_18551821513027754_442205690239774015_n.jpg","yerti-623669663-18551821513027754-442205690239774015-n","Identity and usage rights require review before assignment","below_90_percent","Confirm identity, role, rights and crop before manifest assignment"
"/Users/megdude/Downloads/PERKS MEDIA/NEW IMAGES/YETI/yet images (2).jpeg","yet-images-2","Identity and usage rights require review before assignment","below_90_percent","Confirm identity, role, rights and crop before manifest assignment"
"/Users/megdude/Downloads/PERKS MEDIA/NEW IMAGES/YETI/yeti 240042_FrenchPress_PDP_BSQ_Product_Overview_Lifestyle_FP34_P1_Desktop-2x.avif","yeti-240042-frenchpress-pdp-bsq-product-overview-lifestyle-fp34-p1-desktop-2x","Identity and usage rights require review before assignment","below_90_percent","Confirm identity, role, rights and crop before manifest assignment"
"/Users/megdude/Downloads/PERKS MEDIA/NEW IMAGES/YETI/yeti 250151_PDP_CaminoZip_18L_Overview_P1.avif","yeti-250151-pdp-caminozip-18l-overview-p1","Identity and usage rights require review before assignment","below_90_percent","Confirm identity, role, rights and crop before manifest assignment"
"/Users/megdude/Downloads/PERKS MEDIA/NEW IMAGES/YETI/yeti 250151_PDP_CaminoZip_18L_Overview_P3_2400x2400.avif","yeti-250151-pdp-caminozip-18l-overview-p3-2400x2400","Identity and usage rights require review before assignment","below_90_percent","Confirm identity, role, rights and crop before manifest assignment"
"/Users/megdude/Downloads/PERKS MEDIA/NEW IMAGES/YETI/yeti 250151_PDP_CaminoZip_18L_Overview_P4.avif","yeti-250151-pdp-caminozip-18l-overview-p4","Identity and usage rights require review before assignment","below_90_percent","Confirm identity, role, rights and crop before manifest assignment"
"/Users/megdude/Downloads/PERKS MEDIA/NEW IMAGES/YETI/yeti 260016_HP_4_Column_Coolers_US_CA_Mobile-2x.png","yeti-260016-hp-4-column-coolers-us-ca-mobile-2x","Identity and usage rights require review before assignment","below_90_percent","Confirm identity, role, rights and crop before manifest assignment"
"/Users/megdude/Downloads/PERKS MEDIA/NEW IMAGES/YETI/yeti 260017_HP_BSQ_50_50_Studio_FandomMLBUS_Mobile-2x.avif","yeti-260017-hp-bsq-50-50-studio-fandommlbus-mobile-2x","Identity and usage rights require review before assignment","below_90_percent","Confirm identity, role, rights and crop before manifest assignment"
"/Users/megdude/Downloads/PERKS MEDIA/NEW IMAGES/YETI/yeti 260018_BLG_Paragraph_Full_Studio_2026CoolerProgram_New_Mobile.mp4","yeti-260018-blg-paragraph-full-studio-2026coolerprogram-new-mobile","Identity and usage rights require review before assignment","below_90_percent","Confirm identity, role, rights and crop before manifest assignment"
"/Users/megdude/Downloads/PERKS MEDIA/NEW IMAGES/YETI/yeti 571937542_18535933339027754_7103851279108225514_n.jpg","yeti-571937542-18535933339027754-7103851279108225514-n","Identity and usage rights require review before assignment","below_90_percent","Confirm identity, role, rights and crop before manifest assignment"
"/Users/megdude/Downloads/PERKS MEDIA/NEW IMAGES/YETI/yeti 572871030_18535656382027754_866009476138604109_n.jpg","yeti-572871030-18535656382027754-866009476138604109-n","Identity and usage rights require review before assignment","below_90_percent","Confirm identity, role, rights and crop before manifest assignment"
"/Users/megdude/Downloads/PERKS MEDIA/NEW IMAGES/YETI/yeti 573388672_18535656391027754_6513737836983510662_n.jpg","yeti-573388672-18535656391027754-6513737836983510662-n","Identity and usage rights require review before assignment","below_90_percent","Confirm identity, role, rights and crop before manifest assignment"
"/Users/megdude/Downloads/PERKS MEDIA/NEW IMAGES/YETI/yeti 573549827_18535933366027754_1271250938574127157_n.jpg","yeti-573549827-18535933366027754-1271250938574127157-n","Identity and usage rights require review before assignment","below_90_percent","Confirm identity, role, rights and crop before manifest assignment"
"/Users/megdude/Downloads/PERKS MEDIA/NEW IMAGES/YETI/yeti 575313750_18535656373027754_5921751570834689404_n.jpg","yeti-575313750-18535656373027754-5921751570834689404-n","Identity and usage rights require review before assignment","below_90_percent","Confirm identity, role, rights and crop before manifest assignment"
"/Users/megdude/Downloads/PERKS MEDIA/NEW IMAGES/YETI/yeti 576387313_18536822368027754_7045730748619199409_n.jpg","yeti-576387313-18536822368027754-7045730748619199409-n","Identity and usage rights require review before assignment","below_90_percent","Confirm identity, role, rights and crop before manifest assignment"
"/Users/megdude/Downloads/PERKS MEDIA/NEW IMAGES/YETI/yeti 588560407_18541602235027754_7115556736335631621_n.jpg","yeti-588560407-18541602235027754-7115556736335631621-n","Identity and usage rights require review before assignment","below_90_percent","Confirm identity, role, rights and crop before manifest assignment"
"/Users/megdude/Downloads/PERKS MEDIA/NEW IMAGES/YETI/yeti 609201204_18547227973027754_4969346576271780977_n.jpg","yeti-609201204-18547227973027754-4969346576271780977-n","Identity and usage rights require review before assignment","below_90_percent","Confirm identity, role, rights and crop before manifest assignment"
"/Users/megdude/Downloads/PERKS MEDIA/NEW IMAGES/YETI/yeti 622553388_18551821555027754_2123861142230973306_n.jpg","yeti-622553388-18551821555027754-2123861142230973306-n","Identity and usage rights require review before assignment","below_90_percent","Confirm identity, role, rights and crop before manifest assignment"
"/Users/megdude/Downloads/PERKS MEDIA/NEW IMAGES/YETI/yeti 628049391_18556937386027754_4282668162109110376_n.jpg","yeti-628049391-18556937386027754-4282668162109110376-n","Identity and usage rights require review before assignment","below_90_percent","Confirm identity, role, rights and crop before manifest assignment"
"/Users/megdude/Downloads/PERKS MEDIA/NEW IMAGES/YETI/yeti 628062060_18556576150027754_1433906069607321840_n.jpg","yeti-628062060-18556576150027754-1433906069607321840-n","Identity and usage rights require review before assignment","below_90_percent","Confirm identity, role, rights and crop before manifest assignment"
"/Users/megdude/Downloads/PERKS MEDIA/NEW IMAGES/YETI/yeti 631041320_18556937389027754_4651751617216238532_n.jpg","yeti-631041320-18556937389027754-4651751617216238532-n","Identity and usage rights require review before assignment","below_90_percent","Confirm identity, role, rights and crop before manifest assignment"
"/Users/megdude/Downloads/PERKS MEDIA/NEW IMAGES/YETI/yeti 632154985_18560298511027754_4453156730340393050_n.jpg","yeti-632154985-18560298511027754-4453156730340393050-n","Identity and usage rights require review before assignment","below_90_percent","Confirm identity, role, rights and crop before manifest assignment"
"/Users/megdude/Downloads/PERKS MEDIA/NEW IMAGES/YETI/yeti 635450838_18560298529027754_4560030651981030900_n.jpg","yeti-635450838-18560298529027754-4560030651981030900-n","Identity and usage rights require review before assignment","below_90_percent","Confirm identity, role, rights and crop before manifest assignment"
"/Users/megdude/Downloads/PERKS MEDIA/NEW IMAGES/YETI/yeti 641767914_18563220829027754_8185132508449441704_n.jpg","yeti-641767914-18563220829027754-8185132508449441704-n","Identity and usage rights require review before assignment","below_90_percent","Confirm identity, role, rights and crop before manifest assignment"
"/Users/megdude/Downloads/PERKS MEDIA/NEW IMAGES/YETI/yeti 641780253_18564211687027754_5237878706751504207_n.jpg","yeti-641780253-18564211687027754-5237878706751504207-n","Identity and usage rights require review before assignment","below_90_percent","Confirm identity, role, rights and crop before manifest assignment"
"/Users/megdude/Downloads/PERKS MEDIA/NEW IMAGES/YETI/yeti PDP_Overview_Image_Lifstyle_M20_Intro-1x.avif","yeti-pdp-overview-image-lifstyle-m20-intro-1x","Identity and usage rights require review before assignment","below_90_percent","Confirm identity, role, rights and crop before manifest assignment"
"/Users/megdude/Downloads/PERKS MEDIA/NEW IMAGES/YETI/yeti Site_Studio_Soft_Cooler_Hopper_M_20_Ridgeline_Front_002_A_2400x2400.avif","yeti-site-studio-soft-cooler-hopper-m-20-ridgeline-front-002-a-2400x2400","Identity and usage rights require review before assignment","below_90_percent","Confirm identity, role, rights and crop before manifest assignment"
"/Users/megdude/Downloads/PERKS MEDIA/NEW IMAGES/YETI/yeti austin fc.png","yeti-austin-fc","Identity and usage rights require review before assignment","below_90_percent","Confirm identity, role, rights and crop before manifest assignment"
"/Users/megdude/Downloads/PERKS MEDIA/NEW IMAGES/YETI/yeti i images (2).jpeg","yeti-i-images-2","Identity and usage rights require review before assignment","below_90_percent","Confirm identity, role, rights and crop before manifest assignment"
"/Users/megdude/Downloads/PERKS MEDIA/NEW IMAGES/YETI/yeti images (2).jpeg","yeti-images-2","Identity and usage rights require review before assignment","below_90_percent","Confirm identity, role, rights and crop before manifest assignment"
"/Users/megdude/Downloads/PERKS MEDIA/NEW IMAGES/YETI/yeti images.jpeg","yeti-images","Identity and usage rights require review before assignment","below_90_percent","Confirm identity, role, rights and crop before manifest assignment"
"/Users/megdude/Downloads/PERKS MEDIA/NEW IMAGES/YETI/yeti site_studio_drinkware_FrenchPress_34_Ultramarine_Violet_Front_3782_Primary_B_2400x2400.avif","yeti-site-studio-drinkware-frenchpress-34-ultramarine-violet-front-3782-primary-b-2400x2400","Identity and usage rights require review before assignment","below_90_percent","Confirm identity, role, rights and crop before manifest assignment"
"/Users/megdude/Downloads/PERKS MEDIA/NEW IMAGES/YETI/yewti 250151_CaminoZip_18_PDP_LifestyleImage_2400x2400.avif","yewti-250151-caminozip-18-pdp-lifestyleimage-2400x2400","Identity and usage rights require review before assignment","below_90_percent","Confirm identity, role, rights and crop before manifest assignment"
"/Users/megdude/Downloads/PERKS MEDIA/NEW IMAGES/aris_hero_clean_1600x900.png","aris-hero-clean-1600x900","Identity and usage rights require review before assignment","below_90_percent","Confirm identity, role, rights and crop before manifest assignment"
"/Users/megdude/Downloads/PERKS MEDIA/NEW IMAGES/atx-cocina_hero_clean_1600x900.png","atx-cocina-hero-clean-1600x900","Identity and usage rights require review before assignment","below_90_percent","Confirm identity, role, rights and crop before manifest assignment"
"/Users/megdude/Downloads/PERKS MEDIA/NEW IMAGES/austin-downtown.jpg","austin-downtown","Identity and usage rights require review before assignment","below_90_percent","Confirm identity, role, rights and crop before manifest assignment"
"/Users/megdude/Downloads/PERKS MEDIA/NEW IMAGES/baby boomer happy hour.png","baby-boomer-happy-hour","Identity and usage rights require review before assignment","below_90_percent","Confirm identity, role, rights and crop before manifest assignment"
"/Users/megdude/Downloads/PERKS MEDIA/NEW IMAGES/better-timing.png","better-timing","Identity and usage rights require review before assignment","below_90_percent","Confirm identity, role, rights and crop before manifest assignment"
"/Users/megdude/Downloads/PERKS MEDIA/NEW IMAGES/c92f8f31-e8d0-57e5-2cad-929f2512b19d.png","c92f8f31-e8d0-57e5-2cad-929f2512b19d","Identity and usage rights require review before assignment","below_90_percent","Confirm identity, role, rights and crop before manifest assignment"
"/Users/megdude/Downloads/PERKS MEDIA/NEW IMAGES/c962f3b3-f75f-4211-a7d4-a8d2f9ad543d.png","c962f3b3-f75f-4211-a7d4-a8d2f9ad543d","Identity and usage rights require review before assignment","below_90_percent","Confirm identity, role, rights and crop before manifest assignment"
"/Users/megdude/Downloads/PERKS MEDIA/NEW IMAGES/clear-next-move.jpg","clear-next-move","Identity and usage rights require review before assignment","below_90_percent","Confirm identity, role, rights and crop before manifest assignment"
"/Users/megdude/Downloads/PERKS MEDIA/NEW IMAGES/community-0087-edibleaustin-picnic-2015-768x512.jpg","community-0087-edibleaustin-picnic-2015-768x512","Identity and usage rights require review before assignment","below_90_percent","Confirm identity, role, rights and crop before manifest assignment"
"/Users/megdude/Downloads/PERKS MEDIA/NEW IMAGES/d5d39d24-b.jpg","d5d39d24-b","Identity and usage rights require review before assignment","below_90_percent","Confirm identity, role, rights and crop before manifest assignment"
"/Users/megdude/Downloads/PERKS MEDIA/NEW IMAGES/daydreamer-paseo-9qzwfotyqhhddwxerfwvtfwvu-hrr7vr0obl9-41abxqezzfexmrnzxrpbnqdfnqjw9ol.jpg","daydreamer-paseo-9qzwfotyqhhddwxerfwvtfwvu-hrr7vr0obl9-41abxqezzfexmrnzxrpbnqdfnqjw9ol","Identity and usage rights require review before assignment","below_90_percent","Confirm identity, role, rights and crop before manifest assignment"
"/Users/megdude/Downloads/PERKS MEDIA/NEW IMAGES/downtonw-trail.jpg","downtonw-trail","Identity and usage rights require review before assignment","below_90_percent","Confirm identity, role, rights and crop before manifest assignment"
"/Users/megdude/Downloads/PERKS MEDIA/NEW IMAGES/drop-in-summer-concert-series-photo-by-brynn-osborn-e1715893817272.jpg","drop-in-summer-concert-series-photo-by-brynn-osborn-e1715893817272","Identity and usage rights require review before assignment","below_90_percent","Confirm identity, role, rights and crop before manifest assignment"
"/Users/megdude/Downloads/PERKS MEDIA/NEW IMAGES/e71fdf50-2051-b20d-954e-5f755ea19477.png","e71fdf50-2051-b20d-954e-5f755ea19477","Identity and usage rights require review before assignment","below_90_percent","Confirm identity, role, rights and crop before manifest assignment"
"/Users/megdude/Downloads/PERKS MEDIA/NEW IMAGES/fc6cf5c6-b2b3-46fa-a6da-4794752a3113.png","fc6cf5c6-b2b3-46fa-a6da-4794752a3113","Identity and usage rights require review before assignment","below_90_percent","Confirm identity, role, rights and crop before manifest assignment"
"/Users/megdude/Downloads/PERKS MEDIA/NEW IMAGES/fine-eyewear.png","fine-eyewear","Identity and usage rights require review before assignment","below_90_percent","Confirm identity, role, rights and crop before manifest assignment"
"/Users/megdude/Downloads/PERKS MEDIA/NEW IMAGES/fine-eywear-survey.png","fine-eywear-survey","Identity and usage rights require review before assignment","below_90_percent","Confirm identity, role, rights and crop before manifest assignment"
"/Users/megdude/Downloads/PERKS MEDIA/NEW IMAGES/fros tower.jpeg","fros-tower","Identity and usage rights require review before assignment","below_90_percent","Confirm identity, role, rights and crop before manifest assignment"
"/Users/megdude/Downloads/PERKS MEDIA/NEW IMAGES/frost toer 2.webp","frost-toer-2","Identity and usage rights require review before assignment","below_90_percent","Confirm identity, role, rights and crop before manifest assignment"
"/Users/megdude/Downloads/PERKS MEDIA/NEW IMAGES/frost tower1.jpeg","frost-tower1","Identity and usage rights require review before assignment","below_90_percent","Confirm identity, role, rights and crop before manifest assignment"
"/Users/megdude/Downloads/PERKS MEDIA/NEW IMAGES/frost.jpeg","frost","Identity and usage rights require review before assignment","below_90_percent","Confirm identity, role, rights and crop before manifest assignment"
"/Users/megdude/Downloads/PERKS MEDIA/NEW IMAGES/frost3.webp","frost3","Identity and usage rights require review before assignment","below_90_percent","Confirm identity, role, rights and crop before manifest assignment"
"/Users/megdude/Downloads/PERKS MEDIA/NEW IMAGES/frosttower1'\.jpeg","frosttower1","Identity and usage rights require review before assignment","below_90_percent","Confirm identity, role, rights and crop before manifest assignment"
"/Users/megdude/Downloads/PERKS MEDIA/NEW IMAGES/generated-image-1.png","generated-image-1","Identity and usage rights require review before assignment","below_90_percent","Confirm identity, role, rights and crop before manifest assignment"
"/Users/megdude/Downloads/PERKS MEDIA/NEW IMAGES/hanover-republic-square.jpg","hanover-republic-square","Identity and usage rights require review before assignment","below_90_percent","Confirm identity, role, rights and crop before manifest assignment"
"/Users/megdude/Downloads/PERKS MEDIA/NEW IMAGES/happy-customer copy.png","happy-customer-copy","Identity and usage rights require review before assignment","below_90_percent","Confirm identity, role, rights and crop before manifest assignment"
"/Users/megdude/Downloads/PERKS MEDIA/NEW IMAGES/icon.png","icon","Identity and usage rights require review before assignment","below_90_percent","Confirm identity, role, rights and crop before manifest assignment"
"/Users/megdude/Downloads/PERKS MEDIA/NEW IMAGES/ig_03b121430619cb0f016a1c8106c540819780a365305e0efbc2.png","ig-03b121430619cb0f016a1c8106c540819780a365305e0efbc2","Identity and usage rights require review before assignment","below_90_percent","Confirm identity, role, rights and crop before manifest assignment"
"/Users/megdude/Downloads/PERKS MEDIA/NEW IMAGES/ig_0fe3cd3637701bfa016a2453f23ce08195867598acd21e7a39.png","ig-0fe3cd3637701bfa016a2453f23ce08195867598acd21e7a39","Identity and usage rights require review before assignment","below_90_percent","Confirm identity, role, rights and crop before manifest assignment"
"/Users/megdude/Downloads/PERKS MEDIA/NEW IMAGES/image copy.png","image-copy","Identity and usage rights require review before assignment","below_90_percent","Confirm identity, role, rights and crop before manifest assignment"
"/Users/megdude/Downloads/PERKS MEDIA/NEW IMAGES/instore-service copy.png","instore-service-copy","Identity and usage rights require review before assignment","below_90_percent","Confirm identity, role, rights and crop before manifest assignment"
"/Users/megdude/Downloads/PERKS MEDIA/NEW IMAGES/las-perlas_hero_clean_1600x900.png","las-perlas-hero-clean-1600x900","Identity and usage rights require review before assignment","below_90_percent","Confirm identity, role, rights and crop before manifest assignment"
"/Users/megdude/Downloads/PERKS MEDIA/NEW IMAGES/lobby-2.png","lobby-2","Identity and usage rights require review before assignment","below_90_percent","Confirm identity, role, rights and crop before manifest assignment"
"/Users/megdude/Downloads/PERKS MEDIA/NEW IMAGES/lolo-jan2020-juliakeim-4065-2.jpg","lolo-jan2020-juliakeim-4065-2","Identity and usage rights require review before assignment","below_90_percent","Confirm identity, role, rights and crop before manifest assignment"
"/Users/megdude/Downloads/PERKS MEDIA/NEW IMAGES/manager-greeting.png","manager-greeting","Identity and usage rights require review before assignment","below_90_percent","Confirm identity, role, rights and crop before manifest assignment"
"/Users/megdude/Downloads/PERKS MEDIA/NEW IMAGES/meet-up.png","meet-up","Identity and usage rights require review before assignment","below_90_percent","Confirm identity, role, rights and crop before manifest assignment"
"/Users/megdude/Downloads/PERKS MEDIA/NEW IMAGES/modern-lobby-welcome-vibe-2.png","modern-lobby-welcome-vibe-2","Identity and usage rights require review before assignment","below_90_percent","Confirm identity, role, rights and crop before manifest assignment"
"/Users/megdude/Downloads/PERKS MEDIA/NEW IMAGES/modern-lobby-welcome-vibe.png","modern-lobby-welcome-vibe","Identity and usage rights require review before assignment","below_90_percent","Confirm identity, role, rights and crop before manifest assignment"
"/Users/megdude/Downloads/PERKS MEDIA/NEW IMAGES/nail-salon.png","nail-salon","Identity and usage rights require review before assignment","below_90_percent","Confirm identity, role, rights and crop before manifest assignment"
"/Users/megdude/Downloads/PERKS MEDIA/NEW IMAGES/partners-5-scenes.png","partners-5-scenes","Identity and usage rights require review before assignment","below_90_percent","Confirm identity, role, rights and crop before manifest assignment"
"/Users/megdude/Downloads/PERKS MEDIA/NEW IMAGES/pelons_hero_clean_1600x900.png","pelons-hero-clean-1600x900","Identity and usage rights require review before assignment","below_90_percent","Confirm identity, role, rights and crop before manifest assignment"
"/Users/megdude/Downloads/PERKS MEDIA/NEW IMAGES/perks-offers-jpg-coffee-counter-qr-offer-redemption.png","perks-offers-jpg-coffee-counter-qr-offer-redemption","Identity and usage rights require review before assignment","below_90_percent","Confirm identity, role, rights and crop before manifest assignment"
"/Users/megdude/Downloads/PERKS MEDIA/NEW IMAGES/prospective-residents-walking-through-the-neighborhood.png","prospective-residents-walking-through-the-neighborhood","Identity and usage rights require review before assignment","below_90_percent","Confirm identity, role, rights and crop before manifest assignment"
"/Users/megdude/Downloads/PERKS MEDIA/NEW IMAGES/qr-code-1.png","qr-code-1","Identity and usage rights require review before assignment","below_90_percent","Confirm identity, role, rights and crop before manifest assignment"
"/Users/megdude/Downloads/PERKS MEDIA/NEW IMAGES/qr-code-redeem.png","qr-code-redeem","Identity and usage rights require review before assignment","below_90_percent","Confirm identity, role, rights and crop before manifest assignment"
"/Users/megdude/Downloads/PERKS MEDIA/NEW IMAGES/qr-code-redemption.png","qr-code-redemption","Identity and usage rights require review before assignment","below_90_percent","Confirm identity, role, rights and crop before manifest assignment"
"/Users/megdude/Downloads/PERKS MEDIA/NEW IMAGES/qr-code-scan.png","qr-code-scan","Identity and usage rights require review before assignment","below_90_percent","Confirm identity, role, rights and crop before manifest assignment"
"/Users/megdude/Downloads/PERKS MEDIA/NEW IMAGES/qr-in-lobby-lobb.png","qr-in-lobby-lobb","Identity and usage rights require review before assignment","below_90_percent","Confirm identity, role, rights and crop before manifest assignment"
"/Users/megdude/Downloads/PERKS MEDIA/NEW IMAGES/qr-scan-baby-boomer.png","qr-scan-baby-boomer","Identity and usage rights require review before assignment","below_90_percent","Confirm identity, role, rights and crop before manifest assignment"
"/Users/megdude/Downloads/PERKS MEDIA/NEW IMAGES/qwr-code-at-front-desk.png","qwr-code-at-front-desk","Identity and usage rights require review before assignment","below_90_percent","Confirm identity, role, rights and crop before manifest assignment"
"/Users/megdude/Downloads/PERKS MEDIA/NEW IMAGES/real-estate-agent.png","real-estate-agent","Identity and usage rights require review before assignment","below_90_percent","Confirm identity, role, rights and crop before manifest assignment"
"/Users/megdude/Downloads/PERKS MEDIA/NEW IMAGES/resident-flow.png","resident-flow","Identity and usage rights require review before assignment","below_90_percent","Confirm identity, role, rights and crop before manifest assignment"
"/Users/megdude/Downloads/PERKS MEDIA/NEW IMAGES/resident-scan-qr-code.png","resident-scan-qr-code","Identity and usage rights require review before assignment","below_90_percent","Confirm identity, role, rights and crop before manifest assignment"
"/Users/megdude/Downloads/PERKS MEDIA/NEW IMAGES/residents-leaving-buiklding.png","residents-leaving-buiklding","Identity and usage rights require review before assignment","below_90_percent","Confirm identity, role, rights and crop before manifest assignment"
"/Users/megdude/Downloads/PERKS MEDIA/NEW IMAGES/residents-making-plans.png","residents-making-plans","Identity and usage rights require review before assignment","below_90_percent","Confirm identity, role, rights and crop before manifest assignment"
"/Users/megdude/Downloads/PERKS MEDIA/NEW IMAGES/retail-shop.png","retail-shop","Identity and usage rights require review before assignment","below_90_percent","Confirm identity, role, rights and crop before manifest assignment"
"/Users/megdude/Downloads/PERKS MEDIA/NEW IMAGES/royal-blue-grocery.png","royal-blue-grocery","Identity and usage rights require review before assignment","below_90_percent","Confirm identity, role, rights and crop before manifest assignment"
"/Users/megdude/Downloads/PERKS MEDIA/NEW IMAGES/sauna frost.webp","sauna-frost","Identity and usage rights require review before assignment","below_90_percent","Confirm identity, role, rights and crop before manifest assignment"
"/Users/megdude/Downloads/PERKS MEDIA/NEW IMAGES/scan-at-pos.png","scan-at-pos","Identity and usage rights require review before assignment","below_90_percent","Confirm identity, role, rights and crop before manifest assignment"
"/Users/megdude/Downloads/PERKS MEDIA/NEW IMAGES/scan-perk.png","scan-perk","Identity and usage rights require review before assignment","below_90_percent","Confirm identity, role, rights and crop before manifest assignment"
"/Users/megdude/Downloads/PERKS MEDIA/NEW IMAGES/scan-poster.png","scan-poster","Identity and usage rights require review before assignment","below_90_percent","Confirm identity, role, rights and crop before manifest assignment"
"/Users/megdude/Downloads/PERKS MEDIA/NEW IMAGES/scanning-downtown-perks-in-a-cafe.png","scanning-downtown-perks-in-a-cafe","Identity and usage rights require review before assignment","below_90_percent","Confirm identity, role, rights and crop before manifest assignment"
"/Users/megdude/Downloads/PERKS MEDIA/NEW IMAGES/scn-qr-code-hotel.png","scn-qr-code-hotel","Identity and usage rights require review before assignment","below_90_percent","Confirm identity, role, rights and crop before manifest assignment"
"/Users/megdude/Downloads/PERKS MEDIA/NEW IMAGES/spring-condominiums 5.56.30 AM.png","spring-condominiums-5-56-30-am","Identity and usage rights require review before assignment","below_90_percent","Confirm identity, role, rights and crop before manifest assignment"
"/Users/megdude/Downloads/PERKS MEDIA/NEW IMAGES/stayput copy.png","stayput-copy","Identity and usage rights require review before assignment","below_90_percent","Confirm identity, role, rights and crop before manifest assignment"
"/Users/megdude/Downloads/PERKS MEDIA/NEW IMAGES/sunset series.png","sunset-series","Identity and usage rights require review before assignment","below_90_percent","Confirm identity, role, rights and crop before manifest assignment"
"/Users/megdude/Downloads/PERKS MEDIA/NEW IMAGES/sunset-series-2.png","sunset-series-2","Identity and usage rights require review before assignment","below_90_percent","Confirm identity, role, rights and crop before manifest assignment"
"/Users/megdude/Downloads/PERKS MEDIA/NEW IMAGES/survey.png","survey","Identity and usage rights require review before assignment","below_90_percent","Confirm identity, role, rights and crop before manifest assignment"
"/Users/megdude/Downloads/PERKS MEDIA/NEW IMAGES/urban_achievers_brass_band_2_6dae89ed-c55d-4474-9c01-47da6492081c.webp","urban-achievers-brass-band-2-6dae89ed-c55d-4474-9c01-47da6492081c","Identity and usage rights require review before assignment","below_90_percent","Confirm identity, role, rights and crop before manifest assignment"
"/Users/megdude/Downloads/PERKS MEDIA/NEW IMAGES/walking-towards-coffee-shop.png","walking-towards-coffee-shop","Identity and usage rights require review before assignment","below_90_percent","Confirm identity, role, rights and crop before manifest assignment"
"/Users/megdude/Downloads/PERKS MEDIA/NEW IMAGES/waterline_page_02.png","waterline-page-02","Identity and usage rights require review before assignment","below_90_percent","Confirm identity, role, rights and crop before manifest assignment"
"/Users/megdude/Downloads/PERKS MEDIA/NEW IMAGES/waterline_page_22.png","waterline-page-22","Identity and usage rights require review before assignment","below_90_percent","Confirm identity, role, rights and crop before manifest assignment"
"/Users/megdude/Downloads/PERKS MEDIA/NEW IMAGES/yeti-store.png","yeti-store","Identity and usage rights require review before assignment","below_90_percent","Confirm identity, role, rights and crop before manifest assignment"
"/Users/megdude/Downloads/PERKS MEDIA/NEW IMAGES/yeti.png","yeti","Identity and usage rights require review before assignment","below_90_percent","Confirm identity, role, rights and crop before manifest assignment"
"/Users/megdude/Downloads/PERKS MEDIA/NEW IMAGES/your-voice-shapes-downtown.png","your-voice-shapes-downtown","Identity and usage rights require review before assignment","below_90_percent","Confirm identity, role, rights and crop before manifest assignment"
"/Users/megdude/Downloads/PERKS MEDIA/NEW VIDEOS/1.mp4","1","Identity and usage rights require review before assignment","below_90_percent","Confirm identity, role, rights and crop before manifest assignment"
"/Users/megdude/Downloads/PERKS MEDIA/NEW VIDEOS/100.mp4","100","Identity and usage rights require review before assignment","below_90_percent","Confirm identity, role, rights and crop before manifest assignment"
"/Users/megdude/Downloads/PERKS MEDIA/NEW VIDEOS/101.mp4","101","Identity and usage rights require review before assignment","below_90_percent","Confirm identity, role, rights and crop before manifest assignment"
"/Users/megdude/Downloads/PERKS MEDIA/NEW VIDEOS/102.mp4","102","Identity and usage rights require review before assignment","below_90_percent","Confirm identity, role, rights and crop before manifest assignment"
"/Users/megdude/Downloads/PERKS MEDIA/NEW VIDEOS/103.mp4","103","Identity and usage rights require review before assignment","below_90_percent","Confirm identity, role, rights and crop before manifest assignment"
"/Users/megdude/Downloads/PERKS MEDIA/NEW VIDEOS/104.mp4","104","Identity and usage rights require review before assignment","below_90_percent","Confirm identity, role, rights and crop before manifest assignment"
"/Users/megdude/Downloads/PERKS MEDIA/NEW VIDEOS/105.mp4","105","Identity and usage rights require review before assignment","below_90_percent","Confirm identity, role, rights and crop before manifest assignment"
"/Users/megdude/Downloads/PERKS MEDIA/NEW VIDEOS/106.mp4","106","Identity and usage rights require review before assignment","below_90_percent","Confirm identity, role, rights and crop before manifest assignment"
"/Users/megdude/Downloads/PERKS MEDIA/NEW VIDEOS/107.mp4","107","Identity and usage rights require review before assignment","below_90_percent","Confirm identity, role, rights and crop before manifest assignment"
"/Users/megdude/Downloads/PERKS MEDIA/NEW VIDEOS/108.mp4","108","Identity and usage rights require review before assignment","below_90_percent","Confirm identity, role, rights and crop before manifest assignment"
"/Users/megdude/Downloads/PERKS MEDIA/NEW VIDEOS/109.mp4","109","Identity and usage rights require review before assignment","below_90_percent","Confirm identity, role, rights and crop before manifest assignment"
"/Users/megdude/Downloads/PERKS MEDIA/NEW VIDEOS/11.mp4","11","Identity and usage rights require review before assignment","below_90_percent","Confirm identity, role, rights and crop before manifest assignment"
"/Users/megdude/Downloads/PERKS MEDIA/NEW VIDEOS/110.mp4","110","Identity and usage rights require review before assignment","below_90_percent","Confirm identity, role, rights and crop before manifest assignment"
"/Users/megdude/Downloads/PERKS MEDIA/NEW VIDEOS/111.mp4","111","Identity and usage rights require review before assignment","below_90_percent","Confirm identity, role, rights and crop before manifest assignment"
"/Users/megdude/Downloads/PERKS MEDIA/NEW VIDEOS/112.mp4","112","Identity and usage rights require review before assignment","below_90_percent","Confirm identity, role, rights and crop before manifest assignment"
"/Users/megdude/Downloads/PERKS MEDIA/NEW VIDEOS/113.mp4","113","Identity and usage rights require review before assignment","below_90_percent","Confirm identity, role, rights and crop before manifest assignment"
"/Users/megdude/Downloads/PERKS MEDIA/NEW VIDEOS/116.mp4","116","Identity and usage rights require review before assignment","below_90_percent","Confirm identity, role, rights and crop before manifest assignment"
"/Users/megdude/Downloads/PERKS MEDIA/NEW VIDEOS/118.mp4","118","Identity and usage rights require review before assignment","below_90_percent","Confirm identity, role, rights and crop before manifest assignment"
"/Users/megdude/Downloads/PERKS MEDIA/NEW VIDEOS/119.mp4","119","Identity and usage rights require review before assignment","below_90_percent","Confirm identity, role, rights and crop before manifest assignment"
"/Users/megdude/Downloads/PERKS MEDIA/NEW VIDEOS/12.mp4","12","Identity and usage rights require review before assignment","below_90_percent","Confirm identity, role, rights and crop before manifest assignment"
"/Users/megdude/Downloads/PERKS MEDIA/NEW VIDEOS/120.mp4","120","Identity and usage rights require review before assignment","below_90_percent","Confirm identity, role, rights and crop before manifest assignment"
"/Users/megdude/Downloads/PERKS MEDIA/NEW VIDEOS/121.mp4","121","Identity and usage rights require review before assignment","below_90_percent","Confirm identity, role, rights and crop before manifest assignment"
"/Users/megdude/Downloads/PERKS MEDIA/NEW VIDEOS/122.mp4","122","Identity and usage rights require review before assignment","below_90_percent","Confirm identity, role, rights and crop before manifest assignment"
"/Users/megdude/Downloads/PERKS MEDIA/NEW VIDEOS/123.mp4","123","Identity and usage rights require review before assignment","below_90_percent","Confirm identity, role, rights and crop before manifest assignment"
"/Users/megdude/Downloads/PERKS MEDIA/NEW VIDEOS/124.mp4","124","Identity and usage rights require review before assignment","below_90_percent","Confirm identity, role, rights and crop before manifest assignment"
"/Users/megdude/Downloads/PERKS MEDIA/NEW VIDEOS/127.mp4","127","Identity and usage rights require review before assignment","below_90_percent","Confirm identity, role, rights and crop before manifest assignment"
"/Users/megdude/Downloads/PERKS MEDIA/NEW VIDEOS/128.mp4","128","Identity and usage rights require review before assignment","below_90_percent","Confirm identity, role, rights and crop before manifest assignment"
"/Users/megdude/Downloads/PERKS MEDIA/NEW VIDEOS/13.mp4","13","Identity and usage rights require review before assignment","below_90_percent","Confirm identity, role, rights and crop before manifest assignment"
"/Users/megdude/Downloads/PERKS MEDIA/NEW VIDEOS/130.mp4","130","Identity and usage rights require review before assignment","below_90_percent","Confirm identity, role, rights and crop before manifest assignment"
"/Users/megdude/Downloads/PERKS MEDIA/NEW VIDEOS/131.mp4","131","Identity and usage rights require review before assignment","below_90_percent","Confirm identity, role, rights and crop before manifest assignment"
"/Users/megdude/Downloads/PERKS MEDIA/NEW VIDEOS/14 3.26.08 PM.mp4","14-3-26-08-pm","Identity and usage rights require review before assignment","below_90_percent","Confirm identity, role, rights and crop before manifest assignment"
"/Users/megdude/Downloads/PERKS MEDIA/NEW VIDEOS/14.mp4","14","Identity and usage rights require review before assignment","below_90_percent","Confirm identity, role, rights and crop before manifest assignment"
"/Users/megdude/Downloads/PERKS MEDIA/NEW VIDEOS/15.mp4","15","Identity and usage rights require review before assignment","below_90_percent","Confirm identity, role, rights and crop before manifest assignment"
"/Users/megdude/Downloads/PERKS MEDIA/NEW VIDEOS/16.mp4","16","Identity and usage rights require review before assignment","below_90_percent","Confirm identity, role, rights and crop before manifest assignment"
"/Users/megdude/Downloads/PERKS MEDIA/NEW VIDEOS/17.mp4","17","Identity and usage rights require review before assignment","below_90_percent","Confirm identity, role, rights and crop before manifest assignment"
"/Users/megdude/Downloads/PERKS MEDIA/NEW VIDEOS/18.mp4","18","Identity and usage rights require review before assignment","below_90_percent","Confirm identity, role, rights and crop before manifest assignment"
"/Users/megdude/Downloads/PERKS MEDIA/NEW VIDEOS/19.mp4","19","Identity and usage rights require review before assignment","below_90_percent","Confirm identity, role, rights and crop before manifest assignment"
"/Users/megdude/Downloads/PERKS MEDIA/NEW VIDEOS/2.mp4","2","Identity and usage rights require review before assignment","below_90_percent","Confirm identity, role, rights and crop before manifest assignment"
"/Users/megdude/Downloads/PERKS MEDIA/NEW VIDEOS/20.mp4","20","Identity and usage rights require review before assignment","below_90_percent","Confirm identity, role, rights and crop before manifest assignment"
"/Users/megdude/Downloads/PERKS MEDIA/NEW VIDEOS/21.mp4","21","Identity and usage rights require review before assignment","below_90_percent","Confirm identity, role, rights and crop before manifest assignment"
"/Users/megdude/Downloads/PERKS MEDIA/NEW VIDEOS/22.mp4","22","Identity and usage rights require review before assignment","below_90_percent","Confirm identity, role, rights and crop before manifest assignment"
"/Users/megdude/Downloads/PERKS MEDIA/NEW VIDEOS/227c2acf-6442-40c7-5a45-45d56e093ad2.jpg","227c2acf-6442-40c7-5a45-45d56e093ad2","Identity and usage rights require review before assignment","below_90_percent","Confirm identity, role, rights and crop before manifest assignment"
"/Users/megdude/Downloads/PERKS MEDIA/NEW VIDEOS/23.mp4","23","Identity and usage rights require review before assignment","below_90_percent","Confirm identity, role, rights and crop before manifest assignment"
"/Users/megdude/Downloads/PERKS MEDIA/NEW VIDEOS/24.mp4","24","Identity and usage rights require review before assignment","below_90_percent","Confirm identity, role, rights and crop before manifest assignment"
"/Users/megdude/Downloads/PERKS MEDIA/NEW VIDEOS/25.mp4","25","Identity and usage rights require review before assignment","below_90_percent","Confirm identity, role, rights and crop before manifest assignment"
"/Users/megdude/Downloads/PERKS MEDIA/NEW VIDEOS/26.mp4","26","Identity and usage rights require review before assignment","below_90_percent","Confirm identity, role, rights and crop before manifest assignment"
"/Users/megdude/Downloads/PERKS MEDIA/NEW VIDEOS/27.mp4","27","Identity and usage rights require review before assignment","below_90_percent","Confirm identity, role, rights and crop before manifest assignment"
"/Users/megdude/Downloads/PERKS MEDIA/NEW VIDEOS/28.mp4","28","Identity and usage rights require review before assignment","below_90_percent","Confirm identity, role, rights and crop before manifest assignment"
"/Users/megdude/Downloads/PERKS MEDIA/NEW VIDEOS/3.mp4","3","Identity and usage rights require review before assignment","below_90_percent","Confirm identity, role, rights and crop before manifest assignment"
"/Users/megdude/Downloads/PERKS MEDIA/NEW VIDEOS/30.mp4","30","Identity and usage rights require review before assignment","below_90_percent","Confirm identity, role, rights and crop before manifest assignment"
"/Users/megdude/Downloads/PERKS MEDIA/NEW VIDEOS/31.mp4","31","Identity and usage rights require review before assignment","below_90_percent","Confirm identity, role, rights and crop before manifest assignment"
"/Users/megdude/Downloads/PERKS MEDIA/NEW VIDEOS/32.mp4","32","Identity and usage rights require review before assignment","below_90_percent","Confirm identity, role, rights and crop before manifest assignment"
"/Users/megdude/Downloads/PERKS MEDIA/NEW VIDEOS/33.mp4","33","Identity and usage rights require review before assignment","below_90_percent","Confirm identity, role, rights and crop before manifest assignment"
"/Users/megdude/Downloads/PERKS MEDIA/NEW VIDEOS/34.mp4","34","Identity and usage rights require review before assignment","below_90_percent","Confirm identity, role, rights and crop before manifest assignment"
"/Users/megdude/Downloads/PERKS MEDIA/NEW VIDEOS/35.mp4","35","Identity and usage rights require review before assignment","below_90_percent","Confirm identity, role, rights and crop before manifest assignment"
"/Users/megdude/Downloads/PERKS MEDIA/NEW VIDEOS/36.mp4","36","Identity and usage rights require review before assignment","below_90_percent","Confirm identity, role, rights and crop before manifest assignment"
"/Users/megdude/Downloads/PERKS MEDIA/NEW VIDEOS/37.mp4","37","Identity and usage rights require review before assignment","below_90_percent","Confirm identity, role, rights and crop before manifest assignment"
"/Users/megdude/Downloads/PERKS MEDIA/NEW VIDEOS/38.mp4","38","Identity and usage rights require review before assignment","below_90_percent","Confirm identity, role, rights and crop before manifest assignment"
"/Users/megdude/Downloads/PERKS MEDIA/NEW VIDEOS/39.mp4","39","Identity and usage rights require review before assignment","below_90_percent","Confirm identity, role, rights and crop before manifest assignment"
"/Users/megdude/Downloads/PERKS MEDIA/NEW VIDEOS/4.mp4","4","Identity and usage rights require review before assignment","below_90_percent","Confirm identity, role, rights and crop before manifest assignment"
"/Users/megdude/Downloads/PERKS MEDIA/NEW VIDEOS/40.mp4","40","Identity and usage rights require review before assignment","below_90_percent","Confirm identity, role, rights and crop before manifest assignment"
"/Users/megdude/Downloads/PERKS MEDIA/NEW VIDEOS/41.mp4","41","Identity and usage rights require review before assignment","below_90_percent","Confirm identity, role, rights and crop before manifest assignment"
"/Users/megdude/Downloads/PERKS MEDIA/NEW VIDEOS/42.mp4","42","Identity and usage rights require review before assignment","below_90_percent","Confirm identity, role, rights and crop before manifest assignment"
"/Users/megdude/Downloads/PERKS MEDIA/NEW VIDEOS/43.mp4","43","Identity and usage rights require review before assignment","below_90_percent","Confirm identity, role, rights and crop before manifest assignment"
"/Users/megdude/Downloads/PERKS MEDIA/NEW VIDEOS/44.mp4","44","Identity and usage rights require review before assignment","below_90_percent","Confirm identity, role, rights and crop before manifest assignment"
"/Users/megdude/Downloads/PERKS MEDIA/NEW VIDEOS/48.mp4","48","Identity and usage rights require review before assignment","below_90_percent","Confirm identity, role, rights and crop before manifest assignment"
"/Users/megdude/Downloads/PERKS MEDIA/NEW VIDEOS/49.mp4","49","Identity and usage rights require review before assignment","below_90_percent","Confirm identity, role, rights and crop before manifest assignment"
"/Users/megdude/Downloads/PERKS MEDIA/NEW VIDEOS/5.mp4","5","Identity and usage rights require review before assignment","below_90_percent","Confirm identity, role, rights and crop before manifest assignment"
"/Users/megdude/Downloads/PERKS MEDIA/NEW VIDEOS/50.mp4","50","Identity and usage rights require review before assignment","below_90_percent","Confirm identity, role, rights and crop before manifest assignment"
"/Users/megdude/Downloads/PERKS MEDIA/NEW VIDEOS/51.mp4","51","Identity and usage rights require review before assignment","below_90_percent","Confirm identity, role, rights and crop before manifest assignment"
"/Users/megdude/Downloads/PERKS MEDIA/NEW VIDEOS/52.mp4","52","Identity and usage rights require review before assignment","below_90_percent","Confirm identity, role, rights and crop before manifest assignment"
"/Users/megdude/Downloads/PERKS MEDIA/NEW VIDEOS/53.mp4","53","Identity and usage rights require review before assignment","below_90_percent","Confirm identity, role, rights and crop before manifest assignment"
"/Users/megdude/Downloads/PERKS MEDIA/NEW VIDEOS/54.mp4","54","Identity and usage rights require review before assignment","below_90_percent","Confirm identity, role, rights and crop before manifest assignment"
"/Users/megdude/Downloads/PERKS MEDIA/NEW VIDEOS/56.mp4","56","Identity and usage rights require review before assignment","below_90_percent","Confirm identity, role, rights and crop before manifest assignment"
"/Users/megdude/Downloads/PERKS MEDIA/NEW VIDEOS/57.mp4","57","Identity and usage rights require review before assignment","below_90_percent","Confirm identity, role, rights and crop before manifest assignment"
"/Users/megdude/Downloads/PERKS MEDIA/NEW VIDEOS/58.mp4","58","Identity and usage rights require review before assignment","below_90_percent","Confirm identity, role, rights and crop before manifest assignment"
"/Users/megdude/Downloads/PERKS MEDIA/NEW VIDEOS/6.mp4","6","Identity and usage rights require review before assignment","below_90_percent","Confirm identity, role, rights and crop before manifest assignment"
"/Users/megdude/Downloads/PERKS MEDIA/NEW VIDEOS/60.mp4","60","Identity and usage rights require review before assignment","below_90_percent","Confirm identity, role, rights and crop before manifest assignment"
"/Users/megdude/Downloads/PERKS MEDIA/NEW VIDEOS/62.mp4","62","Identity and usage rights require review before assignment","below_90_percent","Confirm identity, role, rights and crop before manifest assignment"
"/Users/megdude/Downloads/PERKS MEDIA/NEW VIDEOS/63.mp4","63","Identity and usage rights require review before assignment","below_90_percent","Confirm identity, role, rights and crop before manifest assignment"
"/Users/megdude/Downloads/PERKS MEDIA/NEW VIDEOS/64.mp4","64","Identity and usage rights require review before assignment","below_90_percent","Confirm identity, role, rights and crop before manifest assignment"
"/Users/megdude/Downloads/PERKS MEDIA/NEW VIDEOS/66.mp4","66","Identity and usage rights require review before assignment","below_90_percent","Confirm identity, role, rights and crop before manifest assignment"
"/Users/megdude/Downloads/PERKS MEDIA/NEW VIDEOS/68.mp4","68","Identity and usage rights require review before assignment","below_90_percent","Confirm identity, role, rights and crop before manifest assignment"
"/Users/megdude/Downloads/PERKS MEDIA/NEW VIDEOS/69.mp4","69","Identity and usage rights require review before assignment","below_90_percent","Confirm identity, role, rights and crop before manifest assignment"
"/Users/megdude/Downloads/PERKS MEDIA/NEW VIDEOS/7.mp4","7","Identity and usage rights require review before assignment","below_90_percent","Confirm identity, role, rights and crop before manifest assignment"
"/Users/megdude/Downloads/PERKS MEDIA/NEW VIDEOS/70.mp4","70","Identity and usage rights require review before assignment","below_90_percent","Confirm identity, role, rights and crop before manifest assignment"
"/Users/megdude/Downloads/PERKS MEDIA/NEW VIDEOS/71.mp4","71","Identity and usage rights require review before assignment","below_90_percent","Confirm identity, role, rights and crop before manifest assignment"
"/Users/megdude/Downloads/PERKS MEDIA/NEW VIDEOS/72.mp4","72","Identity and usage rights require review before assignment","below_90_percent","Confirm identity, role, rights and crop before manifest assignment"
"/Users/megdude/Downloads/PERKS MEDIA/NEW VIDEOS/73.mp4","73","Identity and usage rights require review before assignment","below_90_percent","Confirm identity, role, rights and crop before manifest assignment"
"/Users/megdude/Downloads/PERKS MEDIA/NEW VIDEOS/733.mp4","733","Identity and usage rights require review before assignment","below_90_percent","Confirm identity, role, rights and crop before manifest assignment"
"/Users/megdude/Downloads/PERKS MEDIA/NEW VIDEOS/74.mp4","74","Identity and usage rights require review before assignment","below_90_percent","Confirm identity, role, rights and crop before manifest assignment"
"/Users/megdude/Downloads/PERKS MEDIA/NEW VIDEOS/75.mp4","75","Identity and usage rights require review before assignment","below_90_percent","Confirm identity, role, rights and crop before manifest assignment"
"/Users/megdude/Downloads/PERKS MEDIA/NEW VIDEOS/76.mp4","76","Identity and usage rights require review before assignment","below_90_percent","Confirm identity, role, rights and crop before manifest assignment"
"/Users/megdude/Downloads/PERKS MEDIA/NEW VIDEOS/77.mp4","77","Identity and usage rights require review before assignment","below_90_percent","Confirm identity, role, rights and crop before manifest assignment"
"/Users/megdude/Downloads/PERKS MEDIA/NEW VIDEOS/78.mp4","78","Identity and usage rights require review before assignment","below_90_percent","Confirm identity, role, rights and crop before manifest assignment"
"/Users/megdude/Downloads/PERKS MEDIA/NEW VIDEOS/79.mp4","79","Identity and usage rights require review before assignment","below_90_percent","Confirm identity, role, rights and crop before manifest assignment"
"/Users/megdude/Downloads/PERKS MEDIA/NEW VIDEOS/8.mp4","8","Identity and usage rights require review before assignment","below_90_percent","Confirm identity, role, rights and crop before manifest assignment"
"/Users/megdude/Downloads/PERKS MEDIA/NEW VIDEOS/80.mp4","80","Identity and usage rights require review before assignment","below_90_percent","Confirm identity, role, rights and crop before manifest assignment"
"/Users/megdude/Downloads/PERKS MEDIA/NEW VIDEOS/81.mp4","81","Identity and usage rights require review before assignment","below_90_percent","Confirm identity, role, rights and crop before manifest assignment"
"/Users/megdude/Downloads/PERKS MEDIA/NEW VIDEOS/82.mp4","82","Identity and usage rights require review before assignment","below_90_percent","Confirm identity, role, rights and crop before manifest assignment"
"/Users/megdude/Downloads/PERKS MEDIA/NEW VIDEOS/83.mp4","83","Identity and usage rights require review before assignment","below_90_percent","Confirm identity, role, rights and crop before manifest assignment"
"/Users/megdude/Downloads/PERKS MEDIA/NEW VIDEOS/84.mp4","84","Identity and usage rights require review before assignment","below_90_percent","Confirm identity, role, rights and crop before manifest assignment"
"/Users/megdude/Downloads/PERKS MEDIA/NEW VIDEOS/85.mp4","85","Identity and usage rights require review before assignment","below_90_percent","Confirm identity, role, rights and crop before manifest assignment"
"/Users/megdude/Downloads/PERKS MEDIA/NEW VIDEOS/86.mp4","86","Identity and usage rights require review before assignment","below_90_percent","Confirm identity, role, rights and crop before manifest assignment"
"/Users/megdude/Downloads/PERKS MEDIA/NEW VIDEOS/87.mp4","87","Identity and usage rights require review before assignment","below_90_percent","Confirm identity, role, rights and crop before manifest assignment"
"/Users/megdude/Downloads/PERKS MEDIA/NEW VIDEOS/88.mp4","88","Identity and usage rights require review before assignment","below_90_percent","Confirm identity, role, rights and crop before manifest assignment"
"/Users/megdude/Downloads/PERKS MEDIA/NEW VIDEOS/89.mp4","89","Identity and usage rights require review before assignment","below_90_percent","Confirm identity, role, rights and crop before manifest assignment"
"/Users/megdude/Downloads/PERKS MEDIA/NEW VIDEOS/9.mp4","9","Identity and usage rights require review before assignment","below_90_percent","Confirm identity, role, rights and crop before manifest assignment"
"/Users/megdude/Downloads/PERKS MEDIA/NEW VIDEOS/91.mp4","91","Identity and usage rights require review before assignment","below_90_percent","Confirm identity, role, rights and crop before manifest assignment"
"/Users/megdude/Downloads/PERKS MEDIA/NEW VIDEOS/92.mp4","92","Identity and usage rights require review before assignment","below_90_percent","Confirm identity, role, rights and crop before manifest assignment"
"/Users/megdude/Downloads/PERKS MEDIA/NEW VIDEOS/93.mp4","93","Identity and usage rights require review before assignment","below_90_percent","Confirm identity, role, rights and crop before manifest assignment"
"/Users/megdude/Downloads/PERKS MEDIA/NEW VIDEOS/94.mp4","94","Identity and usage rights require review before assignment","below_90_percent","Confirm identity, role, rights and crop before manifest assignment"
"/Users/megdude/Downloads/PERKS MEDIA/NEW VIDEOS/95.mp4","95","Identity and usage rights require review before assignment","below_90_percent","Confirm identity, role, rights and crop before manifest assignment"
"/Users/megdude/Downloads/PERKS MEDIA/NEW VIDEOS/96.mp4","96","Identity and usage rights require review before assignment","below_90_percent","Confirm identity, role, rights and crop before manifest assignment"
"/Users/megdude/Downloads/PERKS MEDIA/NEW VIDEOS/97.mp4","97","Identity and usage rights require review before assignment","below_90_percent","Confirm identity, role, rights and crop before manifest assignment"
"/Users/megdude/Downloads/PERKS MEDIA/NEW VIDEOS/98.mp4","98","Identity and usage rights require review before assignment","below_90_percent","Confirm identity, role, rights and crop before manifest assignment"
"/Users/megdude/Downloads/PERKS MEDIA/NEW VIDEOS/99.mp4","99","Identity and usage rights require review before assignment","below_90_percent","Confirm identity, role, rights and crop before manifest assignment"
"/Users/megdude/Downloads/PERKS MEDIA/NEW VIDEOS/AA Trail 1.mp4","aa-trail-1","Identity and usage rights require review before assignment","below_90_percent","Confirm identity, role, rights and crop before manifest assignment"
"/Users/megdude/Downloads/PERKS MEDIA/NEW VIDEOS/AA Trail.mp4","aa-trail","Identity and usage rights require review before assignment","below_90_percent","Confirm identity, role, rights and crop before manifest assignment"
"/Users/megdude/Downloads/PERKS MEDIA/NEW VIDEOS/AZ754zClIxB6CHeVrO3lCA-AZ754zClUPGGfAE9MAk9Ug.mp4","az754zclixb6chevro3lca-az754zclupggfae9mak9ug","Identity and usage rights require review before assignment","below_90_percent","Confirm identity, role, rights and crop before manifest assignment"
"/Users/megdude/Downloads/PERKS MEDIA/NEW VIDEOS/AZ76CKtLaX0bhktrpwRl7g-AZ76CKtLWCOu1hpIfeRteA.mp4","az76cktlax0bhktrpwrl7g-az76cktlwcou1hpifertea","Identity and usage rights require review before assignment","below_90_percent","Confirm identity, role, rights and crop before manifest assignment"
"/Users/megdude/Downloads/PERKS MEDIA/NEW VIDEOS/AZ76EGQVksI3LRLWZn0TQw-AZ76EGQVpaOtcteTinTgWw.mp4","az76egqvksi3lrlwzn0tqw-az76egqvpaotctetintgww","Identity and usage rights require review before assignment","below_90_percent","Confirm identity, role, rights and crop before manifest assignment"
"/Users/megdude/Downloads/PERKS MEDIA/NEW VIDEOS/AZ76F50TbxYubOePD5Fb3A-AZ76F50T1pld83V_NSSkEQ.mp4","az76f50tbxyuboepd5fb3a-az76f50t1pld83v-nsskeq","Identity and usage rights require review before assignment","below_90_percent","Confirm identity, role, rights and crop before manifest assignment"
"/Users/megdude/Downloads/PERKS MEDIA/NEW VIDEOS/AZ77fWevy-OLO6zvUquh8A-AZ77fWevXCIftqdIeHSHWg.mp4","az77fwevy-olo6zvuquh8a-az77fwevxciftqdiehshwg","Identity and usage rights require review before assignment","below_90_percent","Confirm identity, role, rights and crop before manifest assignment"
"/Users/megdude/Downloads/PERKS MEDIA/NEW VIDEOS/AZ77fcAISP6ckgKk_ruFwA-AZ77fcAIwCVMTIrETjKvtg.mp4","az77fcaisp6ckgkk-rufwa-az77fcaiwcvmtiretjkvtg","Identity and usage rights require review before assignment","below_90_percent","Confirm identity, role, rights and crop before manifest assignment"
"/Users/megdude/Downloads/PERKS MEDIA/NEW VIDEOS/AZ77pKMnOn370zTGnOi9lA-AZ77pKMnHEM6L3HKJ9zc6g.mp4","az77pkmnon370ztgnoi9la-az77pkmnhem6l3hkj9zc6g","Identity and usage rights require review before assignment","below_90_percent","Confirm identity, role, rights and crop before manifest assignment"
"/Users/megdude/Downloads/PERKS MEDIA/NEW VIDEOS/AZ77x7Cl2-kUKl_atfCMQA-AZ77x7ClqFsoasuUKk69BA.mp4","az77x7cl2-kukl-atfcmqa-az77x7clqfsoasuukk69ba","Identity and usage rights require review before assignment","below_90_percent","Confirm identity, role, rights and crop before manifest assignment"
"/Users/megdude/Downloads/PERKS MEDIA/NEW VIDEOS/AZ7W-8TCM2twIb7iVHbKmQ-AZ7W-8TC_itX8oZCv1CXIA.mp4","az7w-8tcm2twib7ivhbkmq-az7w-8tc-itx8ozcv1cxia","Identity and usage rights require review before assignment","below_90_percent","Confirm identity, role, rights and crop before manifest assignment"
"/Users/megdude/Downloads/PERKS MEDIA/NEW VIDEOS/AZ7W-HGYg6_MJNmhzbm7Og-AZ7W-HGY6pH0QyaDbS-5pQ.mp4","az7w-hgyg6-mjnmhzbm7og-az7w-hgy6ph0qyadbs-5pq","Identity and usage rights require review before assignment","below_90_percent","Confirm identity, role, rights and crop before manifest assignment"
"/Users/megdude/Downloads/PERKS MEDIA/NEW VIDEOS/AZ7W-Ua9AM1UV08iMgvSoA-AZ7W-Ua95bMUniLL4ZdUUg (1).mp4","az7w-ua9am1uv08imgvsoa-az7w-ua95bmunill4zduug-1","Identity and usage rights require review before assignment","below_90_percent","Confirm identity, role, rights and crop before manifest assignment"
"/Users/megdude/Downloads/PERKS MEDIA/NEW VIDEOS/AZ7W-Ua9AM1UV08iMgvSoA-AZ7W-Ua95bMUniLL4ZdUUg.mp4","az7w-ua9am1uv08imgvsoa-az7w-ua95bmunill4zduug","Identity and usage rights require review before assignment","below_90_percent","Confirm identity, role, rights and crop before manifest assignment"
"/Users/megdude/Downloads/PERKS MEDIA/NEW VIDEOS/AZ7W-rZZ7Rdd3jWaDN6FDg-AZ7W-rZZuBRl_ozDjsGWNQ.mp4","az7w-rzz7rdd3jwadn6fdg-az7w-rzzubrl-ozdjsgwnq","Identity and usage rights require review before assignment","below_90_percent","Confirm identity, role, rights and crop before manifest assignment"
"/Users/megdude/Downloads/PERKS MEDIA/NEW VIDEOS/AZ7W84UPGsyDLd7JKGRYuA-AZ7W84UPjulCaKmuSHWnoQ.mp4","az7w84upgsydld7jkgryua-az7w84upjulcakmushwnoq","Identity and usage rights require review before assignment","below_90_percent","Confirm identity, role, rights and crop before manifest assignment"
"/Users/megdude/Downloads/PERKS MEDIA/NEW VIDEOS/AZ7W8JQ2IR4eO1BtOzuvRQ-AZ7W8JQ3LQ2Z5lzBWBeLCw.mp4","az7w8jq2ir4eo1btozuvrq-az7w8jq3lq2z5lzbwbelcw","Identity and usage rights require review before assignment","below_90_percent","Confirm identity, role, rights and crop before manifest assignment"
"/Users/megdude/Downloads/PERKS MEDIA/NEW VIDEOS/AZ7W8KL87JK83_5EHjqMUA-AZ7W8KL9gzttaMisCEx-OQ.mp4","az7w8kl87jk83-5ehjqmua-az7w8kl9gzttamiscex-oq","Identity and usage rights require review before assignment","below_90_percent","Confirm identity, role, rights and crop before manifest assignment"
"/Users/megdude/Downloads/PERKS MEDIA/NEW VIDEOS/AZ7W8L1Dz8dgt3AeZOw9Mg-AZ7W8L1DRGFNIdwjuxIJYw.mp4","az7w8l1dz8dgt3aezow9mg-az7w8l1drgfnidwjuxijyw","Identity and usage rights require review before assignment","below_90_percent","Confirm identity, role, rights and crop before manifest assignment"
"/Users/megdude/Downloads/PERKS MEDIA/NEW VIDEOS/AZ7W8LSD5L_7IlvbjoU3Lg-AZ7W8LSDDkvSfZdAlK1qHQ.mp4","az7w8lsd5l-7ilvbjou3lg-az7w8lsddkvsfzdalk1qhq","Identity and usage rights require review before assignment","below_90_percent","Confirm identity, role, rights and crop before manifest assignment"
"/Users/megdude/Downloads/PERKS MEDIA/NEW VIDEOS/AZ7W8MVwg_Pgbz2Kw1z-tA-AZ7W8MVwToX01S8CoUoQsA.mp4","az7w8mvwg-pgbz2kw1z-ta-az7w8mvwtox01s8couoqsa","Identity and usage rights require review before assignment","below_90_percent","Confirm identity, role, rights and crop before manifest assignment"
"/Users/megdude/Downloads/PERKS MEDIA/NEW VIDEOS/AZ7W8c20t43Rmxn6YANNjQ-AZ7W8c20e2Bey3hdZ7JiIA.mp4","az7w8c20t43rmxn6yannjq-az7w8c20e2bey3hdz7jiia","Identity and usage rights require review before assignment","below_90_percent","Confirm identity, role, rights and crop before manifest assignment"
"/Users/megdude/Downloads/PERKS MEDIA/NEW VIDEOS/AZ7W8eXBJP0q7n4o30XWJA-AZ7W8eXBSmdP9B78GhAoAw.mp4","az7w8exbjp0q7n4o30xwja-az7w8exbsmdp9b78ghaoaw","Identity and usage rights require review before assignment","below_90_percent","Confirm identity, role, rights and crop before manifest assignment"
"/Users/megdude/Downloads/PERKS MEDIA/NEW VIDEOS/AZ7W9EtWKYihey7A-YI2ew-AZ7W9EtWaz3m3nJkwKtbZg.mp4","az7w9etwkyihey7a-yi2ew-az7w9etwaz3m3njkwktbzg","Identity and usage rights require review before assignment","below_90_percent","Confirm identity, role, rights and crop before manifest assignment"
"/Users/megdude/Downloads/PERKS MEDIA/NEW VIDEOS/AZ7W9QvVebSCAmqa77ynoA-AZ7W9QvVXCgoocsuib4XEA.mp4","az7w9qvvebscamqa77ynoa-az7w9qvvxcgoocsuib4xea","Identity and usage rights require review before assignment","below_90_percent","Confirm identity, role, rights and crop before manifest assignment"
"/Users/megdude/Downloads/PERKS MEDIA/NEW VIDEOS/AZ7W9ZvsqdLHm9igrcRR4w-AZ7W9ZvsuXqtGTDAmG7ryw.mp4","az7w9zvsqdlhm9igrcrr4w-az7w9zvsuxqtgtdamg7ryw","Identity and usage rights require review before assignment","below_90_percent","Confirm identity, role, rights and crop before manifest assignment"
"/Users/megdude/Downloads/PERKS MEDIA/NEW VIDEOS/AZ7W9idE1hNTUJwbGJzcUA-AZ7W9idEL9muz9RVF2Z03w.mp4","az7w9ide1hntujwbgjzcua-az7w9idel9muz9rvf2z03w","Identity and usage rights require review before assignment","below_90_percent","Confirm identity, role, rights and crop before manifest assignment"
"/Users/megdude/Downloads/PERKS MEDIA/NEW VIDEOS/AZ7W9wqIOmnbF0kHVFpyRg-AZ7W9wqIlxpgNXOVRZXKNA.mp4","az7w9wqiomnbf0khvfpyrg-az7w9wqilxpgnxovrzxkna","Identity and usage rights require review before assignment","below_90_percent","Confirm identity, role, rights and crop before manifest assignment"
"/Users/megdude/Downloads/PERKS MEDIA/NEW VIDEOS/AZ7W_H4NKb5K_Rjd6QZu4A-AZ7W_H4NqtDNYCyHPBuQlw.mp4","az7w-h4nkb5k-rjd6qzu4a-az7w-h4nqtdnycyhpbuqlw","Identity and usage rights require review before assignment","below_90_percent","Confirm identity, role, rights and crop before manifest assignment"
"/Users/megdude/Downloads/PERKS MEDIA/NEW VIDEOS/AZ7W_RExxrAXZStHhqsvPg-AZ7W_RExCYfalRZtNi77Cg.mp4","az7w-rexxraxzsthhqsvpg-az7w-rexcyfalrztni77cg","Identity and usage rights require review before assignment","below_90_percent","Confirm identity, role, rights and crop before manifest assignment"
"/Users/megdude/Downloads/PERKS MEDIA/NEW VIDEOS/AZ7W_Z5zTfPrO5L9k6ZomQ-AZ7W_Z5zGC7l6sptrb5HKg.mp4","az7w-z5ztfpro5l9k6zomq-az7w-z5zgc7l6sptrb5hkg","Identity and usage rights require review before assignment","below_90_percent","Confirm identity, role, rights and crop before manifest assignment"
"/Users/megdude/Downloads/PERKS MEDIA/NEW VIDEOS/AZ7W_x4qj6AD27XCpAISHQ-AZ7W_x4qfznYGE6ANhTBTA.mp4","az7w-x4qj6ad27xcpaishq-az7w-x4qfznyge6anhtbta","Identity and usage rights require review before assignment","below_90_percent","Confirm identity, role, rights and crop before manifest assignment"
"/Users/megdude/Downloads/PERKS MEDIA/NEW VIDEOS/AZ7XA6XZiTaYzkBiAMPHJQ-AZ7XA6XZuBrb0qOI_XYHPA (1).mp4","az7xa6xzitayzkbiamphjq-az7xa6xzubrb0qoi-xyhpa-1","Identity and usage rights require review before assignment","below_90_percent","Confirm identity, role, rights and crop before manifest assignment"
"/Users/megdude/Downloads/PERKS MEDIA/NEW VIDEOS/AZ7XAJCzmVYlcBWPScJWbQ-AZ7XAJC0m7IwlEawi9w1JQ.mp4","az7xajczmvylcbwpscjwbq-az7xajc0m7iwleawi9w1jq","Identity and usage rights require review before assignment","below_90_percent","Confirm identity, role, rights and crop before manifest assignment"
"/Users/megdude/Downloads/PERKS MEDIA/NEW VIDEOS/AZ7XASubk0ZqU8gX2J2y7A-AZ7XASubqYOXWUOqgZ7gUw.mp4","az7xasubk0zqu8gx2j2y7a-az7xasubqyoxwuoqgz7guw","Identity and usage rights require review before assignment","below_90_percent","Confirm identity, role, rights and crop before manifest assignment"
"/Users/megdude/Downloads/PERKS MEDIA/NEW VIDEOS/AZ7XBDHfFbzxSaLysV4pfw-AZ7XBDHfJJn5lXfllLcV8g.mp4","az7xbdhffbzxsalysv4pfw-az7xbdhfjjn5lxflllcv8g","Identity and usage rights require review before assignment","below_90_percent","Confirm identity, role, rights and crop before manifest assignment"
"/Users/megdude/Downloads/PERKS MEDIA/NEW VIDEOS/AZ7XBUi9Mj9s14HC2hpOSA-AZ7XBUi9ET4tNpCb1ulo0w.mp4","az7xbui9mj9s14hc2hposa-az7xbui9et4tnpcb1ulo0w","Identity and usage rights require review before assignment","below_90_percent","Confirm identity, role, rights and crop before manifest assignment"
"/Users/megdude/Downloads/PERKS MEDIA/NEW VIDEOS/AZ7XC-V0R4yVEt4yDoF90g-AZ7XC-V02GR2ALuw6nPCjA.mp4","az7xc-v0r4yvet4ydof90g-az7xc-v02gr2aluw6npcja","Identity and usage rights require review before assignment","below_90_percent","Confirm identity, role, rights and crop before manifest assignment"
"/Users/megdude/Downloads/PERKS MEDIA/NEW VIDEOS/AZ7XCGOyyvUyndDK5Vkbqg-AZ7XCGOy-gNX5qVUwMnO-A.mp4","az7xcgoyyvuynddk5vkbqg-az7xcgoy-gnx5qvuwmno-a","Identity and usage rights require review before assignment","below_90_percent","Confirm identity, role, rights and crop before manifest assignment"
"/Users/megdude/Downloads/PERKS MEDIA/NEW VIDEOS/AZ7XF418LvPcRHRuMYGChA-AZ7XF418bkZDCfigVmX2FA.mp4","az7xf418lvpcrhrumygcha-az7xf418bkzdcfigvmx2fa","Identity and usage rights require review before assignment","below_90_percent","Confirm identity, role, rights and crop before manifest assignment"
"/Users/megdude/Downloads/PERKS MEDIA/NEW VIDEOS/AZ7XGDWpeo6lTiNh5WW0jQ-AZ7XGDWpCQaowE84MJkqgg.mp4","az7xgdwpeo6ltinh5ww0jq-az7xgdwpcqaowe84mjkqgg","Identity and usage rights require review before assignment","below_90_percent","Confirm identity, role, rights and crop before manifest assignment"
"/Users/megdude/Downloads/PERKS MEDIA/NEW VIDEOS/AZ7XGbEqYoR6BAdoCsSaCg-AZ7XGbEqE-Mws_ylmoGZLA.mp4","az7xgbeqyor6badocssacg-az7xgbeqe-mws-ylmogzla","Identity and usage rights require review before assignment","below_90_percent","Confirm identity, role, rights and crop before manifest assignment"
"/Users/megdude/Downloads/PERKS MEDIA/NEW VIDEOS/AZ7XGn9OKubEkPvIO6pZrA-AZ7XGn9OJwN4zj6GquvR9w.mp4","az7xgn9okubekpvio6pzra-az7xgn9ojwn4zj6gquvr9w","Identity and usage rights require review before assignment","below_90_percent","Confirm identity, role, rights and crop before manifest assignment"
"/Users/megdude/Downloads/PERKS MEDIA/NEW VIDEOS/AZ7XHWkJ6ipnmvdEcV0vzg-AZ7XHWkJVGYAc3z5wipgAg.mp4","az7xhwkj6ipnmvdecv0vzg-az7xhwkjvgyac3z5wipgag","Identity and usage rights require review before assignment","below_90_percent","Confirm identity, role, rights and crop before manifest assignment"
"/Users/megdude/Downloads/PERKS MEDIA/NEW VIDEOS/AZ7Z2ZyVjE8SiseymjUwMg-AZ7Z2ZyVmKnYAhqbCLmOvw (1).mp4","az7z2zyvje8siseymjuwmg-az7z2zyvmknyahqbclmovw-1","Identity and usage rights require review before assignment","below_90_percent","Confirm identity, role, rights and crop before manifest assignment"
"/Users/megdude/Downloads/PERKS MEDIA/NEW VIDEOS/AZ7Z2ZyVjE8SiseymjUwMg-AZ7Z2ZyVmKnYAhqbCLmOvw.mp4","az7z2zyvje8siseymjuwmg-az7z2zyvmknyahqbclmovw","Identity and usage rights require review before assignment","below_90_percent","Confirm identity, role, rights and crop before manifest assignment"
"/Users/megdude/Downloads/PERKS MEDIA/NEW VIDEOS/AZ7Z32-v7yY3e_5mzwws2Q-AZ7Z32-vq9sf5B6a7zhHbg.mp4","az7z32-v7yy3e-5mzwws2q-az7z32-vq9sf5b6a7zhhbg","Identity and usage rights require review before assignment","below_90_percent","Confirm identity, role, rights and crop before manifest assignment"
"/Users/megdude/Downloads/PERKS MEDIA/NEW VIDEOS/AZ7Z3RpBrWkmNcMSO-XvJA-AZ7Z3RpBCNLxHxTnB4H1vg.mp4","az7z3rpbrwkmncmso-xvja-az7z3rpbcnlxhxtnb4h1vg","Identity and usage rights require review before assignment","below_90_percent","Confirm identity, role, rights and crop before manifest assignment"
"/Users/megdude/Downloads/PERKS MEDIA/NEW VIDEOS/AZ7Z3TVVrF9SSZu-XzemHQ-AZ7Z3TVViPdELwnF-c9JaQ.mp4","az7z3tvvrf9sszu-xzemhq-az7z3tvvipdelwnf-c9jaq","Identity and usage rights require review before assignment","below_90_percent","Confirm identity, role, rights and crop before manifest assignment"
"/Users/megdude/Downloads/PERKS MEDIA/NEW VIDEOS/AZ7Z3UxSwFOPS3XqPa1SsQ-AZ7Z3UxS5z6VeidaycEapQ.mp4","az7z3uxswfops3xqpa1ssq-az7z3uxs5z6veidayceapq","Identity and usage rights require review before assignment","below_90_percent","Confirm identity, role, rights and crop before manifest assignment"
"/Users/megdude/Downloads/PERKS MEDIA/NEW VIDEOS/AZ7Z3V4u4TtEWPIOd71VWQ-AZ7Z3V4uKLzMc6jsRMrzWw.mp4","az7z3v4u4ttewpiod71vwq-az7z3v4uklzmc6jsrmrzww","Identity and usage rights require review before assignment","below_90_percent","Confirm identity, role, rights and crop before manifest assignment"
"/Users/megdude/Downloads/PERKS MEDIA/NEW VIDEOS/AZ7Z4Din-kysqhxvdOV3fA-AZ7Z4Dinp4tK6c9Veklslw.mp4","az7z4din-kysqhxvdov3fa-az7z4dinp4tk6c9veklslw","Identity and usage rights require review before assignment","below_90_percent","Confirm identity, role, rights and crop before manifest assignment"
"/Users/megdude/Downloads/PERKS MEDIA/NEW VIDEOS/AZ7Z4RpmEObBYcmMd1OM6Q-AZ7Z4RpmjUlVnUp6mNWi8w.mp4","az7z4rpmeobbycmmd1om6q-az7z4rpmjulvnup6mnwi8w","Identity and usage rights require review before assignment","below_90_percent","Confirm identity, role, rights and crop before manifest assignment"
"/Users/megdude/Downloads/PERKS MEDIA/NEW VIDEOS/AZ7Z4dkiIj_r4hz4IvAeHA-AZ7Z4dkiY-vKAh6F7WUkrQ.mp4","az7z4dkiij-r4hz4ivaeha-az7z4dkiy-vkah6f7wukrq","Identity and usage rights require review before assignment","below_90_percent","Confirm identity, role, rights and crop before manifest assignment"
"/Users/megdude/Downloads/PERKS MEDIA/NEW VIDEOS/AZ7a_D6tt0l67uFL6_mvpQ-AZ7a_D6tRdZb0WKfOTI6dg.mp4","az7a-d6tt0l67ufl6-mvpq-az7a-d6trdzb0wkfoti6dg","Identity and usage rights require review before assignment","below_90_percent","Confirm identity, role, rights and crop before manifest assignment"
"/Users/megdude/Downloads/PERKS MEDIA/NEW VIDEOS/AZ7jbIy25KxY8dKI3SKuPA-AZ7jbIy2xqJh7TAHmiKUnA.mp4","az7jbiy25kxy8dki3skupa-az7jbiy2xqjh7tahmikuna","Identity and usage rights require review before assignment","below_90_percent","Confirm identity, role, rights and crop before manifest assignment"
"/Users/megdude/Downloads/PERKS MEDIA/NEW VIDEOS/AZ7lb-8yvaghGItapTKfbA-AZ7lb-8yRQ4w9GPzfh6yFA.mp4","az7lb-8yvaghgitaptkfba-az7lb-8yrq4w9gpzfh6yfa","Identity and usage rights require review before assignment","below_90_percent","Confirm identity, role, rights and crop before manifest assignment"
"/Users/megdude/Downloads/PERKS MEDIA/NEW VIDEOS/AZ7m_9C-kU2U1nKkjosD0Q-AZ7m_9C-ZCpNsdiYegC4BQ.mp4","az7m-9c-ku2u1nkkjosd0q-az7m-9c-zcpnsdiyegc4bq","Identity and usage rights require review before assignment","below_90_percent","Confirm identity, role, rights and crop before manifest assignment"
"/Users/megdude/Downloads/PERKS MEDIA/NEW VIDEOS/AZ7moerL0bK3iw8mWAf0CQ-AZ7moerLJxcrodZlc8T_yQ.mp4","az7moerl0bk3iw8mwaf0cq-az7moerljxcrodzlc8t-yq","Identity and usage rights require review before assignment","below_90_percent","Confirm identity, role, rights and crop before manifest assignment"
"/Users/megdude/Downloads/PERKS MEDIA/NEW VIDEOS/AZ7moerL0bK3iw8mWAf0CQ-AZ7moerLJxcrodZlc8T_yQ1.mp4","az7moerl0bk3iw8mwaf0cq-az7moerljxcrodzlc8t-yq1","Identity and usage rights require review before assignment","below_90_percent","Confirm identity, role, rights and crop before manifest assignment"
"/Users/megdude/Downloads/PERKS MEDIA/NEW VIDEOS/AZ7nAG8WgQslBAdXKPV-EA-AZ7nAG8WTuDO6SXzgS1IOA.mp4","az7nag8wgqslbadxkpv-ea-az7nag8wtudo6sxzgs1ioa","Identity and usage rights require review before assignment","below_90_percent","Confirm identity, role, rights and crop before manifest assignment"
"/Users/megdude/Downloads/PERKS MEDIA/NEW VIDEOS/AZ7nCSFZDSNVmzkY87JDwg-AZ7nCSFZgW1dCiS5TlF13g.mp4","az7ncsfzdsnvmzky87jdwg-az7ncsfzgw1dcis5tlf13g","Identity and usage rights require review before assignment","below_90_percent","Confirm identity, role, rights and crop before manifest assignment"
"/Users/megdude/Downloads/PERKS MEDIA/NEW VIDEOS/AZ7nCs9sH-Dozp1ExPYrGw-AZ7nCs9sXOeUj_W3PQa1EA.mp4","az7ncs9sh-dozp1expyrgw-az7ncs9sxoeuj-w3pqa1ea","Identity and usage rights require review before assignment","below_90_percent","Confirm identity, role, rights and crop before manifest assignment"
"/Users/megdude/Downloads/PERKS MEDIA/NEW VIDEOS/AZ7nD2koDjNQn-DODl2grQ-AZ7nD2kpYwCVieNIeCRazg.mp4","az7nd2kodjnqn-dodl2grq-az7nd2kpywcvieniecrazg","Identity and usage rights require review before assignment","below_90_percent","Confirm identity, role, rights and crop before manifest assignment"
"/Users/megdude/Downloads/PERKS MEDIA/NEW VIDEOS/AZ7nDDz632BU30gQfozaHA-AZ7nDDz6eFQo5VhcDfDTIw.mp4","az7nddz632bu30gqfozaha-az7nddz6efqo5vhcdfdtiw","Identity and usage rights require review before assignment","below_90_percent","Confirm identity, role, rights and crop before manifest assignment"
"/Users/megdude/Downloads/PERKS MEDIA/NEW VIDEOS/AZ7nDE_d3Krjgiu1OH3jLQ-AZ7nDE_dBKQXxXAW9nPC3g.mp4","az7nde-d3krjgiu1oh3jlq-az7nde-dbkqxxxaw9npc3g","Identity and usage rights require review before assignment","below_90_percent","Confirm identity, role, rights and crop before manifest assignment"
"/Users/megdude/Downloads/PERKS MEDIA/NEW VIDEOS/AZ7nDGQfMVsuByl_bbw5YQ-AZ7nDGQfqE2_23XKsIpgaw.mp4","az7ndgqfmvsubyl-bbw5yq-az7ndgqfqe2-23xksipgaw","Identity and usage rights require review before assignment","below_90_percent","Confirm identity, role, rights and crop before manifest assignment"
"/Users/megdude/Downloads/PERKS MEDIA/NEW VIDEOS/AZ7nDHyUWxB7UmF3a3d0_A-AZ7nDHyUlz7dxRrG5K8YkQ.mp4","az7ndhyuwxb7umf3a3d0-a-az7ndhyulz7dxrrg5k8ykq","Identity and usage rights require review before assignment","below_90_percent","Confirm identity, role, rights and crop before manifest assignment"
"/Users/megdude/Downloads/PERKS MEDIA/NEW VIDEOS/AZ7nDIyuzzjVauGDNpPTGg-AZ7nDIyuGXVFKEHik25aOw.mp4","az7ndiyuzzjvaugdnpptgg-az7ndiyugxvfkehik25aow","Identity and usage rights require review before assignment","below_90_percent","Confirm identity, role, rights and crop before manifest assignment"
"/Users/megdude/Downloads/PERKS MEDIA/NEW VIDEOS/AZ7nDT5-7g76VsNUSIjBTw-AZ7nDT5-c61MCcKKNhxCvg.mp4","az7ndt5-7g76vsnusijbtw-az7ndt5-c61mcckknhxcvg","Identity and usage rights require review before assignment","below_90_percent","Confirm identity, role, rights and crop before manifest assignment"
"/Users/megdude/Downloads/PERKS MEDIA/NEW VIDEOS/AZ7nETUUKwCX5kqu0QbMpQ-AZ7nETUUWzLKhMDHsDdl5w.mp4","az7netuukwcx5kqu0qbmpq-az7netuuwzlkhmdhsddl5w","Identity and usage rights require review before assignment","below_90_percent","Confirm identity, role, rights and crop before manifest assignment"
"/Users/megdude/Downloads/PERKS MEDIA/NEW VIDEOS/AZ7nHLdak2-uL4pISzQBRw-AZ7nHLdbTGcCa0nb5o2rkQ.mp4","az7nhldak2-ul4piszqbrw-az7nhldbtgcca0nb5o2rkq","Identity and usage rights require review before assignment","below_90_percent","Confirm identity, role, rights and crop before manifest assignment"
"/Users/megdude/Downloads/PERKS MEDIA/NEW VIDEOS/AZ7nJmC2yKZDGRxjArrbig-AZ7nJmC2mgIpVFLYk1FHcA.mp4","az7njmc2ykzdgrxjarrbig-az7njmc2mgipvflyk1fhca","Identity and usage rights require review before assignment","below_90_percent","Confirm identity, role, rights and crop before manifest assignment"
"/Users/megdude/Downloads/PERKS MEDIA/NEW VIDEOS/AZ7sFZBwdCLtaLcR6u9nuQ-AZ7sFZBwJJ3qVqVKovbr2w.mp4","az7sfzbwdcltalcr6u9nuq-az7sfzbwjj3qvqvkovbr2w","Identity and usage rights require review before assignment","below_90_percent","Confirm identity, role, rights and crop before manifest assignment"
"/Users/megdude/Downloads/PERKS MEDIA/NEW VIDEOS/AZ7sG_siMNyjNdnwHCs7cw-AZ7sG_siGFm5ZbuRs7OVlg.mp4","az7sg-simnyjndnwhcs7cw-az7sg-sigfm5zburs7ovlg","Identity and usage rights require review before assignment","below_90_percent","Confirm identity, role, rights and crop before manifest assignment"
"/Users/megdude/Downloads/PERKS MEDIA/NEW VIDEOS/AZ8F0Q_LqFwH6lrTjUCNlw-AZ8F0Q_LWVOzPKbpywakCA.mp4","az8f0q-lqfwh6lrtjucnlw-az8f0q-lwvozpkbpywakca","Identity and usage rights require review before assignment","below_90_percent","Confirm identity, role, rights and crop before manifest assignment"
"/Users/megdude/Downloads/PERKS MEDIA/NEW VIDEOS/AZ8F2Bj3vbSPlrSvKJrn4Q-AZ8F2Bj3N2tNQ0S3Raq1Zg.mp4","az8f2bj3vbsplrsvkjrn4q-az8f2bj3n2tnq0s3raq1zg","Identity and usage rights require review before assignment","below_90_percent","Confirm identity, role, rights and crop before manifest assignment"
"/Users/megdude/Downloads/PERKS MEDIA/NEW VIDEOS/AZ8a2n4vkO-VVMqTGkHWDA-AZ8a2n4vqJ6YO6stJxLP_A.mp4","az8a2n4vko-vvmqtgkhwda-az8a2n4vqj6yo6stjxlp-a","Identity and usage rights require review before assignment","below_90_percent","Confirm identity, role, rights and crop before manifest assignment"
"/Users/megdude/Downloads/PERKS MEDIA/NEW VIDEOS/New new video/11.mp4","11","Identity and usage rights require review before assignment","below_90_percent","Confirm identity, role, rights and crop before manifest assignment"
"/Users/megdude/Downloads/PERKS MEDIA/NEW VIDEOS/New new video/12.mp4","12","Identity and usage rights require review before assignment","below_90_percent","Confirm identity, role, rights and crop before manifest assignment"
"/Users/megdude/Downloads/PERKS MEDIA/NEW VIDEOS/New new video/14.mp4","14","Identity and usage rights require review before assignment","below_90_percent","Confirm identity, role, rights and crop before manifest assignment"
"/Users/megdude/Downloads/PERKS MEDIA/NEW VIDEOS/New new video/2.mp4","2","Identity and usage rights require review before assignment","below_90_percent","Confirm identity, role, rights and crop before manifest assignment"
"/Users/megdude/Downloads/PERKS MEDIA/NEW VIDEOS/New new video/20.mp4","20","Identity and usage rights require review before assignment","below_90_percent","Confirm identity, role, rights and crop before manifest assignment"
"/Users/megdude/Downloads/PERKS MEDIA/NEW VIDEOS/New new video/41.mp4","41","Identity and usage rights require review before assignment","below_90_percent","Confirm identity, role, rights and crop before manifest assignment"
"/Users/megdude/Downloads/PERKS MEDIA/NEW VIDEOS/New new video/5.mp4","5","Identity and usage rights require review before assignment","below_90_percent","Confirm identity, role, rights and crop before manifest assignment"
"/Users/megdude/Downloads/PERKS MEDIA/NEW VIDEOS/New new video/7.mp4","7","Identity and usage rights require review before assignment","below_90_percent","Confirm identity, role, rights and crop before manifest assignment"
"/Users/megdude/Downloads/PERKS MEDIA/NEW VIDEOS/New new video/96.mp4","96","Identity and usage rights require review before assignment","below_90_percent","Confirm identity, role, rights and crop before manifest assignment"
"/Users/megdude/Downloads/PERKS MEDIA/NEW VIDEOS/New new video/97.mp4","97","Identity and usage rights require review before assignment","below_90_percent","Confirm identity, role, rights and crop before manifest assignment"
"/Users/megdude/Downloads/PERKS MEDIA/NEW VIDEOS/New new video/98.mp4","98","Identity and usage rights require review before assignment","below_90_percent","Confirm identity, role, rights and crop before manifest assignment"
"/Users/megdude/Downloads/PERKS MEDIA/NEW VIDEOS/VID 1111.mp4","vid-1111","Identity and usage rights require review before assignment","below_90_percent","Confirm identity, role, rights and crop before manifest assignment"
"/Users/megdude/Downloads/PERKS MEDIA/NEW VIDEOS/VIDEO & IMAGES/ANALYTICS/ai-insight-notws.png","ai-insight-notws","Identity and usage rights require review before assignment","below_90_percent","Confirm identity, role, rights and crop before manifest assignment"
"/Users/megdude/Downloads/PERKS MEDIA/NEW VIDEOS/VIDEO & IMAGES/ANALYTICS/ai-insights.png","ai-insights","Identity and usage rights require review before assignment","below_90_percent","Confirm identity, role, rights and crop before manifest assignment"
"/Users/megdude/Downloads/PERKS MEDIA/NEW VIDEOS/VIDEO & IMAGES/ANALYTICS/includede.png","includede","Identity and usage rights require review before assignment","below_90_percent","Confirm identity, role, rights and crop before manifest assignment"
"/Users/megdude/Downloads/PERKS MEDIA/NEW VIDEOS/VIDEO & IMAGES/ANALYTICS/nearby-intent.png","nearby-intent","Identity and usage rights require review before assignment","below_90_percent","Confirm identity, role, rights and crop before manifest assignment"
"/Users/megdude/Downloads/PERKS MEDIA/NEW VIDEOS/VIDEO & IMAGES/ANALYTICS/placed-nearby1.png","placed-nearby1","Identity and usage rights require review before assignment","below_90_percent","Confirm identity, role, rights and crop before manifest assignment"
"/Users/megdude/Downloads/PERKS MEDIA/NEW VIDEOS/VIDEO & IMAGES/ANALYTICS/reporting.png","reporting","Identity and usage rights require review before assignment","below_90_percent","Confirm identity, role, rights and crop before manifest assignment"
"/Users/megdude/Downloads/PERKS MEDIA/NEW VIDEOS/VIDEO & IMAGES/ANALYTICS/tunelive.png","tunelive","Identity and usage rights require review before assignment","below_90_percent","Confirm identity, role, rights and crop before manifest assignment"
"/Users/megdude/Downloads/PERKS MEDIA/NEW VIDEOS/VIDEO & IMAGES/AROUND CORNER/around-the-corner-0.png","around-the-corner-0","Identity and usage rights require review before assignment","below_90_percent","Confirm identity, role, rights and crop before manifest assignment"
"/Users/megdude/Downloads/PERKS MEDIA/NEW VIDEOS/VIDEO & IMAGES/AROUND CORNER/around-the-corner-1.png","around-the-corner-1","Identity and usage rights require review before assignment","below_90_percent","Confirm identity, role, rights and crop before manifest assignment"
"/Users/megdude/Downloads/PERKS MEDIA/NEW VIDEOS/VIDEO & IMAGES/AROUND CORNER/around-the-corner-2.png","around-the-corner-2","Identity and usage rights require review before assignment","below_90_percent","Confirm identity, role, rights and crop before manifest assignment"
"/Users/megdude/Downloads/PERKS MEDIA/NEW VIDEOS/VIDEO & IMAGES/AROUND CORNER/around-the-corner.png","around-the-corner","Identity and usage rights require review before assignment","below_90_percent","Confirm identity, role, rights and crop before manifest assignment"
"/Users/megdude/Downloads/PERKS MEDIA/NEW VIDEOS/VIDEO & IMAGES/AROUND CORNER/cf3f10a9-6156-4829-9b01-87ae9c060271.png","cf3f10a9-6156-4829-9b01-87ae9c060271","Identity and usage rights require review before assignment","below_90_percent","Confirm identity, role, rights and crop before manifest assignment"
"/Users/megdude/Downloads/PERKS MEDIA/NEW VIDEOS/VIDEO & IMAGES/AROUND CORNER/round-the-corner.png","round-the-corner","Identity and usage rights require review before assignment","below_90_percent","Confirm identity, role, rights and crop before manifest assignment"
"/Users/megdude/Downloads/PERKS MEDIA/NEW VIDEOS/VIDEO & IMAGES/AROUND CORNER/want-to-live-here-2.png","want-to-live-here-2","Identity and usage rights require review before assignment","below_90_percent","Confirm identity, role, rights and crop before manifest assignment"
"/Users/megdude/Downloads/PERKS MEDIA/NEW VIDEOS/VIDEO & IMAGES/AROUND CORNER/want-to-live-here.png","want-to-live-here","Identity and usage rights require review before assignment","below_90_percent","Confirm identity, role, rights and crop before manifest assignment"
"/Users/megdude/Downloads/PERKS MEDIA/NEW VIDEOS/VIDEO & IMAGES/CAMPAIGNS/daa-campaign.png","daa-campaign","Identity and usage rights require review before assignment","below_90_percent","Confirm identity, role, rights and crop before manifest assignment"
"/Users/megdude/Downloads/PERKS MEDIA/NEW VIDEOS/VIDEO & IMAGES/CAMPAIGNS/dana-campaign.png","dana-campaign","Identity and usage rights require review before assignment","below_90_percent","Confirm identity, role, rights and crop before manifest assignment"
"/Users/megdude/Downloads/PERKS MEDIA/NEW VIDEOS/VIDEO & IMAGES/CAMPAIGNS/dana-campaign1.png","dana-campaign1","Identity and usage rights require review before assignment","below_90_percent","Confirm identity, role, rights and crop before manifest assignment"
"/Users/megdude/Downloads/PERKS MEDIA/NEW VIDEOS/VIDEO & IMAGES/CAMPAIGNS/featured-campaign-2.png","featured-campaign-2","Identity and usage rights require review before assignment","below_90_percent","Confirm identity, role, rights and crop before manifest assignment"
"/Users/megdude/Downloads/PERKS MEDIA/NEW VIDEOS/VIDEO & IMAGES/CAMPAIGNS/fine-eyewear-campaign.png","fine-eyewear-campaign","Identity and usage rights require review before assignment","below_90_percent","Confirm identity, role, rights and crop before manifest assignment"
"/Users/megdude/Downloads/PERKS MEDIA/NEW VIDEOS/VIDEO & IMAGES/CAMPAIGNS/legends-campaign.png","legends-campaign","Identity and usage rights require review before assignment","below_90_percent","Confirm identity, role, rights and crop before manifest assignment"
"/Users/megdude/Downloads/PERKS MEDIA/NEW VIDEOS/VIDEO & IMAGES/CAMPAIGNS/legends-poster.png","legends-poster","Identity and usage rights require review before assignment","below_90_percent","Confirm identity, role, rights and crop before manifest assignment"
"/Users/megdude/Downloads/PERKS MEDIA/NEW VIDEOS/VIDEO & IMAGES/CAMPAIGNS/legends.png","legends","Identity and usage rights require review before assignment","below_90_percent","Confirm identity, role, rights and crop before manifest assignment"
"/Users/megdude/Downloads/PERKS MEDIA/NEW VIDEOS/VIDEO & IMAGES/CAMPAIGNS/lulu-lemon-campoaign.png","lulu-lemon-campoaign","Identity and usage rights require review before assignment","below_90_percent","Confirm identity, role, rights and crop before manifest assignment"
"/Users/megdude/Downloads/PERKS MEDIA/NEW VIDEOS/VIDEO & IMAGES/CAMPAIGNS/paseo-campaign.png","paseo-campaign","Identity and usage rights require review before assignment","below_90_percent","Confirm identity, role, rights and crop before manifest assignment"
"/Users/megdude/Downloads/PERKS MEDIA/NEW VIDEOS/VIDEO & IMAGES/CAMPAIGNS/rainey-is-back.png","rainey-is-back","Identity and usage rights require review before assignment","below_90_percent","Confirm identity, role, rights and crop before manifest assignment"
"/Users/megdude/Downloads/PERKS MEDIA/NEW VIDEOS/VIDEO & IMAGES/CAMPAIGNS/rainy-campaign.png","rainy-campaign","Identity and usage rights require review before assignment","below_90_percent","Confirm identity, role, rights and crop before manifest assignment"
"/Users/megdude/Downloads/PERKS MEDIA/NEW VIDEOS/VIDEO & IMAGES/CAMPAIGNS/rivian-campaign.png","rivian-campaign","Identity and usage rights require review before assignment","below_90_percent","Confirm identity, role, rights and crop before manifest assignment"
"/Users/megdude/Downloads/PERKS MEDIA/NEW VIDEOS/VIDEO & IMAGES/CAMPAIGNS/waterline-campaign.png","waterline-campaign","Identity and usage rights require review before assignment","below_90_percent","Confirm identity, role, rights and crop before manifest assignment"
"/Users/megdude/Downloads/PERKS MEDIA/NEW VIDEOS/VIDEO & IMAGES/CAMPAIGNS/yeti-campaign.png","yeti-campaign","Identity and usage rights require review before assignment","below_90_percent","Confirm identity, role, rights and crop before manifest assignment"
"/Users/megdude/Downloads/PERKS MEDIA/NEW VIDEOS/VIDEO & IMAGES/ELEVATOR/elevator-2-2.png","elevator-2-2","Identity and usage rights require review before assignment","below_90_percent","Confirm identity, role, rights and crop before manifest assignment"
"/Users/megdude/Downloads/PERKS MEDIA/NEW VIDEOS/VIDEO & IMAGES/ELEVATOR/elevator-2.png","elevator-2","Identity and usage rights require review before assignment","below_90_percent","Confirm identity, role, rights and crop before manifest assignment"
"/Users/megdude/Downloads/PERKS MEDIA/NEW VIDEOS/VIDEO & IMAGES/ELEVATOR/elevator-qr-code-2.png","elevator-qr-code-2","Identity and usage rights require review before assignment","below_90_percent","Confirm identity, role, rights and crop before manifest assignment"
"/Users/megdude/Downloads/PERKS MEDIA/NEW VIDEOS/VIDEO & IMAGES/ELEVATOR/elevator-qr.png","elevator-qr","Identity and usage rights require review before assignment","below_90_percent","Confirm identity, role, rights and crop before manifest assignment"
"/Users/megdude/Downloads/PERKS MEDIA/NEW VIDEOS/VIDEO & IMAGES/ELEVATOR/elevator.png","elevator","Identity and usage rights require review before assignment","below_90_percent","Confirm identity, role, rights and crop before manifest assignment"
"/Users/megdude/Downloads/PERKS MEDIA/NEW VIDEOS/VIDEO & IMAGES/EVENTS/engagemnt.png","engagemnt","Identity and usage rights require review before assignment","below_90_percent","Confirm identity, role, rights and crop before manifest assignment"
"/Users/megdude/Downloads/PERKS MEDIA/NEW VIDEOS/VIDEO & IMAGES/EVENTS/event-placement.png","event-placement","Identity and usage rights require review before assignment","below_90_percent","Confirm identity, role, rights and crop before manifest assignment"
"/Users/megdude/Downloads/PERKS MEDIA/NEW VIDEOS/VIDEO & IMAGES/EVENTS/events-happening-now-2.png","events-happening-now-2","Identity and usage rights require review before assignment","below_90_percent","Confirm identity, role, rights and crop before manifest assignment"
"/Users/megdude/Downloads/PERKS MEDIA/NEW VIDEOS/VIDEO & IMAGES/EVENTS/events-happening-now.png","events-happening-now","Identity and usage rights require review before assignment","below_90_percent","Confirm identity, role, rights and crop before manifest assignment"
"/Users/megdude/Downloads/PERKS MEDIA/NEW VIDEOS/VIDEO & IMAGES/EVENTS/vent-placement.png","vent-placement","Identity and usage rights require review before assignment","below_90_percent","Confirm identity, role, rights and crop before manifest assignment"
"/Users/megdude/Downloads/PERKS MEDIA/NEW VIDEOS/VIDEO & IMAGES/EVENTS/vents-happenong.png","vents-happenong","Identity and usage rights require review before assignment","below_90_percent","Confirm identity, role, rights and crop before manifest assignment"
"/Users/megdude/Downloads/PERKS MEDIA/NEW VIDEOS/VIDEO & IMAGES/FEATURED/30-perk-campaign-1.png","30-perk-campaign-1","Identity and usage rights require review before assignment","below_90_percent","Confirm identity, role, rights and crop before manifest assignment"
"/Users/megdude/Downloads/PERKS MEDIA/NEW VIDEOS/VIDEO & IMAGES/FEATURED/49-featured-campaign.png","49-featured-campaign","Identity and usage rights require review before assignment","below_90_percent","Confirm identity, role, rights and crop before manifest assignment"
"/Users/megdude/Downloads/PERKS MEDIA/NEW VIDEOS/VIDEO & IMAGES/FEATURED/49-featured-cmapaign.png","49-featured-cmapaign","Identity and usage rights require review before assignment","below_90_percent","Confirm identity, role, rights and crop before manifest assignment"
"/Users/megdude/Downloads/PERKS MEDIA/NEW VIDEOS/VIDEO & IMAGES/FEATURED/a47ac4b9-f293-4eca-a78e-c6b45a08285d-2.png","a47ac4b9-f293-4eca-a78e-c6b45a08285d-2","Identity and usage rights require review before assignment","below_90_percent","Confirm identity, role, rights and crop before manifest assignment"
"/Users/megdude/Downloads/PERKS MEDIA/NEW VIDEOS/VIDEO & IMAGES/FEATURED/a47ac4b9-f293-4eca-a78e-c6b45a08285d.png","a47ac4b9-f293-4eca-a78e-c6b45a08285d","Identity and usage rights require review before assignment","below_90_percent","Confirm identity, role, rights and crop before manifest assignment"
"/Users/megdude/Downloads/PERKS MEDIA/NEW VIDEOS/VIDEO & IMAGES/FEATURED/add location.png","add-location","Identity and usage rights require review before assignment","below_90_percent","Confirm identity, role, rights and crop before manifest assignment"
"/Users/megdude/Downloads/PERKS MEDIA/NEW VIDEOS/VIDEO & IMAGES/FEATURED/ba24513a-215a-43d4-8ca4-07a27585b4aa.png","ba24513a-215a-43d4-8ca4-07a27585b4aa","Identity and usage rights require review before assignment","below_90_percent","Confirm identity, role, rights and crop before manifest assignment"
"/Users/megdude/Downloads/PERKS MEDIA/NEW VIDEOS/VIDEO & IMAGES/FEATURED/bba90b60-0aa3-4b5e-b5a3-72a1de0a8384.png","bba90b60-0aa3-4b5e-b5a3-72a1de0a8384","Identity and usage rights require review before assignment","below_90_percent","Confirm identity, role, rights and crop before manifest assignment"
"/Users/megdude/Downloads/PERKS MEDIA/NEW VIDEOS/VIDEO & IMAGES/FEATURED/d5260a83-2412-4f1c-8749-0ec8e3facced-1.png","d5260a83-2412-4f1c-8749-0ec8e3facced-1","Identity and usage rights require review before assignment","below_90_percent","Confirm identity, role, rights and crop before manifest assignment"
"/Users/megdude/Downloads/PERKS MEDIA/NEW VIDEOS/VIDEO & IMAGES/FEATURED/d5260a83-2412-4f1c-8749-0ec8e3facced.png","d5260a83-2412-4f1c-8749-0ec8e3facced","Identity and usage rights require review before assignment","below_90_percent","Confirm identity, role, rights and crop before manifest assignment"
"/Users/megdude/Downloads/PERKS MEDIA/NEW VIDEOS/VIDEO & IMAGES/FEATURED/featured-campaign-49.png","featured-campaign-49","Identity and usage rights require review before assignment","below_90_percent","Confirm identity, role, rights and crop before manifest assignment"
"/Users/megdude/Downloads/PERKS MEDIA/NEW VIDEOS/VIDEO & IMAGES/FEATURED/featured-campaign-placement.png","featured-campaign-placement","Identity and usage rights require review before assignment","below_90_percent","Confirm identity, role, rights and crop before manifest assignment"
"/Users/megdude/Downloads/PERKS MEDIA/NEW VIDEOS/VIDEO & IMAGES/FEATURED/featured-campaign.png","featured-campaign","Identity and usage rights require review before assignment","below_90_percent","Confirm identity, role, rights and crop before manifest assignment"
"/Users/megdude/Downloads/PERKS MEDIA/NEW VIDEOS/VIDEO & IMAGES/FEATURED/featured-event.png","featured-event","Identity and usage rights require review before assignment","below_90_percent","Confirm identity, role, rights and crop before manifest assignment"
"/Users/megdude/Downloads/PERKS MEDIA/NEW VIDEOS/VIDEO & IMAGES/FEATURED/sponsorored-campaign.png","sponsorored-campaign","Identity and usage rights require review before assignment","below_90_percent","Confirm identity, role, rights and crop before manifest assignment"
"/Users/megdude/Downloads/PERKS MEDIA/NEW VIDEOS/VIDEO & IMAGES/MAP LISTING/live-map-listing-2.png","live-map-listing-2","Identity and usage rights require review before assignment","below_90_percent","Confirm identity, role, rights and crop before manifest assignment"
"/Users/megdude/Downloads/PERKS MEDIA/NEW VIDEOS/VIDEO & IMAGES/MAP LISTING/live-map-listing.png","live-map-listing","Identity and usage rights require review before assignment","below_90_percent","Confirm identity, role, rights and crop before manifest assignment"
"/Users/megdude/Downloads/PERKS MEDIA/NEW VIDEOS/VIDEO & IMAGES/MAP LISTING/map-and-qr-code.png","map-and-qr-code","Identity and usage rights require review before assignment","below_90_percent","Confirm identity, role, rights and crop before manifest assignment"
"/Users/megdude/Downloads/PERKS MEDIA/NEW VIDEOS/VIDEO & IMAGES/MAP LISTING/map-and-qr.png","map-and-qr","Identity and usage rights require review before assignment","below_90_percent","Confirm identity, role, rights and crop before manifest assignment"
"/Users/megdude/Downloads/PERKS MEDIA/NEW VIDEOS/VIDEO & IMAGES/MAP LISTING/map-qr-2.png","map-qr-2","Identity and usage rights require review before assignment","below_90_percent","Confirm identity, role, rights and crop before manifest assignment"
"/Users/megdude/Downloads/PERKS MEDIA/NEW VIDEOS/VIDEO & IMAGES/MAP LISTING/map-qr-3.png","map-qr-3","Identity and usage rights require review before assignment","below_90_percent","Confirm identity, role, rights and crop before manifest assignment"
"/Users/megdude/Downloads/PERKS MEDIA/NEW VIDEOS/VIDEO & IMAGES/MAP LISTING/map-qr.png","map-qr","Identity and usage rights require review before assignment","below_90_percent","Confirm identity, role, rights and crop before manifest assignment"
"/Users/megdude/Downloads/PERKS MEDIA/NEW VIDEOS/VIDEO & IMAGES/MAP LISTING/map-ui.png","map-ui","Identity and usage rights require review before assignment","below_90_percent","Confirm identity, role, rights and crop before manifest assignment"
"/Users/megdude/Downloads/PERKS MEDIA/NEW VIDEOS/VIDEO & IMAGES/MAP LISTING/msp-and-qr.png","msp-and-qr","Identity and usage rights require review before assignment","below_90_percent","Confirm identity, role, rights and crop before manifest assignment"
"/Users/megdude/Downloads/PERKS MEDIA/NEW VIDEOS/VIDEO & IMAGES/MAP LISTING/placed-nearby.png","placed-nearby","Identity and usage rights require review before assignment","below_90_percent","Confirm identity, role, rights and crop before manifest assignment"
"/Users/megdude/Downloads/PERKS MEDIA/NEW VIDEOS/VIDEO & IMAGES/MAP LISTING/places-nearby.png","places-nearby","Identity and usage rights require review before assignment","below_90_percent","Confirm identity, role, rights and crop before manifest assignment"
"/Users/megdude/Downloads/PERKS MEDIA/NEW VIDEOS/VIDEO & IMAGES/OLD CARDS/brand-activations.png","brand-activations","Identity and usage rights require review before assignment","below_90_percent","Confirm identity, role, rights and crop before manifest assignment"
"/Users/megdude/Downloads/PERKS MEDIA/NEW VIDEOS/VIDEO & IMAGES/OLD CARDS/d4d9f485-13dd-44d2-b931-e9f8d8c307ea-1.png","d4d9f485-13dd-44d2-b931-e9f8d8c307ea-1","Identity and usage rights require review before assignment","below_90_percent","Confirm identity, role, rights and crop before manifest assignment"
"/Users/megdude/Downloads/PERKS MEDIA/NEW VIDEOS/VIDEO & IMAGES/OLD CARDS/d4d9f485-13dd-44d2-b931-e9f8d8c307ea-2.png","d4d9f485-13dd-44d2-b931-e9f8d8c307ea-2","Identity and usage rights require review before assignment","below_90_percent","Confirm identity, role, rights and crop before manifest assignment"
"/Users/megdude/Downloads/PERKS MEDIA/NEW VIDEOS/VIDEO & IMAGES/OLD CARDS/d4d9f485-13dd-44d2-b931-e9f8d8c307ea-3.png","d4d9f485-13dd-44d2-b931-e9f8d8c307ea-3","Identity and usage rights require review before assignment","below_90_percent","Confirm identity, role, rights and crop before manifest assignment"
"/Users/megdude/Downloads/PERKS MEDIA/NEW VIDEOS/VIDEO & IMAGES/OLD CARDS/d4d9f485-13dd-44d2-b931-e9f8d8c307ea-copy.png","d4d9f485-13dd-44d2-b931-e9f8d8c307ea-copy","Identity and usage rights require review before assignment","below_90_percent","Confirm identity, role, rights and crop before manifest assignment"
"/Users/megdude/Downloads/PERKS MEDIA/NEW VIDEOS/VIDEO & IMAGES/OLD CARDS/designation-campaign.png","designation-campaign","Identity and usage rights require review before assignment","below_90_percent","Confirm identity, role, rights and crop before manifest assignment"
"/Users/megdude/Downloads/PERKS MEDIA/NEW VIDEOS/VIDEO & IMAGES/OLD CARDS/district-sponsortshrships.png","district-sponsortshrships","Identity and usage rights require review before assignment","below_90_percent","Confirm identity, role, rights and crop before manifest assignment"
"/Users/megdude/Downloads/PERKS MEDIA/NEW VIDEOS/VIDEO & IMAGES/OLD CARDS/e7c1b0e4-a322-4def-bb22-1539305e351d-copy.png","e7c1b0e4-a322-4def-bb22-1539305e351d-copy","Identity and usage rights require review before assignment","below_90_percent","Confirm identity, role, rights and crop before manifest assignment"
"/Users/megdude/Downloads/PERKS MEDIA/NEW VIDEOS/VIDEO & IMAGES/OLD CARDS/e7c1b0e4-a322-4def-bb22-1539305e351d.png","e7c1b0e4-a322-4def-bb22-1539305e351d","Identity and usage rights require review before assignment","below_90_percent","Confirm identity, role, rights and crop before manifest assignment"
"/Users/megdude/Downloads/PERKS MEDIA/NEW VIDEOS/VIDEO & IMAGES/OLD CARDS/major-mized-use.png","major-mized-use","Identity and usage rights require review before assignment","below_90_percent","Confirm identity, role, rights and crop before manifest assignment"
"/Users/megdude/Downloads/PERKS MEDIA/NEW VIDEOS/VIDEO & IMAGES/OLD CARDS/mixed-use.png","mixed-use","Identity and usage rights require review before assignment","below_90_percent","Confirm identity, role, rights and crop before manifest assignment"
"/Users/megdude/Downloads/PERKS MEDIA/NEW VIDEOS/VIDEO & IMAGES/OLD CARDS/multi-property-2.png","multi-property-2","Identity and usage rights require review before assignment","below_90_percent","Confirm identity, role, rights and crop before manifest assignment"
"/Users/megdude/Downloads/PERKS MEDIA/NEW VIDEOS/VIDEO & IMAGES/OLD CARDS/multi-property.png","multi-property","Identity and usage rights require review before assignment","below_90_percent","Confirm identity, role, rights and crop before manifest assignment"
"/Users/megdude/Downloads/PERKS MEDIA/NEW VIDEOS/VIDEO & IMAGES/OLD CARDS/perk-campaign.png","perk-campaign","Identity and usage rights require review before assignment","below_90_percent","Confirm identity, role, rights and crop before manifest assignment"
"/Users/megdude/Downloads/PERKS MEDIA/NEW VIDEOS/VIDEO & IMAGES/OLD CARDS/placements-and-surveys.png","placements-and-surveys","Identity and usage rights require review before assignment","below_90_percent","Confirm identity, role, rights and crop before manifest assignment"
"/Users/megdude/Downloads/PERKS MEDIA/NEW VIDEOS/VIDEO & IMAGES/PERK CRD/99be52f2-1377-4c0e-9a88-8748ff49d988-1.png","99be52f2-1377-4c0e-9a88-8748ff49d988-1","Identity and usage rights require review before assignment","below_90_percent","Confirm identity, role, rights and crop before manifest assignment"
"/Users/megdude/Downloads/PERKS MEDIA/NEW VIDEOS/VIDEO & IMAGES/PERK CRD/99be52f2-1377-4c0e-9a88-8748ff49d988.png","99be52f2-1377-4c0e-9a88-8748ff49d988","Identity and usage rights require review before assignment","below_90_percent","Confirm identity, role, rights and crop before manifest assignment"
"/Users/megdude/Downloads/PERKS MEDIA/NEW VIDEOS/VIDEO & IMAGES/PERK CRD/perks-card-connection.png","perks-card-connection","Identity and usage rights require review before assignment","below_90_percent","Confirm identity, role, rights and crop before manifest assignment"
"/Users/megdude/Downloads/PERKS MEDIA/NEW VIDEOS/VIDEO & IMAGES/PORTRAIT/10.mp4","10","Identity and usage rights require review before assignment","below_90_percent","Confirm identity, role, rights and crop before manifest assignment"
"/Users/megdude/Downloads/PERKS MEDIA/NEW VIDEOS/VIDEO & IMAGES/PORTRAIT/11.mp4","11","Identity and usage rights require review before assignment","below_90_percent","Confirm identity, role, rights and crop before manifest assignment"
"/Users/megdude/Downloads/PERKS MEDIA/NEW VIDEOS/VIDEO & IMAGES/PORTRAIT/12.mp4","12","Identity and usage rights require review before assignment","below_90_percent","Confirm identity, role, rights and crop before manifest assignment"
"/Users/megdude/Downloads/PERKS MEDIA/NEW VIDEOS/VIDEO & IMAGES/PORTRAIT/13.mp4","13","Identity and usage rights require review before assignment","below_90_percent","Confirm identity, role, rights and crop before manifest assignment"
"/Users/megdude/Downloads/PERKS MEDIA/NEW VIDEOS/VIDEO & IMAGES/PORTRAIT/14.mp4","14","Identity and usage rights require review before assignment","below_90_percent","Confirm identity, role, rights and crop before manifest assignment"
"/Users/megdude/Downloads/PERKS MEDIA/NEW VIDEOS/VIDEO & IMAGES/PORTRAIT/15.mp4","15","Identity and usage rights require review before assignment","below_90_percent","Confirm identity, role, rights and crop before manifest assignment"
"/Users/megdude/Downloads/PERKS MEDIA/NEW VIDEOS/VIDEO & IMAGES/PORTRAIT/16.mp4","16","Identity and usage rights require review before assignment","below_90_percent","Confirm identity, role, rights and crop before manifest assignment"
"/Users/megdude/Downloads/PERKS MEDIA/NEW VIDEOS/VIDEO & IMAGES/PORTRAIT/17.mp4","17","Identity and usage rights require review before assignment","below_90_percent","Confirm identity, role, rights and crop before manifest assignment"
"/Users/megdude/Downloads/PERKS MEDIA/NEW VIDEOS/VIDEO & IMAGES/PORTRAIT/18.mp4","18","Identity and usage rights require review before assignment","below_90_percent","Confirm identity, role, rights and crop before manifest assignment"
"/Users/megdude/Downloads/PERKS MEDIA/NEW VIDEOS/VIDEO & IMAGES/PORTRAIT/19.mp4","19","Identity and usage rights require review before assignment","below_90_percent","Confirm identity, role, rights and crop before manifest assignment"
"/Users/megdude/Downloads/PERKS MEDIA/NEW VIDEOS/VIDEO & IMAGES/PORTRAIT/20.mp4","20","Identity and usage rights require review before assignment","below_90_percent","Confirm identity, role, rights and crop before manifest assignment"
"/Users/megdude/Downloads/PERKS MEDIA/NEW VIDEOS/VIDEO & IMAGES/PORTRAIT/21.mp4","21","Identity and usage rights require review before assignment","below_90_percent","Confirm identity, role, rights and crop before manifest assignment"
"/Users/megdude/Downloads/PERKS MEDIA/NEW VIDEOS/VIDEO & IMAGES/PORTRAIT/24.mp4","24","Identity and usage rights require review before assignment","below_90_percent","Confirm identity, role, rights and crop before manifest assignment"
"/Users/megdude/Downloads/PERKS MEDIA/NEW VIDEOS/VIDEO & IMAGES/PORTRAIT/25.mp4","25","Identity and usage rights require review before assignment","below_90_percent","Confirm identity, role, rights and crop before manifest assignment"
"/Users/megdude/Downloads/PERKS MEDIA/NEW VIDEOS/VIDEO & IMAGES/PORTRAIT/26.mp4","26","Identity and usage rights require review before assignment","below_90_percent","Confirm identity, role, rights and crop before manifest assignment"
"/Users/megdude/Downloads/PERKS MEDIA/NEW VIDEOS/VIDEO & IMAGES/PORTRAIT/29.mp4","29","Identity and usage rights require review before assignment","below_90_percent","Confirm identity, role, rights and crop before manifest assignment"
"/Users/megdude/Downloads/PERKS MEDIA/NEW VIDEOS/VIDEO & IMAGES/PORTRAIT/31.mp4","31","Identity and usage rights require review before assignment","below_90_percent","Confirm identity, role, rights and crop before manifest assignment"
"/Users/megdude/Downloads/PERKS MEDIA/NEW VIDEOS/VIDEO & IMAGES/PORTRAIT/32.mp4","32","Identity and usage rights require review before assignment","below_90_percent","Confirm identity, role, rights and crop before manifest assignment"
"/Users/megdude/Downloads/PERKS MEDIA/NEW VIDEOS/VIDEO & IMAGES/PORTRAIT/33.mp4","33","Identity and usage rights require review before assignment","below_90_percent","Confirm identity, role, rights and crop before manifest assignment"
"/Users/megdude/Downloads/PERKS MEDIA/NEW VIDEOS/VIDEO & IMAGES/PORTRAIT/34.mp4","34","Identity and usage rights require review before assignment","below_90_percent","Confirm identity, role, rights and crop before manifest assignment"
"/Users/megdude/Downloads/PERKS MEDIA/NEW VIDEOS/VIDEO & IMAGES/PORTRAIT/35.mp4","35","Identity and usage rights require review before assignment","below_90_percent","Confirm identity, role, rights and crop before manifest assignment"
"/Users/megdude/Downloads/PERKS MEDIA/NEW VIDEOS/VIDEO & IMAGES/PORTRAIT/36.mp4","36","Identity and usage rights require review before assignment","below_90_percent","Confirm identity, role, rights and crop before manifest assignment"
"/Users/megdude/Downloads/PERKS MEDIA/NEW VIDEOS/VIDEO & IMAGES/PORTRAIT/37.mp4","37","Identity and usage rights require review before assignment","below_90_percent","Confirm identity, role, rights and crop before manifest assignment"
"/Users/megdude/Downloads/PERKS MEDIA/NEW VIDEOS/VIDEO & IMAGES/PORTRAIT/38.mp4","38","Identity and usage rights require review before assignment","below_90_percent","Confirm identity, role, rights and crop before manifest assignment"
"/Users/megdude/Downloads/PERKS MEDIA/NEW VIDEOS/VIDEO & IMAGES/PORTRAIT/4.mp4","4","Identity and usage rights require review before assignment","below_90_percent","Confirm identity, role, rights and crop before manifest assignment"
"/Users/megdude/Downloads/PERKS MEDIA/NEW VIDEOS/VIDEO & IMAGES/PORTRAIT/5.mp4","5","Identity and usage rights require review before assignment","below_90_percent","Confirm identity, role, rights and crop before manifest assignment"
"/Users/megdude/Downloads/PERKS MEDIA/NEW VIDEOS/VIDEO & IMAGES/PORTRAIT/6.mp4","6","Identity and usage rights require review before assignment","below_90_percent","Confirm identity, role, rights and crop before manifest assignment"
"/Users/megdude/Downloads/PERKS MEDIA/NEW VIDEOS/VIDEO & IMAGES/PORTRAIT/7.mp4","7","Identity and usage rights require review before assignment","below_90_percent","Confirm identity, role, rights and crop before manifest assignment"
"/Users/megdude/Downloads/PERKS MEDIA/NEW VIDEOS/VIDEO & IMAGES/PORTRAIT/8.mp4","8","Identity and usage rights require review before assignment","below_90_percent","Confirm identity, role, rights and crop before manifest assignment"
"/Users/megdude/Downloads/PERKS MEDIA/NEW VIDEOS/VIDEO & IMAGES/PORTRAIT/9.mp4","9","Identity and usage rights require review before assignment","below_90_percent","Confirm identity, role, rights and crop before manifest assignment"
"/Users/megdude/Downloads/PERKS MEDIA/NEW VIDEOS/VIDEO & IMAGES/PRICING &  CAMPAIGN /99.png","99","Identity and usage rights require review before assignment","below_90_percent","Confirm identity, role, rights and crop before manifest assignment"
"/Users/megdude/Downloads/PERKS MEDIA/NEW VIDEOS/VIDEO & IMAGES/PRICING &  CAMPAIGN /pricing-campaign-add-ons.png","pricing-campaign-add-ons","Identity and usage rights require review before assignment","below_90_percent","Confirm identity, role, rights and crop before manifest assignment"
"/Users/megdude/Downloads/PERKS MEDIA/NEW VIDEOS/VIDEO & IMAGES/PRICING &  CAMPAIGN /pricing.png","pricing","Identity and usage rights require review before assignment","below_90_percent","Confirm identity, role, rights and crop before manifest assignment"
"/Users/megdude/Downloads/PERKS MEDIA/NEW VIDEOS/VIDEO & IMAGES/QR CODE/ee68af47-de6d-40cf-8af1-def6e104c48b.png","ee68af47-de6d-40cf-8af1-def6e104c48b","Identity and usage rights require review before assignment","below_90_percent","Confirm identity, role, rights and crop before manifest assignment"
"/Users/megdude/Downloads/PERKS MEDIA/NEW VIDEOS/VIDEO & IMAGES/QR CODE/lobby.png","lobby","Identity and usage rights require review before assignment","below_90_percent","Confirm identity, role, rights and crop before manifest assignment"
"/Users/megdude/Downloads/PERKS MEDIA/NEW VIDEOS/VIDEO & IMAGES/QR CODE/redeem-perk.png","redeem-perk","Identity and usage rights require review before assignment","below_90_percent","Confirm identity, role, rights and crop before manifest assignment"
"/Users/megdude/Downloads/PERKS MEDIA/NEW VIDEOS/VIDEO & IMAGES/RESIDENT JOURNEY/flo1-1-nearby.png","flo1-1-nearby","Identity and usage rights require review before assignment","below_90_percent","Confirm identity, role, rights and crop before manifest assignment"
"/Users/megdude/Downloads/PERKS MEDIA/NEW VIDEOS/VIDEO & IMAGES/RESIDENT JOURNEY/flow-1.png","flow-1","Identity and usage rights require review before assignment","below_90_percent","Confirm identity, role, rights and crop before manifest assignment"
"/Users/megdude/Downloads/PERKS MEDIA/NEW VIDEOS/VIDEO & IMAGES/RESIDENT JOURNEY/flow-2-check-in.png","flow-2-check-in","Identity and usage rights require review before assignment","below_90_percent","Confirm identity, role, rights and crop before manifest assignment"
"/Users/megdude/Downloads/PERKS MEDIA/NEW VIDEOS/VIDEO & IMAGES/RESIDENT JOURNEY/flow-2-discover.png","flow-2-discover","Identity and usage rights require review before assignment","below_90_percent","Confirm identity, role, rights and crop before manifest assignment"
"/Users/megdude/Downloads/PERKS MEDIA/NEW VIDEOS/VIDEO & IMAGES/RESIDENT JOURNEY/flow-4-checked-in.png","flow-4-checked-in","Identity and usage rights require review before assignment","below_90_percent","Confirm identity, role, rights and crop before manifest assignment"
"/Users/megdude/Downloads/PERKS MEDIA/NEW VIDEOS/VIDEO & IMAGES/RESIDENT JOURNEY/flow-5-rooftop.png","flow-5-rooftop","Identity and usage rights require review before assignment","below_90_percent","Confirm identity, role, rights and crop before manifest assignment"
"/Users/megdude/Downloads/PERKS MEDIA/NEW VIDEOS/VIDEO & IMAGES/RESIDENT JOURNEY/flow-6-rooftop.png","flow-6-rooftop","Identity and usage rights require review before assignment","below_90_percent","Confirm identity, role, rights and crop before manifest assignment"
"/Users/megdude/Downloads/PERKS MEDIA/NEW VIDEOS/VIDEO & IMAGES/RESIDENT JOURNEY/flow-7-explore-qr-code.png","flow-7-explore-qr-code","Identity and usage rights require review before assignment","below_90_percent","Confirm identity, role, rights and crop before manifest assignment"
"/Users/megdude/Downloads/PERKS MEDIA/NEW VIDEOS/VIDEO & IMAGES/SURVEY/80e21c09-5173-4db3-acde-4e2c0dc7009b.png","80e21c09-5173-4db3-acde-4e2c0dc7009b","Identity and usage rights require review before assignment","below_90_percent","Confirm identity, role, rights and crop before manifest assignment"
"/Users/megdude/Downloads/PERKS MEDIA/NEW VIDEOS/VIDEO & IMAGES/SURVEY/boop-survey.png","boop-survey","Identity and usage rights require review before assignment","below_90_percent","Confirm identity, role, rights and crop before manifest assignment"
"/Users/megdude/Downloads/PERKS MEDIA/NEW VIDEOS/VIDEO & IMAGES/SURVEY/boop.png","boop","Identity and usage rights require review before assignment","below_90_percent","Confirm identity, role, rights and crop before manifest assignment"
"/Users/megdude/Downloads/PERKS MEDIA/NEW VIDEOS/antones.mp4","antones","Identity and usage rights require review before assignment","below_90_percent","Confirm identity, role, rights and crop before manifest assignment"
"/Users/megdude/Downloads/PERKS MEDIA/NEW VIDEOS/atx tech overlay.mp4","atx-tech-overlay","Identity and usage rights require review before assignment","below_90_percent","Confirm identity, role, rights and crop before manifest assignment"
"/Users/megdude/Downloads/PERKS MEDIA/NEW VIDEOS/banger 5.mp4","banger-5","Identity and usage rights require review before assignment","below_90_percent","Confirm identity, role, rights and crop before manifest assignment"
"/Users/megdude/Downloads/PERKS MEDIA/NEW VIDEOS/bangers.mp4","bangers","Identity and usage rights require review before assignment","below_90_percent","Confirm identity, role, rights and crop before manifest assignment"
"/Users/megdude/Downloads/PERKS MEDIA/NEW VIDEOS/bikes trail.mp4","bikes-trail","Identity and usage rights require review before assignment","below_90_percent","Confirm identity, role, rights and crop before manifest assignment"
"/Users/megdude/Downloads/PERKS MEDIA/NEW VIDEOS/boots 2.mp4","boots-2","Identity and usage rights require review before assignment","below_90_percent","Confirm identity, role, rights and crop before manifest assignment"
"/Users/megdude/Downloads/PERKS MEDIA/NEW VIDEOS/boots 3.mp4","boots-3","Identity and usage rights require review before assignment","below_90_percent","Confirm identity, role, rights and crop before manifest assignment"
"/Users/megdude/Downloads/PERKS MEDIA/NEW VIDEOS/boots 4.mp4","boots-4","Identity and usage rights require review before assignment","below_90_percent","Confirm identity, role, rights and crop before manifest assignment"
"/Users/megdude/Downloads/PERKS MEDIA/NEW VIDEOS/boots.mp4","boots","Identity and usage rights require review before assignment","below_90_percent","Confirm identity, role, rights and crop before manifest assignment"
"/Users/megdude/Downloads/PERKS MEDIA/NEW VIDEOS/brands 1.mp4","brands-1","Identity and usage rights require review before assignment","below_90_percent","Confirm identity, role, rights and crop before manifest assignment"
"/Users/megdude/Downloads/PERKS MEDIA/NEW VIDEOS/brands 8.mp4","brands-8","Identity and usage rights require review before assignment","below_90_percent","Confirm identity, role, rights and crop before manifest assignment"
"/Users/megdude/Downloads/PERKS MEDIA/NEW VIDEOS/brands.mp4","brands","Identity and usage rights require review before assignment","below_90_percent","Confirm identity, role, rights and crop before manifest assignment"
"/Users/megdude/Downloads/PERKS MEDIA/NEW VIDEOS/building 1.mp4","building-1","Identity and usage rights require review before assignment","below_90_percent","Confirm identity, role, rights and crop before manifest assignment"
"/Users/megdude/Downloads/PERKS MEDIA/NEW VIDEOS/building conceierge.mp4","building-conceierge","Identity and usage rights require review before assignment","below_90_percent","Confirm identity, role, rights and crop before manifest assignment"
"/Users/megdude/Downloads/PERKS MEDIA/NEW VIDEOS/building day to night.mp4","building-day-to-night","Identity and usage rights require review before assignment","below_90_percent","Confirm identity, role, rights and crop before manifest assignment"
"/Users/megdude/Downloads/PERKS MEDIA/NEW VIDEOS/building sunset.mp4","building-sunset","Identity and usage rights require review before assignment","below_90_percent","Confirm identity, role, rights and crop before manifest assignment"
"/Users/megdude/Downloads/PERKS MEDIA/NEW VIDEOS/capital.mp4","capital","Identity and usage rights require review before assignment","below_90_percent","Confirm identity, role, rights and crop before manifest assignment"
"/Users/megdude/Downloads/PERKS MEDIA/NEW VIDEOS/cocktail briaght.mp4","cocktail-briaght","Identity and usage rights require review before assignment","below_90_percent","Confirm identity, role, rights and crop before manifest assignment"
"/Users/megdude/Downloads/PERKS MEDIA/NEW VIDEOS/cocktail.mp4","cocktail","Identity and usage rights require review before assignment","below_90_percent","Confirm identity, role, rights and crop before manifest assignment"
"/Users/megdude/Downloads/PERKS MEDIA/NEW VIDEOS/coffee-before-work copy.mp4","coffee-before-work-copy","Identity and usage rights require review before assignment","below_90_percent","Confirm identity, role, rights and crop before manifest assignment"
"/Users/megdude/Downloads/PERKS MEDIA/NEW VIDEOS/concierge help.mp4","concierge-help","Identity and usage rights require review before assignment","below_90_percent","Confirm identity, role, rights and crop before manifest assignment"
"/Users/megdude/Downloads/PERKS MEDIA/NEW VIDEOS/create_video_as_followes_Aeri.mp4","create-video-as-followes-aeri","Identity and usage rights require review before assignment","below_90_percent","Confirm identity, role, rights and crop before manifest assignment"
"/Users/megdude/Downloads/PERKS MEDIA/NEW VIDEOS/dana-community-event.mp4","dana-community-event","Identity and usage rights require review before assignment","below_90_percent","Confirm identity, role, rights and crop before manifest assignment"
"/Users/megdude/Downloads/PERKS MEDIA/NEW VIDEOS/dana-downtown-drone.mp4","dana-downtown-drone","Identity and usage rights require review before assignment","below_90_percent","Confirm identity, role, rights and crop before manifest assignment"
"/Users/megdude/Downloads/PERKS MEDIA/NEW VIDEOS/davon daa.mp4","davon-daa","Identity and usage rights require review before assignment","below_90_percent","Confirm identity, role, rights and crop before manifest assignment"
"/Users/megdude/Downloads/PERKS MEDIA/NEW VIDEOS/davon.mp4","davon","Identity and usage rights require review before assignment","below_90_percent","Confirm identity, role, rights and crop before manifest assignment"
"/Users/megdude/Downloads/PERKS MEDIA/NEW VIDEOS/desk 1.mp4","desk-1","Identity and usage rights require review before assignment","below_90_percent","Confirm identity, role, rights and crop before manifest assignment"
"/Users/megdude/Downloads/PERKS MEDIA/NEW VIDEOS/desk concierge help.mp4","desk-concierge-help","Identity and usage rights require review before assignment","below_90_percent","Confirm identity, role, rights and crop before manifest assignment"
"/Users/megdude/Downloads/PERKS MEDIA/NEW VIDEOS/dinner-fast copy.mp4","dinner-fast-copy","Identity and usage rights require review before assignment","below_90_percent","Confirm identity, role, rights and crop before manifest assignment"
"/Users/megdude/Downloads/PERKS MEDIA/NEW VIDEOS/dirsty 6.mp4","dirsty-6","Identity and usage rights require review before assignment","below_90_percent","Confirm identity, role, rights and crop before manifest assignment"
"/Users/megdude/Downloads/PERKS MEDIA/NEW VIDEOS/dirty 6 1.mp4","dirty-6-1","Identity and usage rights require review before assignment","below_90_percent","Confirm identity, role, rights and crop before manifest assignment"
"/Users/megdude/Downloads/PERKS MEDIA/NEW VIDEOS/dirty 6 3.mp4","dirty-6-3","Identity and usage rights require review before assignment","below_90_percent","Confirm identity, role, rights and crop before manifest assignment"
"/Users/megdude/Downloads/PERKS MEDIA/NEW VIDEOS/downtown animation.mp4","downtown-animation","Identity and usage rights require review before assignment","below_90_percent","Confirm identity, role, rights and crop before manifest assignment"
"/Users/megdude/Downloads/PERKS MEDIA/NEW VIDEOS/elevator 1.mp4","elevator-1","Identity and usage rights require review before assignment","below_90_percent","Confirm identity, role, rights and crop before manifest assignment"
"/Users/megdude/Downloads/PERKS MEDIA/NEW VIDEOS/elevator.mp4","elevator","Identity and usage rights require review before assignment","below_90_percent","Confirm identity, role, rights and crop before manifest assignment"
"/Users/megdude/Downloads/PERKS MEDIA/NEW VIDEOS/food trucj 1.mp4","food-trucj-1","Identity and usage rights require review before assignment","below_90_percent","Confirm identity, role, rights and crop before manifest assignment"
"/Users/megdude/Downloads/PERKS MEDIA/NEW VIDEOS/food truck.mp4","food-truck","Identity and usage rights require review before assignment","below_90_percent","Confirm identity, role, rights and crop before manifest assignment"
"/Users/megdude/Downloads/PERKS MEDIA/NEW VIDEOS/four-seasons-lakefront-arrival.mp4","four-seasons-lakefront-arrival","Identity and usage rights require review before assignment","below_90_percent","Confirm identity, role, rights and crop before manifest assignment"
"/Users/megdude/Downloads/PERKS MEDIA/NEW VIDEOS/frost view happy hour.mp4","frost-view-happy-hour","Identity and usage rights require review before assignment","below_90_percent","Confirm identity, role, rights and crop before manifest assignment"
"/Users/megdude/Downloads/PERKS MEDIA/NEW VIDEOS/greenway 1.mp4","greenway-1","Identity and usage rights require review before assignment","below_90_percent","Confirm identity, role, rights and crop before manifest assignment"
"/Users/megdude/Downloads/PERKS MEDIA/NEW VIDEOS/greenway.mp4","greenway","Identity and usage rights require review before assignment","below_90_percent","Confirm identity, role, rights and crop before manifest assignment"
"/Users/megdude/Downloads/PERKS MEDIA/NEW VIDEOS/happy hour 1.mp4","happy-hour-1","Identity and usage rights require review before assignment","below_90_percent","Confirm identity, role, rights and crop before manifest assignment"
"/Users/megdude/Downloads/PERKS MEDIA/NEW VIDEOS/happy hour.mp4","happy-hour","Identity and usage rights require review before assignment","below_90_percent","Confirm identity, role, rights and crop before manifest assignment"
"/Users/megdude/Downloads/PERKS MEDIA/NEW VIDEOS/hat activation.mp4","hat-activation","Identity and usage rights require review before assignment","below_90_percent","Confirm identity, role, rights and crop before manifest assignment"
"/Users/megdude/Downloads/PERKS MEDIA/NEW VIDEOS/hero banner.mp4","hero-banner","Identity and usage rights require review before assignment","below_90_percent","Confirm identity, role, rights and crop before manifest assignment"
"/Users/megdude/Downloads/PERKS MEDIA/NEW VIDEOS/hero banner1.mp4","hero-banner1","Identity and usage rights require review before assignment","below_90_percent","Confirm identity, role, rights and crop before manifest assignment"
"/Users/megdude/Downloads/PERKS MEDIA/NEW VIDEOS/hero cocktail .mp4","hero-cocktail","Identity and usage rights require review before assignment","below_90_percent","Confirm identity, role, rights and crop before manifest assignment"
"/Users/megdude/Downloads/PERKS MEDIA/NEW VIDEOS/hero daa ceo.mp4","hero-daa-ceo","Identity and usage rights require review before assignment","below_90_percent","Confirm identity, role, rights and crop before manifest assignment"
"/Users/megdude/Downloads/PERKS MEDIA/NEW VIDEOS/highway .mp4","highway","Identity and usage rights require review before assignment","below_90_percent","Confirm identity, role, rights and crop before manifest assignment"
"/Users/megdude/Downloads/PERKS MEDIA/NEW VIDEOS/honky.mp4","honky","Identity and usage rights require review before assignment","below_90_percent","Confirm identity, role, rights and crop before manifest assignment"
"/Users/megdude/Downloads/PERKS MEDIA/NEW VIDEOS/host 1.mp4","host-1","Identity and usage rights require review before assignment","below_90_percent","Confirm identity, role, rights and crop before manifest assignment"
"/Users/megdude/Downloads/PERKS MEDIA/NEW VIDEOS/hotel arriving.mp4","hotel-arriving","Identity and usage rights require review before assignment","below_90_percent","Confirm identity, role, rights and crop before manifest assignment"
"/Users/megdude/Downloads/PERKS MEDIA/NEW VIDEOS/hotel live event.mp4","hotel-live-event","Identity and usage rights require review before assignment","below_90_percent","Confirm identity, role, rights and crop before manifest assignment"
"/Users/megdude/Downloads/PERKS MEDIA/NEW VIDEOS/i35 road .mp4","i35-road","Identity and usage rights require review before assignment","below_90_percent","Confirm identity, role, rights and crop before manifest assignment"
"/Users/megdude/Downloads/PERKS MEDIA/NEW VIDEOS/i35.mp4","i35","Identity and usage rights require review before assignment","below_90_percent","Confirm identity, role, rights and crop before manifest assignment"
"/Users/megdude/Downloads/PERKS MEDIA/NEW VIDEOS/icecream.mp4","icecream","Identity and usage rights require review before assignment","below_90_percent","Confirm identity, role, rights and crop before manifest assignment"
"/Users/megdude/Downloads/PERKS MEDIA/NEW VIDEOS/icecream1.mp4","icecream1","Identity and usage rights require review before assignment","below_90_percent","Confirm identity, role, rights and crop before manifest assignment"
"/Users/megdude/Downloads/PERKS MEDIA/NEW VIDEOS/lake 1.mp4","lake-1","Identity and usage rights require review before assignment","below_90_percent","Confirm identity, role, rights and crop before manifest assignment"
"/Users/megdude/Downloads/PERKS MEDIA/NEW VIDEOS/lake 9.mp4","lake-9","Identity and usage rights require review before assignment","below_90_percent","Confirm identity, role, rights and crop before manifest assignment"
"/Users/megdude/Downloads/PERKS MEDIA/NEW VIDEOS/listing property 1.mp4","listing-property-1","Identity and usage rights require review before assignment","below_90_percent","Confirm identity, role, rights and crop before manifest assignment"
"/Users/megdude/Downloads/PERKS MEDIA/NEW VIDEOS/listing property 2.mp4","listing-property-2","Identity and usage rights require review before assignment","below_90_percent","Confirm identity, role, rights and crop before manifest assignment"
"/Users/megdude/Downloads/PERKS MEDIA/NEW VIDEOS/listing propery10.mp4","listing-propery10","Identity and usage rights require review before assignment","below_90_percent","Confirm identity, role, rights and crop before manifest assignment"
"/Users/megdude/Downloads/PERKS MEDIA/NEW VIDEOS/listing propery11.mp4","listing-propery11","Identity and usage rights require review before assignment","below_90_percent","Confirm identity, role, rights and crop before manifest assignment"
"/Users/megdude/Downloads/PERKS MEDIA/NEW VIDEOS/listing propery12.mp4","listing-propery12","Identity and usage rights require review before assignment","below_90_percent","Confirm identity, role, rights and crop before manifest assignment"
"/Users/megdude/Downloads/PERKS MEDIA/NEW VIDEOS/listing propery13.mp4","listing-propery13","Identity and usage rights require review before assignment","below_90_percent","Confirm identity, role, rights and crop before manifest assignment"
"/Users/megdude/Downloads/PERKS MEDIA/NEW VIDEOS/listing propery15.mp4","listing-propery15","Identity and usage rights require review before assignment","below_90_percent","Confirm identity, role, rights and crop before manifest assignment"
"/Users/megdude/Downloads/PERKS MEDIA/NEW VIDEOS/listing propery3 copy.mp4","listing-propery3-copy","Identity and usage rights require review before assignment","below_90_percent","Confirm identity, role, rights and crop before manifest assignment"
"/Users/megdude/Downloads/PERKS MEDIA/NEW VIDEOS/listing propery3.mp4","listing-propery3","Identity and usage rights require review before assignment","below_90_percent","Confirm identity, role, rights and crop before manifest assignment"
"/Users/megdude/Downloads/PERKS MEDIA/NEW VIDEOS/listing propery4.mp4","listing-propery4","Identity and usage rights require review before assignment","below_90_percent","Confirm identity, role, rights and crop before manifest assignment"
"/Users/megdude/Downloads/PERKS MEDIA/NEW VIDEOS/listing propery5.mp4","listing-propery5","Identity and usage rights require review before assignment","below_90_percent","Confirm identity, role, rights and crop before manifest assignment"
"/Users/megdude/Downloads/PERKS MEDIA/NEW VIDEOS/listing propery6.mp4","listing-propery6","Identity and usage rights require review before assignment","below_90_percent","Confirm identity, role, rights and crop before manifest assignment"
"/Users/megdude/Downloads/PERKS MEDIA/NEW VIDEOS/listing propery7 copy.mp4","listing-propery7-copy","Identity and usage rights require review before assignment","below_90_percent","Confirm identity, role, rights and crop before manifest assignment"
"/Users/megdude/Downloads/PERKS MEDIA/NEW VIDEOS/listing propery7.mp4","listing-propery7","Identity and usage rights require review before assignment","below_90_percent","Confirm identity, role, rights and crop before manifest assignment"
"/Users/megdude/Downloads/PERKS MEDIA/NEW VIDEOS/listing propery8.mp4","listing-propery8","Identity and usage rights require review before assignment","below_90_percent","Confirm identity, role, rights and crop before manifest assignment"
"/Users/megdude/Downloads/PERKS MEDIA/NEW VIDEOS/listing propery9.mp4","listing-propery9","Identity and usage rights require review before assignment","below_90_percent","Confirm identity, role, rights and crop before manifest assignment"
"/Users/megdude/Downloads/PERKS MEDIA/NEW VIDEOS/little-extras-worth-saving copy.mp4","little-extras-worth-saving-copy","Identity and usage rights require review before assignment","below_90_percent","Confirm identity, role, rights and crop before manifest assignment"
"/Users/megdude/Downloads/PERKS MEDIA/NEW VIDEOS/live here listing.mp4","live-here-listing","Identity and usage rights require review before assignment","below_90_percent","Confirm identity, role, rights and crop before manifest assignment"
"/Users/megdude/Downloads/PERKS MEDIA/NEW VIDEOS/live here resident property.mp4","live-here-resident-property","Identity and usage rights require review before assignment","below_90_percent","Confirm identity, role, rights and crop before manifest assignment"
"/Users/megdude/Downloads/PERKS MEDIA/NEW VIDEOS/live here.mp4","live-here","Identity and usage rights require review before assignment","below_90_percent","Confirm identity, role, rights and crop before manifest assignment"
"/Users/megdude/Downloads/PERKS MEDIA/NEW VIDEOS/long video .mp4","long-video","Identity and usage rights require review before assignment","below_90_percent","Confirm identity, role, rights and crop before manifest assignment"
"/Users/megdude/Downloads/PERKS MEDIA/NEW VIDEOS/map 1.mp4","map-1","Identity and usage rights require review before assignment","below_90_percent","Confirm identity, role, rights and crop before manifest assignment"
"/Users/megdude/Downloads/PERKS MEDIA/NEW VIDEOS/map mobile video.mp4","map-mobile-video","Identity and usage rights require review before assignment","below_90_percent","Confirm identity, role, rights and crop before manifest assignment"
"/Users/megdude/Downloads/PERKS MEDIA/NEW VIDEOS/nina real eastate.mp4","nina-real-eastate","Identity and usage rights require review before assignment","below_90_percent","Confirm identity, role, rights and crop before manifest assignment"
"/Users/megdude/Downloads/PERKS MEDIA/NEW VIDEOS/p6 venue.mp4","p6-venue","Identity and usage rights require review before assignment","below_90_percent","Confirm identity, role, rights and crop before manifest assignment"
"/Users/megdude/Downloads/PERKS MEDIA/NEW VIDEOS/p6.mp4","p6","Identity and usage rights require review before assignment","below_90_percent","Confirm identity, role, rights and crop before manifest assignment"
"/Users/megdude/Downloads/PERKS MEDIA/NEW VIDEOS/paddleboardriver.mp4","paddleboardriver","Identity and usage rights require review before assignment","below_90_percent","Confirm identity, role, rights and crop before manifest assignment"
"/Users/megdude/Downloads/PERKS MEDIA/NEW VIDEOS/park.mp4","park","Identity and usage rights require review before assignment","below_90_percent","Confirm identity, role, rights and crop before manifest assignment"
"/Users/megdude/Downloads/PERKS MEDIA/NEW VIDEOS/partners .mp4","partners","Identity and usage rights require review before assignment","below_90_percent","Confirm identity, role, rights and crop before manifest assignment"
"/Users/megdude/Downloads/PERKS MEDIA/NEW VIDEOS/perk checkout.mp4","perk-checkout","Identity and usage rights require review before assignment","below_90_percent","Confirm identity, role, rights and crop before manifest assignment"
"/Users/megdude/Downloads/PERKS MEDIA/NEW VIDEOS/pizza.mp4","pizza","Identity and usage rights require review before assignment","below_90_percent","Confirm identity, role, rights and crop before manifest assignment"
"/Users/megdude/Downloads/PERKS MEDIA/NEW VIDEOS/pool van zandt.mp4","pool-van-zandt","Identity and usage rights require review before assignment","below_90_percent","Confirm identity, role, rights and crop before manifest assignment"
"/Users/megdude/Downloads/PERKS MEDIA/NEW VIDEOS/pos.mp4","pos","Identity and usage rights require review before assignment","below_90_percent","Confirm identity, role, rights and crop before manifest assignment"
"/Users/megdude/Downloads/PERKS MEDIA/NEW VIDEOS/property 1.mp4","property-1","Identity and usage rights require review before assignment","below_90_percent","Confirm identity, role, rights and crop before manifest assignment"
"/Users/megdude/Downloads/PERKS MEDIA/NEW VIDEOS/property listing.mp4","property-listing","Identity and usage rights require review before assignment","below_90_percent","Confirm identity, role, rights and crop before manifest assignment"
"/Users/megdude/Downloads/PERKS MEDIA/NEW VIDEOS/property.mp4","property","Identity and usage rights require review before assignment","below_90_percent","Confirm identity, role, rights and crop before manifest assignment"
"/Users/megdude/Downloads/PERKS MEDIA/NEW VIDEOS/property2.mp4","property2","Identity and usage rights require review before assignment","below_90_percent","Confirm identity, role, rights and crop before manifest assignment"
"/Users/megdude/Downloads/PERKS MEDIA/NEW VIDEOS/property3.mp4","property3","Identity and usage rights require review before assignment","below_90_percent","Confirm identity, role, rights and crop before manifest assignment"
"/Users/megdude/Downloads/PERKS MEDIA/NEW VIDEOS/property4.mp4","property4","Identity and usage rights require review before assignment","below_90_percent","Confirm identity, role, rights and crop before manifest assignment"
"/Users/megdude/Downloads/PERKS MEDIA/NEW VIDEOS/property5.mp4","property5","Identity and usage rights require review before assignment","below_90_percent","Confirm identity, role, rights and crop before manifest assignment"
"/Users/megdude/Downloads/PERKS MEDIA/NEW VIDEOS/qr at front desk  copy.mp4","qr-at-front-desk-copy","Identity and usage rights require review before assignment","below_90_percent","Confirm identity, role, rights and crop before manifest assignment"
"/Users/megdude/Downloads/PERKS MEDIA/NEW VIDEOS/reception qr.mp4","reception-qr","Identity and usage rights require review before assignment","below_90_percent","Confirm identity, role, rights and crop before manifest assignment"
"/Users/megdude/Downloads/PERKS MEDIA/NEW VIDEOS/regulars at pool.mp4","regulars-at-pool","Identity and usage rights require review before assignment","below_90_percent","Confirm identity, role, rights and crop before manifest assignment"
"/Users/megdude/Downloads/PERKS MEDIA/NEW VIDEOS/reserved.mp4","reserved","Identity and usage rights require review before assignment","below_90_percent","Confirm identity, role, rights and crop before manifest assignment"
"/Users/megdude/Downloads/PERKS MEDIA/NEW VIDEOS/resident at POS.mp4","resident-at-pos","Identity and usage rights require review before assignment","below_90_percent","Confirm identity, role, rights and crop before manifest assignment"
"/Users/megdude/Downloads/PERKS MEDIA/NEW VIDEOS/resident journey.mp4","resident-journey","Identity and usage rights require review before assignment","below_90_percent","Confirm identity, role, rights and crop before manifest assignment"
"/Users/megdude/Downloads/PERKS MEDIA/NEW VIDEOS/resident perk.mp4","resident-perk","Identity and usage rights require review before assignment","below_90_percent","Confirm identity, role, rights and crop before manifest assignment"
"/Users/megdude/Downloads/PERKS MEDIA/NEW VIDEOS/resident pool.mp4","resident-pool","Identity and usage rights require review before assignment","below_90_percent","Confirm identity, role, rights and crop before manifest assignment"
"/Users/megdude/Downloads/PERKS MEDIA/NEW VIDEOS/residents 1.mp4","residents-1","Identity and usage rights require review before assignment","below_90_percent","Confirm identity, role, rights and crop before manifest assignment"
"/Users/megdude/Downloads/PERKS MEDIA/NEW VIDEOS/residents conceirge.mp4","residents-conceirge","Identity and usage rights require review before assignment","below_90_percent","Confirm identity, role, rights and crop before manifest assignment"
"/Users/megdude/Downloads/PERKS MEDIA/NEW VIDEOS/rides.mp4","rides","Identity and usage rights require review before assignment","below_90_percent","Confirm identity, role, rights and crop before manifest assignment"
"/Users/megdude/Downloads/PERKS MEDIA/NEW VIDEOS/rivan 8.mp4","rivan-8","Identity and usage rights require review before assignment","below_90_percent","Confirm identity, role, rights and crop before manifest assignment"
"/Users/megdude/Downloads/PERKS MEDIA/NEW VIDEOS/rivian 3.mp4","rivian-3","Identity and usage rights require review before assignment","below_90_percent","Confirm identity, role, rights and crop before manifest assignment"
"/Users/megdude/Downloads/PERKS MEDIA/NEW VIDEOS/rivian 6.mp4","rivian-6","Identity and usage rights require review before assignment","below_90_percent","Confirm identity, role, rights and crop before manifest assignment"
"/Users/megdude/Downloads/PERKS MEDIA/NEW VIDEOS/rivian 7.mp4","rivian-7","Identity and usage rights require review before assignment","below_90_percent","Confirm identity, role, rights and crop before manifest assignment"
"/Users/megdude/Downloads/PERKS MEDIA/NEW VIDEOS/rivian driving.mp4","rivian-driving","Identity and usage rights require review before assignment","below_90_percent","Confirm identity, role, rights and crop before manifest assignment"
"/Users/megdude/Downloads/PERKS MEDIA/NEW VIDEOS/rivian lifesty;e.mp4","rivian-lifesty-e","Identity and usage rights require review before assignment","below_90_percent","Confirm identity, role, rights and crop before manifest assignment"
"/Users/megdude/Downloads/PERKS MEDIA/NEW VIDEOS/rivian parking.mp4","rivian-parking","Identity and usage rights require review before assignment","below_90_percent","Confirm identity, role, rights and crop before manifest assignment"
"/Users/megdude/Downloads/PERKS MEDIA/NEW VIDEOS/rivian.mp4","rivian","Identity and usage rights require review before assignment","below_90_percent","Confirm identity, role, rights and crop before manifest assignment"
"/Users/megdude/Downloads/PERKS MEDIA/NEW VIDEOS/rivian1.mp4","rivian1","Identity and usage rights require review before assignment","below_90_percent","Confirm identity, role, rights and crop before manifest assignment"
"/Users/megdude/Downloads/PERKS MEDIA/NEW VIDEOS/rivian3.mp4","rivian3","Identity and usage rights require review before assignment","below_90_percent","Confirm identity, role, rights and crop before manifest assignment"
"/Users/megdude/Downloads/PERKS MEDIA/NEW VIDEOS/rivian4.mp4","rivian4","Identity and usage rights require review before assignment","below_90_percent","Confirm identity, role, rights and crop before manifest assignment"
"/Users/megdude/Downloads/PERKS MEDIA/NEW VIDEOS/rooftop copy.mp4","rooftop-copy","Identity and usage rights require review before assignment","below_90_percent","Confirm identity, role, rights and crop before manifest assignment"
"/Users/megdude/Downloads/PERKS MEDIA/NEW VIDEOS/rooftop pool.mp4","rooftop-pool","Identity and usage rights require review before assignment","below_90_percent","Confirm identity, role, rights and crop before manifest assignment"
"/Users/megdude/Downloads/PERKS MEDIA/NEW VIDEOS/rooftop-westin.mp4","rooftop-westin","Identity and usage rights require review before assignment","below_90_percent","Confirm identity, role, rights and crop before manifest assignment"
"/Users/megdude/Downloads/PERKS MEDIA/NEW VIDEOS/rootop the westin.mp4","rootop-the-westin","Identity and usage rights require review before assignment","below_90_percent","Confirm identity, role, rights and crop before manifest assignment"
"/Users/megdude/Downloads/PERKS MEDIA/NEW VIDEOS/running trial.mp4","running-trial","Identity and usage rights require review before assignment","below_90_percent","Confirm identity, role, rights and crop before manifest assignment"
"/Users/megdude/Downloads/PERKS MEDIA/NEW VIDEOS/something-tonight copy.mp4","something-tonight-copy","Identity and usage rights require review before assignment","below_90_percent","Confirm identity, role, rights and crop before manifest assignment"
"/Users/megdude/Downloads/PERKS MEDIA/NEW VIDEOS/sponosred campaign.mp4","sponosred-campaign","Identity and usage rights require review before assignment","below_90_percent","Confirm identity, role, rights and crop before manifest assignment"
"/Users/megdude/Downloads/PERKS MEDIA/NEW VIDEOS/sponsored campaign 1.mp4","sponsored-campaign-1","Identity and usage rights require review before assignment","below_90_percent","Confirm identity, role, rights and crop before manifest assignment"
"/Users/megdude/Downloads/PERKS MEDIA/NEW VIDEOS/stay put copy.mp4","stay-put-copy","Identity and usage rights require review before assignment","below_90_percent","Confirm identity, role, rights and crop before manifest assignment"
"/Users/megdude/Downloads/PERKS MEDIA/NEW VIDEOS/stay put intro .mp4","stay-put-intro","Identity and usage rights require review before assignment","below_90_percent","Confirm identity, role, rights and crop before manifest assignment"
"/Users/megdude/Downloads/PERKS MEDIA/NEW VIDEOS/stay put sign.mp4","stay-put-sign","Identity and usage rights require review before assignment","below_90_percent","Confirm identity, role, rights and crop before manifest assignment"
"/Users/megdude/Downloads/PERKS MEDIA/NEW VIDEOS/stay put.mp4","stay-put","Identity and usage rights require review before assignment","below_90_percent","Confirm identity, role, rights and crop before manifest assignment"
"/Users/megdude/Downloads/PERKS MEDIA/NEW VIDEOS/steak.mp4","steak","Identity and usage rights require review before assignment","below_90_percent","Confirm identity, role, rights and crop before manifest assignment"
"/Users/megdude/Downloads/PERKS MEDIA/NEW VIDEOS/survey.mp4","survey","Identity and usage rights require review before assignment","below_90_percent","Confirm identity, role, rights and crop before manifest assignment"
"/Users/megdude/Downloads/PERKS MEDIA/NEW VIDEOS/teailtrail.mp4","teailtrail","Identity and usage rights require review before assignment","below_90_percent","Confirm identity, role, rights and crop before manifest assignment"
"/Users/megdude/Downloads/PERKS MEDIA/NEW VIDEOS/tonkhonky.mp4","tonkhonky","Identity and usage rights require review before assignment","below_90_percent","Confirm identity, role, rights and crop before manifest assignment"
"/Users/megdude/Downloads/PERKS MEDIA/NEW VIDEOS/topo.mp4","topo","Identity and usage rights require review before assignment","below_90_percent","Confirm identity, role, rights and crop before manifest assignment"
"/Users/megdude/Downloads/PERKS MEDIA/NEW VIDEOS/topochico.mp4","topochico","Identity and usage rights require review before assignment","below_90_percent","Confirm identity, role, rights and crop before manifest assignment"
"/Users/megdude/Downloads/PERKS MEDIA/NEW VIDEOS/trai.mp4","trai","Identity and usage rights require review before assignment","below_90_percent","Confirm identity, role, rights and crop before manifest assignment"
"/Users/megdude/Downloads/PERKS MEDIA/NEW VIDEOS/trail 1.mp4","trail-1","Identity and usage rights require review before assignment","below_90_percent","Confirm identity, role, rights and crop before manifest assignment"
"/Users/megdude/Downloads/PERKS MEDIA/NEW VIDEOS/trail.mp4","trail","Identity and usage rights require review before assignment","below_90_percent","Confirm identity, role, rights and crop before manifest assignment"
"/Users/megdude/Downloads/PERKS MEDIA/NEW VIDEOS/venue hotel.mp4","venue-hotel","Identity and usage rights require review before assignment","below_90_percent","Confirm identity, role, rights and crop before manifest assignment"
"/Users/megdude/Downloads/PERKS MEDIA/NEW VIDEOS/vid 00000.mp4","vid-00000","Identity and usage rights require review before assignment","below_90_percent","Confirm identity, role, rights and crop before manifest assignment"
"/Users/megdude/Downloads/PERKS MEDIA/NEW VIDEOS/vid 111111.mp4","vid-111111","Identity and usage rights require review before assignment","below_90_percent","Confirm identity, role, rights and crop before manifest assignment"
"/Users/megdude/Downloads/PERKS MEDIA/NEW VIDEOS/vid 1112.mp4","vid-1112","Identity and usage rights require review before assignment","below_90_percent","Confirm identity, role, rights and crop before manifest assignment"
"/Users/megdude/Downloads/PERKS MEDIA/NEW VIDEOS/vid 1113.mp4","vid-1113","Identity and usage rights require review before assignment","below_90_percent","Confirm identity, role, rights and crop before manifest assignment"
"/Users/megdude/Downloads/PERKS MEDIA/NEW VIDEOS/vid01.mp4","vid01","Identity and usage rights require review before assignment","below_90_percent","Confirm identity, role, rights and crop before manifest assignment"
"/Users/megdude/Downloads/PERKS MEDIA/NEW VIDEOS/vid1.mp4","vid1","Identity and usage rights require review before assignment","below_90_percent","Confirm identity, role, rights and crop before manifest assignment"
"/Users/megdude/Downloads/PERKS MEDIA/NEW VIDEOS/vid10.mp4","vid10","Identity and usage rights require review before assignment","below_90_percent","Confirm identity, role, rights and crop before manifest assignment"
"/Users/megdude/Downloads/PERKS MEDIA/NEW VIDEOS/vid11.mp4","vid11","Identity and usage rights require review before assignment","below_90_percent","Confirm identity, role, rights and crop before manifest assignment"
"/Users/megdude/Downloads/PERKS MEDIA/NEW VIDEOS/vid11115.mp4","vid11115","Identity and usage rights require review before assignment","below_90_percent","Confirm identity, role, rights and crop before manifest assignment"
"/Users/megdude/Downloads/PERKS MEDIA/NEW VIDEOS/vid11116.mp4","vid11116","Identity and usage rights require review before assignment","below_90_percent","Confirm identity, role, rights and crop before manifest assignment"
"/Users/megdude/Downloads/PERKS MEDIA/NEW VIDEOS/vid11118.mp4","vid11118","Identity and usage rights require review before assignment","below_90_percent","Confirm identity, role, rights and crop before manifest assignment"
"/Users/megdude/Downloads/PERKS MEDIA/NEW VIDEOS/vid11119.mp4","vid11119","Identity and usage rights require review before assignment","below_90_percent","Confirm identity, role, rights and crop before manifest assignment"
"/Users/megdude/Downloads/PERKS MEDIA/NEW VIDEOS/vid1113.mp4","vid1113","Identity and usage rights require review before assignment","below_90_percent","Confirm identity, role, rights and crop before manifest assignment"
"/Users/megdude/Downloads/PERKS MEDIA/NEW VIDEOS/vid1114.mp4","vid1114","Identity and usage rights require review before assignment","below_90_percent","Confirm identity, role, rights and crop before manifest assignment"
"/Users/megdude/Downloads/PERKS MEDIA/NEW VIDEOS/vid119.mp4","vid119","Identity and usage rights require review before assignment","below_90_percent","Confirm identity, role, rights and crop before manifest assignment"
"/Users/megdude/Downloads/PERKS MEDIA/NEW VIDEOS/vid12.mp4","vid12","Identity and usage rights require review before assignment","below_90_percent","Confirm identity, role, rights and crop before manifest assignment"
"/Users/megdude/Downloads/PERKS MEDIA/NEW VIDEOS/vid13.mp4","vid13","Identity and usage rights require review before assignment","below_90_percent","Confirm identity, role, rights and crop before manifest assignment"
"/Users/megdude/Downloads/PERKS MEDIA/NEW VIDEOS/vid14.mp4","vid14","Identity and usage rights require review before assignment","below_90_percent","Confirm identity, role, rights and crop before manifest assignment"
"/Users/megdude/Downloads/PERKS MEDIA/NEW VIDEOS/vid15.mp4","vid15","Identity and usage rights require review before assignment","below_90_percent","Confirm identity, role, rights and crop before manifest assignment"
"/Users/megdude/Downloads/PERKS MEDIA/NEW VIDEOS/vid16.mp4","vid16","Identity and usage rights require review before assignment","below_90_percent","Confirm identity, role, rights and crop before manifest assignment"
"/Users/megdude/Downloads/PERKS MEDIA/NEW VIDEOS/vid17.mp4","vid17","Identity and usage rights require review before assignment","below_90_percent","Confirm identity, role, rights and crop before manifest assignment"
"/Users/megdude/Downloads/PERKS MEDIA/NEW VIDEOS/vid18.mp4","vid18","Identity and usage rights require review before assignment","below_90_percent","Confirm identity, role, rights and crop before manifest assignment"
"/Users/megdude/Downloads/PERKS MEDIA/NEW VIDEOS/vid19.mp4","vid19","Identity and usage rights require review before assignment","below_90_percent","Confirm identity, role, rights and crop before manifest assignment"
"/Users/megdude/Downloads/PERKS MEDIA/NEW VIDEOS/vid2.mp4","vid2","Identity and usage rights require review before assignment","below_90_percent","Confirm identity, role, rights and crop before manifest assignment"
"/Users/megdude/Downloads/PERKS MEDIA/NEW VIDEOS/vid20.mp4","vid20","Identity and usage rights require review before assignment","below_90_percent","Confirm identity, role, rights and crop before manifest assignment"
"/Users/megdude/Downloads/PERKS MEDIA/NEW VIDEOS/vid21.mp4","vid21","Identity and usage rights require review before assignment","below_90_percent","Confirm identity, role, rights and crop before manifest assignment"
"/Users/megdude/Downloads/PERKS MEDIA/NEW VIDEOS/vid22.mp4","vid22","Identity and usage rights require review before assignment","below_90_percent","Confirm identity, role, rights and crop before manifest assignment"
"/Users/megdude/Downloads/PERKS MEDIA/NEW VIDEOS/vid23.mp4","vid23","Identity and usage rights require review before assignment","below_90_percent","Confirm identity, role, rights and crop before manifest assignment"
"/Users/megdude/Downloads/PERKS MEDIA/NEW VIDEOS/vid24.mp4","vid24","Identity and usage rights require review before assignment","below_90_percent","Confirm identity, role, rights and crop before manifest assignment"
"/Users/megdude/Downloads/PERKS MEDIA/NEW VIDEOS/vid25.mp4","vid25","Identity and usage rights require review before assignment","below_90_percent","Confirm identity, role, rights and crop before manifest assignment"
"/Users/megdude/Downloads/PERKS MEDIA/NEW VIDEOS/vid26.mp4","vid26","Identity and usage rights require review before assignment","below_90_percent","Confirm identity, role, rights and crop before manifest assignment"
"/Users/megdude/Downloads/PERKS MEDIA/NEW VIDEOS/vid27.mp4","vid27","Identity and usage rights require review before assignment","below_90_percent","Confirm identity, role, rights and crop before manifest assignment"
"/Users/megdude/Downloads/PERKS MEDIA/NEW VIDEOS/vid28.mp4","vid28","Identity and usage rights require review before assignment","below_90_percent","Confirm identity, role, rights and crop before manifest assignment"
"/Users/megdude/Downloads/PERKS MEDIA/NEW VIDEOS/vid29.mp4","vid29","Identity and usage rights require review before assignment","below_90_percent","Confirm identity, role, rights and crop before manifest assignment"
"/Users/megdude/Downloads/PERKS MEDIA/NEW VIDEOS/vid3.mp4","vid3","Identity and usage rights require review before assignment","below_90_percent","Confirm identity, role, rights and crop before manifest assignment"
"/Users/megdude/Downloads/PERKS MEDIA/NEW VIDEOS/vid30.mp4","vid30","Identity and usage rights require review before assignment","below_90_percent","Confirm identity, role, rights and crop before manifest assignment"
"/Users/megdude/Downloads/PERKS MEDIA/NEW VIDEOS/vid31.mp4","vid31","Identity and usage rights require review before assignment","below_90_percent","Confirm identity, role, rights and crop before manifest assignment"
"/Users/megdude/Downloads/PERKS MEDIA/NEW VIDEOS/vid32.mp4","vid32","Identity and usage rights require review before assignment","below_90_percent","Confirm identity, role, rights and crop before manifest assignment"
"/Users/megdude/Downloads/PERKS MEDIA/NEW VIDEOS/vid33.mp4","vid33","Identity and usage rights require review before assignment","below_90_percent","Confirm identity, role, rights and crop before manifest assignment"
"/Users/megdude/Downloads/PERKS MEDIA/NEW VIDEOS/vid34.mp4","vid34","Identity and usage rights require review before assignment","below_90_percent","Confirm identity, role, rights and crop before manifest assignment"
"/Users/megdude/Downloads/PERKS MEDIA/NEW VIDEOS/vid35.mp4","vid35","Identity and usage rights require review before assignment","below_90_percent","Confirm identity, role, rights and crop before manifest assignment"
"/Users/megdude/Downloads/PERKS MEDIA/NEW VIDEOS/vid39.mp4","vid39","Identity and usage rights require review before assignment","below_90_percent","Confirm identity, role, rights and crop before manifest assignment"
"/Users/megdude/Downloads/PERKS MEDIA/NEW VIDEOS/vid4.mp4","vid4","Identity and usage rights require review before assignment","below_90_percent","Confirm identity, role, rights and crop before manifest assignment"
"/Users/megdude/Downloads/PERKS MEDIA/NEW VIDEOS/vid40.mp4","vid40","Identity and usage rights require review before assignment","below_90_percent","Confirm identity, role, rights and crop before manifest assignment"
"/Users/megdude/Downloads/PERKS MEDIA/NEW VIDEOS/vid41.mp4","vid41","Identity and usage rights require review before assignment","below_90_percent","Confirm identity, role, rights and crop before manifest assignment"
"/Users/megdude/Downloads/PERKS MEDIA/NEW VIDEOS/vid5.mp4","vid5","Identity and usage rights require review before assignment","below_90_percent","Confirm identity, role, rights and crop before manifest assignment"
"/Users/megdude/Downloads/PERKS MEDIA/NEW VIDEOS/vid6.mp4","vid6","Identity and usage rights require review before assignment","below_90_percent","Confirm identity, role, rights and crop before manifest assignment"
"/Users/megdude/Downloads/PERKS MEDIA/NEW VIDEOS/vid7.mp4","vid7","Identity and usage rights require review before assignment","below_90_percent","Confirm identity, role, rights and crop before manifest assignment"
"/Users/megdude/Downloads/PERKS MEDIA/NEW VIDEOS/vid8.mp4","vid8","Identity and usage rights require review before assignment","below_90_percent","Confirm identity, role, rights and crop before manifest assignment"
"/Users/megdude/Downloads/PERKS MEDIA/NEW VIDEOS/vid9.mp4","vid9","Identity and usage rights require review before assignment","below_90_percent","Confirm identity, role, rights and crop before manifest assignment"
"/Users/megdude/Downloads/PERKS MEDIA/NEW VIDEOS/video.mp4","video","Identity and usage rights require review before assignment","below_90_percent","Confirm identity, role, rights and crop before manifest assignment"
"/Users/megdude/Downloads/PERKS MEDIA/NEW VIDEOS/video41.mp4","video41","Identity and usage rights require review before assignment","below_90_percent","Confirm identity, role, rights and crop before manifest assignment"
"/Users/megdude/Downloads/PERKS MEDIA/NEW VIDEOS/waffle honey.mp4","waffle-honey","Identity and usage rights require review before assignment","below_90_percent","Confirm identity, role, rights and crop before manifest assignment"
"/Users/megdude/Downloads/PERKS MEDIA/NEW VIDEOS/waterloo arial.mp4","waterloo-arial","Identity and usage rights require review before assignment","below_90_percent","Confirm identity, role, rights and crop before manifest assignment"
"/Users/megdude/Downloads/PERKS MEDIA/NEW VIDEOS/waterloo overview.mp4","waterloo-overview","Identity and usage rights require review before assignment","below_90_percent","Confirm identity, role, rights and crop before manifest assignment"
"/Users/megdude/Downloads/PERKS MEDIA/NEW VIDEOS/waterloo vid.mp4","waterloo-vid","Identity and usage rights require review before assignment","below_90_percent","Confirm identity, role, rights and crop before manifest assignment"
"/Users/megdude/Downloads/PERKS MEDIA/NEW VIDEOS/waterloo.mp4","waterloo","Identity and usage rights require review before assignment","below_90_percent","Confirm identity, role, rights and crop before manifest assignment"
"/Users/megdude/Downloads/PERKS MEDIA/NEW VIDEOS/welcome 3.mp4","welcome-3","Identity and usage rights require review before assignment","below_90_percent","Confirm identity, role, rights and crop before manifest assignment"
"/Users/megdude/Downloads/PERKS MEDIA/NEW VIDEOS/welcome home.mp4","welcome-home","Identity and usage rights require review before assignment","below_90_percent","Confirm identity, role, rights and crop before manifest assignment"
"/Users/megdude/Downloads/PERKS MEDIA/NEW VIDEOS/welcome hotle.mp4","welcome-hotle","Identity and usage rights require review before assignment","below_90_percent","Confirm identity, role, rights and crop before manifest assignment"
"/Users/megdude/Downloads/PERKS MEDIA/NEW VIDEOS/welcome.mp4","welcome","Identity and usage rights require review before assignment","below_90_percent","Confirm identity, role, rights and crop before manifest assignment"
"/Users/megdude/Downloads/PERKS MEDIA/NEW VIDEOS/wine cheers.mp4","wine-cheers","Identity and usage rights require review before assignment","below_90_percent","Confirm identity, role, rights and crop before manifest assignment"
"/Users/megdude/Downloads/PERKS MEDIA/NEW VIDEOS/yoag lulu .mp4","yoag-lulu","Identity and usage rights require review before assignment","below_90_percent","Confirm identity, role, rights and crop before manifest assignment"
"/Users/megdude/Downloads/PERKS MEDIA/NEW VIDEOS/yoga 2.mp4","yoga-2","Identity and usage rights require review before assignment","below_90_percent","Confirm identity, role, rights and crop before manifest assignment"
"/Users/megdude/Downloads/PERKS MEDIA/NEW VIDEOS/yoga 3.mp4","yoga-3","Identity and usage rights require review before assignment","below_90_percent","Confirm identity, role, rights and crop before manifest assignment"
"/Users/megdude/Downloads/PERKS MEDIA/NEW VIDEOS/yoga.mp4","yoga","Identity and usage rights require review before assignment","below_90_percent","Confirm identity, role, rights and crop before manifest assignment"
"/Users/megdude/Downloads/PERKS MEDIA/PROPERTY LISTINGS/200-congress-austin.jpg","200-congress-austin","Identity and usage rights require review before assignment","below_90_percent","Confirm identity, role, rights and crop before manifest assignment"
"/Users/megdude/Downloads/PERKS MEDIA/PROPERTY LISTINGS/202-nueces-austin.jpg","202-nueces-austin","Identity and usage rights require review before assignment","below_90_percent","Confirm identity, role, rights and crop before manifest assignment"
"/Users/megdude/Downloads/PERKS MEDIA/PROPERTY LISTINGS/3-waller.webp","3-waller","Identity and usage rights require review before assignment","below_90_percent","Confirm identity, role, rights and crop before manifest assignment"
"/Users/megdude/Downloads/PERKS MEDIA/PROPERTY LISTINGS/301-west-ave copy.jpg","301-west-ave-copy","Identity and usage rights require review before assignment","below_90_percent","Confirm identity, role, rights and crop before manifest assignment"
"/Users/megdude/Downloads/PERKS MEDIA/PROPERTY LISTINGS/301-west-ave-2.webp","301-west-ave-2","Identity and usage rights require review before assignment","below_90_percent","Confirm identity, role, rights and crop before manifest assignment"
"/Users/megdude/Downloads/PERKS MEDIA/PROPERTY LISTINGS/301-west-ave-3.webp","301-west-ave-3","Identity and usage rights require review before assignment","below_90_percent","Confirm identity, role, rights and crop before manifest assignment"
"/Users/megdude/Downloads/PERKS MEDIA/PROPERTY LISTINGS/301-west-ave-4105.webp","301-west-ave-4105","Identity and usage rights require review before assignment","below_90_percent","Confirm identity, role, rights and crop before manifest assignment"
"/Users/megdude/Downloads/PERKS MEDIA/PROPERTY LISTINGS/301-west-ave.jpg","301-west-ave","Identity and usage rights require review before assignment","below_90_percent","Confirm identity, role, rights and crop before manifest assignment"
"/Users/megdude/Downloads/PERKS MEDIA/PROPERTY LISTINGS/311-w-5th-st-unit-803.avif","311-w-5th-st-unit-803","Identity and usage rights require review before assignment","below_90_percent","Confirm identity, role, rights and crop before manifest assignment"
"/Users/megdude/Downloads/PERKS MEDIA/PROPERTY LISTINGS/360-nueces-austin.jpg","360-nueces-austin","Identity and usage rights require review before assignment","below_90_percent","Confirm identity, role, rights and crop before manifest assignment"
"/Users/megdude/Downloads/PERKS MEDIA/PROPERTY LISTINGS/404-rio-grande.jpeg","404-rio-grande","Identity and usage rights require review before assignment","below_90_percent","Confirm identity, role, rights and crop before manifest assignment"
"/Users/megdude/Downloads/PERKS MEDIA/PROPERTY LISTINGS/44-east-118030-n83-jpg.jpg","44-east-118030-n83-jpg","Identity and usage rights require review before assignment","below_90_percent","Confirm identity, role, rights and crop before manifest assignment"
"/Users/megdude/Downloads/PERKS MEDIA/PROPERTY LISTINGS/44-east-austin.jpg","44-east-austin","Identity and usage rights require review before assignment","below_90_percent","Confirm identity, role, rights and crop before manifest assignment"
"/Users/megdude/Downloads/PERKS MEDIA/PROPERTY LISTINGS/44-east-image.jpg","44-east-image","Identity and usage rights require review before assignment","below_90_percent","Confirm identity, role, rights and crop before manifest assignment"
"/Users/megdude/Downloads/PERKS MEDIA/PROPERTY LISTINGS/44-east.jpg","44-east","Identity and usage rights require review before assignment","below_90_percent","Confirm identity, role, rights and crop before manifest assignment"
"/Users/megdude/Downloads/PERKS MEDIA/PROPERTY LISTINGS/70-rainey-1.png","70-rainey-1","Identity and usage rights require review before assignment","below_90_percent","Confirm identity, role, rights and crop before manifest assignment"
"/Users/megdude/Downloads/PERKS MEDIA/PROPERTY LISTINGS/70-rainey-austin.jpg","70-rainey-austin","Identity and usage rights require review before assignment","below_90_percent","Confirm identity, role, rights and crop before manifest assignment"
"/Users/megdude/Downloads/PERKS MEDIA/PROPERTY LISTINGS/70-rainey-building.jpg","70-rainey-building","Identity and usage rights require review before assignment","below_90_percent","Confirm identity, role, rights and crop before manifest assignment"
"/Users/megdude/Downloads/PERKS MEDIA/PROPERTY LISTINGS/70-rainey-sky-garden.jpeg","70-rainey-sky-garden","Identity and usage rights require review before assignment","below_90_percent","Confirm identity, role, rights and crop before manifest assignment"
"/Users/megdude/Downloads/PERKS MEDIA/PROPERTY LISTINGS/70-rainey.webp","70-rainey","Identity and usage rights require review before assignment","below_90_percent","Confirm identity, role, rights and crop before manifest assignment"
"/Users/megdude/Downloads/PERKS MEDIA/PROPERTY LISTINGS/700-river-1.jpg","700-river-1","Identity and usage rights require review before assignment","below_90_percent","Confirm identity, role, rights and crop before manifest assignment"
"/Users/megdude/Downloads/PERKS MEDIA/PROPERTY LISTINGS/700-river.jpeg","700-river","Identity and usage rights require review before assignment","below_90_percent","Confirm identity, role, rights and crop before manifest assignment"
"/Users/megdude/Downloads/PERKS MEDIA/PROPERTY LISTINGS/700-river.png","700-river","Identity and usage rights require review before assignment","below_90_percent","Confirm identity, role, rights and crop before manifest assignment"
"/Users/megdude/Downloads/PERKS MEDIA/PROPERTY LISTINGS/700-river2.jpg","700-river2","Identity and usage rights require review before assignment","below_90_percent","Confirm identity, role, rights and crop before manifest assignment"
"/Users/megdude/Downloads/PERKS MEDIA/PROPERTY LISTINGS/IMG_6002.jpeg","img-6002","Identity and usage rights require review before assignment","below_90_percent","Confirm identity, role, rights and crop before manifest assignment"
"/Users/megdude/Downloads/PERKS MEDIA/PROPERTY LISTINGS/alexan-waterloo-building.jpg","alexan-waterloo-building","Identity and usage rights require review before assignment","below_90_percent","Confirm identity, role, rights and crop before manifest assignment"
"/Users/megdude/Downloads/PERKS MEDIA/PROPERTY LISTINGS/alexan-waterloo-pool.jpg","alexan-waterloo-pool","Identity and usage rights require review before assignment","below_90_percent","Confirm identity, role, rights and crop before manifest assignment"
"/Users/megdude/Downloads/PERKS MEDIA/PROPERTY LISTINGS/alexan-waterloo.jpg","alexan-waterloo","Identity and usage rights require review before assignment","below_90_percent","Confirm identity, role, rights and crop before manifest assignment"
"/Users/megdude/Downloads/PERKS MEDIA/PROPERTY LISTINGS/austin-proper-202-nueces.jpg","austin-proper-202-nueces","Identity and usage rights require review before assignment","below_90_percent","Confirm identity, role, rights and crop before manifest assignment"
"/Users/megdude/Downloads/PERKS MEDIA/PROPERTY LISTINGS/austin-proper-bar.jpeg","austin-proper-bar","Identity and usage rights require review before assignment","below_90_percent","Confirm identity, role, rights and crop before manifest assignment"
"/Users/megdude/Downloads/PERKS MEDIA/PROPERTY LISTINGS/austin-proper-rooftop-pool.jpg","austin-proper-rooftop-pool","Identity and usage rights require review before assignment","below_90_percent","Confirm identity, role, rights and crop before manifest assignment"
"/Users/megdude/Downloads/PERKS MEDIA/PROPERTY LISTINGS/austonian-building.jpg","austonian-building","Identity and usage rights require review before assignment","below_90_percent","Confirm identity, role, rights and crop before manifest assignment"
"/Users/megdude/Downloads/PERKS MEDIA/PROPERTY LISTINGS/austonian-terrace.jpg","austonian-terrace","Identity and usage rights require review before assignment","below_90_percent","Confirm identity, role, rights and crop before manifest assignment"
"/Users/megdude/Downloads/PERKS MEDIA/PROPERTY LISTINGS/ballet-austin.jpg","ballet-austin","Identity and usage rights require review before assignment","below_90_percent","Confirm identity, role, rights and crop before manifest assignment"
"/Users/megdude/Downloads/PERKS MEDIA/PROPERTY LISTINGS/cambria-hotel-austin-downtown.jpg","cambria-hotel-austin-downtown","Identity and usage rights require review before assignment","below_90_percent","Confirm identity, role, rights and crop before manifest assignment"
"/Users/megdude/Downloads/PERKS MEDIA/PROPERTY LISTINGS/cantina-512.jpg","cantina-512","Identity and usage rights require review before assignment","below_90_percent","Confirm identity, role, rights and crop before manifest assignment"
"/Users/megdude/Downloads/PERKS MEDIA/PROPERTY LISTINGS/downtown-view.jpg","downtown-view","Identity and usage rights require review before assignment","below_90_percent","Confirm identity, role, rights and crop before manifest assignment"
"/Users/megdude/Downloads/PERKS MEDIA/PROPERTY LISTINGS/equinox-austin.jpg","equinox-austin","Identity and usage rights require review before assignment","below_90_percent","Confirm identity, role, rights and crop before manifest assignment"
"/Users/megdude/Downloads/PERKS MEDIA/PROPERTY LISTINGS/fairfield-inn-and-suites-austin-downtown.jpg","fairfield-inn-and-suites-austin-downtown","Identity and usage rights require review before assignment","below_90_percent","Confirm identity, role, rights and crop before manifest assignment"
"/Users/megdude/Downloads/PERKS MEDIA/PROPERTY LISTINGS/fairmont & trail.jpeg","fairmont-trail","Identity and usage rights require review before assignment","below_90_percent","Confirm identity, role, rights and crop before manifest assignment"
"/Users/megdude/Downloads/PERKS MEDIA/PROPERTY LISTINGS/fairmont-austin-1.webp","fairmont-austin-1","Identity and usage rights require review before assignment","below_90_percent","Confirm identity, role, rights and crop before manifest assignment"
"/Users/megdude/Downloads/PERKS MEDIA/PROPERTY LISTINGS/fairmont-austin.jpg","fairmont-austin","Identity and usage rights require review before assignment","below_90_percent","Confirm identity, role, rights and crop before manifest assignment"
"/Users/megdude/Downloads/PERKS MEDIA/PROPERTY LISTINGS/fifth-and-west-austin.jpg","fifth-and-west-austin","Identity and usage rights require review before assignment","below_90_percent","Confirm identity, role, rights and crop before manifest assignment"
"/Users/megdude/Downloads/PERKS MEDIA/PROPERTY LISTINGS/fifth-and-west-building.jpeg","fifth-and-west-building","Identity and usage rights require review before assignment","below_90_percent","Confirm identity, role, rights and crop before manifest assignment"
"/Users/megdude/Downloads/PERKS MEDIA/PROPERTY LISTINGS/fifth-and-west-entrance.jpeg","fifth-and-west-entrance","Identity and usage rights require review before assignment","below_90_percent","Confirm identity, role, rights and crop before manifest assignment"
"/Users/megdude/Downloads/PERKS MEDIA/PROPERTY LISTINGS/fifth-and-west-pool.avif","fifth-and-west-pool","Identity and usage rights require review before assignment","below_90_percent","Confirm identity, role, rights and crop before manifest assignment"
"/Users/megdude/Downloads/PERKS MEDIA/PROPERTY LISTINGS/four-seasons-austin.jpg","four-seasons-austin","Identity and usage rights require review before assignment","below_90_percent","Confirm identity, role, rights and crop before manifest assignment"
"/Users/megdude/Downloads/PERKS MEDIA/PROPERTY LISTINGS/four-seasons-grounds.avif","four-seasons-grounds","Identity and usage rights require review before assignment","below_90_percent","Confirm identity, role, rights and crop before manifest assignment"
"/Users/megdude/Downloads/PERKS MEDIA/PROPERTY LISTINGS/four-seasons-lady-bird-lake.jpg","four-seasons-lady-bird-lake","Identity and usage rights require review before assignment","below_90_percent","Confirm identity, role, rights and crop before manifest assignment"
"/Users/megdude/Downloads/PERKS MEDIA/PROPERTY LISTINGS/frost-tower-austin.jpg","frost-tower-austin","Identity and usage rights require review before assignment","below_90_percent","Confirm identity, role, rights and crop before manifest assignment"
"/Users/megdude/Downloads/PERKS MEDIA/PROPERTY LISTINGS/gables-republic-square.jpg","gables-republic-square","Identity and usage rights require review before assignment","below_90_percent","Confirm identity, role, rights and crop before manifest assignment"
"/Users/megdude/Downloads/PERKS MEDIA/PROPERTY LISTINGS/geraldines-bar.jpg","geraldines-bar","Identity and usage rights require review before assignment","below_90_percent","Confirm identity, role, rights and crop before manifest assignment"
"/Users/megdude/Downloads/PERKS MEDIA/PROPERTY LISTINGS/holiday-inn-austin-town-lake.webp","holiday-inn-austin-town-lake","Identity and usage rights require review before assignment","below_90_percent","Confirm identity, role, rights and crop before manifest assignment"
"/Users/megdude/Downloads/PERKS MEDIA/PROPERTY LISTINGS/home-slice-main.jpg","home-slice-main","Identity and usage rights require review before assignment","below_90_percent","Confirm identity, role, rights and crop before manifest assignment"
"/Users/megdude/Downloads/PERKS MEDIA/PROPERTY LISTINGS/home-slice-south-congress.jpg","home-slice-south-congress","Identity and usage rights require review before assignment","below_90_percent","Confirm identity, role, rights and crop before manifest assignment"
"/Users/megdude/Downloads/PERKS MEDIA/PROPERTY LISTINGS/hotel-van-zandt-1.avif","hotel-van-zandt-1","Identity and usage rights require review before assignment","below_90_percent","Confirm identity, role, rights and crop before manifest assignment"
"/Users/megdude/Downloads/PERKS MEDIA/PROPERTY LISTINGS/hotel-van-zandt-2.webp","hotel-van-zandt-2","Identity and usage rights require review before assignment","below_90_percent","Confirm identity, role, rights and crop before manifest assignment"
"/Users/megdude/Downloads/PERKS MEDIA/PROPERTY LISTINGS/hotel-van-zandt-entrance.jpg","hotel-van-zandt-entrance","Identity and usage rights require review before assignment","below_90_percent","Confirm identity, role, rights and crop before manifest assignment"
"/Users/megdude/Downloads/PERKS MEDIA/PROPERTY LISTINGS/hotel-van-zandt-rooftop-pool.jpg","hotel-van-zandt-rooftop-pool","Identity and usage rights require review before assignment","below_90_percent","Confirm identity, role, rights and crop before manifest assignment"
"/Users/megdude/Downloads/PERKS MEDIA/PROPERTY LISTINGS/hotel-van-zandt.webp","hotel-van-zandt","Identity and usage rights require review before assignment","below_90_percent","Confirm identity, role, rights and crop before manifest assignment"
"/Users/megdude/Downloads/PERKS MEDIA/PROPERTY LISTINGS/lady-bird-lake.webp","lady-bird-lake","Identity and usage rights require review before assignment","below_90_percent","Confirm identity, role, rights and crop before manifest assignment"
"/Users/megdude/Downloads/PERKS MEDIA/PROPERTY LISTINGS/milago-austin.jpg","milago-austin","Identity and usage rights require review before assignment","below_90_percent","Confirm identity, role, rights and crop before manifest assignment"
"/Users/megdude/Downloads/PERKS MEDIA/PROPERTY LISTINGS/milago-building.jpeg","milago-building","Identity and usage rights require review before assignment","below_90_percent","Confirm identity, role, rights and crop before manifest assignment"
"/Users/megdude/Downloads/PERKS MEDIA/PROPERTY LISTINGS/milago-pool.jpeg","milago-pool","Identity and usage rights require review before assignment","below_90_percent","Confirm identity, role, rights and crop before manifest assignment"
"/Users/megdude/Downloads/PERKS MEDIA/PROPERTY LISTINGS/milago.webp","milago","Identity and usage rights require review before assignment","below_90_percent","Confirm identity, role, rights and crop before manifest assignment"
"/Users/megdude/Downloads/PERKS MEDIA/PROPERTY LISTINGS/millenium-rainey-1.jpeg","millenium-rainey-1","Identity and usage rights require review before assignment","below_90_percent","Confirm identity, role, rights and crop before manifest assignment"
"/Users/megdude/Downloads/PERKS MEDIA/PROPERTY LISTINGS/millenium-rainey.jpg","millenium-rainey","Identity and usage rights require review before assignment","below_90_percent","Confirm identity, role, rights and crop before manifest assignment"
"/Users/megdude/Downloads/PERKS MEDIA/PROPERTY LISTINGS/modern-austin-residences-1.jpg","modern-austin-residences-1","Identity and usage rights require review before assignment","below_90_percent","Confirm identity, role, rights and crop before manifest assignment"
"/Users/megdude/Downloads/PERKS MEDIA/PROPERTY LISTINGS/modern-austin-residences-2.jpg","modern-austin-residences-2","Identity and usage rights require review before assignment","below_90_percent","Confirm identity, role, rights and crop before manifest assignment"
"/Users/megdude/Downloads/PERKS MEDIA/PROPERTY LISTINGS/modern-austin-residences-penthouse.jpg","modern-austin-residences-penthouse","Identity and usage rights require review before assignment","below_90_percent","Confirm identity, role, rights and crop before manifest assignment"
"/Users/megdude/Downloads/PERKS MEDIA/PROPERTY LISTINGS/modern-austin-residences.jpg","modern-austin-residences","Identity and usage rights require review before assignment","below_90_percent","Confirm identity, role, rights and crop before manifest assignment"
"/Users/megdude/Downloads/PERKS MEDIA/PROPERTY LISTINGS/natiivo-building.jpg","natiivo-building","Identity and usage rights require review before assignment","below_90_percent","Confirm identity, role, rights and crop before manifest assignment"
"/Users/megdude/Downloads/PERKS MEDIA/PROPERTY LISTINGS/natiivo-pool.jpg","natiivo-pool","Identity and usage rights require review before assignment","below_90_percent","Confirm identity, role, rights and crop before manifest assignment"
"/Users/megdude/Downloads/PERKS MEDIA/PROPERTY LISTINGS/paseo-building.webp","paseo-building","Identity and usage rights require review before assignment","below_90_percent","Confirm identity, role, rights and crop before manifest assignment"
"/Users/megdude/Downloads/PERKS MEDIA/PROPERTY LISTINGS/paseo-deck.jpeg","paseo-deck","Identity and usage rights require review before assignment","below_90_percent","Confirm identity, role, rights and crop before manifest assignment"
"/Users/megdude/Downloads/PERKS MEDIA/PROPERTY LISTINGS/paseo-gym.webp","paseo-gym","Identity and usage rights require review before assignment","below_90_percent","Confirm identity, role, rights and crop before manifest assignment"
"/Users/megdude/Downloads/PERKS MEDIA/PROPERTY LISTINGS/paseo-pool.webp","paseo-pool","Identity and usage rights require review before assignment","below_90_percent","Confirm identity, role, rights and crop before manifest assignment"
"/Users/megdude/Downloads/PERKS MEDIA/PROPERTY LISTINGS/paseo-rainey-austin.jpg","paseo-rainey-austin","Identity and usage rights require review before assignment","below_90_percent","Confirm identity, role, rights and crop before manifest assignment"
"/Users/megdude/Downloads/PERKS MEDIA/PROPERTY LISTINGS/residential-property-west-avenue-300.webp","residential-property-west-avenue-300","Identity and usage rights require review before assignment","below_90_percent","Confirm identity, role, rights and crop before manifest assignment"
"/Users/megdude/Downloads/PERKS MEDIA/PROPERTY LISTINGS/salvation-pizza-rainey.jpg","salvation-pizza-rainey","Identity and usage rights require review before assignment","below_90_percent","Confirm identity, role, rights and crop before manifest assignment"
"/Users/megdude/Downloads/PERKS MEDIA/PROPERTY LISTINGS/salvation-pizza.webp","salvation-pizza","Identity and usage rights require review before assignment","below_90_percent","Confirm identity, role, rights and crop before manifest assignment"
"/Users/megdude/Downloads/PERKS MEDIA/PROPERTY LISTINGS/seaholm-residences-222-west.jpg","seaholm-residences-222-west","Identity and usage rights require review before assignment","below_90_percent","Confirm identity, role, rights and crop before manifest assignment"
"/Users/megdude/Downloads/PERKS MEDIA/PROPERTY LISTINGS/seaholm-residences-building.jpg","seaholm-residences-building","Identity and usage rights require review before assignment","below_90_percent","Confirm identity, role, rights and crop before manifest assignment"
"/Users/megdude/Downloads/PERKS MEDIA/PROPERTY LISTINGS/seaholm-residences-pool.jpg","seaholm-residences-pool","Identity and usage rights require review before assignment","below_90_percent","Confirm identity, role, rights and crop before manifest assignment"
"/Users/megdude/Downloads/PERKS MEDIA/PROPERTY LISTINGS/sixth-guadalupe-austin.jpg","sixth-guadalupe-austin","Identity and usage rights require review before assignment","below_90_percent","Confirm identity, role, rights and crop before manifest assignment"
"/Users/megdude/Downloads/PERKS MEDIA/PROPERTY LISTINGS/sixth-guadalupe-building.jpg","sixth-guadalupe-building","Identity and usage rights require review before assignment","below_90_percent","Confirm identity, role, rights and crop before manifest assignment"
"/Users/megdude/Downloads/PERKS MEDIA/PROPERTY LISTINGS/sixth-guadalupe-deck.jpg","sixth-guadalupe-deck","Identity and usage rights require review before assignment","below_90_percent","Confirm identity, role, rights and crop before manifest assignment"
"/Users/megdude/Downloads/PERKS MEDIA/PROPERTY LISTINGS/standard-proof-whiskey-co.webp","standard-proof-whiskey-co","Identity and usage rights require review before assignment","below_90_percent","Confirm identity, role, rights and crop before manifest assignment"
"/Users/megdude/Downloads/PERKS MEDIA/PROPERTY LISTINGS/stay-put-rainey-patio.jpg","stay-put-rainey-patio","Identity and usage rights require review before assignment","below_90_percent","Confirm identity, role, rights and crop before manifest assignment"
"/Users/megdude/Downloads/PERKS MEDIA/PROPERTY LISTINGS/the-g-austin.jpg","the-g-austin","Identity and usage rights require review before assignment","below_90_percent","Confirm identity, role, rights and crop before manifest assignment"
"/Users/megdude/Downloads/PERKS MEDIA/PROPERTY LISTINGS/the-independent-301-west-alt.jpeg","the-independent-301-west-alt","Identity and usage rights require review before assignment","below_90_percent","Confirm identity, role, rights and crop before manifest assignment"
"/Users/megdude/Downloads/PERKS MEDIA/PROPERTY LISTINGS/the-independent-301-west.jpg","the-independent-301-west","Identity and usage rights require review before assignment","below_90_percent","Confirm identity, role, rights and crop before manifest assignment"
"/Users/megdude/Downloads/PERKS MEDIA/PROPERTY LISTINGS/the-independent-austin-tower.jpg","the-independent-austin-tower","Identity and usage rights require review before assignment","below_90_percent","Confirm identity, role, rights and crop before manifest assignment"
"/Users/megdude/Downloads/PERKS MEDIA/PROPERTY LISTINGS/the-modern-building.jpeg","the-modern-building","Identity and usage rights require review before assignment","below_90_percent","Confirm identity, role, rights and crop before manifest assignment"
"/Users/megdude/Downloads/PERKS MEDIA/PROPERTY LISTINGS/the-modern-pool.jpeg","the-modern-pool","Identity and usage rights require review before assignment","below_90_percent","Confirm identity, role, rights and crop before manifest assignment"
"/Users/megdude/Downloads/PERKS MEDIA/PROPERTY LISTINGS/the-quincy-1.jpg","the-quincy-1","Identity and usage rights require review before assignment","below_90_percent","Confirm identity, role, rights and crop before manifest assignment"
"/Users/megdude/Downloads/PERKS MEDIA/PROPERTY LISTINGS/the-quincy-austin.jpg","the-quincy-austin","Identity and usage rights require review before assignment","below_90_percent","Confirm identity, role, rights and crop before manifest assignment"
"/Users/megdude/Downloads/PERKS MEDIA/PROPERTY LISTINGS/the-quincy-building.webp","the-quincy-building","Identity and usage rights require review before assignment","below_90_percent","Confirm identity, role, rights and crop before manifest assignment"
"/Users/megdude/Downloads/PERKS MEDIA/PROPERTY LISTINGS/the-quincy-pool-deck.jpg","the-quincy-pool-deck","Identity and usage rights require review before assignment","below_90_percent","Confirm identity, role, rights and crop before manifest assignment"
"/Users/megdude/Downloads/PERKS MEDIA/PROPERTY LISTINGS/the-quincy.jpg","the-quincy","Identity and usage rights require review before assignment","below_90_percent","Confirm identity, role, rights and crop before manifest assignment"
"/Users/megdude/Downloads/PERKS MEDIA/PROPERTY LISTINGS/the-shore-austin.jpeg","the-shore-austin","Identity and usage rights require review before assignment","below_90_percent","Confirm identity, role, rights and crop before manifest assignment"
"/Users/megdude/Downloads/PERKS MEDIA/PROPERTY LISTINGS/the-shore-austin.jpg","the-shore-austin","Identity and usage rights require review before assignment","below_90_percent","Confirm identity, role, rights and crop before manifest assignment"
"/Users/megdude/Downloads/PERKS MEDIA/PROPERTY LISTINGS/the-shore-condos.jpg","the-shore-condos","Identity and usage rights require review before assignment","below_90_percent","Confirm identity, role, rights and crop before manifest assignment"
"/Users/megdude/Downloads/PERKS MEDIA/PROPERTY LISTINGS/the-shore-entrance.webp","the-shore-entrance","Identity and usage rights require review before assignment","below_90_percent","Confirm identity, role, rights and crop before manifest assignment"
"/Users/megdude/Downloads/PERKS MEDIA/PROPERTY LISTINGS/the-shore-pool.jpg","the-shore-pool","Identity and usage rights require review before assignment","below_90_percent","Confirm identity, role, rights and crop before manifest assignment"
"/Users/megdude/Downloads/PERKS MEDIA/PROPERTY LISTINGS/towers-of-town-lake.jpeg","towers-of-town-lake","Identity and usage rights require review before assignment","below_90_percent","Confirm identity, role, rights and crop before manifest assignment"
"/Users/megdude/Downloads/PERKS MEDIA/PROPERTY LISTINGS/trail-bridge.webp","trail-bridge","Identity and usage rights require review before assignment","below_90_percent","Confirm identity, role, rights and crop before manifest assignment"
"/Users/megdude/Downloads/PERKS MEDIA/PROPERTY LISTINGS/vesper-atx-1.jpg","vesper-atx-1","Identity and usage rights require review before assignment","below_90_percent","Confirm identity, role, rights and crop before manifest assignment"
"/Users/megdude/Downloads/PERKS MEDIA/PROPERTY LISTINGS/vesper-atx-2.jpg","vesper-atx-2","Identity and usage rights require review before assignment","below_90_percent","Confirm identity, role, rights and crop before manifest assignment"
"/Users/megdude/Downloads/PERKS MEDIA/PROPERTY LISTINGS/vesper-atx.jpg","vesper-atx","Identity and usage rights require review before assignment","below_90_percent","Confirm identity, role, rights and crop before manifest assignment"
"/Users/megdude/Downloads/PERKS MEDIA/PROPERTY LISTINGS/vesper-austin.jpg","vesper-austin","Identity and usage rights require review before assignment","below_90_percent","Confirm identity, role, rights and crop before manifest assignment"
"/Users/megdude/Downloads/PERKS MEDIA/PROPERTY LISTINGS/vesper-building.jpg","vesper-building","Identity and usage rights require review before assignment","below_90_percent","Confirm identity, role, rights and crop before manifest assignment"
"/Users/megdude/Downloads/PERKS MEDIA/PROPERTY LISTINGS/vesper-pool.png","vesper-pool","Identity and usage rights require review before assignment","below_90_percent","Confirm identity, role, rights and crop before manifest assignment"
"/Users/megdude/Downloads/PERKS MEDIA/PROPERTY LISTINGS/w-austin-residences-210-lavaca.jpg","w-austin-residences-210-lavaca","Identity and usage rights require review before assignment","below_90_percent","Confirm identity, role, rights and crop before manifest assignment"
"/Users/megdude/Downloads/PERKS MEDIA/PROPERTY LISTINGS/waterline-austin.jpg","waterline-austin","Identity and usage rights require review before assignment","below_90_percent","Confirm identity, role, rights and crop before manifest assignment"
"/Users/megdude/Downloads/PERKS MEDIA/PROPERTY LISTINGS/waterline-building.jpg","waterline-building","Identity and usage rights require review before assignment","below_90_percent","Confirm identity, role, rights and crop before manifest assignment"
"/Users/megdude/Downloads/PERKS MEDIA/PROPERTY LISTINGS/waterline-looking-west.jpg","waterline-looking-west","Identity and usage rights require review before assignment","below_90_percent","Confirm identity, role, rights and crop before manifest assignment"
"/Users/megdude/Downloads/PERKS MEDIA/PROPERTY LISTINGS/windsor-on-the-lake.avif","windsor-on-the-lake","Identity and usage rights require review before assignment","below_90_percent","Confirm identity, role, rights and crop before manifest assignment"
"/Users/megdude/Downloads/PERKS MEDIA/SHARED ACCES PAGE/2f780f69-84d2-4929-bcfd-ec3812244f6e.jpeg","2f780f69-84d2-4929-bcfd-ec3812244f6e","Identity and usage rights require review before assignment","below_90_percent","Confirm identity, role, rights and crop before manifest assignment"
"/Users/megdude/Downloads/PERKS MEDIA/SHARED ACCES PAGE/3580404f-493e-4a83-8aa2-359a604079a2.jpeg","3580404f-493e-4a83-8aa2-359a604079a2","Identity and usage rights require review before assignment","below_90_percent","Confirm identity, role, rights and crop before manifest assignment"
"/Users/megdude/Downloads/PERKS MEDIA/SHARED ACCES PAGE/700 red river.jpeg","700-red-river","Identity and usage rights require review before assignment","below_90_percent","Confirm identity, role, rights and crop before manifest assignment"
"/Users/megdude/Downloads/PERKS MEDIA/SHARED ACCES PAGE/8043ef5b-2288-4571-ae18-b503980de9d1.jpeg","8043ef5b-2288-4571-ae18-b503980de9d1","Identity and usage rights require review before assignment","below_90_percent","Confirm identity, role, rights and crop before manifest assignment"
"/Users/megdude/Downloads/PERKS MEDIA/SHARED ACCES PAGE/883d4fdf-9630-49fe-8b96-ffc887658488.jpeg","883d4fdf-9630-49fe-8b96-ffc887658488","Identity and usage rights require review before assignment","below_90_percent","Confirm identity, role, rights and crop before manifest assignment"
"/Users/megdude/Downloads/PERKS MEDIA/SHARED ACCES PAGE/DEVELOPER IMAGES/1CECA2rVaJhXXRWy3dUdwslsipWEVw5x71MuGRXXzIluOHaa3cPVumL8HQRC6rp0TJyG11Y5IHNKh9yyBbHUGCI33pbZQBObycXZaFOeRCoH56Skm66ki2_LK6OUVs3TnBwJABT9vpr1MNrSHri8Rvc9q5mKQjFYhGCpbCyabRAfO71tuR6KTyhVKN6QMvpu.jpeg","1ceca2rvajhxxrwy3dudwslsipwevw5x71mugrxxziluohaa3cpvuml8hqrc6rp0tjyg11y5ihnkh9yybbhugci33pbzqbobycxzafoercoh56skm66ki2-lk6ouvs3tnbwjabt9vpr1mnrshri8rvc9q5mkqjfyhgcpbcyabrafo71tur6ktyhvkn6qmvpu","Identity and usage rights require review before assignment","below_90_percent","Confirm identity, role, rights and crop before manifest assignment"
"/Users/megdude/Downloads/PERKS MEDIA/SHARED ACCES PAGE/DEVELOPER IMAGES/3mzqMHEhguODObmWAy5TCr--gm-p9hhiir83ClF5PvfrMLxpTjpVXHqXc3HIZ7Cxl43NP4oTECjZdVWD5UWdtAkGRQkrsAgtNCnu1SRN9_tqs0Q4QN4eCPKLdCzzacJY3XEvwY__eXyBZAz-aQq2vbs3YvM5mVArbbRLCCecnHHIIhyOai9xIwupZ0dIiICS.jpeg","3mzqmhehguodobmway5tcr-gm-p9hhiir83clf5pvfrmlxptjpvxhqxc3hiz7cxl43np4otecjzdvwd5uwdtakgrqkrsagtncnu1srn9-tqs0q4qn4ecpkldczzacjy3xevwy-exybzaz-aqq2vbs3yvm5mvarbbrlccecnhhiihyoai9xiwupz0diiics","Identity and usage rights require review before assignment","below_90_percent","Confirm identity, role, rights and crop before manifest assignment"
"/Users/megdude/Downloads/PERKS MEDIA/SHARED ACCES PAGE/DEVELOPER IMAGES/5ZS5c3ahKFH0rJWyjARKLOFDg7JzMNoEfp7IpJbE5F_crqdZ0D4UB31bFg05Bw8IgSqhPwCLb-ipLTD1aiVW5vUJJ9VB_-2NYxF234GIFDSRowS3cLiSLnzY2LliwkI1C7Xl-23kRwhYk49BrHJ2EfejhVPizJu04VgaV_K9MB4dT5iM9LwLemScs1r09SX2.jpeg","5zs5c3ahkfh0rjwyjarklofdg7jzmnoefp7ipjbe5f-crqdz0d4ub31bfg05bw8igsqhpwclb-ipltd1aivw5vujj9vb-2nyxf234gifdsrows3clislnzy2lliwki1c7xl-23krwhyk49brhj2efejhvpizju04vgav-k9mb4dt5im9lwlemscs1r09sx2","Identity and usage rights require review before assignment","below_90_percent","Confirm identity, role, rights and crop before manifest assignment"
"/Users/megdude/Downloads/PERKS MEDIA/SHARED ACCES PAGE/DEVELOPER IMAGES/5ylesF5faq2lBG7sv8a-Q0cBL057fqzXiU_oxClRT5Az-4rM6Khy2MBF-Pgdo2t6qzXSAXQbIU0p6IgYXA3s4p33eRRY99SZUOw77jxwPLjQoHPgkcH8L2NYp18R-Le6wMvo4zEAxc5JDpgqSVgrmlTgeFNL1o4KE2QtCmBpkkca5BiJEREpwNyTLy8HxAhj.jpeg","5ylesf5faq2lbg7sv8a-q0cbl057fqzxiu-oxclrt5az-4rm6khy2mbf-pgdo2t6qzxsaxqbiu0p6igyxa3s4p33erry99szuow77jxwpljqohpgkch8l2nyp18r-le6wmvo4zeaxc5jdpgqsvgrmltgefnl1o4ke2qtcmbpkkca5bijerepwnytly8hxahj","Identity and usage rights require review before assignment","below_90_percent","Confirm identity, role, rights and crop before manifest assignment"
"/Users/megdude/Downloads/PERKS MEDIA/SHARED ACCES PAGE/DEVELOPER IMAGES/8uiFUQCPjb8J3vMeNi75MxPf609e8VyrzynOI5-yMhZqMtOnQLlQbW7sXEm6ab2zlHENkRp5iF03QFatR9s7hQCk_4WMAzwcrbhehGSz02fYL1ogiGABxd-CH2SOYt5wbCzwChz6fPeTM4M6vf6IVmgQodKsOYG1Nvkk8XVyzXd4LWQQUJ4TcZCLSDpG-m8T.jpeg","8uifuqcpjb8j3vmeni75mxpf609e8vyrzynoi5-ymhzqmtonqllqbw7sxem6ab2zlhenkrp5if03qfatr9s7hqck-4wmazwcrbhehgsz02fyl1ogigabxd-ch2soyt5wbczwchz6fpetm4m6vf6ivmgqodksoyg1nvkk8xvyzxd4lwqquj4tczclsdpg-m8t","Identity and usage rights require review before assignment","below_90_percent","Confirm identity, role, rights and crop before manifest assignment"
"/Users/megdude/Downloads/PERKS MEDIA/SHARED ACCES PAGE/DEVELOPER IMAGES/9egOpT-XBdV8ITtXlbZceF-tvun92vteZDV8HbG_W-WXpctEf4cJk52q3KWyCmnjvM7TGmUEko1dxqhq6gOMr8Su62tGyODcqQirOK-kqCEkApwA9yrR5IitsN7ZCUsY3_outRmZllgpKHVaaGfrzM3riShbn8REX7xCoXsJ503VaOuC3PBQCHjjMOeAkF6-.jpeg","9egopt-xbdv8ittxlbzcef-tvun92vtezdv8hbg-w-wxpctef4cjk52q3kwycmnjvm7tgmueko1dxqhq6gomr8su62tgyodcqqirok-kqcekapwa9yrr5iitsn7zcusy3-outrmzllgpkhvaagfrzm3rishbn8rex7xcoxsj503vaouc3pbqchjjmoeakf6","Identity and usage rights require review before assignment","below_90_percent","Confirm identity, role, rights and crop before manifest assignment"
"/Users/megdude/Downloads/PERKS MEDIA/SHARED ACCES PAGE/DEVELOPER IMAGES/BU_-0Bn_VaLHCp3Nto4eUy__RoTqdfCK_BB4xijfXZ3Ix5PntXzT3CdRAxeM3752-Fznw0kVwi3kNUWLUcYECe9ehZ4ulkCbHfHcNkK2b1T4LFLf1WG1xyBDDUyk7_xsGyKpCN52bPbbUYlAy53CF4LAHw2XBp690W1wFEr6ykNX_6ijJnxLZ6awts6Puisq.jpeg","bu-0bn-valhcp3nto4euy-rotqdfck-bb4xijfxz3ix5pntxzt3cdraxem3752-fznw0kvwi3knuwlucyece9ehz4ulkcbhfhcnkk2b1t4lflf1wg1xybdduyk7-xsgykpcn52bpbbuylay53cf4lahw2xbp690w1wfer6yknx-6ijjnxlz6awts6puisq","Identity and usage rights require review before assignment","below_90_percent","Confirm identity, role, rights and crop before manifest assignment"
"/Users/megdude/Downloads/PERKS MEDIA/SHARED ACCES PAGE/DEVELOPER IMAGES/EIuYGRau-9o6TUoJ9z12iOTlogcaK2mxp9sHFsW4E77yRZyFbneDk0p9ZBug3PUIwhqegOqvg5TnQUyM7AMMO_ahPWoNcY7zB2XK_r18PtUUteW0QYfO9io_wxzGunNJW_KT0o-fOdH_jiNhRt5pDJwchxNbekp22gvTYFWQaNlUQmNyqeApmetTw-p5QGQK.jpeg","eiuygrau-9o6tuoj9z12iotlogcak2mxp9shfsw4e77yrzyfbnedk0p9zbug3puiwhqegoqvg5tnquym7ammo-ahpwoncy7zb2xk-r18ptuutew0qyfo9io-wxzgunnjw-kt0o-fodh-jinhrt5pdjwchxnbekp22gvtyfwqanluqmnyqeapmettw-p5qgqk","Identity and usage rights require review before assignment","below_90_percent","Confirm identity, role, rights and crop before manifest assignment"
"/Users/megdude/Downloads/PERKS MEDIA/SHARED ACCES PAGE/DEVELOPER IMAGES/Iv5jSbA0ZdJPOaKzvwCIzDnFLnGdlTr-4MsuDKUZ201cJ8J5tdufEcyAaXJ5YfoZHCSgp3E8NlxmwLbprLhE92Ka0-GmYw7raxsMZKBFlubCAk0SQZtG7KfWPYYwth8tEA_UJ16akeFuqSBQpqFfCcfdjSbkouIaNelfz-KchXB-fptStl8WX6jS8dIlTqSf.jpeg","iv5jsba0zdjpoakzvwcizdnflngdltr-4msudkuz201cj8j5tdufecyaaxj5yfozhcsgp3e8nlxmwlbprlhe92ka0-gmyw7raxsmzkbflubcak0sqztg7kfwpyywth8tea-uj16akefuqsbqpqffccfdjsbkouianelfz-kchxb-fptstl8wx6js8diltqsf","Identity and usage rights require review before assignment","below_90_percent","Confirm identity, role, rights and crop before manifest assignment"
"/Users/megdude/Downloads/PERKS MEDIA/SHARED ACCES PAGE/DEVELOPER IMAGES/JfLhGIMm3anhzG1J8ds3lx4Ef275O3UQIZUM54p858YbbKHOcSO5RyM_71taU3iQzNCmrYtLclLMTccdvxyvDPVjRVdXiiS-dVf4tL9DiyEui53P32NldH0We1wTHw2gj3j3d49G4edrZn8Yp6RIv_TIv30Zz0p94k_JES-5nnrers-va0pKUuWKs4ez6hpm.jpeg","jflhgimm3anhzg1j8ds3lx4ef275o3uqizum54p858ybbkhocso5rym-71tau3iqzncmrytlcllmtccdvxyvdpvjrvdxiis-dvf4tl9diyeui53p32nldh0we1wthw2gj3j3d49g4edrzn8yp6riv-tiv30zz0p94k-jes-5nnrers-va0pkuuwks4ez6hpm","Identity and usage rights require review before assignment","below_90_percent","Confirm identity, role, rights and crop before manifest assignment"
"/Users/megdude/Downloads/PERKS MEDIA/SHARED ACCES PAGE/DEVELOPER IMAGES/No_wnMp20fBuJtDtals3s_X1sbY-W1Eul6de9lC8KTvUTYFHJ-3ZGi5Ipm3Pdd0iM8QaAzriGLrX2TCOjlDCE2f2xWAf_C_XotjGq1iWemAXU_BNZ42YTQ8cmncxlzCp8pladZSeRoLOf3VrSc23aPdUDnyymc4A59tdCJntgd_iaOQK4l0h4Dc0G1eHmSHk.jpeg","no-wnmp20fbujtdtals3s-x1sby-w1eul6de9lc8ktvutyfhj-3zgi5ipm3pdd0im8qaazriglrx2tcojldce2f2xwaf-c-xotjgq1iwemaxu-bnz42ytq8cmncxlzcp8pladzserolof3vrsc23apdudnyymc4a59tdcjntgd-iaoqk4l0h4dc0g1ehmshk","Identity and usage rights require review before assignment","below_90_percent","Confirm identity, role, rights and crop before manifest assignment"
"/Users/megdude/Downloads/PERKS MEDIA/SHARED ACCES PAGE/DEVELOPER IMAGES/OleXkghMGZCuSrFYLH0jd4jkFmm00LIl6Lp7kD3QoDZbFKuiuPr3LcNKHNHWSWxKJTWZr43jyVRsFaP5CFv1_6XnsUvRXIvCc3D0Y2QapDGrIC6fRtJvqKIRVZTLwLeztk1Jp0he9pweZ2A2VjGD70oyuXLvGDPUjaHETHH8tlUDpUr5GCLTq3X2d6DH_r57.jpeg","olexkghmgzcusrfylh0jd4jkfmm00lil6lp7kd3qodzbfkuiupr3lcnkhnhwswxkjtwzr43jyvrsfap5cfv1-6xnsuvrxivcc3d0y2qapdgric6frtjvqkirvztlwleztk1jp0he9pwez2a2vjgd70oyuxlvgdpujahethh8tludpur5gcltq3x2d6dh-r57","Identity and usage rights require review before assignment","below_90_percent","Confirm identity, role, rights and crop before manifest assignment"
"/Users/megdude/Downloads/PERKS MEDIA/SHARED ACCES PAGE/DEVELOPER IMAGES/Q_kISIQbIFeSs7FVwajcBddTvMvqcTgPDeaRnGiNSbp8-mzcJDqlJFIpM2Txi1A0ikMdEO2CbOApEfEAA-KNc8fqU6-QMBuB-UK3frFZ_CgZFeilqCvfznlBzKatEWTQnz2Eji8lrzml87VxLWZ1zA2rpPFGVvvc3xXQVI7374yEjCzV0sw4vVQ5obXQrYR-.jpeg","q-kisiqbifess7fvwajcbddtvmvqctgpdearnginsbp8-mzcjdqljfipm2txi1a0ikmdeo2cboapefeaa-knc8fqu6-qmbub-uk3frfz-cgzfeilqcvfznlbzkatewtqnz2eji8lrzml87vxlwz1za2rppfgvvvc3xxqvi7374yejczv0sw4vvq5obxqryr","Identity and usage rights require review before assignment","below_90_percent","Confirm identity, role, rights and crop before manifest assignment"
"/Users/megdude/Downloads/PERKS MEDIA/SHARED ACCES PAGE/DEVELOPER IMAGES/Ri4n4dHMvU8j6bKsQKyZPUj_cnxorunXgQ99Oru6BjzT1YGUjPnw2DbLHQm7cHstUgZtS0MGcJHfeo8p6Qy-qPCpeoWLTDjL-nufD8EJq236gYr1b3VzZwcBscNt35kfvYnVNgQycV3pSD2nydko7G61rB5ZJeWelBNi36fhGPOSSlwPdiXmOtfbYg96n5Qu.jpeg","ri4n4dhmvu8j6bksqkyzpuj-cnxorunxgq99oru6bjzt1ygujpnw2dblhqm7chstugzts0mgcjhfeo8p6qy-qpcpeowltdjl-nufd8ejq236gyr1b3vzzwcbscnt35kfvynvngqycv3psd2nydko7g61rb5zjewelbni36fhgposslwpdixmotfbyg96n5qu","Identity and usage rights require review before assignment","below_90_percent","Confirm identity, role, rights and crop before manifest assignment"
"/Users/megdude/Downloads/PERKS MEDIA/SHARED ACCES PAGE/DEVELOPER IMAGES/SpR8G_drJ9x_yBWVH71mc31RB8-CkMdTSteDGTPsYOAioMz8RjAWHpeE4ZP9zjYlsAwRDwXFMbAcfuO7-b2wlIXZieg8Fc-bZWMXLqU2wqgnGxdRBnyEj4uMY0jFFtvNnz5PqF2Nv-FFyb8-Rk62ES-mHoZfLb-oS_47fQo_QCav1cTDfGTbX3ASlsdE4q80.jpeg","spr8g-drj9x-ybwvh71mc31rb8-ckmdtstedgtpsyoaiomz8rjawhpee4zp9zjylsawrdwxfmbacfuo7-b2wlixzieg8fc-bzwmxlqu2wqgngxdrbnyej4umy0jfftvnnz5pqf2nv-ffyb8-rk62es-mhozflb-os-47fqo-qcav1ctdfgtbx3aslsde4q80","Identity and usage rights require review before assignment","below_90_percent","Confirm identity, role, rights and crop before manifest assignment"
"/Users/megdude/Downloads/PERKS MEDIA/SHARED ACCES PAGE/DEVELOPER IMAGES/V9BHsG2joXts8sClvmnQkQZwL-MQnnR6hwzWc8bC9o6kP2MvvCiGq5duPSJsU0hKl1vgCLQAk9TRmgZ58kaE8IqX5xjm73REhAiYliJJ-zYRfhrnUImgL_ZlB0d77zOoVEPy5mfOV11y2bUFjqFSt8noWtZ67xBf22ptHDQwd37duTZ6-SxFFuYObndM1rSW.jpeg","v9bhsg2joxts8sclvmnqkqzwl-mqnnr6hwzwc8bc9o6kp2mvvcigq5dupsjsu0hkl1vgclqak9trmgz58kae8iqx5xjm73rehaiylijj-zyrfhrnuimgl-zlb0d77zoovepy5mfov11y2bufjqfst8nowtz67xbf22pthdqwd37dutz6-sxffuyobndm1rsw","Identity and usage rights require review before assignment","below_90_percent","Confirm identity, role, rights and crop before manifest assignment"
"/Users/megdude/Downloads/PERKS MEDIA/SHARED ACCES PAGE/DEVELOPER IMAGES/YSav1I8mIpRTzJIplorMGkxykrvi18oGB_FUaWE4gQRO6uRD_2xbfr-IXpqHM82MAJ0qt03uwziUa0ixh2tqY-tnXsvx9W2QjPzVZfXKZrk2y_LZDZa_famENlpcX-b0FkBK2y7R9mDjaaeJJprY95eNxh4lfkSlYol7YFacRe-gg9vzvXXIgghfRr6r8Dlb.jpeg","ysav1i8miprtzjiplormgkxykrvi18ogb-fuawe4gqro6urd-2xbfr-ixpqhm82maj0qt03uwziua0ixh2tqy-tnxsvx9w2qjpzvzfxkzrk2y-lzdza-famenlpcx-b0fkbk2y7r9mdjaaejjpry95enxh4lfkslyol7yfacre-gg9vzvxxigghfrr6r8dlb","Identity and usage rights require review before assignment","below_90_percent","Confirm identity, role, rights and crop before manifest assignment"
"/Users/megdude/Downloads/PERKS MEDIA/SHARED ACCES PAGE/DEVELOPER IMAGES/Yxc45-h9al9UAkxO-RvI5P8TWEAzBSUordmauvPcM9EB7JW--DZClQQcf_nU4tF4pwM9ryjfRCIW88SEWVzigZnm6-NtXlLb0rT1CczlihUJIKlHKf7wbqeCdpTJBetcLHBIKwELIhjOnI0r7NxXJ4AbAEb1iPIfxaW_lS6psfm2IFjhX5P2zAysiKhWRK2l.jpeg","yxc45-h9al9uakxo-rvi5p8tweazbsuordmauvpcm9eb7jw-dzclqqcf-nu4tf4pwm9ryjfrciw88sewvzigznm6-ntxllb0rt1cczlihujiklhkf7wbqecdptjbetclhbikwelihjoni0r7nxxj4abaeb1ipifxaw-ls6psfm2ifjhx5p2zaysikhwrk2l","Identity and usage rights require review before assignment","below_90_percent","Confirm identity, role, rights and crop before manifest assignment"
"/Users/megdude/Downloads/PERKS MEDIA/SHARED ACCES PAGE/DEVELOPER IMAGES/ZK3HdNRjk_Tf82I7SsTzQyaQiBHzAPZyrt_azbuPY7LhzpUaGtZJGQKAIuXzZmnGPoC8BRZrYjjEkT0QbTFiFQZmMPRL4thEFa4qfdICrRG06bjNzX292c6x85-yVc0uac_NeEH56Qcq4XWULMWU8SO_pEhuCsZLtyiUlswxxoqRLoqgsAPJKlgs2QeWofJ9.jpeg","zk3hdnrjk-tf82i7sstzqyaqibhzapzyrt-azbupy7lhzpuagtzjgqkaiuxzzmngpoc8brzryjjekt0qbtfifqzmmprl4thefa4qfdicrrg06bjnzx292c6x85-yvc0uac-neeh56qcq4xwulmwu8so-pehucszltyiulswxxoqrloqgsapjklgs2qewofj9","Identity and usage rights require review before assignment","below_90_percent","Confirm identity, role, rights and crop before manifest assignment"
"/Users/megdude/Downloads/PERKS MEDIA/SHARED ACCES PAGE/DEVELOPER IMAGES/a15NEHfTU2xcSGWjTLuR-QSn-Z4pYWF3nq1MNd0Yb7IbbmUYwtcRCqZY3Jxm5eJOHpfRiBHuiIj7PDBi-_1VcUx8n-NP448TMWKLC_O1gcNkZ_iW2DD0wb7XI1VHAiN7sh-qwArjMqmFR1ifs234nKlV1fXUq3F1qPs4WjA7Mv297SDc6SAxIXnxkI_DcKJn.jpeg","a15nehftu2xcsgwjtlur-qsn-z4pywf3nq1mnd0yb7ibbmuywtcrcqzy3jxm5ejohpfribhuiij7pdbi-1vcux8n-np448tmwklc-o1gcnkz-iw2dd0wb7xi1vhain7sh-qwarjmqmfr1ifs234nklv1fxuq3f1qps4wja7mv297sdc6saxixnxki-dckjn","Identity and usage rights require review before assignment","below_90_percent","Confirm identity, role, rights and crop before manifest assignment"
"/Users/megdude/Downloads/PERKS MEDIA/SHARED ACCES PAGE/DEVELOPER IMAGES/asyXkEziuCt9oydu-Q9gQ-VSyu-eHB4vCRKGsHS14TfG758CO60zRjQdwSaCv-B2Et2I90nvZHYsH1ev0BHkHlleu8ud3GL91Dw2f_7BlyY-Q56X18j6cVJ9969sHIGwtYXwoaKD3gDMXuDs6xP6nQvPy0XUbYGW70ZvNNz5HyRvGScvzL6db0ZmH3X9rMUq.jpeg","asyxkeziuct9oydu-q9gq-vsyu-ehb4vcrkgshs14tfg758co60zrjqdwsacv-b2et2i90nvzhysh1ev0bhkhlleu8ud3gl91dw2f-7blyy-q56x18j6cvj9969shigwtyxwoakd3gdmxuds6xp6nqvpy0xubygw70zvnnz5hyrvgscvzl6db0zmh3x9rmuq","Identity and usage rights require review before assignment","below_90_percent","Confirm identity, role, rights and crop before manifest assignment"
"/Users/megdude/Downloads/PERKS MEDIA/SHARED ACCES PAGE/DEVELOPER IMAGES/dKltR0TUjv1eENG10O7_I3CfqSOkFu6-SdpIL0CzLqEH0Mevfzx5MTAF4vt5CsvxE0wqXWfXBv4pyxJGvpa3IYd00PHBjpyyw8vsLtbGYaNq9-1lEe98KNtysj6B_NXYptKKziwuWvJb_2KUJ-MTKW2zYEiOoUi6VPq2je0R7-sBemCD3_93fyff4_t_jR25.jpeg","dkltr0tujv1eeng10o7-i3cfqsokfu6-sdpil0czlqeh0mevfzx5mtaf4vt5csvxe0wqxwfxbv4pyxjgvpa3iyd00phbjpyyw8vsltbgyanq9-1lee98kntysj6b-nxyptkkziwuwvjb-2kuj-mtkw2zyeiooui6vpq2je0r7-sbemcd3-93fyff4-t-jr25","Identity and usage rights require review before assignment","below_90_percent","Confirm identity, role, rights and crop before manifest assignment"
"/Users/megdude/Downloads/PERKS MEDIA/SHARED ACCES PAGE/DEVELOPER IMAGES/eAbnbnXdypzm0jjVbRicTPp45g9KzyGdXgn921kjDqaUnDr7616Y_SR09FQvimBL38FdQ7NxAhzVV1eHb17JlCxaCGr63ASPPGgnyeE8BzALCiiQQUGWmDTB6XRZSUKLNnJwuDN0O0WxkU-qW_BRl_R6RJBNpVLMWjDJfuyUuwtwkJevHqlysv88-PnxG3s1.jpeg","eabnbnxdypzm0jjvbrictpp45g9kzygdxgn921kjdqaundr7616y-sr09fqvimbl38fdq7nxahzvv1ehb17jlcxacgr63asppggnyee8bzalciiqqugwmdtb6xrzsuklnnjwudn0o0wxku-qw-brl-r6rjbnpvlmwjdjfuyuuwtwkjevhqlysv88-pnxg3s1","Identity and usage rights require review before assignment","below_90_percent","Confirm identity, role, rights and crop before manifest assignment"
"/Users/megdude/Downloads/PERKS MEDIA/SHARED ACCES PAGE/DEVELOPER IMAGES/eE1zgtGJZKDZ8fpQnrVLnZp6mqEidSB281gPQZyCjDI1lgRbPUQr_UaytBHsh0vS0K0U9NIwUzGN8sVA84-MBRiEVTjacNnXAmqAWU9zv_sFqoG0qcSBfO-vCKtzdHBOKQTE7sxwoT3KmzIEBY6F5lN_tR8mwxx27lPrAB4IYTAutfWSRE7BjbVUQ2Irjv3X.jpeg","ee1zgtgjzkdz8fpqnrvlnzp6mqeidsb281gpqzycjdi1lgrbpuqr-uaytbhsh0vs0k0u9niwuzgn8sva84-mbrievtjacnnxamqawu9zv-sfqog0qcsbfo-vcktzdhbokqte7sxwot3kmzieby6f5ln-tr8mwxx27lprab4iytautfwsre7bjbvuq2irjv3x","Identity and usage rights require review before assignment","below_90_percent","Confirm identity, role, rights and crop before manifest assignment"
"/Users/megdude/Downloads/PERKS MEDIA/SHARED ACCES PAGE/DEVELOPER IMAGES/gYHjft-kbAKJOT44eoGxws8LzEkAXi62uV3YVqZ0H7ouD_FWN54KZisb_goiAQH1cZOs1V5i-LHFtr160Zt6r5I76z7LFTfC8-SMTklGXPvD_om825SbUi0G0Ek6q99LtmkeGre9NE6tNuUOu2-nqNqUIb2fq9Sba2a0I6dRnlBWFDo0Eaj8vcNJEqH5TUP8.jpeg","gyhjft-kbakjot44eogxws8lzekaxi62uv3yvqz0h7oud-fwn54kzisb-goiaqh1czos1v5i-lhftr160zt6r5i76z7lftfc8-smtklgxpvd-om825sbui0g0ek6q99ltmkegre9ne6tnuuou2-nqnquib2fq9sba2a0i6drnlbwfdo0eaj8vcnjeqh5tup8","Identity and usage rights require review before assignment","below_90_percent","Confirm identity, role, rights and crop before manifest assignment"
"/Users/megdude/Downloads/PERKS MEDIA/SHARED ACCES PAGE/DEVELOPER IMAGES/hQgHWwV6-iaZgQhz_q74kqoHApxz3eSy_CiKmj0CkCNQsOi9HcCfdVgQP8zPnDFV-RVlnzyhqAuebIxdSdlUyfM1Kdk7DcS1JE-b2cdvocGQY5X5hVT1rursOiT9_0A9Vid-U0MnqgHAwasUQclcGVQdsEsTSvXJXul0i-2svHwIFoKMVeJ6s7PNAXieIIsq.jpeg","hqghwwv6-iazgqhz-q74kqohapxz3esy-cikmj0ckcnqsoi9hccfdvgqp8zpndfv-rvlnzyhqauebixdsdluyfm1kdk7dcs1je-b2cdvocgqy5x5hvt1rursoit9-0a9vid-u0mnqghawasuqclcgvqdsestsvxjxul0i-2svhwifokmvej6s7pnaxieiisq","Identity and usage rights require review before assignment","below_90_percent","Confirm identity, role, rights and crop before manifest assignment"
"/Users/megdude/Downloads/PERKS MEDIA/SHARED ACCES PAGE/DEVELOPER IMAGES/jsYDwkYBffUklWhQZHJRFV6VDiUH4ThNCBP4znWMxyY2r4oo858GGuXDLzNMazwYU8JXac4fNeXNCd5YfOG8Alw_mxnt9Za9Gww4Lq81lGI7QenCO05-kA5HAUl7aHmGY4ac2KzX8XjLL8OK0vVdLD3sR_-zlWjEy27dJ_AKNa2z-TJMejYCqPIkioXCUigT.jpeg","jsydwkybffuklwhqzhjrfv6vdiuh4thncbp4znwmxyy2r4oo858gguxdlznmazwyu8jxac4fnexncd5yfog8alw-mxnt9za9gww4lq81lgi7qenco05-ka5haul7ahmgy4ac2kzx8xjll8ok0vvdld3sr-zlwjey27dj-akna2z-tjmejycqpikioxcuigt","Identity and usage rights require review before assignment","below_90_percent","Confirm identity, role, rights and crop before manifest assignment"
"/Users/megdude/Downloads/PERKS MEDIA/SHARED ACCES PAGE/DEVELOPER IMAGES/kmNBOK6_-TIpz03xwW_5nSH_JDnSrbzEzsQ39RnNau9xNfbm3sdxSw_xeqdqPvg37KfITZnxK8i1h55AoAOe1Gcwz1pyMbbBc_XcjvRonGXQic4_IKJozvqhQykmNofWW_vC057He1Nc59m5dpytgHY1jJiCBwvHLwJOzoQYr9PnSuWjxOtGavkIJNfkXOgb.jpeg","kmnbok6-tipz03xww-5nsh-jdnsrbzezsq39rnnau9xnfbm3sdxsw-xeqdqpvg37kfitznxk8i1h55aoaoe1gcwz1pymbbbc-xcjvrongxqic4-ikjozvqhqykmnofww-vc057he1nc59m5dpytghy1jjicbwvhlwjozoqyr9pnsuwjxotgavkijnfkxogb","Identity and usage rights require review before assignment","below_90_percent","Confirm identity, role, rights and crop before manifest assignment"
"/Users/megdude/Downloads/PERKS MEDIA/SHARED ACCES PAGE/DEVELOPER IMAGES/ltgtrwUIDDiGR2X4RqaqVaYmNfqhEdf_BeTCGu2-yTUHSDUGhhKVV-8QZVHD6kZtrv9bypexhM3ThzgfaRJlIosV66AlD0BwanPgzY2zcns4xm23DGCvdQAELNsCtwwSKcIsJikiRB8tysxDahnNt05XQFavnynx25Hbgh51PZO-ARWFQjZhFWrto8aVD7U4.jpeg","ltgtrwuiddigr2x4rqaqvaymnfqhedf-betcgu2-ytuhsdughhkvv-8qzvhd6kztrv9bypexhm3thzgfarjliosv66ald0bwanpgzy2zcns4xm23dgcvdqaelnsctwwskcisjikirb8tysxdahnnt05xqfavnynx25hbgh51pzo-arwfqjzhfwrto8avd7u4","Identity and usage rights require review before assignment","below_90_percent","Confirm identity, role, rights and crop before manifest assignment"
"/Users/megdude/Downloads/PERKS MEDIA/SHARED ACCES PAGE/DEVELOPER IMAGES/mPRRNgK_CpDAzbcCyh7l3iyJl_9XD0lmw3q7qH4tJQpbtE-awT8GXsH6wUQ-yXO675MehVNFY4G1bLB0ZI5iequPwRnrdFXrzmXCXYR8NM5Tcaa0iKmxI9qMTesPWYEFjM4NGd3waaBu0qqZ4P9t4dI61CrvaQ6StXJrRrkLgv8-eY_J97XMksub1rFxrwes.jpeg","mprrngk-cpdazbccyh7l3iyjl-9xd0lmw3q7qh4tjqpbte-awt8gxsh6wuq-yxo675mehvnfy4g1blb0zi5iequpwrnrdfxrzmxcxyr8nm5tcaa0ikmxi9qmtespwyefjm4ngd3waabu0qqz4p9t4di61crvaq6stxjrrrklgv8-ey-j97xmksub1rfxrwes","Identity and usage rights require review before assignment","below_90_percent","Confirm identity, role, rights and crop before manifest assignment"
"/Users/megdude/Downloads/PERKS MEDIA/SHARED ACCES PAGE/DEVELOPER IMAGES/ofNV32mDPPKLR0AW9UVGYSXIo6A1uFnTs0jgzNZaHQT-ebdRKiMaoD9KUDSSvTz8ez73PmAJJytsK94eSC_GrQar9B693hgjHLFhLlFeR23NlupUbl8ksHcjTIZAnEjVNEV7vZueFngRNnftzSYXl0ElRMfbqIvXCVEWgB0RrvkE8yhqMxENGZWRrgPku3N3 (1).jpeg","ofnv32mdppklr0aw9uvgysxio6a1ufnts0jgznzahqt-ebdrkimaod9kudssvtz8ez73pmajjytsk94esc-grqar9b693hgjhlfhllfer23nlupubl8kshcjtizanejvnev7vzuefngrnnftzsyxl0elrmfbqivxcvewgb0rrvke8yhqmxengzwrrgpku3n3-1","Identity and usage rights require review before assignment","below_90_percent","Confirm identity, role, rights and crop before manifest assignment"
"/Users/megdude/Downloads/PERKS MEDIA/SHARED ACCES PAGE/DEVELOPER IMAGES/ofNV32mDPPKLR0AW9UVGYSXIo6A1uFnTs0jgzNZaHQT-ebdRKiMaoD9KUDSSvTz8ez73PmAJJytsK94eSC_GrQar9B693hgjHLFhLlFeR23NlupUbl8ksHcjTIZAnEjVNEV7vZueFngRNnftzSYXl0ElRMfbqIvXCVEWgB0RrvkE8yhqMxENGZWRrgPku3N3.jpeg","ofnv32mdppklr0aw9uvgysxio6a1ufnts0jgznzahqt-ebdrkimaod9kudssvtz8ez73pmajjytsk94esc-grqar9b693hgjhlfhllfer23nlupubl8kshcjtizanejvnev7vzuefngrnnftzsyxl0elrmfbqivxcvewgb0rrvke8yhqmxengzwrrgpku3n3","Identity and usage rights require review before assignment","below_90_percent","Confirm identity, role, rights and crop before manifest assignment"
"/Users/megdude/Downloads/PERKS MEDIA/SHARED ACCES PAGE/DEVELOPER IMAGES/r-q5xZbLDzkdSivzE0RU_2UiAVO0juMmQwRl0FcWbXyByWx0YZ0_f78mY82RPnHmbdQeMt9-DBmNFcpSJi8eLEWWgqFIW4XWLcKf4gK8DBouPRY5Z1ygqT7g1NRSk-PMtjLRJ6JHsRPLLteBfTDkCy6k8rOwvgDzm274vcCyVuVSkogjueUv87agHuNSy7tu.jpeg","r-q5xzbldzkdsivze0ru-2uiavo0jummqwrl0fcwbxybywx0yz0-f78my82rpnhmbdqemt9-dbmnfcpsji8elewwgqfiw4xwlckf4gk8dboupry5z1ygqt7g1nrsk-pmtjlrj6jhsrplltebftdkcy6k8rowvgdzm274vccyvuvskogjueuv87aghunsy7tu","Identity and usage rights require review before assignment","below_90_percent","Confirm identity, role, rights and crop before manifest assignment"
"/Users/megdude/Downloads/PERKS MEDIA/SHARED ACCES PAGE/DEVELOPER IMAGES/tLdU8KvQ42ZaYjcxV_Si4WF9-UhBuP0E8tBW5DwsBOn5IoHCA6LoAXcVQJctfXeZoN7jn0A19-nvgs1DgZOOTa89g7a9iq41C4AEAQ0o_gn772WuRpXbwiD7tAH00KzPCsUmVIlyCZQWND-DEK4Q9At4sbWdQeXwMDVGhMZ32_TJgSMz68gbXPODBRXBaJ8n.jpeg","tldu8kvq42zayjcxv-si4wf9-uhbup0e8tbw5dwsbon5iohca6loaxcvqjctfxezon7jn0a19-nvgs1dgzoota89g7a9iq41c4aeaq0o-gn772wurpxbwid7tah00kzpcsumvilyczqwnd-dek4q9at4sbwdqexwmdvghmz32-tjgsmz68gbxpodbrxbaj8n","Identity and usage rights require review before assignment","below_90_percent","Confirm identity, role, rights and crop before manifest assignment"
"/Users/megdude/Downloads/PERKS MEDIA/SHARED ACCES PAGE/DEVELOPER IMAGES/twXqGCv-XVpk9-ghvGKuBuIAhY0bRSGCLTPCo-smww211m1UWSbOicJMN1POjyy3CL1wPzLq3ZZCyLh04ylgj3_GQxhC24snc6feyuXIIm9SQZgYa6fgdTsU2n0MGoliX_hBQFLYgwOHwrhA9MblejNZiGbVgvKJbC3mYyOxSepLDMjy89EGfujfy1dAiBUP.jpeg","twxqgcv-xvpk9-ghvgkubuiahy0brsgcltpco-smww211m1uwsboicjmn1pojyy3cl1wpzlq3zzcylh04ylgj3-gqxhc24snc6feyuxiim9sqzgya6fgdtsu2n0mgolix-hbqflygwohwrha9mblejnzigbvgvkjbc3myyoxsepldmjy89egfujfy1daibup","Identity and usage rights require review before assignment","below_90_percent","Confirm identity, role, rights and crop before manifest assignment"
"/Users/megdude/Downloads/PERKS MEDIA/SHARED ACCES PAGE/DEVELOPER IMAGES/v3-zVb40ZF-nA8E_EHnhVUPFYhjOAvqmG5xskGXRkSLBpSQ-SI9MumEnQDv-rK7JDgZkGg6Sc-FyvD21MRY9Gv6UXW13HxPnKcJtkRhMtInvnyjzmfUaT5kzgCZtNj2Ksbmdqqh4TqBbUaEAype1CqOoSvxyqcbYQP1lrd2OP_42MzSOcSYuGqgxxuTzWQEr.jpeg","v3-zvb40zf-na8e-ehnhvupfyhjoavqmg5xskgxrkslbpsq-si9mumenqdv-rk7jdgzkgg6sc-fyvd21mry9gv6uxw13hxpnkcjtkrhmtinvnyjzmfuat5kzgcztnj2ksbmdqqh4tqbbuaeaype1cqoosvxyqcbyqp1lrd2op-42mzsocsyugqgxxutzwqer","Identity and usage rights require review before assignment","below_90_percent","Confirm identity, role, rights and crop before manifest assignment"
"/Users/megdude/Downloads/PERKS MEDIA/SHARED ACCES PAGE/DEVELOPER IMAGES/vNnk7yvnODQCYtuHUSgq-i62wd7g3WOcA2IKdiJQFZmUQDTuh7p6oVc-FIZBNsRHFEsmV44r5tvfGjfnn_na9GixIwHp1u6Yud24xkAzV5oyLCeofjXotZ379p6aVaoFd7KGYOOOb9Gx-0kBk3LZ60hHUEXsOSQhnDf3eAnHdF50U4EI7fpbJUOhqxkTVTzk.jpeg","vnnk7yvnodqcytuhusgq-i62wd7g3woca2ikdijqfzmuqdtuh7p6ovc-fizbnsrhfesmv44r5tvfgjfnn-na9gixiwhp1u6yud24xkazv5oylceofjxotz379p6avaofd7kgyooob9gx-0kbk3lz60hhuexsosqhndf3eanhdf50u4ei7fpbjuohqxktvtzk","Identity and usage rights require review before assignment","below_90_percent","Confirm identity, role, rights and crop before manifest assignment"
"/Users/megdude/Downloads/PERKS MEDIA/SHARED ACCES PAGE/DEVELOPER IMAGES/vwJHlvu8vFNRAD2KzfQPPyz2JVxSZ_mAUqEgoC5fph_kbAAyfjY7BnGfWJLimM81plFSEbllrQS045mpjMWnlMLKQF4K-wkKYCfyMvtQMaVOuymSzX0i9cyL2FHHhKEhfFQnfX5iR3FGcNd99bZF5FPUNEWBmCKzQnud7a5gjDnjrMnxKmuH5WnLlfrVmfLI.jpeg","vwjhlvu8vfnrad2kzfqppyz2jvxsz-mauqegoc5fph-kbaayfjy7bngfwjlimm81plfsebllrqs045mpjmwnlmlkqf4k-wkkycfymvtqmavouymszx0i9cyl2fhhhkehffqnfx5ir3fgcnd99bzf5fpunewbmckzqnud7a5gjdnjrmnxkmuh5wnllfrvmfli","Identity and usage rights require review before assignment","below_90_percent","Confirm identity, role, rights and crop before manifest assignment"
"/Users/megdude/Downloads/PERKS MEDIA/SHARED ACCES PAGE/DEVELOPER IMAGES/yMAvsJhw5sUSYA2zN8EGqvqyLGsFdqJaN0IXnezq8wkzKqLbIWO4ScYkHlFJfkkpRUh7hkUKsNQSQmYwSz8LB9nD6JKPY1Q2F2pXNAoAgZKWiCMwZrdP6VMbxSPqGQX02TF5nobxuoFFBMAfSfdKmFYipLtGNbZ0hSPHtrtCwq_S3a7wV0fU7_U9PLJVZnLo.jpeg","ymavsjhw5susya2zn8egqvqylgsfdqjan0ixnezq8wkzkqlbiwo4scykhlfjfkkpruh7hkuksnqsqmywsz8lb9nd6jkpy1q2f2pxnaoagzkwicmwzrdp6vmbxspqgqx02tf5nobxuoffbmafsfdkmfyipltgnbz0hsphtrtcwq-s3a7wv0fu7-u9pljvznlo","Identity and usage rights require review before assignment","below_90_percent","Confirm identity, role, rights and crop before manifest assignment"
"/Users/megdude/Downloads/PERKS MEDIA/SHARED ACCES PAGE/DEVELOPER IMAGES/znIc0VLTbgXfqYhvJenLabEcjANZX8WRyKNOe7AjRiNvBxOY7-K0yNYMC5T5nVpKjbIhEnE3pVx0YFoae6YJZTB04cYvFAkvhovinqhAX0JEugkmT6WDTcxMOPkYEC_4J6Unw3Ke8VELxejqaNdgcceHP-jySnFp2Fwacz7N73s1wJUEVVkrZxhOcWbt1PMU.jpeg","znic0vltbgxfqyhvjenlabecjanzx8wryknoe7ajrinvbxoy7-k0ynymc5t5nvpkjbihene3pvx0yfoae6yjztb04cyvfakvhovinqhax0jeugkmt6wdtcxmopkyec-4j6unw3ke8velxejqandgccehp-jysnfp2fwacz7n73s1wjuevvkrzxhocwbt1pmu","Identity and usage rights require review before assignment","below_90_percent","Confirm identity, role, rights and crop before manifest assignment"
"/Users/megdude/Downloads/PERKS MEDIA/SHARED ACCES PAGE/DEVELOPER IMAGES/zxP_g4tY4MG6lYbrJiJix9V8uaSj9llgQgKDaLfTJPfm6WIqM_DqnfTfykxTfJT3o3C0jrMsMHeAepHBeHbOrKWtBjKWUgHNekJJ0kjMnD_9bIdbCiX08u4Ya7xgtduiwrRIZVppo6pOnscXL1dhsfWG6dIPEpYjKJ5TcABbK0HIpBV2uMW_kKkzEhCs0Nb_.jpeg","zxp-g4ty4mg6lybrjijix9v8uasj9llgqgkdalftjpfm6wiqm-dqnftfykxtfjt3o3c0jrmsmheaephbehborkwtbjkwughnekjj0kjmnd-9bidbcix08u4ya7xgtduiwrrizvppo6ponscxl1dhsfwg6dipepyjkj5tcabbk0hipbv2umw-kkkzehcs0nb","Identity and usage rights require review before assignment","below_90_percent","Confirm identity, role, rights and crop before manifest assignment"
"/Users/megdude/Downloads/PERKS MEDIA/SHARED ACCES PAGE/c42a965b-b8f4-4249-a0d7-1decc07c4032.jpeg","c42a965b-b8f4-4249-a0d7-1decc07c4032","Identity and usage rights require review before assignment","below_90_percent","Confirm identity, role, rights and crop before manifest assignment"
"/Users/megdude/Downloads/PERKS MEDIA/SHARED ACCES PAGE/cbc654e3-d6b2-4f1a-bbfa-1fc55d69843e.jpeg","cbc654e3-d6b2-4f1a-bbfa-1fc55d69843e","Identity and usage rights require review before assignment","below_90_percent","Confirm identity, role, rights and crop before manifest assignment"
"/Users/megdude/Downloads/PERKS MEDIA/SHARED ACCES PAGE/image.png","image","Identity and usage rights require review before assignment","below_90_percent","Confirm identity, role, rights and crop before manifest assignment"
"/Users/megdude/Downloads/PERKS MEDIA/SHARED ACCES PAGE/images.jpeg","images","Identity and usage rights require review before assignment","below_90_percent","Confirm identity, role, rights and crop before manifest assignment"
