name,category,osm_type,osm_id,latitude,longitude,map_link,map_preview_link,address,summary,alignment_to_downtown_perks,operating_hours,contact_phone,contact_email,website,specials,deals_offers,events_available,source,last_enriched_utc
311,Bar / Nightlife,node,1481633338,30.267081,-97.74004,https://www.openstreetmap.org/node/1481633338#map=19/30.267081/-97.740040,https://www.openstreetmap.org/?mlat=30.267081&mlon=-97.740040#map=18/30.267081/-97.740040,,Bar / Nightlife listing in Downtown Austin.,"Resident happy-hour perks, nightlife activations, and event check-ins",Not listed,,,,No public special listed in source data,No public deal listed in source data,No public event listing in source data,OpenStreetMap / Overpass,2026-02-26T22:37:02Z
Ah Sing Den,Bar / Nightlife,way,379193739,30.264867,-97.731298,https://www.openstreetmap.org/way/379193739#map=19/30.264867/-97.731298,https://www.openstreetmap.org/?mlat=30.264867&mlon=-97.731298#map=18/30.264867/-97.731298,"1100, East 6th Street",Bar / Nightlife listing in Downtown Austin.,"Resident happy-hour perks, nightlife activations, and event check-ins",Not listed,,,,No public special listed in source data,No public deal listed in source data,No public event listing in source data,OpenStreetMap / Overpass,2026-02-26T22:37:02Z
Amped Austin,Bar / Nightlife,node,3355376965,30.267467,-97.740218,https://www.openstreetmap.org/node/3355376965#map=19/30.267467/-97.740218,https://www.openstreetmap.org/?mlat=30.267467&mlon=-97.740218#map=18/30.267467/-97.740218,,Bar / Nightlife listing in Downtown Austin.,"Resident happy-hour perks, nightlife activations, and event check-ins",Not listed,+1-512-431-1491,,http://www.ampedaustin.com/,No public special listed in source data,No public deal listed in source data,No public event listing in source data,OpenStreetMap / Overpass,2026-02-26T22:37:02Z
Antone's Nightclub,Bar / Nightlife,way,929865592,30.266056,-97.7404,https://www.openstreetmap.org/way/929865592#map=19/30.266056/-97.740400,https://www.openstreetmap.org/?mlat=30.266056&mlon=-97.740400#map=18/30.266056/-97.740400,"305, East 5th Street, Austin, TX, 78701",Bar / Nightlife listing in Downtown Austin.,"Resident happy-hour perks, nightlife activations, and event check-ins",Not listed,,,,No public special listed in source data,No public deal listed in source data,No public event listing in source data,OpenStreetMap / Overpass,2026-02-26T22:37:02Z
Augustine,Bar / Nightlife,way,312335027,30.259653,-97.738679,https://www.openstreetmap.org/way/312335027#map=19/30.259653/-97.738679,https://www.openstreetmap.org/?mlat=30.259653&mlon=-97.738679#map=18/30.259653/-97.738679,"86, Rainey Street, Austin, TX, 78701",Bar / Nightlife listing in Downtown Austin.,"Resident happy-hour perks, nightlife activations, and event check-ins","Mo,Fr off; Tu-We 16:00-24:00; Th 16:00-02:00; Sa 13:00-02:00; Su 12:00-02:00",+1 512-910-2100,info@augustineaustin.com,https://augustineaustin.com/,No public special listed in source data,No public deal listed in source data,No public event listing in source data,OpenStreetMap / Overpass,2026-02-26T22:37:02Z
Austin Eastciders,Bar / Nightlife,way,383353213,30.26211,-97.761271,https://www.openstreetmap.org/way/383353213#map=19/30.262110/-97.761271,https://www.openstreetmap.org/?mlat=30.262110&mlon=-97.761271#map=18/30.262110/-97.761271,"1530, Barton Springs Road, Austin, TX, 78704",Bar / Nightlife listing in Downtown Austin.,"Resident happy-hour perks, nightlife activations, and event check-ins",Mo off; Tu-Th 11:00-22:00; Fr 11:00-23:00; Sa 12:00-23:00; Su 12:00-21:00,+15128937000,,https://austineastciders.com/pages/restaurant,No public special listed in source data,No public deal listed in source data,No public event listing in source data,OpenStreetMap / Overpass,2026-02-26T22:37:02Z
B. D. Riley's Irish Pub & Restaurant,Bar / Nightlife,node,1481633373,30.267718,-97.741118,https://www.openstreetmap.org/node/1481633373#map=19/30.267718/-97.741118,https://www.openstreetmap.org/?mlat=30.267718&mlon=-97.741118#map=18/30.267718/-97.741118,,Bar / Nightlife listing in Downtown Austin.,"Resident happy-hour perks, nightlife activations, and event check-ins",Not listed,+1-512-494-1335,,https://bdrileys.com/,No public special listed in source data,No public deal listed in source data,No public event listing in source data,OpenStreetMap / Overpass,2026-02-26T22:37:02Z
Banger's Sausage House and Beer Garden,Bar / Nightlife,way,312335014,30.258924,-97.738434,https://www.openstreetmap.org/way/312335014#map=19/30.258924/-97.738434,https://www.openstreetmap.org/?mlat=30.258924&mlon=-97.738434#map=18/30.258924/-97.738434,"79, Rainey Street, Austin, TX, 78701",Bar / Nightlife listing in Downtown Austin.,"Resident happy-hour perks, nightlife activations, and event check-ins",Mo-Th 11:00-22:00; Fr-Sa 11:00-23:00; Su 10:00-21:00,+1 512-386-1656,info@bangersaustin.com,https://www.bangersaustin.com/,15% off food and drinks,$1 off draft pours during partner windows,Rainey Food + Drink Loop,OpenStreetMap / Overpass,2026-02-26T22:37:02Z
Bar 508 Mezcalerita,Bar / Nightlife,way,379166092,30.268615,-97.736638,https://www.openstreetmap.org/way/379166092#map=19/30.268615/-97.736638,https://www.openstreetmap.org/?mlat=30.268615&mlon=-97.736638#map=18/30.268615/-97.736638,,Bar / Nightlife listing in Downtown Austin.,"Resident happy-hour perks, nightlife activations, and event check-ins",Not listed,,,,No public special listed in source data,No public deal listed in source data,No public event listing in source data,OpenStreetMap / Overpass,2026-02-26T22:37:02Z
Barbarella,Bar / Nightlife,way,328605851,30.267039,-97.736714,https://www.openstreetmap.org/way/328605851#map=19/30.267039/-97.736714,https://www.openstreetmap.org/?mlat=30.267039&mlon=-97.736714#map=18/30.267039/-97.736714,"611, Red River Street, Austin, TX, 78701",Bar / Nightlife listing in Downtown Austin.,"Resident happy-hour perks, nightlife activations, and event check-ins",Not listed,,,,No public special listed in source data,No public deal listed in source data,No public event listing in source data,OpenStreetMap / Overpass,2026-02-26T22:37:02Z
Barracuda,Bar / Nightlife,node,6200126485,30.26714,-97.736331,https://www.openstreetmap.org/node/6200126485#map=19/30.267140/-97.736331,https://www.openstreetmap.org/?mlat=30.267140&mlon=-97.736331#map=18/30.267140/-97.736331,"611, East 7th Street",Bar / Nightlife listing in Downtown Austin.,"Resident happy-hour perks, nightlife activations, and event check-ins",Not listed,,,,No public special listed in source data,No public deal listed in source data,No public event listing in source data,OpenStreetMap / Overpass,2026-02-26T22:37:02Z
Barton Springs Saloon,Bar / Nightlife,way,383353309,30.261363,-97.758753,https://www.openstreetmap.org/way/383353309#map=19/30.261363/-97.758753,https://www.openstreetmap.org/?mlat=30.261363&mlon=-97.758753#map=18/30.261363/-97.758753,"424, South Lamar Boulevard, Austin, TX, 78704",Bar / Nightlife listing in Downtown Austin.,"Resident happy-hour perks, nightlife activations, and event check-ins",Not listed,,,https://www.bartonspringssaloonatx.com/,No public special listed in source data,No public deal listed in source data,No public event listing in source data,OpenStreetMap / Overpass,2026-02-26T22:37:02Z
Basecamp,Bar / Nightlife,node,1481721325,30.267509,-97.743956,https://www.openstreetmap.org/node/1481721325#map=19/30.267509/-97.743956,https://www.openstreetmap.org/?mlat=30.267509&mlon=-97.743956#map=18/30.267509/-97.743956,,Bar / Nightlife listing in Downtown Austin.,"Resident happy-hour perks, nightlife activations, and event check-ins",Not listed,,,,No public special listed in source data,No public deal listed in source data,No public event listing in source data,OpenStreetMap / Overpass,2026-02-26T22:37:02Z
Better Days,Bar / Nightlife,way,1002818355,30.268146,-97.736805,https://www.openstreetmap.org/way/1002818355#map=19/30.268146/-97.736805,https://www.openstreetmap.org/?mlat=30.268146&mlon=-97.736805#map=18/30.268146/-97.736805,,Bar / Nightlife listing in Downtown Austin.,"Resident happy-hour perks, nightlife activations, and event check-ins",Not listed,,,,No public special listed in source data,No public deal listed in source data,No public event listing in source data,OpenStreetMap / Overpass,2026-02-26T22:37:02Z
Blind Pig,Bar / Nightlife,node,1481633328,30.267079,-97.73981,https://www.openstreetmap.org/node/1481633328#map=19/30.267079/-97.739810,https://www.openstreetmap.org/?mlat=30.267079&mlon=-97.739810#map=18/30.267079/-97.739810,,Bar / Nightlife listing in Downtown Austin.,"Resident happy-hour perks, nightlife activations, and event check-ins",Not listed,,,,No public special listed in source data,No public deal listed in source data,No public event listing in source data,OpenStreetMap / Overpass,2026-02-26T22:37:02Z
Bourbon Girl,Bar / Nightlife,node,3353538563,30.267656,-97.740896,https://www.openstreetmap.org/node/3353538563#map=19/30.267656/-97.740896,https://www.openstreetmap.org/?mlat=30.267656&mlon=-97.740896#map=18/30.267656/-97.740896,,Bar / Nightlife listing in Downtown Austin.,"Resident happy-hour perks, nightlife activations, and event check-ins",Not listed,+1-512-433-6983,,http://bourbongirlaustin.com/site/,No public special listed in source data,No public deal listed in source data,No public event listing in source data,OpenStreetMap / Overpass,2026-02-26T22:37:02Z
Buckshot 6th St,Bar / Nightlife,node,3353621860,30.266961,-97.738405,https://www.openstreetmap.org/node/3353621860#map=19/30.266961/-97.738405,https://www.openstreetmap.org/?mlat=30.266961&mlon=-97.738405#map=18/30.266961/-97.738405,,Bar / Nightlife listing in Downtown Austin.,"Resident happy-hour perks, nightlife activations, and event check-ins",Not listed,,,https://www.facebook.com/pages/Buckshot-6th-St/359712537432946,No public special listed in source data,No public deal listed in source data,No public event listing in source data,OpenStreetMap / Overpass,2026-02-26T22:37:02Z
Buffalo Billiards,Bar / Nightlife,node,1481633370,30.267431,-97.741201,https://www.openstreetmap.org/node/1481633370#map=19/30.267431/-97.741201,https://www.openstreetmap.org/?mlat=30.267431&mlon=-97.741201#map=18/30.267431/-97.741201,,Bar / Nightlife listing in Downtown Austin.,"Resident happy-hour perks, nightlife activations, and event check-ins",Not listed,,,,No public special listed in source data,No public deal listed in source data,No public event listing in source data,OpenStreetMap / Overpass,2026-02-26T22:37:02Z
Buford's,Bar / Nightlife,way,1317394746,30.270319,-97.749669,https://www.openstreetmap.org/way/1317394746#map=19/30.270319/-97.749669,https://www.openstreetmap.org/?mlat=30.270319&mlon=-97.749669#map=18/30.270319/-97.749669,"700, West 6th Street, Austin, TX, 78701",Bar / Nightlife listing in Downtown Austin.,"Resident happy-hour perks, nightlife activations, and event check-ins",Not listed,,,,No public special listed in source data,No public deal listed in source data,No public event listing in source data,OpenStreetMap / Overpass,2026-02-26T22:37:02Z
Cantina 512,Bar / Nightlife,node,10216293838,30.258532,-97.739001,https://www.openstreetmap.org/node/10216293838#map=19/30.258532/-97.739001,https://www.openstreetmap.org/?mlat=30.258532&mlon=-97.739001#map=18/30.258532/-97.739001,"70, Rainey Street, Austin, TX, 78701",Bar / Nightlife listing in Downtown Austin.,"Resident happy-hour perks, nightlife activations, and event check-ins",Not listed,,info@cantina512.com,https://cantina512.com,No public special listed in source data,No public deal listed in source data,No public event listing in source data,OpenStreetMap / Overpass,2026-02-26T22:37:02Z
Canvas,Bar / Nightlife,node,1481721329,30.26672,-97.742283,https://www.openstreetmap.org/node/1481721329#map=19/30.266720/-97.742283,https://www.openstreetmap.org/?mlat=30.266720&mlon=-97.742283#map=18/30.266720/-97.742283,,Bar / Nightlife listing in Downtown Austin.,"Resident happy-hour perks, nightlife activations, and event check-ins",Not listed,,,,No public special listed in source data,No public deal listed in source data,No public event listing in source data,OpenStreetMap / Overpass,2026-02-26T22:37:02Z
Casino El Camino,Bar / Nightlife,node,3190873011,30.266501,-97.73766,https://www.openstreetmap.org/node/3190873011#map=19/30.266501/-97.737660,https://www.openstreetmap.org/?mlat=30.266501&mlon=-97.737660#map=18/30.266501/-97.737660,"517, East 6th Street",Bar / Nightlife listing in Downtown Austin.,"Resident happy-hour perks, nightlife activations, and event check-ins",Not listed,+1-512-469-9330,,http://www.casinoelcamino.net/,No public special listed in source data,No public deal listed in source data,No public event listing in source data,OpenStreetMap / Overpass,2026-02-26T22:37:02Z
Cedar Street Courtyard,Bar / Nightlife,way,1135532954,30.266986,-97.74525,https://www.openstreetmap.org/way/1135532954#map=19/30.266986/-97.745250,https://www.openstreetmap.org/?mlat=30.266986&mlon=-97.745250#map=18/30.266986/-97.745250,"208, West 4th Street, Austin, TX, 78701",Bar / Nightlife listing in Downtown Austin.,"Resident happy-hour perks, nightlife activations, and event check-ins",Mo-Fr 17:00-02:00; PH closed,,,,No public special listed in source data,No public deal listed in source data,No public event listing in source data,OpenStreetMap / Overpass,2026-02-26T22:37:02Z
Chalmers,Bar / Nightlife,way,379195246,30.257968,-97.726288,https://www.openstreetmap.org/way/379195246#map=19/30.257968/-97.726288,https://www.openstreetmap.org/?mlat=30.257968&mlon=-97.726288#map=18/30.257968/-97.726288,"1700, East Cesar Chavez Street, Austin, TX, 78702",Bar / Nightlife listing in Downtown Austin.,"Resident happy-hour perks, nightlife activations, and event check-ins",Not listed,,,,No public special listed in source data,No public deal listed in source data,No public event listing in source data,OpenStreetMap / Overpass,2026-02-26T22:37:02Z
Cheer Up Charlies,Bar / Nightlife,way,328649887,30.269626,-97.736383,https://www.openstreetmap.org/way/328649887#map=19/30.269626/-97.736383,https://www.openstreetmap.org/?mlat=30.269626&mlon=-97.736383#map=18/30.269626/-97.736383,"900, Red River Street, Austin, 78701",Bar / Nightlife listing in Downtown Austin.,"Resident happy-hour perks, nightlife activations, and event check-ins",Not listed,,,https://cheerupcharlies.com/,No public special listed in source data,No public deal listed in source data,No public event listing in source data,OpenStreetMap / Overpass,2026-02-26T22:37:02Z
Cheers Shot Bar,Bar / Nightlife,node,3353621861,30.267022,-97.738625,https://www.openstreetmap.org/node/3353621861#map=19/30.267022/-97.738625,https://www.openstreetmap.org/?mlat=30.267022&mlon=-97.738625#map=18/30.267022/-97.738625,,Bar / Nightlife listing in Downtown Austin.,"Resident happy-hour perks, nightlife activations, and event check-ins",Not listed,+1-512-499-0093,,https://www.facebook.com/cheersshotbar,No public special listed in source data,No public deal listed in source data,No public event listing in source data,OpenStreetMap / Overpass,2026-02-26T22:37:02Z
Chess Club,Bar / Nightlife,node,3355462801,30.267258,-97.736747,https://www.openstreetmap.org/node/3355462801#map=19/30.267258/-97.736747,https://www.openstreetmap.org/?mlat=30.267258&mlon=-97.736747#map=18/30.267258/-97.736747,"617, Red River Street, Austin, TX, 78701",Bar / Nightlife listing in Downtown Austin.,"Resident happy-hour perks, nightlife activations, and event check-ins",Not listed,,,https://chessclubaustin.com/,No public special listed in source data,No public deal listed in source data,No public event listing in source data,OpenStreetMap / Overpass,2026-02-26T22:37:02Z
Chuggin' Monkey,Bar / Nightlife,node,1481633360,30.267196,-97.740725,https://www.openstreetmap.org/node/1481633360#map=19/30.267196/-97.740725,https://www.openstreetmap.org/?mlat=30.267196&mlon=-97.740725#map=18/30.267196/-97.740725,,Bar / Nightlife listing in Downtown Austin.,"Resident happy-hour perks, nightlife activations, and event check-ins",Not listed,,,,No public special listed in source data,No public deal listed in source data,No public event listing in source data,OpenStreetMap / Overpass,2026-02-26T22:37:02Z
Clive Bar,Bar / Nightlife,way,312335030,30.260062,-97.738624,https://www.openstreetmap.org/way/312335030#map=19/30.260062/-97.738624,https://www.openstreetmap.org/?mlat=30.260062&mlon=-97.738624#map=18/30.260062/-97.738624,"609, Davis Street, Austin, TX, 78701",Bar / Nightlife listing in Downtown Austin.,"Resident happy-hour perks, nightlife activations, and event check-ins",Mo-Th 14:00-02:00; Fr-Su 12:00-02:00,,clivemgmt@dunlapatx.com,https://dunlapatx.com/clive-bar/,No public special listed in source data,No public deal listed in source data,No public event listing in source data,OpenStreetMap / Overpass,2026-02-26T22:37:02Z
Coconut Club,Bar / Nightlife,way,1020979629,30.266324,-97.745192,https://www.openstreetmap.org/way/1020979629#map=19/30.266324/-97.745192,https://www.openstreetmap.org/?mlat=30.266324&mlon=-97.745192#map=18/30.266324/-97.745192,"310, Colorado Street, Austin, TX, 78701",Bar / Nightlife listing in Downtown Austin.,"Resident happy-hour perks, nightlife activations, and event check-ins",We-Su 21:00-02:00,,,,No public special listed in source data,No public deal listed in source data,No public event listing in source data,OpenStreetMap / Overpass,2026-02-26T22:37:02Z
Codependent Cocktails + Coffee,Bar / Nightlife,node,8070341202,30.267451,-97.750793,https://www.openstreetmap.org/node/8070341202#map=19/30.267451/-97.750793,https://www.openstreetmap.org/?mlat=30.267451&mlon=-97.750793#map=18/30.267451/-97.750793,"301, West Avenue, Austin, TX, 78701",Bar / Nightlife listing in Downtown Austin.,"Resident happy-hour perks, nightlife activations, and event check-ins",Su 09:00-21:00; Mo-We 08:00-23:00; Th 08:00-24:00; Fr 08:00-01:00; Sa 09:00-01:00,,,https://codependentatx.com/,No public special listed in source data,No public deal listed in source data,No public event listing in source data,OpenStreetMap / Overpass,2026-02-26T22:37:02Z
Concrete Cowboy,Bar / Nightlife,way,99868632,30.270008,-97.750422,https://www.openstreetmap.org/way/99868632#map=19/30.270008/-97.750422,https://www.openstreetmap.org/?mlat=30.270008&mlon=-97.750422#map=18/30.270008/-97.750422,"719, West 6th Street, 78701",Bar / Nightlife listing in Downtown Austin.,"Resident happy-hour perks, nightlife activations, and event check-ins",Not listed,,,,No public special listed in source data,No public deal listed in source data,No public event listing in source data,OpenStreetMap / Overpass,2026-02-26T22:37:02Z
Cosmic Saltillo,Bar / Nightlife,node,12668954619,30.262287,-97.729988,https://www.openstreetmap.org/node/12668954619#map=19/30.262287/-97.729988,https://www.openstreetmap.org/?mlat=30.262287&mlon=-97.729988#map=18/30.262287/-97.729988,"1300, East 4th Street",Bar / Nightlife listing in Downtown Austin.,"Resident happy-hour perks, nightlife activations, and event check-ins",Not listed,,,,No public special listed in source data,No public deal listed in source data,No public event listing in source data,OpenStreetMap / Overpass,2026-02-26T22:37:02Z
Coyote Ugly,Bar / Nightlife,way,328607264,30.266477,-97.738202,https://www.openstreetmap.org/way/328607264#map=19/30.266477/-97.738202,https://www.openstreetmap.org/?mlat=30.266477&mlon=-97.738202#map=18/30.266477/-97.738202,"501, East 6th Street, Austin, TX, 78701",Bar / Nightlife listing operated by Coyote Ugly Saloon.,"Resident happy-hour perks, nightlife activations, and event check-ins",Mo-Th 17:00-02:00; Fr-Su 12:00-02:00,,,https://www.coyoteuglysaloon.com/austin/,No public special listed in source data,No public deal listed in source data,No public event listing in source data,OpenStreetMap / Overpass,2026-02-26T22:37:02Z
CU29 Cocktail Bar,Bar / Nightlife,node,2675162870,30.269053,-97.741148,https://www.openstreetmap.org/node/2675162870#map=19/30.269053/-97.741148,https://www.openstreetmap.org/?mlat=30.269053&mlon=-97.741148#map=18/30.269053/-97.741148,,Bar / Nightlife listing in Downtown Austin.,"Resident happy-hour perks, nightlife activations, and event check-ins",Not listed,,,,No public special listed in source data,No public deal listed in source data,No public event listing in source data,OpenStreetMap / Overpass,2026-02-26T22:37:02Z
Darwin's,Bar / Nightlife,node,1481633357,30.267299,-97.740594,https://www.openstreetmap.org/node/1481633357#map=19/30.267299/-97.740594,https://www.openstreetmap.org/?mlat=30.267299&mlon=-97.740594#map=18/30.267299/-97.740594,,Bar / Nightlife listing in Downtown Austin.,"Resident happy-hour perks, nightlife activations, and event check-ins",Not listed,,,,No public special listed in source data,No public deal listed in source data,No public event listing in source data,OpenStreetMap / Overpass,2026-02-26T22:37:02Z
Devil May Care,Bar / Nightlife,way,1243589077,30.269608,-97.747568,https://www.openstreetmap.org/way/1243589077#map=19/30.269608/-97.747568,https://www.openstreetmap.org/?mlat=30.269608&mlon=-97.747568#map=18/30.269608/-97.747568,"500, West 6th Street, Austin, TX, 78701",Bar / Nightlife listing in Downtown Austin.,"Resident happy-hour perks, nightlife activations, and event check-ins",Not listed,,,,No public special listed in source data,No public deal listed in source data,No public event listing in source data,OpenStreetMap / Overpass,2026-02-26T22:37:02Z
Dirty Bill's,Bar / Nightlife,way,99868605,30.269624,-97.749402,https://www.openstreetmap.org/way/99868605#map=19/30.269624/-97.749402,https://www.openstreetmap.org/?mlat=30.269624&mlon=-97.749402#map=18/30.269624/-97.749402,"511, Rio Grande Street",Bar / Nightlife listing in Downtown Austin.,"Resident happy-hour perks, nightlife activations, and event check-ins",Mo-Fr 16:00-02:00,,,,No public special listed in source data,No public deal listed in source data,No public event listing in source data,OpenStreetMap / Overpass,2026-02-26T22:37:02Z
Dirty Dog Bar,Bar / Nightlife,node,1481633303,30.26659,-97.737979,https://www.openstreetmap.org/node/1481633303#map=19/30.266590/-97.737979,https://www.openstreetmap.org/?mlat=30.266590&mlon=-97.737979#map=18/30.266590/-97.737979,,Bar / Nightlife listing in Downtown Austin.,"Resident happy-hour perks, nightlife activations, and event check-ins",Not listed,,,https://dirtydogbar.com/,No public special listed in source data,No public deal listed in source data,No public event listing in source data,OpenStreetMap / Overpass,2026-02-26T22:37:02Z
Dive,Bar / Nightlife,node,2726430202,30.279844,-97.742124,https://www.openstreetmap.org/node/2726430202#map=19/30.279844/-97.742124,https://www.openstreetmap.org/?mlat=30.279844&mlon=-97.742124#map=18/30.279844/-97.742124,"1703, Guadalupe Street, Austin, 78701",Bar / Nightlife listing in Downtown Austin.,"Resident happy-hour perks, nightlife activations, and event check-ins","Mo-Fr 15:00-02:00, Sa 16:00-02:00, Su 18:00-24:00",+1-512-482-3483,,https://www.diveaustin.com/,No public special listed in source data,No public deal listed in source data,No public event listing in source data,OpenStreetMap / Overpass,2026-02-26T22:37:02Z
Donn's Depot,Bar / Nightlife,node,1481721293,30.27407,-97.763434,https://www.openstreetmap.org/node/1481721293#map=19/30.274070/-97.763434,https://www.openstreetmap.org/?mlat=30.274070&mlon=-97.763434#map=18/30.274070/-97.763434,,Bar / Nightlife listing in Downtown Austin.,"Resident happy-hour perks, nightlife activations, and event check-ins",Not listed,,,,No public special listed in source data,No public deal listed in source data,No public event listing in source data,OpenStreetMap / Overpass,2026-02-26T22:37:02Z
DuMont's Down Low,Bar / Nightlife,way,328631295,30.267007,-97.745325,https://www.openstreetmap.org/way/328631295#map=19/30.267007/-97.745325,https://www.openstreetmap.org/?mlat=30.267007&mlon=-97.745325#map=18/30.267007/-97.745325,"214, West 4th Street, Austin, TX, 78701",Bar / Nightlife listing in Downtown Austin.,"Resident happy-hour perks, nightlife activations, and event check-ins",Not listed,,,,No public special listed in source data,No public deal listed in source data,No public event listing in source data,OpenStreetMap / Overpass,2026-02-26T22:37:02Z
Easy Tiger,Bar / Nightlife,way,379194898,30.264026,-97.726995,https://www.openstreetmap.org/way/379194898#map=19/30.264026/-97.726995,https://www.openstreetmap.org/?mlat=30.264026&mlon=-97.726995#map=18/30.264026/-97.726995,"1501, East 7th Street, Austin, TX, 78702",Bar / Nightlife listing in Downtown Austin.,"Resident happy-hour perks, nightlife activations, and event check-ins",Not listed,+1-512-839-8523,,https://www.easytigerusa.com/pages/east-austin,No public special listed in source data,No public deal listed in source data,No public event listing in source data,OpenStreetMap / Overpass,2026-02-26T22:37:02Z
Edwin's,Bar / Nightlife,node,7111030276,30.266257,-97.735894,https://www.openstreetmap.org/node/7111030276#map=19/30.266257/-97.735894,https://www.openstreetmap.org/?mlat=30.266257&mlon=-97.735894#map=18/30.266257/-97.735894,,Bar / Nightlife listing in Downtown Austin.,"Resident happy-hour perks, nightlife activations, and event check-ins",Not listed,,,,No public special listed in source data,No public deal listed in source data,No public event listing in source data,OpenStreetMap / Overpass,2026-02-26T22:37:02Z
Ego's,Bar / Nightlife,node,1481848589,30.256544,-97.74747,https://www.openstreetmap.org/node/1481848589#map=19/30.256544/-97.747470,https://www.openstreetmap.org/?mlat=30.256544&mlon=-97.747470#map=18/30.256544/-97.747470,,Bar / Nightlife listing in Downtown Austin.,"Resident happy-hour perks, nightlife activations, and event check-ins",Not listed,,,,No public special listed in source data,No public deal listed in source data,No public event listing in source data,OpenStreetMap / Overpass,2026-02-26T22:37:02Z
Ellis,Bar / Nightlife,way,772281126,30.264043,-97.74405,https://www.openstreetmap.org/way/772281126#map=19/30.264043/-97.744050,https://www.openstreetmap.org/?mlat=30.264043&mlon=-97.744050#map=18/30.264043/-97.744050,,Bar / Nightlife listing in Downtown Austin.,"Resident happy-hour perks, nightlife activations, and event check-ins",Not listed,,,,No public special listed in source data,No public deal listed in source data,No public event listing in source data,OpenStreetMap / Overpass,2026-02-26T22:37:02Z
Elysium,Bar / Nightlife,node,3849779422,30.267678,-97.736591,https://www.openstreetmap.org/node/3849779422#map=19/30.267678/-97.736591,https://www.openstreetmap.org/?mlat=30.267678&mlon=-97.736591#map=18/30.267678/-97.736591,"705, Red River Street, 78701",Bar / Nightlife listing in Downtown Austin.,"Resident happy-hour perks, nightlife activations, and event check-ins",Not listed,,,http://www.elysiumonline.net/,No public special listed in source data,No public deal listed in source data,No public event listing in source data,OpenStreetMap / Overpass,2026-02-26T22:37:02Z
Empire Control Room,Bar / Nightlife,way,328649872,30.267404,-97.736054,https://www.openstreetmap.org/way/328649872#map=19/30.267404/-97.736054,https://www.openstreetmap.org/?mlat=30.267404&mlon=-97.736054#map=18/30.267404/-97.736054,"606, East 7th Street, Austin, TX, 78701",Bar / Nightlife listing in Downtown Austin.,"Resident happy-hour perks, nightlife activations, and event check-ins",Not listed,,info@heardent.com,https://empireatx.com/,No public special listed in source data,No public deal listed in source data,No public event listing in source data,OpenStreetMap / Overpass,2026-02-26T22:37:02Z
Empire Garage,Bar / Nightlife,way,328649867,30.267647,-97.736179,https://www.openstreetmap.org/way/328649867#map=19/30.267647/-97.736179,https://www.openstreetmap.org/?mlat=30.267647&mlon=-97.736179#map=18/30.267647/-97.736179,"604, East 7th Street, 78701",Bar / Nightlife listing in Downtown Austin.,"Resident happy-hour perks, nightlife activations, and event check-ins",Not listed,,,,No public special listed in source data,No public deal listed in source data,No public event listing in source data,OpenStreetMap / Overpass,2026-02-26T22:37:02Z
Estelle's Social Lounge,Bar / Nightlife,way,328631296,30.26683,-97.745018,https://www.openstreetmap.org/way/328631296#map=19/30.266830/-97.745018,https://www.openstreetmap.org/?mlat=30.266830&mlon=-97.745018#map=18/30.266830/-97.745018,"400, Colorado Street, Austin, TX, 78701",Bar / Nightlife listing in Downtown Austin.,"Resident happy-hour perks, nightlife activations, and event check-ins",Tu-We 16:00-24:00; Th-Fr 16:00-02:00; Sa 12:00-02:00; Su 12:00-24:00,+15129007626,estelle@nocohospitalityatx.com,https://www.estellesatx.com/,No public special listed in source data,No public deal listed in source data,No public event listing in source data,OpenStreetMap / Overpass,2026-02-26T22:37:02Z
Firehouse Lounge & Hostel,Bar / Nightlife,way,99256740,30.268165,-97.741063,https://www.openstreetmap.org/way/99256740#map=19/30.268165/-97.741063,https://www.openstreetmap.org/?mlat=30.268165&mlon=-97.741063#map=18/30.268165/-97.741063,"605, Brazos Street, 78701",Bar / Nightlife listing in Downtown Austin.,"Resident happy-hour perks, nightlife activations, and event check-ins",Not listed,,,,No public special listed in source data,No public deal listed in source data,No public event listing in source data,OpenStreetMap / Overpass,2026-02-26T22:37:02Z
Flamingo Cantina,Bar / Nightlife,way,328607280,30.266437,-97.737762,https://www.openstreetmap.org/way/328607280#map=19/30.266437/-97.737762,https://www.openstreetmap.org/?mlat=30.266437&mlon=-97.737762#map=18/30.266437/-97.737762,"515, East 6th Street, 78701",Bar / Nightlife listing in Downtown Austin.,"Resident happy-hour perks, nightlife activations, and event check-ins",Not listed,+1-512-494-9336,,https://flamingocantina.com/,No public special listed in source data,No public deal listed in source data,No public event listing in source data,OpenStreetMap / Overpass,2026-02-26T22:37:02Z
Floppy Disk Repair Co.,Bar / Nightlife,node,6564776552,30.2667,-97.74209,https://www.openstreetmap.org/node/6564776552#map=19/30.266700/-97.742090,https://www.openstreetmap.org/?mlat=30.266700&mlon=-97.742090#map=18/30.266700/-97.742090,"119, East 5th Street",Bar / Nightlife listing in Downtown Austin.,"Resident happy-hour perks, nightlife activations, and event check-ins",Not listed,,,http://www.floppydiskrepairco.com/,No public special listed in source data,No public deal listed in source data,No public event listing in source data,OpenStreetMap / Overpass,2026-02-26T22:37:02Z
Foxy's Proper Pub,Bar / Nightlife,way,1032979883,30.26426,-97.742469,https://www.openstreetmap.org/way/1032979883#map=19/30.264260/-97.742469,https://www.openstreetmap.org/?mlat=30.264260&mlon=-97.742469#map=18/30.264260/-97.742469,"201, Brazos Street, Austin, TX, 78701",Bar / Nightlife listing in Downtown Austin.,"Resident happy-hour perks, nightlife activations, and event check-ins",We-Mo 12:00-02:00,+15125016713,,https://foxysproperpub.com/,No public special listed in source data,No public deal listed in source data,No public event listing in source data,OpenStreetMap / Overpass,2026-02-26T22:37:02Z
Friends Bar,Bar / Nightlife,node,3353538564,30.267686,-97.741003,https://www.openstreetmap.org/node/3353538564#map=19/30.267686/-97.741003,https://www.openstreetmap.org/?mlat=30.267686&mlon=-97.741003#map=18/30.267686/-97.741003,,Bar / Nightlife listing in Downtown Austin.,"Resident happy-hour perks, nightlife activations, and event check-ins",Not listed,,,https://friendsbar.com/,No public special listed in source data,No public deal listed in source data,No public event listing in source data,OpenStreetMap / Overpass,2026-02-26T22:37:02Z
Garage,Bar / Nightlife,node,4908313021,30.267773,-97.744208,https://www.openstreetmap.org/node/4908313021#map=19/30.267773/-97.744208,https://www.openstreetmap.org/?mlat=30.267773&mlon=-97.744208#map=18/30.267773/-97.744208,"503, Colorado Street, Austin, TX, 78701",Bar / Nightlife listing in Downtown Austin.,"Resident happy-hour perks, nightlife activations, and event check-ins",Mo-We 17:00-12:00; Th-Sa 17:00-02:00; Su closed,,events@garageatx.com,https://www.garagetx.com/,No public special listed in source data,Cocktail bar located in a converted parking garage,No public event listing in source data,OpenStreetMap / Overpass,2026-02-26T22:37:02Z
Gibson Street Bar,Bar / Nightlife,way,383355032,30.255005,-97.761891,https://www.openstreetmap.org/way/383355032#map=19/30.255005/-97.761891,https://www.openstreetmap.org/?mlat=30.255005&mlon=-97.761891#map=18/30.255005/-97.761891,"1109, South Lamar Boulevard, Austin, TX, 78704",Bar / Nightlife listing in Downtown Austin.,"Resident happy-hour perks, nightlife activations, and event check-ins",Mo-Th 16:00-02:00; Fr-Su 12:00-02:00,+1-512-386-1345,,https://www.gibsonstreetbar.com/,No public special listed in source data,No public deal listed in source data,No public event listing in source data,OpenStreetMap / Overpass,2026-02-26T22:37:02Z
Golden Ace,Bar / Nightlife,node,1481848476,30.265415,-97.748667,https://www.openstreetmap.org/node/1481848476#map=19/30.265415/-97.748667,https://www.openstreetmap.org/?mlat=30.265415&mlon=-97.748667#map=18/30.265415/-97.748667,"419, West 2nd Street, Austin, TX, 78701",Bar / Nightlife listing in Downtown Austin.,"Resident happy-hour perks, nightlife activations, and event check-ins",Mo-Su 16:00-24:00,,,,No public special listed in source data,No public deal listed in source data,No public event listing in source data,OpenStreetMap / Overpass,2026-02-26T22:37:02Z
Good Intentions,Bar / Nightlife,way,328607273,30.266778,-97.73928,https://www.openstreetmap.org/way/328607273#map=19/30.266778/-97.739280,https://www.openstreetmap.org/?mlat=30.266778&mlon=-97.739280#map=18/30.266778/-97.739280,"401, East 6th Street, 78701",Bar / Nightlife listing in Downtown Austin.,"Resident happy-hour perks, nightlife activations, and event check-ins",Not listed,,,,No public special listed in source data,No public deal listed in source data,No public event listing in source data,OpenStreetMap / Overpass,2026-02-26T22:37:02Z
Green Light Social,Bar / Nightlife,way,99868647,30.270398,-97.750095,https://www.openstreetmap.org/way/99868647#map=19/30.270398/-97.750095,https://www.openstreetmap.org/?mlat=30.270398&mlon=-97.750095#map=18/30.270398/-97.750095,"720, West 6th Street, Austin, TX, 78701",Bar / Nightlife listing in Downtown Austin.,"Resident happy-hour perks, nightlife activations, and event check-ins",Not listed,,,,No public special listed in source data,No public deal listed in source data,No public event listing in source data,OpenStreetMap / Overpass,2026-02-26T22:37:02Z
Green Light Social,Bar / Nightlife,node,3849779883,30.270363,-97.750394,https://www.openstreetmap.org/node/3849779883#map=19/30.270363/-97.750394,https://www.openstreetmap.org/?mlat=30.270363&mlon=-97.750394#map=18/30.270363/-97.750394,"720, West 6th Street, 78701",Bar / Nightlife listing in Downtown Austin.,"Resident happy-hour perks, nightlife activations, and event check-ins",Not listed,,,,No public special listed in source data,No public deal listed in source data,No public event listing in source data,OpenStreetMap / Overpass,2026-02-26T22:37:02Z
Half Step,Bar / Nightlife,node,3181804699,30.258429,-97.738666,https://www.openstreetmap.org/node/3181804699#map=19/30.258429/-97.738666,https://www.openstreetmap.org/?mlat=30.258429&mlon=-97.738666#map=18/30.258429/-97.738666,,Bar / Nightlife listing in Downtown Austin.,"Resident happy-hour perks, nightlife activations, and event check-ins",Not listed,,,,Premium pour upgrade on house cocktails,10% off brunch windows,Resident cocktail sessions,OpenStreetMap / Overpass,2026-02-26T22:37:02Z
HandleBar,Bar / Nightlife,node,1481721330,30.266587,-97.742091,https://www.openstreetmap.org/node/1481721330#map=19/30.266587/-97.742091,https://www.openstreetmap.org/?mlat=30.266587&mlon=-97.742091#map=18/30.266587/-97.742091,"121, East 5th Street, Austin, 78701",Bar / Nightlife listing in Downtown Austin.,"Resident happy-hour perks, nightlife activations, and event check-ins",Mo-Sa 14:00-02:00; Su 12:00-02:00,,,https://handlebaraustin.com/,No public special listed in source data,No public deal listed in source data,No public event listing in source data,OpenStreetMap / Overpass,2026-02-26T22:37:02Z
Hen,Bar / Nightlife,node,7110963076,30.264967,-97.731784,https://www.openstreetmap.org/node/7110963076#map=19/30.264967/-97.731784,https://www.openstreetmap.org/?mlat=30.264967&mlon=-97.731784#map=18/30.264967/-97.731784,,Bar / Nightlife listing in Downtown Austin.,"Resident happy-hour perks, nightlife activations, and event check-ins",Not listed,,,,No public special listed in source data,No public deal listed in source data,No public event listing in source data,OpenStreetMap / Overpass,2026-02-26T22:37:02Z
Highland Lounge,Bar / Nightlife,node,3671114130,30.266965,-97.744847,https://www.openstreetmap.org/node/3671114130#map=19/30.266965/-97.744847,https://www.openstreetmap.org/?mlat=30.266965&mlon=-97.744847#map=18/30.266965/-97.744847,"404, Colorado Street, Austin, TX, 78701",Bar / Nightlife listing in Downtown Austin.,"Resident happy-hour perks, nightlife activations, and event check-ins",Not listed,+1-512-649-1212,,https://highlandlounge.com/,No public special listed in source data,No public deal listed in source data,No public event listing in source data,OpenStreetMap / Overpass,2026-02-26T22:37:02Z
Historic Scoot Inn,Bar / Nightlife,node,5770943039,30.262122,-97.729394,https://www.openstreetmap.org/node/5770943039#map=19/30.262122/-97.729394,https://www.openstreetmap.org/?mlat=30.262122&mlon=-97.729394#map=18/30.262122/-97.729394,"1308, East 4th Street, Austin, TX, 78702",Bar / Nightlife listing in Downtown Austin.,"Resident happy-hour perks, nightlife activations, and event check-ins",Not listed,,,,No public special listed in source data,No public deal listed in source data,No public event listing in source data,OpenStreetMap / Overpass,2026-02-26T22:37:02Z
House Wine,Bar / Nightlife,way,383353308,30.261917,-97.75889,https://www.openstreetmap.org/way/383353308#map=19/30.261917/-97.758890,https://www.openstreetmap.org/?mlat=30.261917&mlon=-97.758890#map=18/30.261917/-97.758890,"408, Josephine Street, Austin, TX, 78704",Bar / Nightlife listing in Downtown Austin.,"Resident happy-hour perks, nightlife activations, and event check-ins",Not listed,,,,No public special listed in source data,No public deal listed in source data,No public event listing in source data,OpenStreetMap / Overpass,2026-02-26T22:37:02Z
Howard's Bar and Club,Bar / Nightlife,way,382597226,30.27285,-97.756894,https://www.openstreetmap.org/way/382597226#map=19/30.272850/-97.756894,https://www.openstreetmap.org/?mlat=30.272850&mlon=-97.756894#map=18/30.272850/-97.756894,"1130, West 6th Street, Austin, TX, 78703",Bar / Nightlife listing in Downtown Austin.,"Resident happy-hour perks, nightlife activations, and event check-ins",Not listed,,,,No public special listed in source data,No public deal listed in source data,No public event listing in source data,OpenStreetMap / Overpass,2026-02-26T22:37:02Z
Icenhauer's,Bar / Nightlife,way,312335012,30.259377,-97.738277,https://www.openstreetmap.org/way/312335012#map=19/30.259377/-97.738277,https://www.openstreetmap.org/?mlat=30.259377&mlon=-97.738277#map=18/30.259377/-97.738277,"83, Rainey Street, Austin, TX, 78701",Bar / Nightlife listing in Downtown Austin.,"Resident happy-hour perks, nightlife activations, and event check-ins",Mo-Fr 16:00-02:00; Sa-Su 13:00-02:00,,,https://www.icenhauers.com/,No public special listed in source data,No public deal listed in source data,No public event listing in source data,OpenStreetMap / Overpass,2026-02-26T22:37:02Z
Idle Hands,Bar / Nightlife,way,312335011,30.2595,-97.738196,https://www.openstreetmap.org/way/312335011#map=19/30.259500/-97.738196,https://www.openstreetmap.org/?mlat=30.259500&mlon=-97.738196#map=18/30.259500/-97.738196,"85, Rainey Street, Austin, TX, 78701",Bar / Nightlife listing in Downtown Austin.,"Resident happy-hour perks, nightlife activations, and event check-ins",Mo-We 17:00-24:00; Th 14:00-02:00; Fr-Sa 12:00-02:00; Su 11:00-24:00,,,https://www.idlehandsaustin.com/,No public special listed in source data,No public deal listed in source data,No public event listing in source data,OpenStreetMap / Overpass,2026-02-26T22:37:02Z
Incognito,Bar / Nightlife,node,3825339165,30.264421,-97.73321,https://www.openstreetmap.org/node/3825339165#map=19/30.264421/-97.733210,https://www.openstreetmap.org/?mlat=30.264421&mlon=-97.733210#map=18/30.264421/-97.733210,"908, East 5th Street, Austin, TX, 78702",Bar / Nightlife listing in Downtown Austin.,"Resident happy-hour perks, nightlife activations, and event check-ins",Mo-Su 18:00-02:00,,,,No public special listed in source data,No public deal listed in source data,No public event listing in source data,OpenStreetMap / Overpass,2026-02-26T22:37:02Z
J Blacks,Bar / Nightlife,node,1792579346,30.270303,-97.750219,https://www.openstreetmap.org/node/1792579346#map=19/30.270303/-97.750219,https://www.openstreetmap.org/?mlat=30.270303&mlon=-97.750219#map=18/30.270303/-97.750219,,Bar / Nightlife listing in Downtown Austin.,"Resident happy-hour perks, nightlife activations, and event check-ins",Not listed,,,,No public special listed in source data,No public deal listed in source data,No public event listing in source data,OpenStreetMap / Overpass,2026-02-26T22:37:02Z
Javelina,Bar / Nightlife,node,3181804698,30.25815,-97.738803,https://www.openstreetmap.org/node/3181804698#map=19/30.258150/-97.738803,https://www.openstreetmap.org/?mlat=30.258150&mlon=-97.738803#map=18/30.258150/-97.738803,,Bar / Nightlife listing in Downtown Austin.,"Resident happy-hour perks, nightlife activations, and event check-ins",Not listed,,,,No public special listed in source data,No public deal listed in source data,No public event listing in source data,OpenStreetMap / Overpass,2026-02-26T22:37:02Z
Kalimotxo,Bar / Nightlife,node,7024063232,30.2669,-97.750177,https://www.openstreetmap.org/node/7024063232#map=19/30.266900/-97.750177,https://www.openstreetmap.org/?mlat=30.266900&mlon=-97.750177#map=18/30.266900/-97.750177,"607, West 3rd Street, Austin, TX, 78701",Bar / Nightlife listing in Downtown Austin.,"Resident happy-hour perks, nightlife activations, and event check-ins","Tu-Th 16:00-24:00, Fr 16:00-01:00, Sa 12:00-01:00, Su 12:00-24:00",+1-512-333-0737,,https://www.kalimotxoatx.com/,No public special listed in source data,No public deal listed in source data,No public event listing in source data,OpenStreetMap / Overpass,2026-02-26T22:37:02Z
Key Bar,Bar / Nightlife,way,379165967,30.269699,-97.749382,https://www.openstreetmap.org/way/379165967#map=19/30.269699/-97.749382,https://www.openstreetmap.org/?mlat=30.269699&mlon=-97.749382#map=18/30.269699/-97.749382,"617, West 6th Street, 78701",Bar / Nightlife listing in Downtown Austin.,"Resident happy-hour perks, nightlife activations, and event check-ins",Not listed,,,,No public special listed in source data,No public deal listed in source data,No public event listing in source data,OpenStreetMap / Overpass,2026-02-26T22:37:02Z
KRAVE,Bar / Nightlife,node,3355376966,30.267439,-97.740116,https://www.openstreetmap.org/node/3355376966#map=19/30.267439/-97.740116,https://www.openstreetmap.org/?mlat=30.267439&mlon=-97.740116#map=18/30.267439/-97.740116,,Bar / Nightlife listing in Downtown Austin.,"Resident happy-hour perks, nightlife activations, and event check-ins",Not listed,+1-512-487-4567,,https://www.facebook.com/KRAVEaustin,No public special listed in source data,No public deal listed in source data,No public event listing in source data,OpenStreetMap / Overpass,2026-02-26T22:37:02Z
Kung Fu Saloon,Bar / Nightlife,node,3194175561,30.269633,-97.749897,https://www.openstreetmap.org/node/3194175561#map=19/30.269633/-97.749897,https://www.openstreetmap.org/?mlat=30.269633&mlon=-97.749897#map=18/30.269633/-97.749897,"510, Rio Grande Street",Bar / Nightlife listing in Downtown Austin.,"Resident happy-hour perks, nightlife activations, and event check-ins",Not listed,,,,No public special listed in source data,No public deal listed in source data,No public event listing in source data,OpenStreetMap / Overpass,2026-02-26T22:37:02Z
Kung Fu Saloon,Bar / Nightlife,node,3670757854,30.270343,-97.750368,https://www.openstreetmap.org/node/3670757854#map=19/30.270343/-97.750368,https://www.openstreetmap.org/?mlat=30.270343&mlon=-97.750368#map=18/30.270343/-97.750368,,Bar / Nightlife listing in Downtown Austin.,"Resident happy-hour perks, nightlife activations, and event check-ins",Not listed,,,,No public special listed in source data,No public deal listed in source data,No public event listing in source data,OpenStreetMap / Overpass,2026-02-26T22:37:02Z
La Perla,Bar / Nightlife,node,7094693505,30.263234,-97.726666,https://www.openstreetmap.org/node/7094693505#map=19/30.263234/-97.726666,https://www.openstreetmap.org/?mlat=30.263234&mlon=-97.726666#map=18/30.263234/-97.726666,,Bar / Nightlife listing in Downtown Austin.,"Resident happy-hour perks, nightlife activations, and event check-ins",Not listed,,,,No public special listed in source data,No public deal listed in source data,No public event listing in source data,OpenStreetMap / Overpass,2026-02-26T22:37:02Z
Lanai,Bar / Nightlife,node,1481721327,30.267063,-97.743503,https://www.openstreetmap.org/node/1481721327#map=19/30.267063/-97.743503,https://www.openstreetmap.org/?mlat=30.267063&mlon=-97.743503#map=18/30.267063/-97.743503,,Bar / Nightlife listing in Downtown Austin.,"Resident happy-hour perks, nightlife activations, and event check-ins",Not listed,,,,No public special listed in source data,No public deal listed in source data,No public event listing in source data,OpenStreetMap / Overpass,2026-02-26T22:37:02Z
Las Bis,Bar / Nightlife,node,10245293659,30.269705,-97.741756,https://www.openstreetmap.org/node/10245293659#map=19/30.269705/-97.741756,https://www.openstreetmap.org/?mlat=30.269705&mlon=-97.741756#map=18/30.269705/-97.741756,"721, Congress Avenue, Austin, TX, 78701",Bar / Nightlife listing in Downtown Austin.,"Resident happy-hour perks, nightlife activations, and event check-ins",Su-Th 16:00-24:00; Fr-Sa 12:00-24:00,,,https://www.hyatt.com/hyatt-centric/ausct-hyatt-centric-congress-avenue-austin/dining,No public special listed in source data,No public deal listed in source data,No public event listing in source data,OpenStreetMap / Overpass,2026-02-26T22:37:02Z
Las Perlas,Bar / Nightlife,node,7094681498,30.26774,-97.738644,https://www.openstreetmap.org/node/7094681498#map=19/30.267740/-97.738644,https://www.openstreetmap.org/?mlat=30.267740&mlon=-97.738644#map=18/30.267740/-97.738644,,Bar / Nightlife listing in Downtown Austin.,"Resident happy-hour perks, nightlife activations, and event check-ins",Mo-Su 16:00-02:00,,,,No public special listed in source data,Mezcal y Cerveza,No public event listing in source data,OpenStreetMap / Overpass,2026-02-26T22:37:02Z
Latchkey,Bar / Nightlife,node,822469573,30.264007,-97.728659,https://www.openstreetmap.org/node/822469573#map=19/30.264007/-97.728659,https://www.openstreetmap.org/?mlat=30.264007&mlon=-97.728659#map=18/30.264007/-97.728659,,Bar / Nightlife listing in Downtown Austin.,"Resident happy-hour perks, nightlife activations, and event check-ins",Not listed,,,,No public special listed in source data,No public deal listed in source data,No public event listing in source data,OpenStreetMap / Overpass,2026-02-26T22:37:02Z
Little Brother,Bar / Nightlife,node,7111053545,30.25981,-97.738215,https://www.openstreetmap.org/node/7111053545#map=19/30.259810/-97.738215,https://www.openstreetmap.org/?mlat=30.259810&mlon=-97.738215#map=18/30.259810/-97.738215,"89, Rainey Street",Bar / Nightlife listing in Downtown Austin.,"Resident happy-hour perks, nightlife activations, and event check-ins",Mo 10:00-15:00; Tu-We 10:00-21:00; Th-Sa 10:00-14:00; Su 10:00-22:00,,sup@littlebrotherbar.com,https://www.littlebrotherbar.com/,No public special listed in source data,No public deal listed in source data,No public event listing in source data,OpenStreetMap / Overpass,2026-02-26T22:37:02Z
Little Woodrow's,Bar / Nightlife,way,1243589069,30.269801,-97.748048,https://www.openstreetmap.org/way/1243589069#map=19/30.269801/-97.748048,https://www.openstreetmap.org/?mlat=30.269801&mlon=-97.748048#map=18/30.269801/-97.748048,"520, West 6th Street, 78701",Bar / Nightlife listing in Downtown Austin.,"Resident happy-hour perks, nightlife activations, and event check-ins",Not listed,,,,No public special listed in source data,No public deal listed in source data,No public event listing in source data,OpenStreetMap / Overpass,2026-02-26T22:37:02Z
Llano Lounge,Bar / Nightlife,node,11519417375,30.265005,-97.743718,https://www.openstreetmap.org/node/11519417375#map=19/30.265005/-97.743718,https://www.openstreetmap.org/?mlat=30.265005&mlon=-97.743718#map=18/30.265005/-97.743718,"217, Congress Avenue, Austin, TX, 78701",Bar / Nightlife listing in Downtown Austin.,"Resident happy-hour perks, nightlife activations, and event check-ins",Mo-Su 11:00-24:00,,,,No public special listed in source data,No public deal listed in source data,No public event listing in source data,OpenStreetMap / Overpass,2026-02-26T22:37:02Z
Lucille,Bar / Nightlife,way,312335015,30.258739,-97.738528,https://www.openstreetmap.org/way/312335015#map=19/30.258739/-97.738528,https://www.openstreetmap.org/?mlat=30.258739&mlon=-97.738528#map=18/30.258739/-97.738528,"77, Rainey Street, Austin, TX, 78701",Bar / Nightlife listing in Downtown Austin.,"Resident happy-hour perks, nightlife activations, and event check-ins",Mo 16:00-24:00; Tu-We 16:00-02:00; Th off; Fr-Sa 14:30-02:00; Su 13:00-02:00,+1 512-596-1515,,https://lucilleaustin.com/lucille.html,No public special listed in source data,No public deal listed in source data,No public event listing in source data,OpenStreetMap / Overpass,2026-02-26T22:37:02Z
Lucky Lounge,Bar / Nightlife,node,1481721318,30.267464,-97.74533,https://www.openstreetmap.org/node/1481721318#map=19/30.267464/-97.745330,https://www.openstreetmap.org/?mlat=30.267464&mlon=-97.745330#map=18/30.267464/-97.745330,,Bar / Nightlife listing in Downtown Austin.,"Resident happy-hour perks, nightlife activations, and event check-ins",Not listed,,,,No public special listed in source data,No public deal listed in source data,No public event listing in source data,OpenStreetMap / Overpass,2026-02-26T22:37:02Z
Lustre Pearl,Bar / Nightlife,way,379221708,30.260673,-97.738295,https://www.openstreetmap.org/way/379221708#map=19/30.260673/-97.738295,https://www.openstreetmap.org/?mlat=30.260673&mlon=-97.738295#map=18/30.260673/-97.738295,"94, Rainey Street, Austin, TX, 78701",Bar / Nightlife listing in Downtown Austin.,"Resident happy-hour perks, nightlife activations, and event check-ins","Su,Fr 12:00-02:00; Mo-Th 14:00-02:00; Sa 11:00-14:00",,lustreraineymgmt@dunlapatx.com,https://dunlapatx.com/,Complimentary snack plate with group tabs,$2 off featured drinks,Resident Mixer Night,OpenStreetMap / Overpass,2026-02-26T22:37:02Z
Maggie Mae's,Bar / Nightlife,node,6238106388,30.267043,-97.739677,https://www.openstreetmap.org/node/6238106388#map=19/30.267043/-97.739677,https://www.openstreetmap.org/?mlat=30.267043&mlon=-97.739677#map=18/30.267043/-97.739677,,Bar / Nightlife listing in Downtown Austin.,"Resident happy-hour perks, nightlife activations, and event check-ins",Not listed,,,,No public special listed in source data,No public deal listed in source data,No public event listing in source data,OpenStreetMap / Overpass,2026-02-26T22:37:02Z
Mala Vida,Bar / Nightlife,node,4373172889,30.266226,-97.735565,https://www.openstreetmap.org/node/4373172889#map=19/30.266226/-97.735565,https://www.openstreetmap.org/?mlat=30.266226&mlon=-97.735565#map=18/30.266226/-97.735565,,Bar / Nightlife listing in Downtown Austin.,"Resident happy-hour perks, nightlife activations, and event check-ins",Not listed,,,,No public special listed in source data,No public deal listed in source data,No public event listing in source data,OpenStreetMap / Overpass,2026-02-26T22:37:02Z
Mayfair,Bar / Nightlife,node,12513317004,30.269344,-97.747816,https://www.openstreetmap.org/node/12513317004#map=19/30.269344/-97.747816,https://www.openstreetmap.org/?mlat=30.269344&mlon=-97.747816#map=18/30.269344/-97.747816,"501, West 6th Street, Austin, TX, 78701",Bar / Nightlife listing in Downtown Austin.,"Resident happy-hour perks, nightlife activations, and event check-ins",Not listed,+1-737-231-0885,info@mayfairaustin.com,,No public special listed in source data,No public deal listed in source data,No public event listing in source data,OpenStreetMap / Overpass,2026-02-26T22:37:02Z
Midnight Cowboy,Bar / Nightlife,node,6200122787,30.267115,-97.739944,https://www.openstreetmap.org/node/6200122787#map=19/30.267115/-97.739944,https://www.openstreetmap.org/?mlat=30.267115&mlon=-97.739944#map=18/30.267115/-97.739944,,Bar / Nightlife listing in Downtown Austin.,"Resident happy-hour perks, nightlife activations, and event check-ins",Not listed,,,,No public special listed in source data,No public deal listed in source data,No public event listing in source data,OpenStreetMap / Overpass,2026-02-26T22:37:02Z
Mohawk,Bar / Nightlife,node,3190821388,30.270058,-97.736088,https://www.openstreetmap.org/node/3190821388#map=19/30.270058/-97.736088,https://www.openstreetmap.org/?mlat=30.270058&mlon=-97.736088#map=18/30.270058/-97.736088,"912, Red River Street",Bar / Nightlife listing in Downtown Austin.,"Resident happy-hour perks, nightlife activations, and event check-ins",Not listed,,,https://mohawkaustin.com/,No public special listed in source data,No public deal listed in source data,No public event listing in source data,OpenStreetMap / Overpass,2026-02-26T22:37:02Z
Moonshine Comfort & Cocktails,Bar / Nightlife,node,1481420712,30.263779,-97.738029,https://www.openstreetmap.org/node/1481420712#map=19/30.263779/-97.738029,https://www.openstreetmap.org/?mlat=30.263779&mlon=-97.738029#map=18/30.263779/-97.738029,"303, Red River Street, Austin",Bar / Nightlife listing in Downtown Austin.,"Resident happy-hour perks, nightlife activations, and event check-ins",Not listed,,,https://moonshinegrill.com/,No public special listed in source data,No public deal listed in source data,No public event listing in source data,OpenStreetMap / Overpass,2026-02-26T22:37:02Z
Mooseknuckle,Bar / Nightlife,node,1481633318,30.267107,-97.738929,https://www.openstreetmap.org/node/1481633318#map=19/30.267107/-97.738929,https://www.openstreetmap.org/?mlat=30.267107&mlon=-97.738929#map=18/30.267107/-97.738929,,Bar / Nightlife listing in Downtown Austin.,"Resident happy-hour perks, nightlife activations, and event check-ins",Not listed,,,,No public special listed in source data,No public deal listed in source data,No public event listing in source data,OpenStreetMap / Overpass,2026-02-26T22:37:02Z
Mort Subite,Bar / Nightlife,way,328634437,30.265719,-97.743983,https://www.openstreetmap.org/way/328634437#map=19/30.265719/-97.743983,https://www.openstreetmap.org/?mlat=30.265719&mlon=-97.743983#map=18/30.265719/-97.743983,"308, Congress Avenue, Austin, TX, 78701",Bar / Nightlife listing in Downtown Austin.,"Resident happy-hour perks, nightlife activations, and event check-ins","Mo-Th 12:00-23:00, Fr,Sa 12:00-24:00, Su 12:00-21:00",,,,No public special listed in source data,No public deal listed in source data,No public event listing in source data,OpenStreetMap / Overpass,2026-02-26T22:37:02Z
MugShots,Bar / Nightlife,node,3353621863,30.267739,-97.738442,https://www.openstreetmap.org/node/3353621863#map=19/30.267739/-97.738442,https://www.openstreetmap.org/?mlat=30.267739&mlon=-97.738442#map=18/30.267739/-97.738442,,Bar / Nightlife listing in Downtown Austin.,"Resident happy-hour perks, nightlife activations, and event check-ins","Su 18:00-02:00; Mo 19:30-02:00; Tu,We 20:00-02:00; Th,Fr 17:00-02:00; Sa 19:00-02:00",+1-512-236-0008,,http://www.mugshotsaustin.com/,No public special listed in source data,No public deal listed in source data,No public event listing in source data,OpenStreetMap / Overpass,2026-02-26T22:37:02Z
My Oh My,Bar / Nightlife,node,12015281525,30.265017,-97.734078,https://www.openstreetmap.org/node/12015281525#map=19/30.265017/-97.734078,https://www.openstreetmap.org/?mlat=30.265017&mlon=-97.734078#map=18/30.265017/-97.734078,"501, Brushy Street, Austin, TX, 78702",Bar / Nightlife listing in Downtown Austin.,"Resident happy-hour perks, nightlife activations, and event check-ins",Not listed,,,,No public special listed in source data,No public deal listed in source data,No public event listing in source data,OpenStreetMap / Overpass,2026-02-26T22:37:02Z
Neon Grotto,Bar / Nightlife,way,231123161,30.266432,-97.745085,https://www.openstreetmap.org/way/231123161#map=19/30.266432/-97.745085,https://www.openstreetmap.org/?mlat=30.266432&mlon=-97.745085#map=18/30.266432/-97.745085,"318, Colorado Street, Austin, TX, 78701",Bar / Nightlife listing in Downtown Austin.,"Resident happy-hour perks, nightlife activations, and event check-ins",Not listed,,,,No public special listed in source data,No public deal listed in source data,No public event listing in source data,OpenStreetMap / Overpass,2026-02-26T22:37:02Z
Nickel City,Bar / Nightlife,node,7093970108,30.268575,-97.728109,https://www.openstreetmap.org/node/7093970108#map=19/30.268575/-97.728109,https://www.openstreetmap.org/?mlat=30.268575&mlon=-97.728109#map=18/30.268575/-97.728109,"East 11th Street, 1133",Bar / Nightlife listing in Downtown Austin.,"Resident happy-hour perks, nightlife activations, and event check-ins",Not listed,,,,No public special listed in source data,No public deal listed in source data,No public event listing in source data,OpenStreetMap / Overpass,2026-02-26T22:37:02Z
Oilcan Harry's,Bar / Nightlife,way,231123159,30.26649,-97.745359,https://www.openstreetmap.org/way/231123159#map=19/30.266490/-97.745359,https://www.openstreetmap.org/?mlat=30.266490&mlon=-97.745359#map=18/30.266490/-97.745359,"211, West 4th Street, Austin, TX, 78701",Bar / Nightlife listing in Downtown Austin.,"Resident happy-hour perks, nightlife activations, and event check-ins",Not listed,,,https://www.oilcanharrys.com/,No public special listed in source data,No public deal listed in source data,No public event listing in source data,OpenStreetMap / Overpass,2026-02-26T22:37:02Z
Parish,Bar / Nightlife,node,12015281524,30.264821,-97.733977,https://www.openstreetmap.org/node/12015281524#map=19/30.264821/-97.733977,https://www.openstreetmap.org/?mlat=30.264821&mlon=-97.733977#map=18/30.264821/-97.733977,"501, Brushy Street, Austin, TX, 78702",Bar / Nightlife listing in Downtown Austin.,"Resident happy-hour perks, nightlife activations, and event check-ins",Not listed,,,,No public special listed in source data,No public deal listed in source data,No public event listing in source data,OpenStreetMap / Overpass,2026-02-26T22:37:02Z
Parker Jazz Club,Bar / Nightlife,node,5921568654,30.266353,-97.744649,https://www.openstreetmap.org/node/5921568654#map=19/30.266353/-97.744649,https://www.openstreetmap.org/?mlat=30.266353&mlon=-97.744649#map=18/30.266353/-97.744649,"117, West 4th Street, Austin, TX, 78701",Bar / Nightlife listing in Downtown Austin.,"Resident happy-hour perks, nightlife activations, and event check-ins",Not listed,,,,No public special listed in source data,No public deal listed in source data,No public event listing in source data,OpenStreetMap / Overpass,2026-02-26T22:37:02Z
Parlor Room,Bar / Nightlife,way,312335028,30.259811,-97.738653,https://www.openstreetmap.org/way/312335028#map=19/30.259811/-97.738653,https://www.openstreetmap.org/?mlat=30.259811&mlon=-97.738653#map=18/30.259811/-97.738653,"88, Rainey Street, Austin, TX, 78701",Bar / Nightlife listing in Downtown Austin.,"Resident happy-hour perks, nightlife activations, and event check-ins",Mo 18:00-02:00; Tu-Fr 16:00-02:00; Sa-Su 12:00-02:00,+1 512-559-8800,,https://parlorroomatx.com/,No public special listed in source data,No public deal listed in source data,No public event listing in source data,OpenStreetMap / Overpass,2026-02-26T22:37:02Z
Peckerheads on Sixth,Bar / Nightlife,node,3353621865,30.267148,-97.739075,https://www.openstreetmap.org/node/3353621865#map=19/30.267148/-97.739075,https://www.openstreetmap.org/?mlat=30.267148&mlon=-97.739075#map=18/30.267148/-97.739075,,Bar / Nightlife listing in Downtown Austin.,"Resident happy-hour perks, nightlife activations, and event check-ins",Not listed,,,https://twitter.com/peckerheads,No public special listed in source data,No public deal listed in source data,No public event listing in source data,OpenStreetMap / Overpass,2026-02-26T22:37:02Z
Pete's Dueling Piano Bar,Bar / Nightlife,node,1481633307,30.266712,-97.738562,https://www.openstreetmap.org/node/1481633307#map=19/30.266712/-97.738562,https://www.openstreetmap.org/?mlat=30.266712&mlon=-97.738562#map=18/30.266712/-97.738562,,Bar / Nightlife listing in Downtown Austin.,"Resident happy-hour perks, nightlife activations, and event check-ins",Not listed,,,,No public special listed in source data,No public deal listed in source data,No public event listing in source data,OpenStreetMap / Overpass,2026-02-26T22:37:02Z
Play on West 6th,Bar / Nightlife,way,1243789762,30.270145,-97.749169,https://www.openstreetmap.org/way/1243789762#map=19/30.270145/-97.749169,https://www.openstreetmap.org/?mlat=30.270145&mlon=-97.749169#map=18/30.270145/-97.749169,"620, West 6th Street, Austin, TX, 78701",Bar / Nightlife listing in Downtown Austin.,"Resident happy-hour perks, nightlife activations, and event check-ins",Not listed,,,,No public special listed in source data,No public deal listed in source data,No public event listing in source data,OpenStreetMap / Overpass,2026-02-26T22:37:02Z
Pop,Bar / Nightlife,way,1243789761,30.270171,-97.749257,https://www.openstreetmap.org/way/1243789761#map=19/30.270171/-97.749257,https://www.openstreetmap.org/?mlat=30.270171&mlon=-97.749257#map=18/30.270171/-97.749257,"620, West 6th Street, Austin, TX, 78701",Bar / Nightlife listing in Downtown Austin.,"Resident happy-hour perks, nightlife activations, and event check-ins",Not listed,,,,No public special listed in source data,No public deal listed in source data,No public event listing in source data,OpenStreetMap / Overpass,2026-02-26T22:37:02Z
Postino,Bar / Nightlife,node,12708451879,30.253797,-97.76254,https://www.openstreetmap.org/node/12708451879#map=19/30.253797/-97.762540,https://www.openstreetmap.org/?mlat=30.253797&mlon=-97.762540#map=18/30.253797/-97.762540,"1301, South Lamar Boulevard, Austin, TX, 78704",Bar / Nightlife listing operated by Postino.,"Resident happy-hour perks, nightlife activations, and event check-ins",Mo-Th 11:00-23:00; Fr 11:00-24:00; Sa 10:00-24:00; Su 10:00-22:00,+1-512-364-0300,southlamar@postinowinecafe.com,https://www.postinowinecafe.com/locations/postino-south-lamar,No public special listed in source data,No public deal listed in source data,No public event listing in source data,OpenStreetMap / Overpass,2026-02-26T22:37:02Z
Pour Choices,Bar / Nightlife,node,13018543634,30.266911,-97.739223,https://www.openstreetmap.org/node/13018543634#map=19/30.266911/-97.739223,https://www.openstreetmap.org/?mlat=30.266911&mlon=-97.739223#map=18/30.266911/-97.739223,,Bar / Nightlife listing in Downtown Austin.,"Resident happy-hour perks, nightlife activations, and event check-ins",Not listed,,,,No public special listed in source data,No public deal listed in source data,No public event listing in source data,OpenStreetMap / Overpass,2026-02-26T22:37:02Z
Powder Room,Bar / Nightlife,node,11679087443,30.267687,-97.745798,https://www.openstreetmap.org/node/11679087443#map=19/30.267687/-97.745798,https://www.openstreetmap.org/?mlat=30.267687&mlon=-97.745798#map=18/30.267687/-97.745798,"303, West 5th Street, Austin, TX, 78701",Bar / Nightlife listing in Downtown Austin.,"Resident happy-hour perks, nightlife activations, and event check-ins",Not listed,+1-512-996-3113,,https://www.loboshospitality.com/venues/powderroomatx,No public special listed in source data,No public deal listed in source data,No public event listing in source data,OpenStreetMap / Overpass,2026-02-26T22:37:02Z
Rain on 4th,Bar / Nightlife,way,231123155,30.266535,-97.745657,https://www.openstreetmap.org/way/231123155#map=19/30.266535/-97.745657,https://www.openstreetmap.org/?mlat=30.266535&mlon=-97.745657#map=18/30.266535/-97.745657,"217, West 4th Street, Austin, TX, 78701",Bar / Nightlife listing in Downtown Austin.,"Resident happy-hour perks, nightlife activations, and event check-ins",Not listed,+1-512-494-1150,contactus@rainon4th.com,https://www.rainon4th.com/,No public special listed in source data,No public deal listed in source data,No public event listing in source data,OpenStreetMap / Overpass,2026-02-26T22:37:02Z
Recess Arcade Bar,Bar / Nightlife,node,3353538811,30.267569,-97.740583,https://www.openstreetmap.org/node/3353538811#map=19/30.267569/-97.740583,https://www.openstreetmap.org/?mlat=30.267569&mlon=-97.740583#map=18/30.267569/-97.740583,,Bar / Nightlife listing in Downtown Austin.,"Resident happy-hour perks, nightlife activations, and event check-ins",Not listed,,,https://recessarcadebar.com/,No public special listed in source data,No public deal listed in source data,No public event listing in source data,OpenStreetMap / Overpass,2026-02-26T22:37:02Z
Red 7,Bar / Nightlife,node,3355462828,30.267135,-97.736262,https://www.openstreetmap.org/node/3355462828#map=19/30.267135/-97.736262,https://www.openstreetmap.org/?mlat=30.267135&mlon=-97.736262#map=18/30.267135/-97.736262,,Bar / Nightlife listing in Downtown Austin.,"Resident happy-hour perks, nightlife activations, and event check-ins",Not listed,,,http://red7austin.com/,No public special listed in source data,No public deal listed in source data,No public event listing in source data,OpenStreetMap / Overpass,2026-02-26T22:37:02Z
Reina Rooftop,Bar / Nightlife,node,12202766906,30.263998,-97.740641,https://www.openstreetmap.org/node/12202766906#map=19/30.263998/-97.740641,https://www.openstreetmap.org/?mlat=30.263998&mlon=-97.740641#map=18/30.263998/-97.740641,"206, Trinity Street, Austin, TX, 78701",Bar / Nightlife listing in Downtown Austin.,"Resident happy-hour perks, nightlife activations, and event check-ins",Not listed,,,,No public special listed in source data,No public deal listed in source data,No public event listing in source data,OpenStreetMap / Overpass,2026-02-26T22:37:02Z
Remedy,Bar / Nightlife,node,3248363276,30.267029,-97.749595,https://www.openstreetmap.org/node/3248363276#map=19/30.267029/-97.749595,https://www.openstreetmap.org/?mlat=30.267029&mlon=-97.749595#map=18/30.267029/-97.749595,"360, Nueces Street, Austin, TX, 78701",Bar / Nightlife listing in Downtown Austin.,"Resident happy-hour perks, nightlife activations, and event check-ins",Su-Th 16:00-01:00; Fr-Sa 16:00-02:00,+1-512-520-2820,,https://www.remedyaustin.com/,No public special listed in source data,No public deal listed in source data,No public event listing in source data,OpenStreetMap / Overpass,2026-02-26T22:37:02Z
Revelry Kitchen and Bar,Bar / Nightlife,node,7094680475,30.263821,-97.727825,https://www.openstreetmap.org/node/7094680475#map=19/30.263821/-97.727825,https://www.openstreetmap.org/?mlat=30.263821&mlon=-97.727825#map=18/30.263821/-97.727825,,Bar / Nightlife listing in Downtown Austin.,"Resident happy-hour perks, nightlife activations, and event check-ins",Not listed,,,,No public special listed in source data,No public deal listed in source data,No public event listing in source data,OpenStreetMap / Overpass,2026-02-26T22:37:02Z
ReyRey + Taqueria 10de10,Bar / Nightlife,node,12202766908,30.263939,-97.740666,https://www.openstreetmap.org/node/12202766908#map=19/30.263939/-97.740666,https://www.openstreetmap.org/?mlat=30.263939&mlon=-97.740666#map=18/30.263939/-97.740666,"206, Trinity Street, Austin, TX, 78701",Bar / Nightlife listing in Downtown Austin.,"Resident happy-hour perks, nightlife activations, and event check-ins",Not listed,,,,No public special listed in source data,No public deal listed in source data,No public event listing in source data,OpenStreetMap / Overpass,2026-02-26T22:37:02Z
Rio,Bar / Nightlife,way,99868601,30.270158,-97.749213,https://www.openstreetmap.org/way/99868601#map=19/30.270158/-97.749213,https://www.openstreetmap.org/?mlat=30.270158&mlon=-97.749213#map=18/30.270158/-97.749213,"620, Rio Grande Street, Austin, TX, 78701",Bar / Nightlife listing in Downtown Austin.,"Resident happy-hour perks, nightlife activations, and event check-ins",Not listed,,,,No public special listed in source data,No public deal listed in source data,No public event listing in source data,OpenStreetMap / Overpass,2026-02-26T22:37:02Z
Roma,Bar / Nightlife,node,12202766907,30.264074,-97.740611,https://www.openstreetmap.org/node/12202766907#map=19/30.264074/-97.740611,https://www.openstreetmap.org/?mlat=30.264074&mlon=-97.740611#map=18/30.264074/-97.740611,"206, Trinity Street, Austin, TX, 78701",Bar / Nightlife listing in Downtown Austin.,"Resident happy-hour perks, nightlife activations, and event check-ins",Not listed,,,,No public special listed in source data,No public deal listed in source data,No public event listing in source data,OpenStreetMap / Overpass,2026-02-26T22:37:02Z
Rustic Tap,Bar / Nightlife,node,7132324320,30.269596,-97.749128,https://www.openstreetmap.org/node/7132324320#map=19/30.269596/-97.749128,https://www.openstreetmap.org/?mlat=30.269596&mlon=-97.749128#map=18/30.269596/-97.749128,"613, West 6th Street, Austin, TX, 78701",Bar / Nightlife listing in Downtown Austin.,"Resident happy-hour perks, nightlife activations, and event check-ins",Not listed,,,https://rustictap.com/,No public special listed in source data,No public deal listed in source data,No public event listing in source data,OpenStreetMap / Overpass,2026-02-26T22:37:02Z
Saturn,Bar / Nightlife,node,3353487729,30.271234,-97.741877,https://www.openstreetmap.org/node/3353487729#map=19/30.271234/-97.741877,https://www.openstreetmap.org/?mlat=30.271234&mlon=-97.741877#map=18/30.271234/-97.741877,"906, Congress Avenue, Austin, TX, 78701",Bar / Nightlife listing in Downtown Austin.,"Resident happy-hour perks, nightlife activations, and event check-ins",Not listed,,,https://saturnatx.com/,No public special listed in source data,No public deal listed in source data,No public event listing in source data,OpenStreetMap / Overpass,2026-02-26T22:37:02Z
Saxon Pub,Bar / Nightlife,way,1024600247,30.253536,-97.763571,https://www.openstreetmap.org/way/1024600247#map=19/30.253536/-97.763571,https://www.openstreetmap.org/?mlat=30.253536&mlon=-97.763571#map=18/30.253536/-97.763571,"1320, South Lamar Boulevard, Austin, TX, 78704",Bar / Nightlife listing in Downtown Austin.,"Resident happy-hour perks, nightlife activations, and event check-ins","Mo-Fr 16:00-24:00, Sa,Su 11:00-24:00",+1-512-448-2552,saxonpub@yahoo.com,https://thesaxonpub.com/,No public special listed in source data,No public deal listed in source data,No public event listing in source data,OpenStreetMap / Overpass,2026-02-26T22:37:02Z
Scholz Garten,Bar / Nightlife,way,93079507,30.27768,-97.736333,https://www.openstreetmap.org/way/93079507#map=19/30.277680/-97.736333,https://www.openstreetmap.org/?mlat=30.277680&mlon=-97.736333#map=18/30.277680/-97.736333,"1607, San Jacinto Boulevard, Austin, 78701",Bar / Nightlife listing in Downtown Austin.,"Resident happy-hour perks, nightlife activations, and event check-ins",Mo-Th 11:00-22:00; Fr-Sa 11:00-23:00; Su 11:00-22:00; PH off,+1 512 4741958,prost@scholzgarten.com,http://www.scholzgarten.com,No public special listed in source data,No public deal listed in source data,No public event listing in source data,OpenStreetMap / Overpass,2026-02-26T22:37:02Z
Seven Grand,Bar / Nightlife,node,7094228159,30.267723,-97.738558,https://www.openstreetmap.org/node/7094228159#map=19/30.267723/-97.738558,https://www.openstreetmap.org/?mlat=30.267723&mlon=-97.738558#map=18/30.267723/-97.738558,,Bar / Nightlife listing in Downtown Austin.,"Resident happy-hour perks, nightlife activations, and event check-ins",Not listed,,,,No public special listed in source data,No public deal listed in source data,No public event listing in source data,OpenStreetMap / Overpass,2026-02-26T22:37:02Z
Shakespeare's,Bar / Nightlife,node,1481633334,30.267349,-97.739796,https://www.openstreetmap.org/node/1481633334#map=19/30.267349/-97.739796,https://www.openstreetmap.org/?mlat=30.267349&mlon=-97.739796#map=18/30.267349/-97.739796,,Bar / Nightlife listing in Downtown Austin.,"Resident happy-hour perks, nightlife activations, and event check-ins",Not listed,+1-512-472-1666,,http://www.shakespearesaustin.com/,No public special listed in source data,No public deal listed in source data,No public event listing in source data,OpenStreetMap / Overpass,2026-02-26T22:37:02Z
Shangri La,Bar / Nightlife,node,1938976850,30.264933,-97.731621,https://www.openstreetmap.org/node/1938976850#map=19/30.264933/-97.731621,https://www.openstreetmap.org/?mlat=30.264933&mlon=-97.731621#map=18/30.264933/-97.731621,,Bar / Nightlife listing in Downtown Austin.,"Resident happy-hour perks, nightlife activations, and event check-ins",Not listed,,,,No public special listed in source data,No public deal listed in source data,No public event listing in source data,OpenStreetMap / Overpass,2026-02-26T22:37:02Z
Shiner's Saloon,Bar / Nightlife,node,1481721326,30.266924,-97.743478,https://www.openstreetmap.org/node/1481721326#map=19/30.266924/-97.743478,https://www.openstreetmap.org/?mlat=30.266924&mlon=-97.743478#map=18/30.266924/-97.743478,"422, Congress Avenue, Austin, TX, 78701",Bar / Nightlife listing in Downtown Austin.,"Resident happy-hour perks, nightlife activations, and event check-ins",Not listed,+1-512-448-4600,,https://shinerssaloon.com/,No public special listed in source data,No public deal listed in source data,No public event listing in source data,OpenStreetMap / Overpass,2026-02-26T22:37:02Z
Sky Lounge,Bar / Nightlife,node,1483931120,30.267054,-97.743623,https://www.openstreetmap.org/node/1483931120#map=19/30.267054/-97.743623,https://www.openstreetmap.org/?mlat=30.267054&mlon=-97.743623#map=18/30.267054/-97.743623,,Bar / Nightlife listing in Downtown Austin.,"Resident happy-hour perks, nightlife activations, and event check-ins",Not listed,,,,No public special listed in source data,No public deal listed in source data,No public event listing in source data,OpenStreetMap / Overpass,2026-02-26T22:37:02Z
Soho,Bar / Nightlife,node,1481633359,30.267248,-97.740759,https://www.openstreetmap.org/node/1481633359#map=19/30.267248/-97.740759,https://www.openstreetmap.org/?mlat=30.267248&mlon=-97.740759#map=18/30.267248/-97.740759,,Bar / Nightlife listing in Downtown Austin.,"Resident happy-hour perks, nightlife activations, and event check-ins",Not listed,,,,No public special listed in source data,No public deal listed in source data,No public event listing in source data,OpenStreetMap / Overpass,2026-02-26T22:37:02Z
Speakeasy,Bar / Nightlife,node,4948072434,30.266771,-97.743517,https://www.openstreetmap.org/node/4948072434#map=19/30.266771/-97.743517,https://www.openstreetmap.org/?mlat=30.266771&mlon=-97.743517#map=18/30.266771/-97.743517,,Bar / Nightlife listing in Downtown Austin.,"Resident happy-hour perks, nightlife activations, and event check-ins",Not listed,,,,No public special listed in source data,No public deal listed in source data,No public event listing in source data,OpenStreetMap / Overpass,2026-02-26T22:37:02Z
Stagger Lee,Bar / Nightlife,way,312335010,30.25962,-97.738119,https://www.openstreetmap.org/way/312335010#map=19/30.259620/-97.738119,https://www.openstreetmap.org/?mlat=30.259620&mlon=-97.738119#map=18/30.259620/-97.738119,"87, Rainey Street, Austin, TX, 78701",Bar / Nightlife listing in Downtown Austin.,"Resident happy-hour perks, nightlife activations, and event check-ins",Mo 16:00-24:00; Tu-Th 16:00-02:00; Fr-Sa 12:00-02:00; Su 12:00-24:00,,,https://thestaggerlee.com/,No public special listed in source data,No public deal listed in source data,No public event listing in source data,OpenStreetMap / Overpass,2026-02-26T22:37:02Z
Standard Proof Whiskey Co - Austin,Bar / Nightlife,node,8991620973,30.256762,-97.739414,https://www.openstreetmap.org/node/8991620973#map=19/30.256762/-97.739414,https://www.openstreetmap.org/?mlat=30.256762&mlon=-97.739414#map=18/30.256762/-97.739414,"51, Rainey Street, Austin, TX, 78701",Bar / Nightlife listing in Downtown Austin.,"Resident happy-hour perks, nightlife activations, and event check-ins",Not listed,,,,No public special listed in source data,No public deal listed in source data,No public event listing in source data,OpenStreetMap / Overpass,2026-02-26T22:37:02Z
Star Bar,Bar / Nightlife,way,99868659,30.269969,-97.748543,https://www.openstreetmap.org/way/99868659#map=19/30.269969/-97.748543,https://www.openstreetmap.org/?mlat=30.269969&mlon=-97.748543#map=18/30.269969/-97.748543,"600, West 6th Street, Austin, TX, 78701",Bar / Nightlife listing in Downtown Austin.,"Resident happy-hour perks, nightlife activations, and event check-ins","Mo 16:00-24:00, Tu-Th 16:00-02:00, Fr,Sa 11:00-02:00, Su 11:00-24:00",,,,No public special listed in source data,No public deal listed in source data,No public event listing in source data,OpenStreetMap / Overpass,2026-02-26T22:37:02Z
Subterra Agave Bar,Bar / Nightlife,node,11229118181,30.266852,-97.752854,https://www.openstreetmap.org/node/11229118181#map=19/30.266852/-97.752854,https://www.openstreetmap.org/?mlat=30.266852&mlon=-97.752854#map=18/30.266852/-97.752854,"800, West Cesar Chavez Street, Austin, TX, 78701",Bar / Nightlife listing in Downtown Austin.,"Resident happy-hour perks, nightlife activations, and event check-ins",Tu-We 17:00-22:00; Th-Sa 17:00-02:00,+1-512-200-2250,,https://www.emberatx.com/subterra,No public special listed in source data,No public deal listed in source data,No public event listing in source data,OpenStreetMap / Overpass,2026-02-26T22:37:02Z
Superstition,Bar / Nightlife,way,382550037,30.25697,-97.746192,https://www.openstreetmap.org/way/382550037#map=19/30.256970/-97.746192,https://www.openstreetmap.org/?mlat=30.256970&mlon=-97.746192#map=18/30.256970/-97.746192,"110, East Riverside Drive",Bar / Nightlife listing in Downtown Austin.,"Resident happy-hour perks, nightlife activations, and event check-ins",Not listed,,,,No public special listed in source data,No public deal listed in source data,No public event listing in source data,OpenStreetMap / Overpass,2026-02-26T22:37:02Z
Swan Dive,Bar / Nightlife,way,328605873,30.267139,-97.736653,https://www.openstreetmap.org/way/328605873#map=19/30.267139/-97.736653,https://www.openstreetmap.org/?mlat=30.267139&mlon=-97.736653#map=18/30.267139/-97.736653,"615, Red River Street, Austin, TX, 78701",Bar / Nightlife listing in Downtown Austin.,"Resident happy-hour perks, nightlife activations, and event check-ins",Not listed,,,,No public special listed in source data,No public deal listed in source data,No public event listing in source data,OpenStreetMap / Overpass,2026-02-26T22:37:02Z
The 13th Floor,Bar / Nightlife,node,1481420720,30.267755,-97.736507,https://www.openstreetmap.org/node/1481420720#map=19/30.267755/-97.736507,https://www.openstreetmap.org/?mlat=30.267755&mlon=-97.736507#map=18/30.267755/-97.736507,"711, Red River Street, Austin, TX, 78701",Bar / Nightlife listing in Downtown Austin.,"Resident happy-hour perks, nightlife activations, and event check-ins",Not listed,,,https://the13thflooraustin.com/,No public special listed in source data,No public deal listed in source data,No public event listing in source data,OpenStreetMap / Overpass,2026-02-26T22:37:02Z
The 512 on 6th,Bar / Nightlife,node,3353622096,30.267088,-97.73886,https://www.openstreetmap.org/node/3353622096#map=19/30.267088/-97.738860,https://www.openstreetmap.org/?mlat=30.267088&mlon=-97.738860#map=18/30.267088/-97.738860,,Bar / Nightlife listing in Downtown Austin.,"Resident happy-hour perks, nightlife activations, and event check-ins",Not listed,+1-281-685-1838,,http://www.the512on6th.com/,No public special listed in source data,No public deal listed in source data,No public event listing in source data,OpenStreetMap / Overpass,2026-02-26T22:37:02Z
The Brew Exchange,Bar / Nightlife,node,1792579345,30.270213,-97.749938,https://www.openstreetmap.org/node/1792579345#map=19/30.270213/-97.749938,https://www.openstreetmap.org/?mlat=30.270213&mlon=-97.749938#map=18/30.270213/-97.749938,,Bar / Nightlife listing in Downtown Austin.,"Resident happy-hour perks, nightlife activations, and event check-ins",Not listed,,,,No public special listed in source data,No public deal listed in source data,No public event listing in source data,OpenStreetMap / Overpass,2026-02-26T22:37:02Z
The Brixton,Bar / Nightlife,node,7094578814,30.263555,-97.727607,https://www.openstreetmap.org/node/7094578814#map=19/30.263555/-97.727607,https://www.openstreetmap.org/?mlat=30.263555&mlon=-97.727607#map=18/30.263555/-97.727607,,Bar / Nightlife listing in Downtown Austin.,"Resident happy-hour perks, nightlife activations, and event check-ins",Not listed,,,,No public special listed in source data,No public deal listed in source data,No public event listing in source data,OpenStreetMap / Overpass,2026-02-26T22:37:02Z
The Cabana Bar at Hotel ZaZa,Bar / Nightlife,node,12516662247,30.267328,-97.746484,https://www.openstreetmap.org/node/12516662247#map=19/30.267328/-97.746484,https://www.openstreetmap.org/?mlat=30.267328&mlon=-97.746484#map=18/30.267328/-97.746484,"400, Lavaca Street, Austin, TX, 78701",Bar / Nightlife listing in Downtown Austin.,"Resident happy-hour perks, nightlife activations, and event check-ins",Mo 11:00-20:00; Tu-Su 09:00-20:00,,,https://www.hotelzaza.com/austin/dining/cabana-bar,No public special listed in source data,No public deal listed in source data,No public event listing in source data,OpenStreetMap / Overpass,2026-02-26T22:37:02Z
The Chicago House,Bar / Nightlife,node,3353571481,30.267659,-97.738977,https://www.openstreetmap.org/node/3353571481#map=19/30.267659/-97.738977,https://www.openstreetmap.org/?mlat=30.267659&mlon=-97.738977#map=18/30.267659/-97.738977,,Bar / Nightlife listing in Downtown Austin.,"Resident happy-hour perks, nightlife activations, and event check-ins",Not listed,,,http://thechicagohouse.com/,No public special listed in source data,No public deal listed in source data,No public event listing in source data,OpenStreetMap / Overpass,2026-02-26T22:37:02Z
The Continental Club,Bar / Nightlife,way,929871360,30.250501,-97.749034,https://www.openstreetmap.org/way/929871360#map=19/30.250501/-97.749034,https://www.openstreetmap.org/?mlat=30.250501&mlon=-97.749034#map=18/30.250501/-97.749034,"1315, South Congress Avenue, Austin, TX, 78704",Bar / Nightlife listing in Downtown Austin.,"Resident happy-hour perks, nightlife activations, and event check-ins",Not listed,+1-512-441-2444,info@continentalclub.com,https://continentalclub.com,No public special listed in source data,No public deal listed in source data,No public event listing in source data,OpenStreetMap / Overpass,2026-02-26T22:37:02Z
The Dizzy Rooster,Bar / Nightlife,node,3355376969,30.267409,-97.74001,https://www.openstreetmap.org/node/3355376969#map=19/30.267409/-97.740010,https://www.openstreetmap.org/?mlat=30.267409&mlon=-97.740010#map=18/30.267409/-97.740010,,Bar / Nightlife listing in Downtown Austin.,"Resident happy-hour perks, nightlife activations, and event check-ins",Not listed,+1-512-236-1667,,http://www.dizzyrooster.com,No public special listed in source data,No public deal listed in source data,No public event listing in source data,OpenStreetMap / Overpass,2026-02-26T22:37:02Z
The Dogwood,Bar / Nightlife,way,99868624,30.269878,-97.75033,https://www.openstreetmap.org/way/99868624#map=19/30.269878/-97.750330,https://www.openstreetmap.org/?mlat=30.269878&mlon=-97.750330#map=18/30.269878/-97.750330,"715, West 6th Street, Austin, TX, 78701",Bar / Nightlife listing in Downtown Austin.,"Resident happy-hour perks, nightlife activations, and event check-ins",Not listed,,,,No public special listed in source data,No public deal listed in source data,No public event listing in source data,OpenStreetMap / Overpass,2026-02-26T22:37:02Z
The Elephant Room,Bar / Nightlife,node,336605818,30.265623,-97.743498,https://www.openstreetmap.org/node/336605818#map=19/30.265623/-97.743498,https://www.openstreetmap.org/?mlat=30.265623&mlon=-97.743498#map=18/30.265623/-97.743498,"315, Congress Avenue, Austin, TX, 78701",Bar / Nightlife listing in Downtown Austin.,"Resident happy-hour perks, nightlife activations, and event check-ins",Not listed,,,,No public special listed in source data,No public deal listed in source data,No public event listing in source data,OpenStreetMap / Overpass,2026-02-26T22:37:02Z
The Highball,Bar / Nightlife,node,919327546,30.256149,-97.763153,https://www.openstreetmap.org/node/919327546#map=19/30.256149/-97.763153,https://www.openstreetmap.org/?mlat=30.256149&mlon=-97.763153#map=18/30.256149/-97.763153,"1120, South Lamar Boulevard, Austin, TX, 78704",Bar / Nightlife listing in Downtown Austin.,"Resident happy-hour perks, nightlife activations, and event check-ins",Mo-Th 16:00-24:00; Fr 16:00-02:00; Sa 13:00-02:00; Su 13:00-24:00,+1-512-383-8309,,https://thehighball.com/,No public special listed in source data,No public deal listed in source data,No public event listing in source data,OpenStreetMap / Overpass,2026-02-26T22:37:02Z
The Iron Bear,Bar / Nightlife,node,1481633387,30.268644,-97.745406,https://www.openstreetmap.org/node/1481633387#map=19/30.268644/-97.745406,https://www.openstreetmap.org/?mlat=30.268644&mlon=-97.745406#map=18/30.268644/-97.745406,"301, West 6th Street, Austin, TX, 78701",Bar / Nightlife listing in Downtown Austin.,"Resident happy-hour perks, nightlife activations, and event check-ins",Mo-Su 11:00-02:00,,,https://www.theironbear.com/,No public special listed in source data,No public deal listed in source data,No public event listing in source data,OpenStreetMap / Overpass,2026-02-26T22:37:02Z
The Jackalope,Bar / Nightlife,node,3181780232,30.267129,-97.739007,https://www.openstreetmap.org/node/3181780232#map=19/30.267129/-97.739007,https://www.openstreetmap.org/?mlat=30.267129&mlon=-97.739007#map=18/30.267129/-97.739007,,Bar / Nightlife listing in Downtown Austin.,"Resident happy-hour perks, nightlife activations, and event check-ins",11:00-02:00,,,https://www.jackalopebar.com/,No public special listed in source data,No public deal listed in source data,No public event listing in source data,OpenStreetMap / Overpass,2026-02-26T22:37:02Z
The Library,Bar / Nightlife,node,13018547667,30.266865,-97.739018,https://www.openstreetmap.org/node/13018547667#map=19/30.266865/-97.739018,https://www.openstreetmap.org/?mlat=30.266865&mlon=-97.739018#map=18/30.266865/-97.739018,,Bar / Nightlife listing in Downtown Austin.,"Resident happy-hour perks, nightlife activations, and event check-ins",Not listed,,,,No public special listed in source data,No public deal listed in source data,No public event listing in source data,OpenStreetMap / Overpass,2026-02-26T22:37:02Z
The Lodge,Bar / Nightlife,node,13018530051,30.266817,-97.738882,https://www.openstreetmap.org/node/13018530051#map=19/30.266817/-97.738882,https://www.openstreetmap.org/?mlat=30.266817&mlon=-97.738882#map=18/30.266817/-97.738882,,Bar / Nightlife listing in Downtown Austin.,"Resident happy-hour perks, nightlife activations, and event check-ins",Not listed,,,,No public special listed in source data,No public deal listed in source data,No public event listing in source data,OpenStreetMap / Overpass,2026-02-26T22:37:02Z
The Pub,Bar / Nightlife,way,328631289,30.266989,-97.74544,https://www.openstreetmap.org/way/328631289#map=19/30.266989/-97.745440,https://www.openstreetmap.org/?mlat=30.266989&mlon=-97.745440#map=18/30.266989/-97.745440,"214, West 4th Street, Austin, TX, 78701",Bar / Nightlife listing in Downtown Austin.,"Resident happy-hour perks, nightlife activations, and event check-ins",Su-Th 11:00-24:00; Fr-Sa 11:00-02:00,,,,No public special listed in source data,No public deal listed in source data,No public event listing in source data,OpenStreetMap / Overpass,2026-02-26T22:37:02Z
The Ranch,Bar / Nightlife,node,1792579348,30.270273,-97.750077,https://www.openstreetmap.org/node/1792579348#map=19/30.270273/-97.750077,https://www.openstreetmap.org/?mlat=30.270273&mlon=-97.750077#map=18/30.270273/-97.750077,,Bar / Nightlife listing in Downtown Austin.,"Resident happy-hour perks, nightlife activations, and event check-ins",Not listed,,,,No public special listed in source data,No public deal listed in source data,No public event listing in source data,OpenStreetMap / Overpass,2026-02-26T22:37:02Z
The Roof Top on 6th,Bar / Nightlife,node,13018541072,30.26688,-97.73909,https://www.openstreetmap.org/node/13018541072#map=19/30.266880/-97.739090,https://www.openstreetmap.org/?mlat=30.266880&mlon=-97.739090#map=18/30.266880/-97.739090,,Bar / Nightlife listing in Downtown Austin.,"Resident happy-hour perks, nightlife activations, and event check-ins",Not listed,,,,No public special listed in source data,No public deal listed in source data,No public event listing in source data,OpenStreetMap / Overpass,2026-02-26T22:37:02Z
The Roosevelt Room,Bar / Nightlife,way,328634458,30.267713,-97.746312,https://www.openstreetmap.org/way/328634458#map=19/30.267713/-97.746312,https://www.openstreetmap.org/?mlat=30.267713&mlon=-97.746312#map=18/30.267713/-97.746312,"307, West 5th Street, Austin, TX, 78701",Bar / Nightlife listing in Downtown Austin.,"Resident happy-hour perks, nightlife activations, and event check-ins",Su-We 16:00-24:00; Th-Sa 16:00-02:00,,,,No public special listed in source data,No public deal listed in source data,No public event listing in source data,OpenStreetMap / Overpass,2026-02-26T22:37:02Z
the side bar,Bar / Nightlife,way,1162960608,30.267519,-97.736388,https://www.openstreetmap.org/way/1162960608#map=19/30.267519/-97.736388,https://www.openstreetmap.org/?mlat=30.267519&mlon=-97.736388#map=18/30.267519/-97.736388,,Bar / Nightlife listing in Downtown Austin.,"Resident happy-hour perks, nightlife activations, and event check-ins",Not listed,,,,No public special listed in source data,No public deal listed in source data,No public event listing in source data,OpenStreetMap / Overpass,2026-02-26T22:37:02Z
The Stay Put,Bar / Nightlife,way,1288159284,30.258277,-97.738684,https://www.openstreetmap.org/way/1288159284#map=19/30.258277/-97.738684,https://www.openstreetmap.org/?mlat=30.258277&mlon=-97.738684#map=18/30.258277/-97.738684,"73, Rainey Street, Austin, TX, 78701",Bar / Nightlife listing in Downtown Austin.,"Resident happy-hour perks, nightlife activations, and event check-ins",Mo-We 15:00-24:00; Th-Sa 12:00-02:00; Su 12:00-24:00,,,,Free appetizer with two entrees,15% off Sunday-Thursday,Resident social nights and partner mixers,OpenStreetMap / Overpass,2026-02-26T22:37:02Z
The Tavern,Bar / Nightlife,way,1212085441,30.277091,-97.751124,https://www.openstreetmap.org/way/1212085441#map=19/30.277091/-97.751124,https://www.openstreetmap.org/?mlat=30.277091&mlon=-97.751124#map=18/30.277091/-97.751124,"922, West 12th Street, Austin, TX, 78703",Bar / Nightlife listing in Downtown Austin.,"Resident happy-hour perks, nightlife activations, and event check-ins",Not listed,+1-512-320-8377,,https://www.tavernaustin.com/,No public special listed in source data,No public deal listed in source data,No public event listing in source data,OpenStreetMap / Overpass,2026-02-26T22:37:02Z
The Tipsy Alchemist,Bar / Nightlife,node,3825447599,30.258393,-97.739041,https://www.openstreetmap.org/node/3825447599#map=19/30.258393/-97.739041,https://www.openstreetmap.org/?mlat=30.258393&mlon=-97.739041#map=18/30.258393/-97.739041,"70, Rainey Street, Austin, TX, 78701",Bar / Nightlife listing in Downtown Austin.,"Resident happy-hour perks, nightlife activations, and event check-ins",Not listed,,,,No public special listed in source data,No public deal listed in source data,No public event listing in source data,OpenStreetMap / Overpass,2026-02-26T22:37:02Z
The Upside,Bar / Nightlife,node,7111037789,30.264654,-97.730548,https://www.openstreetmap.org/node/7111037789#map=19/30.264654/-97.730548,https://www.openstreetmap.org/?mlat=30.264654&mlon=-97.730548#map=18/30.264654/-97.730548,,Bar / Nightlife listing in Downtown Austin.,"Resident happy-hour perks, nightlife activations, and event check-ins",Not listed,,,,No public special listed in source data,No public deal listed in source data,No public event listing in source data,OpenStreetMap / Overpass,2026-02-26T22:37:02Z
The Velveeta Room,Bar / Nightlife,node,3355524476,30.266464,-97.737528,https://www.openstreetmap.org/node/3355524476#map=19/30.266464/-97.737528,https://www.openstreetmap.org/?mlat=30.266464&mlon=-97.737528#map=18/30.266464/-97.737528,,Bar / Nightlife listing in Downtown Austin.,"Resident happy-hour perks, nightlife activations, and event check-ins",Not listed,+1-512-469-9116,,https://www.thevelveetaroom.com/,No public special listed in source data,No public deal listed in source data,No public event listing in source data,OpenStreetMap / Overpass,2026-02-26T22:37:02Z
The Volstead,Bar / Nightlife,node,11879132177,30.263454,-97.727348,https://www.openstreetmap.org/node/11879132177#map=19/30.263454/-97.727348,https://www.openstreetmap.org/?mlat=30.263454&mlon=-97.727348#map=18/30.263454/-97.727348,"1500, East 6th Street, Austin, 78702",Bar / Nightlife listing operated by Hotel Vegas.,"Resident happy-hour perks, nightlife activations, and event check-ins",Not listed,,,,No public special listed in source data,No public deal listed in source data,No public event listing in source data,OpenStreetMap / Overpass,2026-02-26T22:37:02Z
The White Horse,Bar / Nightlife,way,379194436,30.262571,-97.72706,https://www.openstreetmap.org/way/379194436#map=19/30.262571/-97.727060,https://www.openstreetmap.org/?mlat=30.262571&mlon=-97.727060#map=18/30.262571/-97.727060,"500, Comal Street, Austin, TX, 78702",Bar / Nightlife listing in Downtown Austin.,"Resident happy-hour perks, nightlife activations, and event check-ins",Not listed,,,,No public special listed in source data,No public deal listed in source data,No public event listing in source data,OpenStreetMap / Overpass,2026-02-26T22:37:02Z
Tiki Tatsu-ya,Bar / Nightlife,way,1024600249,30.253897,-97.763335,https://www.openstreetmap.org/way/1024600249#map=19/30.253897/-97.763335,https://www.openstreetmap.org/?mlat=30.253897&mlon=-97.763335#map=18/30.253897/-97.763335,"1300, South Lamar Boulevard, Austin, TX, 78704",Bar / Nightlife listing in Downtown Austin.,"Resident happy-hour perks, nightlife activations, and event check-ins",Not listed,,,,No public special listed in source data,No public deal listed in source data,No public event listing in source data,OpenStreetMap / Overpass,2026-02-26T22:37:02Z
Tinest Bar in Texas,Bar / Nightlife,node,1481721313,30.269592,-97.753079,https://www.openstreetmap.org/node/1481721313#map=19/30.269592/-97.753079,https://www.openstreetmap.org/?mlat=30.269592&mlon=-97.753079#map=18/30.269592/-97.753079,,Bar / Nightlife listing in Downtown Austin.,"Resident happy-hour perks, nightlife activations, and event check-ins",Not listed,,,,No public special listed in source data,No public deal listed in source data,No public event listing in source data,OpenStreetMap / Overpass,2026-02-26T22:37:02Z
Toomey Tap Room,Bar / Nightlife,node,10077974119,30.262825,-97.758659,https://www.openstreetmap.org/node/10077974119#map=19/30.262825/-97.758659,https://www.openstreetmap.org/?mlat=30.262825&mlon=-97.758659#map=18/30.262825/-97.758659,"300, South Lamar Boulevard, Austin, TX, 78704",Bar / Nightlife listing in Downtown Austin.,"Resident happy-hour perks, nightlife activations, and event check-ins",Mo-Th 16:00-24:00; Fr-Su 11:00-24:00,,,,No public special listed in source data,No public deal listed in source data,No public event listing in source data,OpenStreetMap / Overpass,2026-02-26T22:37:02Z
Toulouse on 6th Street,Bar / Nightlife,node,13018537057,30.266845,-97.73895,https://www.openstreetmap.org/node/13018537057#map=19/30.266845/-97.738950,https://www.openstreetmap.org/?mlat=30.266845&mlon=-97.738950#map=18/30.266845/-97.738950,,Bar / Nightlife listing in Downtown Austin.,"Resident happy-hour perks, nightlife activations, and event check-ins",Not listed,,,,No public special listed in source data,No public deal listed in source data,No public event listing in source data,OpenStreetMap / Overpass,2026-02-26T22:37:02Z
Twenty Two Trattoria-Wine Bar,Bar / Nightlife,node,6038247095,30.273547,-97.76002,https://www.openstreetmap.org/node/6038247095#map=19/30.273547/-97.760020,https://www.openstreetmap.org/?mlat=30.273547&mlon=-97.760020#map=18/30.273547/-97.760020,,Bar / Nightlife listing in Downtown Austin.,"Resident happy-hour perks, nightlife activations, and event check-ins",Not listed,,,,No public special listed in source data,No public deal listed in source data,No public event listing in source data,OpenStreetMap / Overpass,2026-02-26T22:37:02Z
Unbarlievable,Bar / Nightlife,way,312335021,30.258886,-97.738978,https://www.openstreetmap.org/way/312335021#map=19/30.258886/-97.738978,https://www.openstreetmap.org/?mlat=30.258886&mlon=-97.738978#map=18/30.258886/-97.738978,"76, Rainey Street, Austin, TX, 78701",Bar / Nightlife listing in Downtown Austin.,"Resident happy-hour perks, nightlife activations, and event check-ins",Mo-Tu 16:00-02:00; We 14:00-02:00; Th-Su 11:00-02:00,+1-512-710-8401,,https://www.unbarlievable.com/,No public special listed in source data,No public deal listed in source data,No public event listing in source data,OpenStreetMap / Overpass,2026-02-26T22:37:02Z
Upstairs at Caroline,Bar / Nightlife,node,3849779385,30.268656,-97.742356,https://www.openstreetmap.org/node/3849779385#map=19/30.268656/-97.742356,https://www.openstreetmap.org/?mlat=30.268656&mlon=-97.742356#map=18/30.268656/-97.742356,"621, Congress Avenue, Austin, TX, 78701",Bar / Nightlife listing in Downtown Austin.,"Resident happy-hour perks, nightlife activations, and event check-ins",Mo-Th 16:00-24:00; Fr 12:00-24:00; Sa-Su 11:00-24:00,,,https://www.carolinerestaurant.com/upstairs-at-caroline,No public special listed in source data,No public deal listed in source data,No public event listing in source data,OpenStreetMap / Overpass,2026-02-26T22:37:02Z
Upstairs Circus,Bar / Nightlife,node,8858558303,30.264985,-97.745899,https://www.openstreetmap.org/node/8858558303#map=19/30.264985/-97.745899,https://www.openstreetmap.org/?mlat=30.264985&mlon=-97.745899#map=18/30.264985/-97.745899,"234, West 2nd Street, Austin, TX, 78701",Bar / Nightlife listing in Downtown Austin.,"Resident happy-hour perks, nightlife activations, and event check-ins",Not listed,,,https://www.upstairscircus.com/,No public special listed in source data,No public deal listed in source data,No public event listing in source data,OpenStreetMap / Overpass,2026-02-26T22:37:02Z
Valhalla,Bar / Nightlife,way,379166132,30.268052,-97.73686,https://www.openstreetmap.org/way/379166132#map=19/30.268052/-97.736860,https://www.openstreetmap.org/?mlat=30.268052&mlon=-97.736860#map=18/30.268052/-97.736860,"710, Red River Street, 78701",Bar / Nightlife listing in Downtown Austin.,"Resident happy-hour perks, nightlife activations, and event check-ins",Not listed,,,https://msha.ke/valhallatavern,No public special listed in source data,No public deal listed in source data,No public event listing in source data,OpenStreetMap / Overpass,2026-02-26T22:37:02Z
Vice,Bar / Nightlife,node,1481633341,30.267449,-97.740112,https://www.openstreetmap.org/node/1481633341#map=19/30.267449/-97.740112,https://www.openstreetmap.org/?mlat=30.267449&mlon=-97.740112#map=18/30.267449/-97.740112,,Bar / Nightlife listing in Downtown Austin.,"Resident happy-hour perks, nightlife activations, and event check-ins",Not listed,,,,No public special listed in source data,No public deal listed in source data,No public event listing in source data,OpenStreetMap / Overpass,2026-02-26T22:37:02Z
Violet Crown Social Club,Bar / Nightlife,way,379193850,30.264229,-97.730789,https://www.openstreetmap.org/way/379193850#map=19/30.264229/-97.730789,https://www.openstreetmap.org/?mlat=30.264229&mlon=-97.730789#map=18/30.264229/-97.730789,"1111, East 6th Street",Bar / Nightlife listing in Downtown Austin.,"Resident happy-hour perks, nightlife activations, and event check-ins",Not listed,,,,No public special listed in source data,No public deal listed in source data,No public event listing in source data,OpenStreetMap / Overpass,2026-02-26T22:37:02Z
Vulcan Gas Company,Bar / Nightlife,way,328535182,30.267155,-97.738473,https://www.openstreetmap.org/way/328535182#map=19/30.267155/-97.738473,https://www.openstreetmap.org/?mlat=30.267155&mlon=-97.738473#map=18/30.267155/-97.738473,"418, East 6th Street, Austin, TX",Bar / Nightlife listing in Downtown Austin.,"Resident happy-hour perks, nightlife activations, and event check-ins",Not listed,+1-512-297-2051,,https://www.vulcanatx.com/,No public special listed in source data,No public deal listed in source data,No public event listing in source data,OpenStreetMap / Overpass,2026-02-26T22:37:02Z
Wanderlust Wine Co.,Bar / Nightlife,way,328715930,30.266351,-97.735064,https://www.openstreetmap.org/way/328715930#map=19/30.266351/-97.735064,https://www.openstreetmap.org/?mlat=30.266351&mlon=-97.735064#map=18/30.266351/-97.735064,"610, North Interstate Highway 35 Service Road, 78701",Bar / Nightlife listing in Downtown Austin.,"Resident happy-hour perks, nightlife activations, and event check-ins",Not listed,,,,No public special listed in source data,No public deal listed in source data,No public event listing in source data,OpenStreetMap / Overpass,2026-02-26T22:37:02Z
Whiskey Tango Foxtrot Icehouse,Bar / Nightlife,way,99868680,30.269833,-97.749859,https://www.openstreetmap.org/way/99868680#map=19/30.269833/-97.749859,https://www.openstreetmap.org/?mlat=30.269833&mlon=-97.749859#map=18/30.269833/-97.749859,"512, Rio Grande Street, 78701",Bar / Nightlife listing in Downtown Austin.,"Resident happy-hour perks, nightlife activations, and event check-ins",Not listed,,,,No public special listed in source data,No public deal listed in source data,No public event listing in source data,OpenStreetMap / Overpass,2026-02-26T22:37:02Z
Yeti's Barrr,Bar / Nightlife,node,6039911720,30.259296,-97.746448,https://www.openstreetmap.org/node/6039911720#map=19/30.259296/-97.746448,https://www.openstreetmap.org/?mlat=30.259296&mlon=-97.746448#map=18/30.259296/-97.746448,,Bar / Nightlife listing in Downtown Austin.,"Resident happy-hour perks, nightlife activations, and event check-ins",Not listed,,,,No public special listed in source data,No public deal listed in source data,No public event listing in source data,OpenStreetMap / Overpass,2026-02-26T22:37:02Z
3Ten,Civic / Culture,node,3849777234,30.26531,-97.747172,https://www.openstreetmap.org/node/3849777234#map=19/30.265310/-97.747172,https://www.openstreetmap.org/?mlat=30.265310&mlon=-97.747172#map=18/30.265310/-97.747172,"310, West 2nd Street, Austin, TX, 78701",Civic / Culture listing in Downtown Austin.,"Cultural programming, civic participation, and community events",Not listed,,,https://www.acllive.com/events/venue/acl-live-at-3ten,No public special listed in source data,No public deal listed in source data,No public event listing in source data,OpenStreetMap / Overpass,2026-02-26T22:37:02Z
Alamo Drafthouse Cinema,Civic / Culture,way,1024600242,30.255926,-97.763577,https://www.openstreetmap.org/way/1024600242#map=19/30.255926/-97.763577,https://www.openstreetmap.org/?mlat=30.255926&mlon=-97.763577#map=18/30.255926/-97.763577,"1120, South Lamar Boulevard, Austin, TX, 78704",Civic / Culture listing operated by Alamo Drafthouse Cinema.,"Cultural programming, civic participation, and community events",Not listed,+1 512-861-7040,comments.lamar@drafthouse.com,https://drafthouse.com/austin/theater/south-lamar,No public special listed in source data,No public deal listed in source data,No public event listing in source data,OpenStreetMap / Overpass,2026-02-26T22:37:02Z
Austin Central Library,Civic / Culture,way,516271467,30.265968,-97.751721,https://www.openstreetmap.org/way/516271467#map=19/30.265968/-97.751721,https://www.openstreetmap.org/?mlat=30.265968&mlon=-97.751721#map=18/30.265968/-97.751721,"710, West Cesar Chavez Street, Austin, TX, 78701",Civic / Culture listing operated by Austin Public Library.,"Cultural programming, civic participation, and community events",Mo-Th 09:00-20:00; Fr 09:00-17:00; Sa 10:00-17:00; Su 12:00-17:00,,,https://library.austintexas.gov/,No public special listed in source data,No public deal listed in source data,No public event listing in source data,OpenStreetMap / Overpass,2026-02-26T22:37:02Z
Austin Public Library - Austin History Center,Civic / Culture,way,328649859,30.271715,-97.745891,https://www.openstreetmap.org/way/328649859#map=19/30.271715/-97.745891,https://www.openstreetmap.org/?mlat=30.271715&mlon=-97.745891#map=18/30.271715/-97.745891,"810, Guadalupe Street, Austin, TX, 78701",Civic / Culture listing operated by Austin Public Library.,"Cultural programming, civic participation, and community events",Not listed,+1-512-974-7480,,https://library.austintexas.gov/ahc/about-us,No public special listed in source data,No public deal listed in source data,No public event listing in source data,OpenStreetMap / Overpass,2026-02-26T22:37:02Z
Austin Public Library - Terrazas Branch,Civic / Culture,way,379188695,30.259912,-97.733445,https://www.openstreetmap.org/way/379188695#map=19/30.259912/-97.733445,https://www.openstreetmap.org/?mlat=30.259912&mlon=-97.733445#map=18/30.259912/-97.733445,"1105, East Cesar Chavez Street, Austin, TX, 78702",Civic / Culture listing operated by Austin Public Library.,"Cultural programming, civic participation, and community events",Not listed,+1-512-974-3625,,https://library.austintexas.gov/terrazas-branch,No public special listed in source data,No public deal listed in source data,No public event listing in source data,OpenStreetMap / Overpass,2026-02-26T22:37:02Z
Austin Public Library - Twin Oaks Branch,Civic / Culture,way,382491744,30.248681,-97.762383,https://www.openstreetmap.org/way/382491744#map=19/30.248681/-97.762383,https://www.openstreetmap.org/?mlat=30.248681&mlon=-97.762383#map=18/30.248681/-97.762383,"1800, South 5th Street, Austin, TX, 78704",Civic / Culture listing operated by Austin Public Library.,"Cultural programming, civic participation, and community events",Mo-Th 09:00-20:00; Fr 09:00-17:00; Sa 10:00-17:00; Su off,+1-512-974-9980,,https://library.austintexas.gov/twin-oaks-branch,No public special listed in source data,No public deal listed in source data,No public event listing in source data,OpenStreetMap / Overpass,2026-02-26T22:37:02Z
Austin Recreation Center,Civic / Culture,way,381834304,30.278312,-97.748979,https://www.openstreetmap.org/way/381834304#map=19/30.278312/-97.748979,https://www.openstreetmap.org/?mlat=30.278312&mlon=-97.748979#map=18/30.278312/-97.748979,"1301, Shoal Creek Boulevard, Austin, TX, 78701",Civic / Culture listing in Downtown Austin.,"Cultural programming, civic participation, and community events",Not listed,,,,No public special listed in source data,No public deal listed in source data,No public event listing in source data,OpenStreetMap / Overpass,2026-02-26T22:37:02Z
Bishops Hall,Civic / Culture,node,13253418012,30.271109,-97.739578,https://www.openstreetmap.org/node/13253418012#map=19/30.271109/-97.739578,https://www.openstreetmap.org/?mlat=30.271109&mlon=-97.739578#map=18/30.271109/-97.739578,,Civic / Culture listing operated by Saint Mary Cathedral.,"Cultural programming, civic participation, and community events",Not listed,,,,No public special listed in source data,No public deal listed in source data,No public event listing in source data,OpenStreetMap / Overpass,2026-02-26T22:37:02Z
Blanton Museum of Art,Civic / Culture,way,172047491,30.280984,-97.737417,https://www.openstreetmap.org/way/172047491#map=19/30.280984/-97.737417,https://www.openstreetmap.org/?mlat=30.280984&mlon=-97.737417#map=18/30.280984/-97.737417,"200, East Martin Luther King Jr Boulevard, Austin, TX, 78705",Civic / Culture listing in Downtown Austin.,"Cultural programming, civic participation, and community events",Not listed,+1 512-471-5482,,https://blantonmuseum.org/,No public special listed in source data,No public deal listed in source data,No public event listing in source data,OpenStreetMap / Overpass,2026-02-26T22:37:02Z
Bob Bullock IMAX,Civic / Culture,way,1020770315,30.280581,-97.738937,https://www.openstreetmap.org/way/1020770315#map=19/30.280581/-97.738937,https://www.openstreetmap.org/?mlat=30.280581&mlon=-97.738937#map=18/30.280581/-97.738937,"1800, Congress Avenue, Austin, TX, 78701",Civic / Culture listing in Downtown Austin.,"Cultural programming, civic participation, and community events",Not listed,,,,No public special listed in source data,Cinema located inside Bob Bullock Texas State History Museum,No public event listing in source data,OpenStreetMap / Overpass,2026-02-26T22:37:02Z
Capitol Complex Visitor Center,Civic / Culture,way,42806381,30.272647,-97.739286,https://www.openstreetmap.org/way/42806381#map=19/30.272647/-97.739286,https://www.openstreetmap.org/?mlat=30.272647&mlon=-97.739286#map=18/30.272647/-97.739286,,Civic / Culture listing in Downtown Austin.,"Cultural programming, civic participation, and community events",Not listed,,,,No public special listed in source data,No public deal listed in source data,No public event listing in source data,OpenStreetMap / Overpass,2026-02-26T22:37:02Z
Collections Deposit Library,Civic / Culture,way,30905872,30.278768,-97.733045,https://www.openstreetmap.org/way/30905872#map=19/30.278768/-97.733045,https://www.openstreetmap.org/?mlat=30.278768&mlon=-97.733045#map=18/30.278768/-97.733045,TX,Civic / Culture listing in Downtown Austin.,"Cultural programming, civic participation, and community events",Not listed,,,,No public special listed in source data,No public deal listed in source data,No public event listing in source data,OpenStreetMap / Overpass,2026-02-26T22:37:02Z
Comedy Mothership,Civic / Culture,node,10941111733,30.267363,-97.739612,https://www.openstreetmap.org/node/10941111733#map=19/30.267363/-97.739612,https://www.openstreetmap.org/?mlat=30.267363&mlon=-97.739612#map=18/30.267363/-97.739612,"320, East 6th Street, Austin, TX, 78701",Civic / Culture listing in Downtown Austin.,"Cultural programming, civic participation, and community events",Not listed,+1-512-610-5537,info@comedymothership.com,https://comedymothership.com/,No public special listed in source data,No public deal listed in source data,No public event listing in source data,OpenStreetMap / Overpass,2026-02-26T22:37:02Z
Esther's Follies,Civic / Culture,node,3355524436,30.26622,-97.737451,https://www.openstreetmap.org/node/3355524436#map=19/30.266220/-97.737451,https://www.openstreetmap.org/?mlat=30.266220&mlon=-97.737451#map=18/30.266220/-97.737451,,Civic / Culture listing in Downtown Austin.,"Cultural programming, civic participation, and community events",Not listed,+1-512-320-0553,,https://www.esthersfollies.com/,No public special listed in source data,No public deal listed in source data,No public event listing in source data,OpenStreetMap / Overpass,2026-02-26T22:37:02Z
French Legation Museum,Civic / Culture,way,379208448,30.26699,-97.7322,https://www.openstreetmap.org/way/379208448#map=19/30.266990/-97.732200,https://www.openstreetmap.org/?mlat=30.266990&mlon=-97.732200#map=18/30.266990/-97.732200,"802, San Marcos Street, Austin, TX, 78701",Civic / Culture listing in Downtown Austin.,"Cultural programming, civic participation, and community events",Tu-Su 11:00-16:15,+1-737-226-1454,,https://www.thc.texas.gov/historic-sites/french-legation-state-historic-site,No public special listed in source data,No public deal listed in source data,No public event listing in source data,OpenStreetMap / Overpass,2026-02-26T22:37:02Z
French Legation State Historic Site,Civic / Culture,way,906712901,30.267012,-97.732032,https://www.openstreetmap.org/way/906712901#map=19/30.267012/-97.732032,https://www.openstreetmap.org/?mlat=30.267012&mlon=-97.732032#map=18/30.267012/-97.732032,"802, San Marcos Street, Austin, TX, 78702",Civic / Culture listing operated by Texas Historical Commission.,"Cultural programming, civic participation, and community events",Tu-Sa 11:00-17:00,+1-512-463-7948,frenchlegation@thc.texas.gov,https://www.thc.texas.gov/historic-sites/french-legation-state-historic-site,No public special listed in source data,No public deal listed in source data,No public event listing in source data,OpenStreetMap / Overpass,2026-02-26T22:37:02Z
German Texans Heritage Society,Civic / Culture,way,379166119,30.270067,-97.73641,https://www.openstreetmap.org/way/379166119#map=19/30.270067/-97.736410,https://www.openstreetmap.org/?mlat=30.270067&mlon=-97.736410#map=18/30.270067/-97.736410,"507, East 10th Street, 78701",Civic / Culture listing in Downtown Austin.,"Cultural programming, civic participation, and community events",Not listed,,,https://www.germantexans.org/,No public special listed in source data,No public deal listed in source data,No public event listing in source data,OpenStreetMap / Overpass,2026-02-26T22:37:02Z
H-E-B Stage,Civic / Culture,way,1450283595,30.260771,-97.75047,https://www.openstreetmap.org/way/1450283595#map=19/30.260771/-97.750470,https://www.openstreetmap.org/?mlat=30.260771&mlon=-97.750470#map=18/30.260771/-97.750470,,Civic / Culture listing in Downtown Austin.,"Cultural programming, civic participation, and community events",Not listed,,,https://thelongcenter.org/3d-printed-stage/,No public special listed in source data,No public deal listed in source data,No public event listing in source data,OpenStreetMap / Overpass,2026-02-26T22:37:02Z
Harry Ransom Center,Civic / Culture,way,172047175,30.284335,-97.741229,https://www.openstreetmap.org/way/172047175#map=19/30.284335/-97.741229,https://www.openstreetmap.org/?mlat=30.284335&mlon=-97.741229#map=18/30.284335/-97.741229,"300, West 21st Street, Austin, TX, 78705",Civic / Culture listing in Downtown Austin.,"Cultural programming, civic participation, and community events",Not listed,,,,No public special listed in source data,No public deal listed in source data,No public event listing in source data,OpenStreetMap / Overpass,2026-02-26T22:37:02Z
Joseph And Susanna Dickinson Hannig Museum,Civic / Culture,way,379165902,30.265684,-97.738885,https://www.openstreetmap.org/way/379165902#map=19/30.265684/-97.738885,https://www.openstreetmap.org/?mlat=30.265684&mlon=-97.738885#map=18/30.265684/-97.738885,"411, East 5th Street, Austin, TX, 78701",Civic / Culture listing in Downtown Austin.,"Cultural programming, civic participation, and community events",Not listed,,,,No public special listed in source data,No public deal listed in source data,No public event listing in source data,OpenStreetMap / Overpass,2026-02-26T22:37:02Z
Kleberg Stage,Civic / Culture,way,968901831,30.264335,-97.758681,https://www.openstreetmap.org/way/968901831#map=19/30.264335/-97.758681,https://www.openstreetmap.org/?mlat=30.264335&mlon=-97.758681#map=18/30.264335/-97.758681,,Civic / Culture listing operated by ZACH Theatre.,"Cultural programming, civic participation, and community events",Not listed,,,,No public special listed in source data,No public deal listed in source data,No public event listing in source data,OpenStreetMap / Overpass,2026-02-26T22:37:02Z
La Peña,Civic / Culture,way,1239928163,30.265027,-97.743572,https://www.openstreetmap.org/way/1239928163#map=19/30.265027/-97.743572,https://www.openstreetmap.org/?mlat=30.265027&mlon=-97.743572#map=18/30.265027/-97.743572,"227, Congress Avenue, Austin, TX, 78701",Civic / Culture listing in Downtown Austin.,"Cultural programming, civic participation, and community events",Mo-Fr 08:00-17:00; Sa 08:00-15:00,,,,No public special listed in source data,No public deal listed in source data,No public event listing in source data,OpenStreetMap / Overpass,2026-02-26T22:37:02Z
Lora Reynolds Gallery,Civic / Culture,way,1237873807,30.272857,-97.756737,https://www.openstreetmap.org/way/1237873807#map=19/30.272857/-97.756737,https://www.openstreetmap.org/?mlat=30.272857&mlon=-97.756737#map=18/30.272857/-97.756737,"1126, West 6th Street, Austin, TX, 78703",Civic / Culture listing in Downtown Austin.,"Cultural programming, civic participation, and community events",Not listed,,,,No public special listed in source data,No public deal listed in source data,No public event listing in source data,OpenStreetMap / Overpass,2026-02-26T22:37:02Z
Lorenzo de Zavala State Archive and Library,Civic / Culture,way,42806372,30.273903,-97.738458,https://www.openstreetmap.org/way/42806372#map=19/30.273903/-97.738458,https://www.openstreetmap.org/?mlat=30.273903&mlon=-97.738458#map=18/30.273903/-97.738458,,Civic / Culture listing in Downtown Austin.,"Cultural programming, civic participation, and community events",Not listed,,,,No public special listed in source data,No public deal listed in source data,No public event listing in source data,OpenStreetMap / Overpass,2026-02-26T22:37:02Z
Mexic-Arte Museum,Civic / Culture,way,929863362,30.266838,-97.742815,https://www.openstreetmap.org/way/929863362#map=19/30.266838/-97.742815,https://www.openstreetmap.org/?mlat=30.266838&mlon=-97.742815#map=18/30.266838/-97.742815,"419, Congress Avenue, Austin, TX, 78701",Civic / Culture listing in Downtown Austin.,"Cultural programming, civic participation, and community events","Mo-Th 10:00-18:00, Fr,Sa 10:00-17:00, Su 12:00-17:00",,,https://mexic-artemuseum.org/,No public special listed in source data,No public deal listed in source data,No public event listing in source data,OpenStreetMap / Overpass,2026-02-26T22:37:02Z
Moody Ampitheater at Waterloo Park,Civic / Culture,way,854698652,30.274473,-97.736248,https://www.openstreetmap.org/way/854698652#map=19/30.274473/-97.736248,https://www.openstreetmap.org/?mlat=30.274473&mlon=-97.736248#map=18/30.274473/-97.736248,,Civic / Culture listing in Downtown Austin.,"Cultural programming, civic participation, and community events",Not listed,,,https://www.moodyamphitheater.com/,No public special listed in source data,No public deal listed in source data,No public event listing in source data,OpenStreetMap / Overpass,2026-02-26T22:37:02Z
Moody Theater,Civic / Culture,way,929944788,30.265478,-97.747189,https://www.openstreetmap.org/way/929944788#map=19/30.265478/-97.747189,https://www.openstreetmap.org/?mlat=30.265478&mlon=-97.747189#map=18/30.265478/-97.747189,"310, West 2nd Street, Austin, TX, 78701",Civic / Culture listing in Downtown Austin.,"Cultural programming, civic participation, and community events",Not listed,,,https://www.acllive.com/,No public special listed in source data,No public deal listed in source data,No public event listing in source data,OpenStreetMap / Overpass,2026-02-26T22:37:02Z
Museum of the Weird,Civic / Culture,node,3353621864,30.267054,-97.738738,https://www.openstreetmap.org/node/3353621864#map=19/30.267054/-97.738738,https://www.openstreetmap.org/?mlat=30.267054&mlon=-97.738738#map=18/30.267054/-97.738738,,Civic / Culture listing in Downtown Austin.,"Cultural programming, civic participation, and community events",Not listed,+1-512-476-5493,,https://www.museumoftheweird.com/,No public special listed in source data,No public deal listed in source data,No public event listing in source data,OpenStreetMap / Overpass,2026-02-26T22:37:02Z
O. Henry Museum,Civic / Culture,way,379166081,30.265678,-97.739127,https://www.openstreetmap.org/way/379166081#map=19/30.265678/-97.739127,https://www.openstreetmap.org/?mlat=30.265678&mlon=-97.739127#map=18/30.265678/-97.739127,"409, East 5th Street, Austin, TX, 78701",Civic / Culture listing in Downtown Austin.,"Cultural programming, civic participation, and community events",We-Su 12:00-17:00,,,,No public special listed in source data,No public deal listed in source data,No public event listing in source data,OpenStreetMap / Overpass,2026-02-26T22:37:02Z
Palm Door on Sixth,Civic / Culture,way,328605823,30.266875,-97.737741,https://www.openstreetmap.org/way/328605823#map=19/30.266875/-97.737741,https://www.openstreetmap.org/?mlat=30.266875&mlon=-97.737741#map=18/30.266875/-97.737741,"508, East 6th Street",Civic / Culture listing in Downtown Austin.,"Cultural programming, civic participation, and community events",Not listed,+1-512-386-1295,,http://www.palmdoor.com/sixth,No public special listed in source data,No public deal listed in source data,No public event listing in source data,OpenStreetMap / Overpass,2026-02-26T22:37:02Z
Paramount Theatre,Civic / Culture,way,328526454,30.269379,-97.741863,https://www.openstreetmap.org/way/328526454#map=19/30.269379/-97.741863,https://www.openstreetmap.org/?mlat=30.269379&mlon=-97.741863#map=18/30.269379/-97.741863,"713, Congress Avenue, Austin, TX, 78701",Civic / Culture listing in Downtown Austin.,"Cultural programming, civic participation, and community events",Not listed,,,https://www.austintheatre.org/,No public special listed in source data,No public deal listed in source data,No public event listing in source data,OpenStreetMap / Overpass,2026-02-26T22:37:02Z
Perry-Castañeda Library,Civic / Culture,way,25795473,30.282777,-97.738194,https://www.openstreetmap.org/way/25795473#map=19/30.282777/-97.738194,https://www.openstreetmap.org/?mlat=30.282777&mlon=-97.738194#map=18/30.282777/-97.738194,"101, East 21st Street, TX, 78705",Civic / Culture listing in Downtown Austin.,"Cultural programming, civic participation, and community events",Not listed,,,,No public special listed in source data,No public deal listed in source data,No public event listing in source data,OpenStreetMap / Overpass,2026-02-26T22:37:02Z
Perry-Castañeda Library Map Collection,Civic / Culture,node,12923867753,30.282833,-97.738505,https://www.openstreetmap.org/node/12923867753#map=19/30.282833/-97.738505,https://www.openstreetmap.org/?mlat=30.282833&mlon=-97.738505#map=18/30.282833/-97.738505,"101, East 21st Street, Austin, TX, 78712",Civic / Culture listing operated by Perry-Castañeda Library.,"Cultural programming, civic participation, and community events",Not listed,,,https://guides.lib.utexas.edu/maps,No public special listed in source data,No public deal listed in source data,No public event listing in source data,OpenStreetMap / Overpass,2026-02-26T22:37:02Z
Republic of Texas History Center,Civic / Culture,way,1217636450,30.267671,-97.731582,https://www.openstreetmap.org/way/1217636450#map=19/30.267671/-97.731582,https://www.openstreetmap.org/?mlat=30.267671&mlon=-97.731582#map=18/30.267671/-97.731582,"810, San Marcos Street, Austin, TX, 78702",Civic / Culture listing in Downtown Austin.,"Cultural programming, civic participation, and community events",Not listed,,,https://drtinfo.org/Members/Members/RTHC/001Republic-of-Texas-Museum.aspx,No public special listed in source data,No public deal listed in source data,No public event listing in source data,OpenStreetMap / Overpass,2026-02-26T22:37:02Z
Republic of Texas Museum,Civic / Culture,node,10679709429,30.26765,-97.731473,https://www.openstreetmap.org/node/10679709429#map=19/30.267650/-97.731473,https://www.openstreetmap.org/?mlat=30.267650&mlon=-97.731473#map=18/30.267650/-97.731473,"810, San Marcos Street, Austin, 78702",Civic / Culture listing in Downtown Austin.,"Cultural programming, civic participation, and community events",Not listed,,,https://drtinfo.org/Members/Members/RTHC/001Republic-of-Texas-Museum.aspx,No public special listed in source data,No public deal listed in source data,No public event listing in source data,OpenStreetMap / Overpass,2026-02-26T22:37:02Z
Roadhouse Relics Gallery,Civic / Culture,way,382455654,30.247635,-97.755966,https://www.openstreetmap.org/way/382455654#map=19/30.247635/-97.755966,https://www.openstreetmap.org/?mlat=30.247635&mlon=-97.755966#map=18/30.247635/-97.755966,"1720, South 1st Street, Austin, TX, 78704",Civic / Culture listing in Downtown Austin.,"Cultural programming, civic participation, and community events",Not listed,+1 512-442-6366,,https://www.roadhouserelics.com/,No public special listed in source data,No public deal listed in source data,No public event listing in source data,OpenStreetMap / Overpass,2026-02-26T22:37:02Z
Santa Rita No. 1 Oil Well,Civic / Culture,node,281362867,30.280025,-97.73471,https://www.openstreetmap.org/node/281362867#map=19/30.280025/-97.734710,https://www.openstreetmap.org/?mlat=30.280025&mlon=-97.734710#map=18/30.280025/-97.734710,,Civic / Culture listing in Downtown Austin.,"Cultural programming, civic participation, and community events",Not listed,,,,No public special listed in source data,No public deal listed in source data,No public event listing in source data,OpenStreetMap / Overpass,2026-02-26T22:37:02Z
South Congress Bat Colony,Civic / Culture,node,280763455,30.259127,-97.74637,https://www.openstreetmap.org/node/280763455#map=19/30.259127/-97.746370,https://www.openstreetmap.org/?mlat=30.259127&mlon=-97.746370#map=18/30.259127/-97.746370,,Civic / Culture listing in Downtown Austin.,"Cultural programming, civic participation, and community events",Not listed,,,,No public special listed in source data,No public deal listed in source data,No public event listing in source data,OpenStreetMap / Overpass,2026-02-26T22:37:02Z
State Theatre,Civic / Culture,way,328526455,30.269535,-97.741805,https://www.openstreetmap.org/way/328526455#map=19/30.269535/-97.741805,https://www.openstreetmap.org/?mlat=30.269535&mlon=-97.741805#map=18/30.269535/-97.741805,"719, Congress Avenue, Austin, TX, 78701",Civic / Culture listing in Downtown Austin.,"Cultural programming, civic participation, and community events",Not listed,,,https://www.austintheatre.org/,No public special listed in source data,No public deal listed in source data,No public event listing in source data,OpenStreetMap / Overpass,2026-02-26T22:37:02Z
Statesman Bat Observation Center,Civic / Culture,node,5582617259,30.260163,-97.745526,https://www.openstreetmap.org/node/5582617259#map=19/30.260163/-97.745526,https://www.openstreetmap.org/?mlat=30.260163&mlon=-97.745526#map=18/30.260163/-97.745526,"305, South Congress Avenue, Austin, TX, 78704",Civic / Culture listing in Downtown Austin.,"Cultural programming, civic participation, and community events",Not listed,,,,No public special listed in source data,No public deal listed in source data,No public event listing in source data,OpenStreetMap / Overpass,2026-02-26T22:37:02Z
Stubb's Waller Creek Ampitheater,Civic / Culture,way,1410115880,30.268727,-97.736009,https://www.openstreetmap.org/way/1410115880#map=19/30.268727/-97.736009,https://www.openstreetmap.org/?mlat=30.268727&mlon=-97.736009#map=18/30.268727/-97.736009,,Civic / Culture listing operated by Stubs BBQ.,"Cultural programming, civic participation, and community events",Not listed,,,https://www.stubbsaustin.com/catering-special-events/waller-creek-amphitheater,No public special listed in source data,No public deal listed in source data,No public event listing in source data,OpenStreetMap / Overpass,2026-02-26T22:37:02Z
Texas Music Museum,Civic / Culture,way,379207889,30.269443,-97.730621,https://www.openstreetmap.org/way/379207889#map=19/30.269443/-97.730621,https://www.openstreetmap.org/?mlat=30.269443&mlon=-97.730621#map=18/30.269443/-97.730621,"1011, San Marcos Street, TX",Civic / Culture listing in Downtown Austin.,"Cultural programming, civic participation, and community events",Tu-Fr 12:00-17:00; Th off,,,https://www.texasmusicmuseum.org/,No public special listed in source data,No public deal listed in source data,No public event listing in source data,OpenStreetMap / Overpass,2026-02-26T22:37:02Z
Texas State Cemetery Visitor Center,Civic / Culture,node,11792869762,30.267177,-97.726538,https://www.openstreetmap.org/node/11792869762#map=19/30.267177/-97.726538,https://www.openstreetmap.org/?mlat=30.267177&mlon=-97.726538#map=18/30.267177/-97.726538,,Civic / Culture listing in Downtown Austin.,"Cultural programming, civic participation, and community events",Mo-Su 08:00-17:00,,,https://cemetery.tspb.texas.gov/general.asp,No public special listed in source data,No public deal listed in source data,No public event listing in source data,OpenStreetMap / Overpass,2026-02-26T22:37:02Z
Texas State History Museum,Civic / Culture,way,27397820,30.280292,-97.73916,https://www.openstreetmap.org/way/27397820#map=19/30.280292/-97.739160,https://www.openstreetmap.org/?mlat=30.280292&mlon=-97.739160#map=18/30.280292/-97.739160,"1800, North Congress Avenue, Austin, TX, 78701",Civic / Culture listing operated by Texas State Preservation Board.,"Cultural programming, civic participation, and community events",Mo-Su 10:00-17:00,,,https://www.thestoryoftexas.com/,No public special listed in source data,No public deal listed in source data,No public event listing in source data,OpenStreetMap / Overpass,2026-02-26T22:37:02Z
Texas State Law Library,Civic / Culture,node,368162040,30.276236,-97.741983,https://www.openstreetmap.org/node/368162040#map=19/30.276236/-97.741983,https://www.openstreetmap.org/?mlat=30.276236&mlon=-97.741983#map=18/30.276236/-97.741983,TX,Civic / Culture listing in Downtown Austin.,"Cultural programming, civic participation, and community events",Not listed,,,,No public special listed in source data,No public deal listed in source data,No public event listing in source data,OpenStreetMap / Overpass,2026-02-26T22:37:02Z
Texas Toy Museum and Arcade,Civic / Culture,way,328634439,30.265848,-97.743968,https://www.openstreetmap.org/way/328634439#map=19/30.265848/-97.743968,https://www.openstreetmap.org/?mlat=30.265848&mlon=-97.743968#map=18/30.265848/-97.743968,"314 1/2, Congress Avenue, Austin, TX, 78701",Civic / Culture listing in Downtown Austin.,"Cultural programming, civic participation, and community events","Su-Th 10:30-21:30, Fr 10:30-24:00, Sa 10:00-24:00",,,https://austintoymuseum.org/,No public special listed in source data,No public deal listed in source data,No public event listing in source data,OpenStreetMap / Overpass,2026-02-26T22:37:02Z
The Contemporary Austin - Jones Center on Congress Avenue;The Contemporary Austin - Jones Center,Civic / Culture,way,929864020,30.269272,-97.742824,https://www.openstreetmap.org/way/929864020#map=19/30.269272/-97.742824,https://www.openstreetmap.org/?mlat=30.269272&mlon=-97.742824#map=18/30.269272/-97.742824,"700, Congress Avenue, Austin, TX, 78701",Civic / Culture listing operated by The Contemporary Austin.,"Cultural programming, civic participation, and community events",We 12:00-21:00; Th-Su 12:00-18:00; Mo-Tu off,+1-512-453-5312,,https://thecontemporaryaustin.org/,No public special listed in source data,No public deal listed in source data,No public event listing in source data,OpenStreetMap / Overpass,2026-02-26T22:37:02Z
The Hideout Theater,Civic / Culture,node,338450996,30.268571,-97.742226,https://www.openstreetmap.org/node/338450996#map=19/30.268571/-97.742226,https://www.openstreetmap.org/?mlat=30.268571&mlon=-97.742226#map=18/30.268571/-97.742226,"617, Congress Avenue, Austin, TX, 78701",Civic / Culture listing in Downtown Austin.,"Cultural programming, civic participation, and community events",Not listed,,,,No public special listed in source data,No public deal listed in source data,No public event listing in source data,OpenStreetMap / Overpass,2026-02-26T22:37:02Z
The Long Center for the Performing Arts,Civic / Culture,way,187668220,30.26026,-97.751119,https://www.openstreetmap.org/way/187668220#map=19/30.260260/-97.751119,https://www.openstreetmap.org/?mlat=30.260260&mlon=-97.751119#map=18/30.260260/-97.751119,"701, West Riverside Drive, Austin, TX, 78704",Civic / Culture listing in Downtown Austin.,"Cultural programming, civic participation, and community events",Not listed,+1-512-474-5664,,https://thelongcenter.org/,No public special listed in source data,No public deal listed in source data,No public event listing in source data,OpenStreetMap / Overpass,2026-02-26T22:37:02Z
Topfer Theatre,Civic / Culture,way,383353306,30.264112,-97.757758,https://www.openstreetmap.org/way/383353306#map=19/30.264112/-97.757758,https://www.openstreetmap.org/?mlat=30.264112&mlon=-97.757758#map=18/30.264112/-97.757758,"202, South Lamar Boulevard",Civic / Culture listing operated by ZACH Theatre.,"Cultural programming, civic participation, and community events",Not listed,,,,No public special listed in source data,No public deal listed in source data,No public event listing in source data,OpenStreetMap / Overpass,2026-02-26T22:37:02Z
Violet Crown Cinema,Civic / Culture,node,8958597082,30.265656,-97.748341,https://www.openstreetmap.org/node/8958597082#map=19/30.265656/-97.748341,https://www.openstreetmap.org/?mlat=30.265656&mlon=-97.748341#map=18/30.265656/-97.748341,,Civic / Culture listing in Downtown Austin.,"Cultural programming, civic participation, and community events",Not listed,,,,No public special listed in source data,No public deal listed in source data,No public event listing in source data,OpenStreetMap / Overpass,2026-02-26T22:37:02Z
Waller Ballroom,Civic / Culture,way,328715932,30.266427,-97.735854,https://www.openstreetmap.org/way/328715932#map=19/30.266427/-97.735854,https://www.openstreetmap.org/?mlat=30.266427&mlon=-97.735854#map=18/30.266427/-97.735854,"700, East 6th Street",Civic / Culture listing in Downtown Austin.,"Cultural programming, civic participation, and community events",Not listed,,,,No public special listed in source data,No public deal listed in source data,No public event listing in source data,OpenStreetMap / Overpass,2026-02-26T22:37:02Z
Wally Workman Gallery,Civic / Culture,node,6038247089,30.273046,-97.757399,https://www.openstreetmap.org/node/6038247089#map=19/30.273046/-97.757399,https://www.openstreetmap.org/?mlat=30.273046&mlon=-97.757399#map=18/30.273046/-97.757399,,Civic / Culture listing in Downtown Austin.,"Cultural programming, civic participation, and community events",Not listed,,,,No public special listed in source data,No public deal listed in source data,No public event listing in source data,OpenStreetMap / Overpass,2026-02-26T22:37:02Z
Whisenhunt Stage,Civic / Culture,way,383353433,30.26402,-97.758867,https://www.openstreetmap.org/way/383353433#map=19/30.264020/-97.758867,https://www.openstreetmap.org/?mlat=30.264020&mlon=-97.758867#map=18/30.264020/-97.758867,,Civic / Culture listing operated by ZACH Theatre.,"Cultural programming, civic participation, and community events",Not listed,,,,No public special listed in source data,No public deal listed in source data,No public event listing in source data,OpenStreetMap / Overpass,2026-02-26T22:37:02Z
ZACH Theatre,Civic / Culture,way,1317157542,30.26422,-97.758292,https://www.openstreetmap.org/way/1317157542#map=19/30.264220/-97.758292,https://www.openstreetmap.org/?mlat=30.264220&mlon=-97.758292#map=18/30.264220/-97.758292,78704,Civic / Culture listing in Downtown Austin.,"Cultural programming, civic participation, and community events",Not listed,+1-512-476-0541,,https://zachtheatre.org/,No public special listed in source data,No public deal listed in source data,No public event listing in source data,OpenStreetMap / Overpass,2026-02-26T22:37:02Z
Arturo's,Coffee / Cafe,node,2727206432,30.27972,-97.741927,https://www.openstreetmap.org/node/2727206432#map=19/30.279720/-97.741927,https://www.openstreetmap.org/?mlat=30.279720&mlon=-97.741927#map=18/30.279720/-97.741927,"314, West 17th Street, Austin, 78701",Coffee / Cafe listing in Downtown Austin.,"Morning perk loops, loyalty rewards, and community meetup anchors","Tu-Fr 08:00-14:00; Sa,Su 10:00-14:30",,,,No public special listed in source data,No public deal listed in source data,No public event listing in source data,OpenStreetMap / Overpass,2026-02-26T22:37:02Z
Bennu Coffee Shop,Coffee / Cafe,node,919335942,30.256106,-97.746203,https://www.openstreetmap.org/node/919335942#map=19/30.256106/-97.746203,https://www.openstreetmap.org/?mlat=30.256106&mlon=-97.746203#map=18/30.256106/-97.746203,"515, South Congress Avenue, Austin, 78704",Coffee / Cafe listing in Downtown Austin.,"Morning perk loops, loyalty rewards, and community meetup anchors",Mo-Su 06:00-01:00,+1-512-448-3919,bennucoffee@gmail.com,https://bennucoffee.com/,No public special listed in source data,No public deal listed in source data,No public event listing in source data,OpenStreetMap / Overpass,2026-02-26T22:37:02Z
Better Half Coffee & Cocktails,Coffee / Cafe,node,6039911717,30.271278,-97.758525,https://www.openstreetmap.org/node/6039911717#map=19/30.271278/-97.758525,https://www.openstreetmap.org/?mlat=30.271278&mlon=-97.758525#map=18/30.271278/-97.758525,,Coffee / Cafe listing in Downtown Austin.,"Morning perk loops, loyalty rewards, and community meetup anchors",Not listed,,,,No public special listed in source data,No public deal listed in source data,No public event listing in source data,OpenStreetMap / Overpass,2026-02-26T22:37:02Z
Black Sheep Coffee,Coffee / Cafe,node,12593350611,30.269345,-97.746478,https://www.openstreetmap.org/node/12593350611#map=19/30.269345/-97.746478,https://www.openstreetmap.org/?mlat=30.269345&mlon=-97.746478#map=18/30.269345/-97.746478,,Coffee / Cafe with cuisine focus: coffee_shop.,"Morning perk loops, loyalty rewards, and community meetup anchors",Not listed,,,,No public special listed in source data,No public deal listed in source data,No public event listing in source data,OpenStreetMap / Overpass,2026-02-26T22:37:02Z
Buzz Mill,Coffee / Cafe,way,379193964,30.264838,-97.729483,https://www.openstreetmap.org/way/379193964#map=19/30.264838/-97.729483,https://www.openstreetmap.org/?mlat=30.264838&mlon=-97.729483#map=18/30.264838/-97.729483,"1209, East 7th Street, Austin, TX, 78702",Coffee / Cafe with cuisine focus: coffee_shop.,"Morning perk loops, loyalty rewards, and community meetup anchors",07:00-24:00,,,,No public special listed in source data,No public deal listed in source data,No public event listing in source data,OpenStreetMap / Overpass,2026-02-26T22:37:02Z
Caffé Medici,Coffee / Cafe,node,3763984362,30.264819,-97.744248,https://www.openstreetmap.org/node/3763984362#map=19/30.264819/-97.744248,https://www.openstreetmap.org/?mlat=30.264819&mlon=-97.744248#map=18/30.264819/-97.744248,,Coffee / Cafe listing in Downtown Austin.,"Morning perk loops, loyalty rewards, and community meetup anchors",Not listed,,,,No public special listed in source data,No public deal listed in source data,No public event listing in source data,OpenStreetMap / Overpass,2026-02-26T22:37:02Z
Café 605,Coffee / Cafe,node,8883842087,30.260105,-97.738886,https://www.openstreetmap.org/node/8883842087#map=19/30.260105/-97.738886,https://www.openstreetmap.org/?mlat=30.260105&mlon=-97.738886#map=18/30.260105/-97.738886,"605, Davis Street, Austin, TX, 78701",Coffee / Cafe listing in Downtown Austin.,"Morning perk loops, loyalty rewards, and community meetup anchors",Not listed,,,,No public special listed in source data,No public deal listed in source data,No public event listing in source data,OpenStreetMap / Overpass,2026-02-26T22:37:02Z
Café at the Loren,Coffee / Cafe,node,13253006055,30.264213,-97.756971,https://www.openstreetmap.org/node/13253006055#map=19/30.264213/-97.756971,https://www.openstreetmap.org/?mlat=30.264213&mlon=-97.756971#map=18/30.264213/-97.756971,"1211, West Riverside Drive, Austin, TX, 78704",Coffee / Cafe with cuisine focus: coffee_shop.,"Morning perk loops, loyalty rewards, and community meetup anchors",Not listed,,,https://www.thelorenhotels.com/austin/cuisine/coffee-shop,No public special listed in source data,No public deal listed in source data,No public event listing in source data,OpenStreetMap / Overpass,2026-02-26T22:37:02Z
Café Crème,Coffee / Cafe,node,8958597038,30.266099,-97.751423,https://www.openstreetmap.org/node/8958597038#map=19/30.266099/-97.751423,https://www.openstreetmap.org/?mlat=30.266099&mlon=-97.751423#map=18/30.266099/-97.751423,"710, West Cesar Chavez Street, Austin, TX, 78701",Coffee / Cafe listing in Downtown Austin.,"Morning perk loops, loyalty rewards, and community meetup anchors",Mo-Su 07:00-21:00,,,,No public special listed in source data,No public deal listed in source data,No public event listing in source data,OpenStreetMap / Overpass,2026-02-26T22:37:02Z
Capital One Café,Coffee / Cafe,node,3849778796,30.268134,-97.742533,https://www.openstreetmap.org/node/3849778796#map=19/30.268134/-97.742533,https://www.openstreetmap.org/?mlat=30.268134&mlon=-97.742533#map=18/30.268134/-97.742533,"601, Congress Avenue, Austin, TX, 78701",Coffee / Cafe with cuisine focus: coffee_shop.,"Morning perk loops, loyalty rewards, and community meetup anchors",Not listed,,,,No public special listed in source data,No public deal listed in source data,No public event listing in source data,OpenStreetMap / Overpass,2026-02-26T22:37:02Z
Cenote,Coffee / Cafe,node,3646391293,30.260505,-97.733706,https://www.openstreetmap.org/node/3646391293#map=19/30.260505/-97.733706,https://www.openstreetmap.org/?mlat=30.260505&mlon=-97.733706#map=18/30.260505/-97.733706,"1010, East Cesar Chavez Street, Austin, 78702",Coffee / Cafe with cuisine focus: american.,"Morning perk loops, loyalty rewards, and community meetup anchors",Not listed,+1-512-524-1311,,https://cenoteaustin.com/,No public special listed in source data,No public deal listed in source data,No public event listing in source data,OpenStreetMap / Overpass,2026-02-26T22:37:02Z
CoCo's Cafe,Coffee / Cafe,way,1208522903,30.282567,-97.742345,https://www.openstreetmap.org/way/1208522903#map=19/30.282567/-97.742345,https://www.openstreetmap.org/?mlat=30.282567&mlon=-97.742345#map=18/30.282567/-97.742345,"1910, Guadalupe Street, Austin, TX, 78705",Coffee / Cafe with cuisine focus: taiwanese;cafe;drinks;bubble_tea.,"Morning perk loops, loyalty rewards, and community meetup anchors",Mo-Su 11:30-21:00; Mo-Th 11:00-21:00; Fr-Su 11:30-21:30,+1-512-236-9398,,https://www.cocos-cafe.com/,No public special listed in source data,No public deal listed in source data,No public event listing in source data,OpenStreetMap / Overpass,2026-02-26T22:37:02Z
Conscious Cravings,Coffee / Cafe,node,1488693500,30.282939,-97.744901,https://www.openstreetmap.org/node/1488693500#map=19/30.282939/-97.744901,https://www.openstreetmap.org/?mlat=30.282939&mlon=-97.744901#map=18/30.282939/-97.744901,"1901, Rio Grande, Austin, TX, 78705",Coffee / Cafe listing in Downtown Austin.,"Morning perk loops, loyalty rewards, and community meetup anchors",Mo-Sa 11:00-20:00,+1-512-782-0546,,https://www.consciouscravingsaustin.com/,No public special listed in source data,No public deal listed in source data,No public event listing in source data,OpenStreetMap / Overpass,2026-02-26T22:37:02Z
Cuatro Gato,Coffee / Cafe,way,1020979630,30.266222,-97.745171,https://www.openstreetmap.org/way/1020979630#map=19/30.266222/-97.745171,https://www.openstreetmap.org/?mlat=30.266222&mlon=-97.745171#map=18/30.266222/-97.745171,"310, Colorado Street, Austin, TX, 78701",Coffee / Cafe with cuisine focus: venezuelan.,"Morning perk loops, loyalty rewards, and community meetup anchors",Not listed,,,,No public special listed in source data,No public deal listed in source data,No public event listing in source data,OpenStreetMap / Overpass,2026-02-26T22:37:02Z
Fete Accompli,Coffee / Cafe,node,1483931043,30.276545,-97.750779,https://www.openstreetmap.org/node/1483931043#map=19/30.276545/-97.750779,https://www.openstreetmap.org/?mlat=30.276545&mlon=-97.750779#map=18/30.276545/-97.750779,,Coffee / Cafe listing in Downtown Austin.,"Morning perk loops, loyalty rewards, and community meetup anchors",Not listed,,,,No public special listed in source data,No public deal listed in source data,No public event listing in source data,OpenStreetMap / Overpass,2026-02-26T22:37:02Z
Fleet Coffee,Coffee / Cafe,node,3849779903,30.270247,-97.742287,https://www.openstreetmap.org/node/3849779903#map=19/30.270247/-97.742287,https://www.openstreetmap.org/?mlat=30.270247&mlon=-97.742287#map=18/30.270247/-97.742287,"802, Congress Avenue, Austin, TX, 78701",Coffee / Cafe with cuisine focus: coffee_shop.,"Morning perk loops, loyalty rewards, and community meetup anchors",Mo-Fr 08:00-15:00,,,,No public special listed in source data,No public deal listed in source data,No public event listing in source data,OpenStreetMap / Overpass,2026-02-26T22:37:02Z
Gati,Coffee / Cafe,node,3825243556,30.255304,-97.730564,https://www.openstreetmap.org/node/3825243556#map=19/30.255304/-97.730564,https://www.openstreetmap.org/?mlat=30.255304&mlon=-97.730564#map=18/30.255304/-97.730564,"1512, Holly Street, Austin, TX, 78702",Coffee / Cafe with cuisine focus: ice_cream;coffee_shop.,"Morning perk loops, loyalty rewards, and community meetup anchors",Not listed,+1-512-220-1077,hello@gatiicecream.com,https://www.gatiatx.com/,No public special listed in source data,No public deal listed in source data,No public event listing in source data,OpenStreetMap / Overpass,2026-02-26T22:37:02Z
Gong Cha,Coffee / Cafe,node,6797146023,30.283403,-97.741349,https://www.openstreetmap.org/node/6797146023#map=19/30.283403/-97.741349,https://www.openstreetmap.org/?mlat=30.283403&mlon=-97.741349#map=18/30.283403/-97.741349,"Guadalupe Street, Austin, TX, 78705",Coffee / Cafe with cuisine focus: bubble_tea.,"Morning perk loops, loyalty rewards, and community meetup anchors",Mo-Su 11:30-22:00,,,,No public special listed in source data,No public deal listed in source data,No public event listing in source data,OpenStreetMap / Overpass,2026-02-26T22:37:02Z
Halcyon,Coffee / Cafe,node,1489699385,30.266973,-97.745694,https://www.openstreetmap.org/node/1489699385#map=19/30.266973/-97.745694,https://www.openstreetmap.org/?mlat=30.266973&mlon=-97.745694#map=18/30.266973/-97.745694,,Coffee / Cafe with cuisine focus: coffee_shop.,"Morning perk loops, loyalty rewards, and community meetup anchors",Not listed,,,,No public special listed in source data,No public deal listed in source data,No public event listing in source data,OpenStreetMap / Overpass,2026-02-26T22:37:02Z
Holy cacao,Coffee / Cafe,node,3909530103,30.251009,-97.75418,https://www.openstreetmap.org/node/3909530103#map=19/30.251009/-97.754180,https://www.openstreetmap.org/?mlat=30.251009&mlon=-97.754180#map=18/30.251009/-97.754180,,Coffee / Cafe listing in Downtown Austin.,"Morning perk loops, loyalty rewards, and community meetup anchors",Not listed,,,,No public special listed in source data,No public deal listed in source data,No public event listing in source data,OpenStreetMap / Overpass,2026-02-26T22:37:02Z
Hot L Coffee,Coffee / Cafe,node,8195412272,30.262145,-97.758729,https://www.openstreetmap.org/node/8195412272#map=19/30.262145/-97.758729,https://www.openstreetmap.org/?mlat=30.262145&mlon=-97.758729#map=18/30.262145/-97.758729,"400, Josephine Street, Austin, TX, 78704",Coffee / Cafe with cuisine focus: coffee_shop.,"Morning perk loops, loyalty rewards, and community meetup anchors",Not listed,+1-512-682-5300,,https://carpenterhotel.com/,No public special listed in source data,No public deal listed in source data,No public event listing in source data,OpenStreetMap / Overpass,2026-02-26T22:37:02Z
Houndstooth,Coffee / Cafe,node,3190890891,30.266284,-97.743114,https://www.openstreetmap.org/node/3190890891#map=19/30.266284/-97.743114,https://www.openstreetmap.org/?mlat=30.266284&mlon=-97.743114#map=18/30.266284/-97.743114,"401, Congress Avenue",Coffee / Cafe listing in Downtown Austin.,"Morning perk loops, loyalty rewards, and community meetup anchors",Not listed,,,,No public special listed in source data,No public deal listed in source data,No public event listing in source data,OpenStreetMap / Overpass,2026-02-26T22:37:02Z
Idlewild Coffee,Coffee / Cafe,node,12248654929,30.276536,-97.749672,https://www.openstreetmap.org/node/12248654929#map=19/30.276536/-97.749672,https://www.openstreetmap.org/?mlat=30.276536&mlon=-97.749672#map=18/30.276536/-97.749672,"824, West 12th Street, Austin, TX, 78701",Coffee / Cafe with cuisine focus: coffee_shop.,"Morning perk loops, loyalty rewards, and community meetup anchors",Not listed,,,,No public special listed in source data,No public deal listed in source data,No public event listing in source data,OpenStreetMap / Overpass,2026-02-26T22:37:02Z
Intelligentsia,Coffee / Cafe,node,7024063231,30.266831,-97.749895,https://www.openstreetmap.org/node/7024063231#map=19/30.266831/-97.749895,https://www.openstreetmap.org/?mlat=30.266831&mlon=-97.749895#map=18/30.266831/-97.749895,"607, West 3rd Street, Austin, TX, 78701",Coffee / Cafe with cuisine focus: coffee_shop.,"Morning perk loops, loyalty rewards, and community meetup anchors",Not listed,,,,No public special listed in source data,No public deal listed in source data,No public event listing in source data,OpenStreetMap / Overpass,2026-02-26T22:37:02Z
Jester Java,Coffee / Cafe,node,13585338239,30.282962,-97.736944,https://www.openstreetmap.org/node/13585338239#map=19/30.282962/-97.736944,https://www.openstreetmap.org/?mlat=30.282962&mlon=-97.736944#map=18/30.282962/-97.736944,,Coffee / Cafe with cuisine focus: coffee_shop.,"Morning perk loops, loyalty rewards, and community meetup anchors",Not listed,,,,No public special listed in source data,No public deal listed in source data,No public event listing in source data,OpenStreetMap / Overpass,2026-02-26T22:37:02Z
Jo's Coffee,Coffee / Cafe,way,312337826,30.251023,-97.749398,https://www.openstreetmap.org/way/312337826#map=19/30.251023/-97.749398,https://www.openstreetmap.org/?mlat=30.251023&mlon=-97.749398#map=18/30.251023/-97.749398,"1300, South Congress Avenue",Coffee / Cafe listing in Downtown Austin.,"Morning perk loops, loyalty rewards, and community meetup anchors",Not listed,,,https://www.joscoffee.com/south-congress-jos,No public special listed in source data,No public deal listed in source data,No public event listing in source data,OpenStreetMap / Overpass,2026-02-26T22:37:02Z
Jo's Coffee,Coffee / Cafe,node,3190877885,30.265042,-97.74608,https://www.openstreetmap.org/node/3190877885#map=19/30.265042/-97.746080,https://www.openstreetmap.org/?mlat=30.265042&mlon=-97.746080#map=18/30.265042/-97.746080,"242, West 2nd Street",Coffee / Cafe listing in Downtown Austin.,"Morning perk loops, loyalty rewards, and community meetup anchors","Mo-Fr 07:00-18:00; Sa,Su 08:00-18:00",+1-512-462-9003,,,No public special listed in source data,No public deal listed in source data,No public event listing in source data,OpenStreetMap / Overpass,2026-02-26T22:37:02Z
La Colombe Coffee Roasters,Coffee / Cafe,node,10706612991,30.27049,-97.753255,https://www.openstreetmap.org/node/10706612991#map=19/30.270490/-97.753255,https://www.openstreetmap.org/?mlat=30.270490&mlon=-97.753255#map=18/30.270490/-97.753255,,Coffee / Cafe with cuisine focus: coffee_shop.,"Morning perk loops, loyalty rewards, and community meetup anchors",Mo-Su 07:00-19:00,,,,No public special listed in source data,No public deal listed in source data,No public event listing in source data,OpenStreetMap / Overpass,2026-02-26T22:37:02Z
Le Café Crêpe,Coffee / Cafe,node,1483653960,30.263847,-97.741897,https://www.openstreetmap.org/node/1483653960#map=19/30.263847/-97.741897,https://www.openstreetmap.org/?mlat=30.263847&mlon=-97.741897#map=18/30.263847/-97.741897,"200, San Jacinto Boulevard, Austin, TX, 78701",Coffee / Cafe with cuisine focus: crepe;french.,"Morning perk loops, loyalty rewards, and community meetup anchors",Mo-Sa 07:00-15:00; Su 08:00-15:00,+1-512-480-0084,,https://www.cafecrepeofaustin.com/,No public special listed in source data,No public deal listed in source data,No public event listing in source data,OpenStreetMap / Overpass,2026-02-26T22:37:02Z
Love Lamp Matcha,Coffee / Cafe,node,12708690933,30.26198,-97.761792,https://www.openstreetmap.org/node/12708690933#map=19/30.261980/-97.761792,https://www.openstreetmap.org/?mlat=30.261980&mlon=-97.761792#map=18/30.261980/-97.761792,"1601, Barton Springs Road, Austin, TX, 78704",Coffee / Cafe listing in Downtown Austin.,"Morning perk loops, loyalty rewards, and community meetup anchors",Not listed,,,https://lovelampmatcha.com/,No public special listed in source data,No public deal listed in source data,No public event listing in source data,OpenStreetMap / Overpass,2026-02-26T22:37:02Z
Mañana,Coffee / Cafe,node,10555261227,30.247725,-97.749778,https://www.openstreetmap.org/node/10555261227#map=19/30.247725/-97.749778,https://www.openstreetmap.org/?mlat=30.247725&mlon=-97.749778#map=18/30.247725/-97.749778,,Coffee / Cafe listing in Downtown Austin.,"Morning perk loops, loyalty rewards, and community meetup anchors",Not listed,,,,No public special listed in source data,No public deal listed in source data,No public event listing in source data,OpenStreetMap / Overpass,2026-02-26T22:37:02Z
Maňana,Coffee / Cafe,node,11492466913,30.267287,-97.75453,https://www.openstreetmap.org/node/11492466913#map=19/30.267287/-97.754530,https://www.openstreetmap.org/?mlat=30.267287&mlon=-97.754530#map=18/30.267287/-97.754530,"111, Sandra Muraida Way, Austin, TX, 78703",Coffee / Cafe with cuisine focus: coffee_shop.,"Morning perk loops, loyalty rewards, and community meetup anchors",Mo-Su 07:00-19:00,,,,No public special listed in source data,No public deal listed in source data,No public event listing in source data,OpenStreetMap / Overpass,2026-02-26T22:37:02Z
Medici Roasting,Coffee / Cafe,way,382559089,30.279517,-97.759417,https://www.openstreetmap.org/way/382559089#map=19/30.279517/-97.759417,https://www.openstreetmap.org/?mlat=30.279517&mlon=-97.759417#map=18/30.279517/-97.759417,"1101, West Lynn Street, Austin, TX",Coffee / Cafe listing in Downtown Austin.,"Morning perk loops, loyalty rewards, and community meetup anchors","Mo-Fr 06:00-19:00, Sa-Su 06:30-19:00",,,https://mediciroasting.com/pages/west-lynn,No public special listed in source data,No public deal listed in source data,No public event listing in source data,OpenStreetMap / Overpass,2026-02-26T22:37:02Z
Medici Roasting,Coffee / Cafe,node,10563618404,30.25576,-97.762374,https://www.openstreetmap.org/node/10563618404#map=19/30.255760/-97.762374,https://www.openstreetmap.org/?mlat=30.255760&mlon=-97.762374#map=18/30.255760/-97.762374,"1100, South Lamar Boulevard, Austin, TX, 78704",Coffee / Cafe with cuisine focus: coffee_shop.,"Morning perk loops, loyalty rewards, and community meetup anchors",Not listed,,,https://mediciroasting.com/pages/south-lamar,No public special listed in source data,No public deal listed in source data,No public event listing in source data,OpenStreetMap / Overpass,2026-02-26T22:37:02Z
Merit Coffee,Coffee / Cafe,way,383355029,30.255236,-97.761689,https://www.openstreetmap.org/way/383355029#map=19/30.255236/-97.761689,https://www.openstreetmap.org/?mlat=30.255236&mlon=-97.761689#map=18/30.255236/-97.761689,"1105, South Lamar Boulevard, Austin, TX, 78704",Coffee / Cafe listing operated by Merit Coffee.,"Morning perk loops, loyalty rewards, and community meetup anchors",Mo-Su 07:00-19:00,+1-512-906-0010,,,No public special listed in source data,No public deal listed in source data,No public event listing in source data,OpenStreetMap / Overpass,2026-02-26T22:37:02Z
Merit Coffee,Coffee / Cafe,node,8931050056,30.267566,-97.752141,https://www.openstreetmap.org/node/8931050056#map=19/30.267566/-97.752141,https://www.openstreetmap.org/?mlat=30.267566&mlon=-97.752141#map=18/30.267566/-97.752141,"222, West Avenue, Austin, TX, 78701",Coffee / Cafe listing in Downtown Austin.,"Morning perk loops, loyalty rewards, and community meetup anchors",Not listed,,,,No public special listed in source data,No public deal listed in source data,No public event listing in source data,OpenStreetMap / Overpass,2026-02-26T22:37:02Z
Mirandas Cafe,Coffee / Cafe,node,11071504905,30.265392,-97.742823,https://www.openstreetmap.org/node/11071504905#map=19/30.265392/-97.742823,https://www.openstreetmap.org/?mlat=30.265392&mlon=-97.742823#map=18/30.265392/-97.742823,"301, Congress Avenue, Austin, TX, 78701",Coffee / Cafe with cuisine focus: breakfast;mexican.,"Morning perk loops, loyalty rewards, and community meetup anchors",Mo-Fr 07:00-14:00,,,https://www.mirandascafe.com/,No public special listed in source data,No public deal listed in source data,No public event listing in source data,OpenStreetMap / Overpass,2026-02-26T22:37:02Z
My Name Is Joe Coffee,Coffee / Cafe,node,4906380121,30.267442,-97.742689,https://www.openstreetmap.org/node/4906380121#map=19/30.267442/-97.742689,https://www.openstreetmap.org/?mlat=30.267442&mlon=-97.742689#map=18/30.267442/-97.742689,"503, Colorado Street, 78701",Coffee / Cafe with cuisine focus: breakfast;coffee_shop.,"Morning perk loops, loyalty rewards, and community meetup anchors",Mo-Fr 07:00-15:00,,,http://mynameisjoe.com,No public special listed in source data,No public deal listed in source data,No public event listing in source data,OpenStreetMap / Overpass,2026-02-26T22:37:02Z
Möge Tee,Coffee / Cafe,way,380922467,30.282817,-97.742343,https://www.openstreetmap.org/way/380922467#map=19/30.282817/-97.742343,https://www.openstreetmap.org/?mlat=30.282817&mlon=-97.742343#map=18/30.282817/-97.742343,"2000, Guadalupe Street, Austin, TX, 78705",Coffee / Cafe with cuisine focus: bubble_tea.,"Morning perk loops, loyalty rewards, and community meetup anchors",Su-Th 11:00-22:00; Fr-Sa 11:00-23:00,+1 929-380-7727,,https://www.mogeteeusa.com/,No public special listed in source data,No public deal listed in source data,No public event listing in source data,OpenStreetMap / Overpass,2026-02-26T22:37:02Z
Nourish,Coffee / Cafe,node,10236686752,30.277468,-97.734812,https://www.openstreetmap.org/node/10236686752#map=19/30.277468/-97.734812,https://www.openstreetmap.org/?mlat=30.277468&mlon=-97.734812#map=18/30.277468/-97.734812,,Coffee / Cafe listing in Downtown Austin.,"Morning perk loops, loyalty rewards, and community meetup anchors",Mo-Fr 07:30-14:00,,,,No public special listed in source data,No public deal listed in source data,No public event listing in source data,OpenStreetMap / Overpass,2026-02-26T22:37:02Z
Once Over Coffee Bar,Coffee / Cafe,node,919343141,30.244809,-97.75699,https://www.openstreetmap.org/node/919343141#map=19/30.244809/-97.756990,https://www.openstreetmap.org/?mlat=30.244809&mlon=-97.756990#map=18/30.244809/-97.756990,,Coffee / Cafe listing in Downtown Austin.,"Morning perk loops, loyalty rewards, and community meetup anchors",Not listed,,,,No public special listed in source data,No public deal listed in source data,No public event listing in source data,OpenStreetMap / Overpass,2026-02-26T22:37:02Z
Paperboy,Coffee / Cafe,node,6187462596,30.26845,-97.727566,https://www.openstreetmap.org/node/6187462596#map=19/30.268450/-97.727566,https://www.openstreetmap.org/?mlat=30.268450&mlon=-97.727566#map=18/30.268450/-97.727566,"1203, East 11th Street",Coffee / Cafe listing in Downtown Austin.,"Morning perk loops, loyalty rewards, and community meetup anchors",Mo-We 08:00-14:00; Th-Su 08:00-15:00,+1-512-910-3010,,https://www.paperboyaustin.com,No public special listed in source data,No public deal listed in source data,No public event listing in source data,OpenStreetMap / Overpass,2026-02-26T22:37:02Z
Phoebe's Diner,Coffee / Cafe,node,12579400459,30.274006,-97.744878,https://www.openstreetmap.org/node/12579400459#map=19/30.274006/-97.744878,https://www.openstreetmap.org/?mlat=30.274006&mlon=-97.744878#map=18/30.274006/-97.744878,,Coffee / Cafe listing in Downtown Austin.,"Morning perk loops, loyalty rewards, and community meetup anchors",Mo-Su 07:00-15:00,,,,No public special listed in source data,No public deal listed in source data,No public event listing in source data,OpenStreetMap / Overpass,2026-02-26T22:37:02Z
Prufrock's,Coffee / Cafe,node,13585338240,30.283087,-97.737861,https://www.openstreetmap.org/node/13585338240#map=19/30.283087/-97.737861,https://www.openstreetmap.org/?mlat=30.283087&mlon=-97.737861#map=18/30.283087/-97.737861,,Coffee / Cafe with cuisine focus: coffee_shop.,"Morning perk loops, loyalty rewards, and community meetup anchors",Not listed,,,,No public special listed in source data,No public deal listed in source data,No public event listing in source data,OpenStreetMap / Overpass,2026-02-26T22:37:02Z
Revival Coffee,Coffee / Cafe,node,3197335001,30.264284,-97.727762,https://www.openstreetmap.org/node/3197335001#map=19/30.264284/-97.727762,https://www.openstreetmap.org/?mlat=30.264284&mlon=-97.727762#map=18/30.264284/-97.727762,"1405, East 7th Street, Austin, TX, 78702",Coffee / Cafe with cuisine focus: coffee_shop.,"Morning perk loops, loyalty rewards, and community meetup anchors",Not listed,,,,No public special listed in source data,No public deal listed in source data,No public event listing in source data,OpenStreetMap / Overpass,2026-02-26T22:37:02Z
Revolución Coffee + Juice,Coffee / Cafe,node,1483653748,30.264375,-97.741362,https://www.openstreetmap.org/node/1483653748#map=19/30.264375/-97.741362,https://www.openstreetmap.org/?mlat=30.264375&mlon=-97.741362#map=18/30.264375/-97.741362,"207, San Jacinto Boulevard, Austin, TX, 78701",Coffee / Cafe with cuisine focus: coffee_shop.,"Morning perk loops, loyalty rewards, and community meetup anchors",Mo-Su 07:00-19:00,,,https://www.revolucionsa.com/,No public special listed in source data,No public deal listed in source data,No public event listing in source data,OpenStreetMap / Overpass,2026-02-26T22:37:02Z
Rosen's Bagels,Coffee / Cafe,way,724582090,30.268141,-97.747518,https://www.openstreetmap.org/way/724582090#map=19/30.268141/-97.747518,https://www.openstreetmap.org/?mlat=30.268141&mlon=-97.747518#map=18/30.268141/-97.747518,"422, Guadalupe Street, Austin, TX, 78701",Coffee / Cafe with cuisine focus: american.,"Morning perk loops, loyalty rewards, and community meetup anchors",Mo-Fr 07:00-14:00; Sa-Su 08:00-15:00,,,https://www.rosensbagels.com/,No public special listed in source data,No public deal listed in source data,No public event listing in source data,OpenStreetMap / Overpass,2026-02-26T22:37:02Z
Slake Cafe,Coffee / Cafe,node,2675179188,30.268835,-97.741283,https://www.openstreetmap.org/node/2675179188#map=19/30.268835/-97.741283,https://www.openstreetmap.org/?mlat=30.268835&mlon=-97.741283#map=18/30.268835/-97.741283,,Coffee / Cafe listing in Downtown Austin.,"Morning perk loops, loyalty rewards, and community meetup anchors",Not listed,,,,No public special listed in source data,No public deal listed in source data,No public event listing in source data,OpenStreetMap / Overpass,2026-02-26T22:37:02Z
Soup Peddler,Coffee / Cafe,way,921850350,30.27687,-97.751999,https://www.openstreetmap.org/way/921850350#map=19/30.276870/-97.751999,https://www.openstreetmap.org/?mlat=30.276870&mlon=-97.751999#map=18/30.276870/-97.751999,,Coffee / Cafe listing in Downtown Austin.,"Morning perk loops, loyalty rewards, and community meetup anchors",Not listed,,,,No public special listed in source data,No public deal listed in source data,No public event listing in source data,OpenStreetMap / Overpass,2026-02-26T22:37:02Z
Starbucks,Coffee / Cafe,node,338450997,30.268267,-97.74297,https://www.openstreetmap.org/node/338450997#map=19/30.268267/-97.742970,https://www.openstreetmap.org/?mlat=30.268267&mlon=-97.742970#map=18/30.268267/-97.742970,,Coffee / Cafe with cuisine focus: coffee_shop.,"Morning perk loops, loyalty rewards, and community meetup anchors","Mo-Fr 05:30-21:00, Sa,Su 06:30-19:00",,,,No public special listed in source data,No public deal listed in source data,No public event listing in source data,OpenStreetMap / Overpass,2026-02-26T22:37:02Z
Starbucks,Coffee / Cafe,node,338451013,30.271876,-97.741178,https://www.openstreetmap.org/node/338451013#map=19/30.271876/-97.741178,https://www.openstreetmap.org/?mlat=30.271876&mlon=-97.741178#map=18/30.271876/-97.741178,,Coffee / Cafe with cuisine focus: coffee_shop.,"Morning perk loops, loyalty rewards, and community meetup anchors",Not listed,,,,No public special listed in source data,No public deal listed in source data,No public event listing in source data,OpenStreetMap / Overpass,2026-02-26T22:37:02Z
Starbucks,Coffee / Cafe,way,381834563,30.278087,-97.744434,https://www.openstreetmap.org/way/381834563#map=19/30.278087/-97.744434,https://www.openstreetmap.org/?mlat=30.278087&mlon=-97.744434#map=18/30.278087/-97.744434,"501, West 15th Street, Austin, TX, 78701",Coffee / Cafe with cuisine focus: coffee_shop.,"Morning perk loops, loyalty rewards, and community meetup anchors",Not listed,+1 512-478-9090,,https://www.starbucks.com/store-locator/store/14916/15th-san-antonio-501-west-15th-street-austin-tx-787011516-us,No public special listed in source data,No public deal listed in source data,No public event listing in source data,OpenStreetMap / Overpass,2026-02-26T22:37:02Z
Starbucks,Coffee / Cafe,way,646152698,30.261226,-97.757952,https://www.openstreetmap.org/way/646152698#map=19/30.261226/-97.757952,https://www.openstreetmap.org/?mlat=30.261226&mlon=-97.757952#map=18/30.261226/-97.757952,"1200, Barton Springs Road, Austin, TX, 78704",Coffee / Cafe with cuisine focus: coffee_shop.,"Morning perk loops, loyalty rewards, and community meetup anchors",Not listed,+1 512-482-8592,,https://www.starbucks.com/store-locator/store/1023222/barton-springs-s-lamar-1200-barton-springs-rd-austin-tx-787041008-us,No public special listed in source data,No public deal listed in source data,No public event listing in source data,OpenStreetMap / Overpass,2026-02-26T22:37:02Z
Starbucks,Coffee / Cafe,node,806741774,30.284684,-97.732451,https://www.openstreetmap.org/node/806741774#map=19/30.284684/-97.732451,https://www.openstreetmap.org/?mlat=30.284684&mlon=-97.732451#map=18/30.284684/-97.732451,,Coffee / Cafe with cuisine focus: coffee_shop.,"Morning perk loops, loyalty rewards, and community meetup anchors",Not listed,,,,No public special listed in source data,No public deal listed in source data,No public event listing in source data,OpenStreetMap / Overpass,2026-02-26T22:37:02Z
Starbucks,Coffee / Cafe,node,1481721312,30.269901,-97.754019,https://www.openstreetmap.org/node/1481721312#map=19/30.269901/-97.754019,https://www.openstreetmap.org/?mlat=30.269901&mlon=-97.754019#map=18/30.269901/-97.754019,"907, West 5th Street, Austin, TX, 78703",Coffee / Cafe with cuisine focus: coffee_shop.,"Morning perk loops, loyalty rewards, and community meetup anchors",Mo-Su 05:00-19:00,+1 512-708-9103,,https://www.starbucks.com/store-locator/store/11419/5th-lamar-907-w-5th-st-ste-102-austin-tx-787035427-us,No public special listed in source data,No public deal listed in source data,No public event listing in source data,OpenStreetMap / Overpass,2026-02-26T22:37:02Z
Starbucks,Coffee / Cafe,node,2332626939,30.265449,-97.740414,https://www.openstreetmap.org/node/2332626939#map=19/30.265449/-97.740414,https://www.openstreetmap.org/?mlat=30.265449&mlon=-97.740414#map=18/30.265449/-97.740414,"300, East 4th Street, Austin, TX, 78701",Coffee / Cafe with cuisine focus: coffee_shop.,"Morning perk loops, loyalty rewards, and community meetup anchors","Mo-Th 06:00-13:00; Fr,Sa 06:00-16:00; Su 06:00-13:00",+1 512-236-8008,,https://www.starbucks.com/store-locator/store/9891/courtyard-austin-downtown-300-e-4th-st-austin-tx-787013612-us,No public special listed in source data,No public deal listed in source data,No public event listing in source data,OpenStreetMap / Overpass,2026-02-26T22:37:02Z
Starbucks,Coffee / Cafe,node,3245051655,30.265849,-97.74651,https://www.openstreetmap.org/node/3245051655#map=19/30.265849/-97.746510,https://www.openstreetmap.org/?mlat=30.265849&mlon=-97.746510#map=18/30.265849/-97.746510,"301, West 3rd Street, Austin, TX, 78701",Coffee / Cafe with cuisine focus: coffee_shop.,"Morning perk loops, loyalty rewards, and community meetup anchors",Not listed,+1 512-391-1895,,https://www.starbucks.com/store-locator/store/1006594/3rd-lavaca-301-west-3rd-street-austin-tx-787013815-us,No public special listed in source data,No public deal listed in source data,No public event listing in source data,OpenStreetMap / Overpass,2026-02-26T22:37:02Z
Starbucks,Coffee / Cafe,node,5571027694,30.283568,-97.741685,https://www.openstreetmap.org/node/5571027694#map=19/30.283568/-97.741685,https://www.openstreetmap.org/?mlat=30.283568&mlon=-97.741685#map=18/30.283568/-97.741685,"2021, Guadalupe Street, Austin, TX, 78705",Coffee / Cafe with cuisine focus: coffee_shop.,"Morning perk loops, loyalty rewards, and community meetup anchors",Not listed,+1 512-651-1262,,https://www.starbucks.com/store-locator/store/1020414/target-austin-ut-campus-3250-2021-guadalupe-st-austin-tx-78705-us,No public special listed in source data,No public deal listed in source data,No public event listing in source data,OpenStreetMap / Overpass,2026-02-26T22:37:02Z
Starbucks,Coffee / Cafe,node,9571493096,30.260684,-97.747114,https://www.openstreetmap.org/node/9571493096#map=19/30.260684/-97.747114,https://www.openstreetmap.org/?mlat=30.260684&mlon=-97.747114#map=18/30.260684/-97.747114,"208, Barton Springs Road, Austin, TX, 78704",Coffee / Cafe with cuisine focus: coffee_shop.,"Morning perk loops, loyalty rewards, and community meetup anchors",Mo-Su 06:00-18:00,+1 512-477-1234,,https://www.starbucks.com/store-locator/store/1007529/hyatt-regency-austin-lobby-208-barton-springs-rd-austin-tx-78704-us,No public special listed in source data,No public deal listed in source data,No public event listing in source data,OpenStreetMap / Overpass,2026-02-26T22:37:02Z
Starbucks,Coffee / Cafe,node,12577833091,30.265263,-97.738396,https://www.openstreetmap.org/node/12577833091#map=19/30.265263/-97.738396,https://www.openstreetmap.org/?mlat=30.265263&mlon=-97.738396#map=18/30.265263/-97.738396,"555, East 4th Street, Austin, TX",Coffee / Cafe with cuisine focus: coffee_shop.,"Morning perk loops, loyalty rewards, and community meetup anchors",Not listed,,,,No public special listed in source data,No public deal listed in source data,No public event listing in source data,OpenStreetMap / Overpass,2026-02-26T22:37:02Z
Tapioca House,Coffee / Cafe,way,380922395,30.282424,-97.742357,https://www.openstreetmap.org/way/380922395#map=19/30.282424/-97.742357,https://www.openstreetmap.org/?mlat=30.282424&mlon=-97.742357#map=18/30.282424/-97.742357,"1906, Guadalupe Street, Austin, TX, 78705",Coffee / Cafe with cuisine focus: bubble_tea.,"Morning perk loops, loyalty rewards, and community meetup anchors",Mo-Su 11:00-23:00,,,,No public special listed in source data,No public deal listed in source data,No public event listing in source data,OpenStreetMap / Overpass,2026-02-26T22:37:02Z
The Coffehouse at Caroline,Coffee / Cafe,node,10281193549,30.268787,-97.742193,https://www.openstreetmap.org/node/10281193549#map=19/30.268787/-97.742193,https://www.openstreetmap.org/?mlat=30.268787&mlon=-97.742193#map=18/30.268787/-97.742193,"109, East 7th Street, Austin, TX, 78701",Coffee / Cafe listing in Downtown Austin.,"Morning perk loops, loyalty rewards, and community meetup anchors",Mo-Su 06:00-19:00,,,https://www.carolinerestaurant.com/the-coffeehouse-at-caroline,No public special listed in source data,No public deal listed in source data,No public event listing in source data,OpenStreetMap / Overpass,2026-02-26T22:37:02Z
The Hideout Coffee House,Coffee / Cafe,way,1213502018,30.268555,-97.742167,https://www.openstreetmap.org/way/1213502018#map=19/30.268555/-97.742167,https://www.openstreetmap.org/?mlat=30.268555&mlon=-97.742167#map=18/30.268555/-97.742167,"617, Congress Avenue, Austin, TX, 78701",Coffee / Cafe with cuisine focus: coffee_shop.,"Morning perk loops, loyalty rewards, and community meetup anchors","Mo-We 07:00-19:00; Th,Fr 07:00-22:00; Sa 08:00-23:00; Su 08:00-17:00",,,,No public special listed in source data,No public deal listed in source data,No public event listing in source data,OpenStreetMap / Overpass,2026-02-26T22:37:02Z
The Perch,Coffee / Cafe,node,6088701317,30.260507,-97.741674,https://www.openstreetmap.org/node/6088701317#map=19/30.260507/-97.741674,https://www.openstreetmap.org/?mlat=30.260507&mlon=-97.741674#map=18/30.260507/-97.741674,,Coffee / Cafe listing in Downtown Austin.,"Morning perk loops, loyalty rewards, and community meetup anchors",Mo-Su 08:00-20:00,,,,No public special listed in source data,No public deal listed in source data,No public event listing in source data,OpenStreetMap / Overpass,2026-02-26T22:37:02Z
The Star Cafe,Coffee / Cafe,node,12580193186,30.279989,-97.738848,https://www.openstreetmap.org/node/12580193186#map=19/30.279989/-97.738848,https://www.openstreetmap.org/?mlat=30.279989&mlon=-97.738848#map=18/30.279989/-97.738848,,Coffee / Cafe listing in Downtown Austin.,"Morning perk loops, loyalty rewards, and community meetup anchors",Not listed,,,,No public special listed in source data,No public deal listed in source data,No public event listing in source data,OpenStreetMap / Overpass,2026-02-26T22:37:02Z
Thistle Cafe,Coffee / Cafe,node,12800944897,30.268439,-97.744829,https://www.openstreetmap.org/node/12800944897#map=19/30.268439/-97.744829,https://www.openstreetmap.org/?mlat=30.268439&mlon=-97.744829#map=18/30.268439/-97.744829,"221, West 6th Street, Austin, TX, 78701",Coffee / Cafe listing in Downtown Austin.,"Morning perk loops, loyalty rewards, and community meetup anchors",Mo-Fr 07:30-14:30,+1-512-474-5222,,,No public special listed in source data,No public deal listed in source data,No public event listing in source data,OpenStreetMap / Overpass,2026-02-26T22:37:02Z
Try Hard Coffee Roastere,Coffee / Cafe,way,379207931,30.268805,-97.728751,https://www.openstreetmap.org/way/379207931#map=19/30.268805/-97.728751,https://www.openstreetmap.org/?mlat=30.268805&mlon=-97.728751#map=18/30.268805/-97.728751,"1115, East 11th Street",Coffee / Cafe listing in Downtown Austin.,"Morning perk loops, loyalty rewards, and community meetup anchors",Not listed,,,,No public special listed in source data,No public deal listed in source data,No public event listing in source data,OpenStreetMap / Overpass,2026-02-26T22:37:02Z
Wright Bros. Brew & Brew,Coffee / Cafe,node,3533712652,30.264449,-97.733041,https://www.openstreetmap.org/node/3533712652#map=19/30.264449/-97.733041,https://www.openstreetmap.org/?mlat=30.264449&mlon=-97.733041#map=18/30.264449/-97.733041,"500, San Marcos Street, Austin, TX, 78702",Coffee / Cafe with cuisine focus: coffee_shop.,"Morning perk loops, loyalty rewards, and community meetup anchors",08:00-24:00,+1-512-493-0963,,https://www.thebrewandbrew.com/,No public special listed in source data,No public deal listed in source data,No public event listing in source data,OpenStreetMap / Overpass,2026-02-26T22:37:02Z
Yummi Joy,Coffee / Cafe,node,8090124769,30.265297,-97.748201,https://www.openstreetmap.org/node/8090124769#map=19/30.265297/-97.748201,https://www.openstreetmap.org/?mlat=30.265297&mlon=-97.748201#map=18/30.265297/-97.748201,,Coffee / Cafe with cuisine focus: coffee_shop;ice_cream.,"Morning perk loops, loyalty rewards, and community meetup anchors",Not listed,,,,No public special listed in source data,No public deal listed in source data,No public event listing in source data,OpenStreetMap / Overpass,2026-02-26T22:37:02Z
701 Rio,Commercial Property,way,1317011702,30.271034,-97.748649,https://www.openstreetmap.org/way/1317011702#map=19/30.271034/-97.748649,https://www.openstreetmap.org/?mlat=30.271034&mlon=-97.748649#map=18/30.271034/-97.748649,,Commercial Property listing in Downtown Austin.,District activation opportunities and employer/neighborhood partnerships,Not listed,,,,No public special listed in source data,No public deal listed in source data,No public event listing in source data,OpenStreetMap / Overpass,2026-02-26T22:37:02Z
Colorado Tower,Commercial Property,way,231123152,30.265885,-97.744689,https://www.openstreetmap.org/way/231123152#map=19/30.265885/-97.744689,https://www.openstreetmap.org/?mlat=30.265885&mlon=-97.744689#map=18/30.265885/-97.744689,"303, Colorado Street, 78701",Commercial Property listing in Downtown Austin.,District activation opportunities and employer/neighborhood partnerships,Not listed,,,https://coloradotower.com/,No public special listed in source data,No public deal listed in source data,No public event listing in source data,OpenStreetMap / Overpass,2026-02-26T22:37:02Z
Commercial Property,Commercial Property,relation,9130954,30.270138,-97.740159,https://www.openstreetmap.org/relation/9130954#map=19/30.270138/-97.740159,https://www.openstreetmap.org/?mlat=30.270138&mlon=-97.740159#map=18/30.270138/-97.740159,,Commercial Property listing in Downtown Austin.,District activation opportunities and employer/neighborhood partnerships,Not listed,,,,No public special listed in source data,No public deal listed in source data,No public event listing in source data,OpenStreetMap / Overpass,2026-02-26T22:37:02Z
Commercial Property,Commercial Property,way,55932522,30.268988,-97.747152,https://www.openstreetmap.org/way/55932522#map=19/30.268988/-97.747152,https://www.openstreetmap.org/?mlat=30.268988&mlon=-97.747152#map=18/30.268988/-97.747152,,Commercial Property listing in Downtown Austin.,District activation opportunities and employer/neighborhood partnerships,Not listed,,,,No public special listed in source data,No public deal listed in source data,No public event listing in source data,OpenStreetMap / Overpass,2026-02-26T22:37:02Z
Commercial Property,Commercial Property,way,99868604,30.269321,-97.748019,https://www.openstreetmap.org/way/99868604#map=19/30.269321/-97.748019,https://www.openstreetmap.org/?mlat=30.269321&mlon=-97.748019#map=18/30.269321/-97.748019,,Commercial Property listing in Downtown Austin.,District activation opportunities and employer/neighborhood partnerships,Not listed,,,,No public special listed in source data,No public deal listed in source data,No public event listing in source data,OpenStreetMap / Overpass,2026-02-26T22:37:02Z
Commercial Property,Commercial Property,way,112836380,30.269787,-97.74263,https://www.openstreetmap.org/way/112836380#map=19/30.269787/-97.742630,https://www.openstreetmap.org/?mlat=30.269787&mlon=-97.742630#map=18/30.269787/-97.742630,,Commercial Property listing in Downtown Austin.,District activation opportunities and employer/neighborhood partnerships,Not listed,,,,No public special listed in source data,No public deal listed in source data,No public event listing in source data,OpenStreetMap / Overpass,2026-02-26T22:37:02Z
Commercial Property,Commercial Property,way,112836384,30.269914,-97.743281,https://www.openstreetmap.org/way/112836384#map=19/30.269914/-97.743281,https://www.openstreetmap.org/?mlat=30.269914&mlon=-97.743281#map=18/30.269914/-97.743281,,Commercial Property listing in Downtown Austin.,District activation opportunities and employer/neighborhood partnerships,Not listed,,,,No public special listed in source data,No public deal listed in source data,No public event listing in source data,OpenStreetMap / Overpass,2026-02-26T22:37:02Z
Commercial Property,Commercial Property,way,153385786,30.271973,-97.760351,https://www.openstreetmap.org/way/153385786#map=19/30.271973/-97.760351,https://www.openstreetmap.org/?mlat=30.271973&mlon=-97.760351#map=18/30.271973/-97.760351,,Commercial Property listing in Downtown Austin.,District activation opportunities and employer/neighborhood partnerships,Not listed,,,,No public special listed in source data,No public deal listed in source data,No public event listing in source data,OpenStreetMap / Overpass,2026-02-26T22:37:02Z
Commercial Property,Commercial Property,way,153385789,30.272085,-97.760861,https://www.openstreetmap.org/way/153385789#map=19/30.272085/-97.760861,https://www.openstreetmap.org/?mlat=30.272085&mlon=-97.760861#map=18/30.272085/-97.760861,,Commercial Property listing in Downtown Austin.,District activation opportunities and employer/neighborhood partnerships,Not listed,,,,No public special listed in source data,No public deal listed in source data,No public event listing in source data,OpenStreetMap / Overpass,2026-02-26T22:37:02Z
Commercial Property,Commercial Property,way,153385792,30.272413,-97.76144,https://www.openstreetmap.org/way/153385792#map=19/30.272413/-97.761440,https://www.openstreetmap.org/?mlat=30.272413&mlon=-97.761440#map=18/30.272413/-97.761440,,Commercial Property listing in Downtown Austin.,District activation opportunities and employer/neighborhood partnerships,Not listed,,,,No public special listed in source data,No public deal listed in source data,No public event listing in source data,OpenStreetMap / Overpass,2026-02-26T22:37:02Z
Commercial Property,Commercial Property,way,187010806,30.280954,-97.75432,https://www.openstreetmap.org/way/187010806#map=19/30.280954/-97.754320,https://www.openstreetmap.org/?mlat=30.280954&mlon=-97.754320#map=18/30.280954/-97.754320,,Commercial Property listing in Downtown Austin.,District activation opportunities and employer/neighborhood partnerships,Not listed,,,,No public special listed in source data,No public deal listed in source data,No public event listing in source data,OpenStreetMap / Overpass,2026-02-26T22:37:02Z
Commercial Property,Commercial Property,way,187011441,30.27358,-97.758553,https://www.openstreetmap.org/way/187011441#map=19/30.273580/-97.758553,https://www.openstreetmap.org/?mlat=30.273580&mlon=-97.758553#map=18/30.273580/-97.758553,,Commercial Property listing in Downtown Austin.,District activation opportunities and employer/neighborhood partnerships,Not listed,,,,No public special listed in source data,No public deal listed in source data,No public event listing in source data,OpenStreetMap / Overpass,2026-02-26T22:37:02Z
Commercial Property,Commercial Property,way,187011442,30.274336,-97.753152,https://www.openstreetmap.org/way/187011442#map=19/30.274336/-97.753152,https://www.openstreetmap.org/?mlat=30.274336&mlon=-97.753152#map=18/30.274336/-97.753152,,Commercial Property listing in Downtown Austin.,District activation opportunities and employer/neighborhood partnerships,Not listed,,,,No public special listed in source data,No public deal listed in source data,No public event listing in source data,OpenStreetMap / Overpass,2026-02-26T22:37:02Z
Commercial Property,Commercial Property,way,187011687,30.272082,-97.757247,https://www.openstreetmap.org/way/187011687#map=19/30.272082/-97.757247,https://www.openstreetmap.org/?mlat=30.272082&mlon=-97.757247#map=18/30.272082/-97.757247,,Commercial Property listing in Downtown Austin.,District activation opportunities and employer/neighborhood partnerships,Not listed,,,,No public special listed in source data,No public deal listed in source data,No public event listing in source data,OpenStreetMap / Overpass,2026-02-26T22:37:02Z
Commercial Property,Commercial Property,way,187011688,30.269395,-97.754113,https://www.openstreetmap.org/way/187011688#map=19/30.269395/-97.754113,https://www.openstreetmap.org/?mlat=30.269395&mlon=-97.754113#map=18/30.269395/-97.754113,,Commercial Property listing in Downtown Austin.,District activation opportunities and employer/neighborhood partnerships,Not listed,,,,No public special listed in source data,No public deal listed in source data,No public event listing in source data,OpenStreetMap / Overpass,2026-02-26T22:37:02Z
Commercial Property,Commercial Property,way,187011693,30.269979,-97.755681,https://www.openstreetmap.org/way/187011693#map=19/30.269979/-97.755681,https://www.openstreetmap.org/?mlat=30.269979&mlon=-97.755681#map=18/30.269979/-97.755681,,Commercial Property listing in Downtown Austin.,District activation opportunities and employer/neighborhood partnerships,Not listed,,,,No public special listed in source data,No public deal listed in source data,No public event listing in source data,OpenStreetMap / Overpass,2026-02-26T22:37:02Z
Commercial Property,Commercial Property,way,187011695,30.272369,-97.752638,https://www.openstreetmap.org/way/187011695#map=19/30.272369/-97.752638,https://www.openstreetmap.org/?mlat=30.272369&mlon=-97.752638#map=18/30.272369/-97.752638,,Commercial Property listing in Downtown Austin.,District activation opportunities and employer/neighborhood partnerships,Not listed,,,,No public special listed in source data,No public deal listed in source data,No public event listing in source data,OpenStreetMap / Overpass,2026-02-26T22:37:02Z
Commercial Property,Commercial Property,way,187011696,30.273595,-97.763225,https://www.openstreetmap.org/way/187011696#map=19/30.273595/-97.763225,https://www.openstreetmap.org/?mlat=30.273595&mlon=-97.763225#map=18/30.273595/-97.763225,,Commercial Property listing in Downtown Austin.,District activation opportunities and employer/neighborhood partnerships,Not listed,,,,No public special listed in source data,No public deal listed in source data,No public event listing in source data,OpenStreetMap / Overpass,2026-02-26T22:37:02Z
Commercial Property,Commercial Property,way,187011697,30.269064,-97.75171,https://www.openstreetmap.org/way/187011697#map=19/30.269064/-97.751710,https://www.openstreetmap.org/?mlat=30.269064&mlon=-97.751710#map=18/30.269064/-97.751710,,Commercial Property listing in Downtown Austin.,District activation opportunities and employer/neighborhood partnerships,Not listed,,,,No public special listed in source data,No public deal listed in source data,No public event listing in source data,OpenStreetMap / Overpass,2026-02-26T22:37:02Z
Commercial Property,Commercial Property,way,187381176,30.282454,-97.742618,https://www.openstreetmap.org/way/187381176#map=19/30.282454/-97.742618,https://www.openstreetmap.org/?mlat=30.282454&mlon=-97.742618#map=18/30.282454/-97.742618,,Commercial Property listing in Downtown Austin.,District activation opportunities and employer/neighborhood partnerships,Not listed,,,,No public special listed in source data,No public deal listed in source data,No public event listing in source data,OpenStreetMap / Overpass,2026-02-26T22:37:02Z
Commercial Property,Commercial Property,way,187381189,30.284444,-97.742426,https://www.openstreetmap.org/way/187381189#map=19/30.284444/-97.742426,https://www.openstreetmap.org/?mlat=30.284444&mlon=-97.742426#map=18/30.284444/-97.742426,,Commercial Property listing in Downtown Austin.,District activation opportunities and employer/neighborhood partnerships,Not listed,,,,No public special listed in source data,No public deal listed in source data,No public event listing in source data,OpenStreetMap / Overpass,2026-02-26T22:37:02Z
Commercial Property,Commercial Property,way,187384743,30.281889,-97.743977,https://www.openstreetmap.org/way/187384743#map=19/30.281889/-97.743977,https://www.openstreetmap.org/?mlat=30.281889&mlon=-97.743977#map=18/30.281889/-97.743977,,Commercial Property listing in Downtown Austin.,District activation opportunities and employer/neighborhood partnerships,Not listed,,,,No public special listed in source data,No public deal listed in source data,No public event listing in source data,OpenStreetMap / Overpass,2026-02-26T22:37:02Z
Commercial Property,Commercial Property,way,187385056,30.278415,-97.742784,https://www.openstreetmap.org/way/187385056#map=19/30.278415/-97.742784,https://www.openstreetmap.org/?mlat=30.278415&mlon=-97.742784#map=18/30.278415/-97.742784,,Commercial Property listing in Downtown Austin.,District activation opportunities and employer/neighborhood partnerships,Not listed,,,,No public special listed in source data,No public deal listed in source data,No public event listing in source data,OpenStreetMap / Overpass,2026-02-26T22:37:02Z
Commercial Property,Commercial Property,way,187385057,30.279601,-97.73646,https://www.openstreetmap.org/way/187385057#map=19/30.279601/-97.736460,https://www.openstreetmap.org/?mlat=30.279601&mlon=-97.736460#map=18/30.279601/-97.736460,,Commercial Property listing in Downtown Austin.,District activation opportunities and employer/neighborhood partnerships,Not listed,,,,No public special listed in source data,No public deal listed in source data,No public event listing in source data,OpenStreetMap / Overpass,2026-02-26T22:37:02Z
Commercial Property,Commercial Property,way,187385058,30.278462,-97.73797,https://www.openstreetmap.org/way/187385058#map=19/30.278462/-97.737970,https://www.openstreetmap.org/?mlat=30.278462&mlon=-97.737970#map=18/30.278462/-97.737970,,Commercial Property listing in Downtown Austin.,District activation opportunities and employer/neighborhood partnerships,Not listed,,,,No public special listed in source data,No public deal listed in source data,No public event listing in source data,OpenStreetMap / Overpass,2026-02-26T22:37:02Z
Commercial Property,Commercial Property,way,187385060,30.278347,-97.735752,https://www.openstreetmap.org/way/187385060#map=19/30.278347/-97.735752,https://www.openstreetmap.org/?mlat=30.278347&mlon=-97.735752#map=18/30.278347/-97.735752,,Commercial Property listing in Downtown Austin.,District activation opportunities and employer/neighborhood partnerships,Not listed,,,,No public special listed in source data,No public deal listed in source data,No public event listing in source data,OpenStreetMap / Overpass,2026-02-26T22:37:02Z
Commercial Property,Commercial Property,way,187385061,30.27914,-97.740001,https://www.openstreetmap.org/way/187385061#map=19/30.279140/-97.740001,https://www.openstreetmap.org/?mlat=30.279140&mlon=-97.740001#map=18/30.279140/-97.740001,,Commercial Property listing in Downtown Austin.,District activation opportunities and employer/neighborhood partnerships,Not listed,,,,No public special listed in source data,No public deal listed in source data,No public event listing in source data,OpenStreetMap / Overpass,2026-02-26T22:37:02Z
Commercial Property,Commercial Property,way,187666483,30.276831,-97.745182,https://www.openstreetmap.org/way/187666483#map=19/30.276831/-97.745182,https://www.openstreetmap.org/?mlat=30.276831&mlon=-97.745182#map=18/30.276831/-97.745182,,Commercial Property listing in Downtown Austin.,District activation opportunities and employer/neighborhood partnerships,Not listed,,,,No public special listed in source data,No public deal listed in source data,No public event listing in source data,OpenStreetMap / Overpass,2026-02-26T22:37:02Z
Commercial Property,Commercial Property,way,187666484,30.279639,-97.745329,https://www.openstreetmap.org/way/187666484#map=19/30.279639/-97.745329,https://www.openstreetmap.org/?mlat=30.279639&mlon=-97.745329#map=18/30.279639/-97.745329,,Commercial Property listing in Downtown Austin.,District activation opportunities and employer/neighborhood partnerships,Not listed,,,,No public special listed in source data,No public deal listed in source data,No public event listing in source data,OpenStreetMap / Overpass,2026-02-26T22:37:02Z
Commercial Property,Commercial Property,way,187666485,30.267269,-97.748903,https://www.openstreetmap.org/way/187666485#map=19/30.267269/-97.748903,https://www.openstreetmap.org/?mlat=30.267269&mlon=-97.748903#map=18/30.267269/-97.748903,,Commercial Property listing in Downtown Austin.,District activation opportunities and employer/neighborhood partnerships,Not listed,,,,No public special listed in source data,No public deal listed in source data,No public event listing in source data,OpenStreetMap / Overpass,2026-02-26T22:37:02Z
Commercial Property,Commercial Property,way,187666487,30.271797,-97.747188,https://www.openstreetmap.org/way/187666487#map=19/30.271797/-97.747188,https://www.openstreetmap.org/?mlat=30.271797&mlon=-97.747188#map=18/30.271797/-97.747188,,Commercial Property listing in Downtown Austin.,District activation opportunities and employer/neighborhood partnerships,Not listed,,,,No public special listed in source data,No public deal listed in source data,No public event listing in source data,OpenStreetMap / Overpass,2026-02-26T22:37:02Z
Commercial Property,Commercial Property,way,187666490,30.274227,-97.745981,https://www.openstreetmap.org/way/187666490#map=19/30.274227/-97.745981,https://www.openstreetmap.org/?mlat=30.274227&mlon=-97.745981#map=18/30.274227/-97.745981,,Commercial Property listing in Downtown Austin.,District activation opportunities and employer/neighborhood partnerships,Not listed,,,,No public special listed in source data,No public deal listed in source data,No public event listing in source data,OpenStreetMap / Overpass,2026-02-26T22:37:02Z
Commercial Property,Commercial Property,way,187667303,30.261857,-97.737178,https://www.openstreetmap.org/way/187667303#map=19/30.261857/-97.737178,https://www.openstreetmap.org/?mlat=30.261857&mlon=-97.737178#map=18/30.261857/-97.737178,,Commercial Property listing in Downtown Austin.,District activation opportunities and employer/neighborhood partnerships,Not listed,,,,No public special listed in source data,No public deal listed in source data,No public event listing in source data,OpenStreetMap / Overpass,2026-02-26T22:37:02Z
Commercial Property,Commercial Property,way,187766496,30.257246,-97.749082,https://www.openstreetmap.org/way/187766496#map=19/30.257246/-97.749082,https://www.openstreetmap.org/?mlat=30.257246&mlon=-97.749082#map=18/30.257246/-97.749082,,Commercial Property listing in Downtown Austin.,District activation opportunities and employer/neighborhood partnerships,Not listed,,,,No public special listed in source data,No public deal listed in source data,No public event listing in source data,OpenStreetMap / Overpass,2026-02-26T22:37:02Z
Commercial Property,Commercial Property,way,187766793,30.245916,-97.757172,https://www.openstreetmap.org/way/187766793#map=19/30.245916/-97.757172,https://www.openstreetmap.org/?mlat=30.245916&mlon=-97.757172#map=18/30.245916/-97.757172,,Commercial Property listing in Downtown Austin.,District activation opportunities and employer/neighborhood partnerships,Not listed,,,,No public special listed in source data,No public deal listed in source data,No public event listing in source data,OpenStreetMap / Overpass,2026-02-26T22:37:02Z
Commercial Property,Commercial Property,way,187766795,30.246905,-97.751108,https://www.openstreetmap.org/way/187766795#map=19/30.246905/-97.751108,https://www.openstreetmap.org/?mlat=30.246905&mlon=-97.751108#map=18/30.246905/-97.751108,,Commercial Property listing in Downtown Austin.,District activation opportunities and employer/neighborhood partnerships,Not listed,,,,No public special listed in source data,No public deal listed in source data,No public event listing in source data,OpenStreetMap / Overpass,2026-02-26T22:37:02Z
Commercial Property,Commercial Property,way,187766797,30.251818,-97.74929,https://www.openstreetmap.org/way/187766797#map=19/30.251818/-97.749290,https://www.openstreetmap.org/?mlat=30.251818&mlon=-97.749290#map=18/30.251818/-97.749290,,Commercial Property listing in Downtown Austin.,District activation opportunities and employer/neighborhood partnerships,Not listed,,,,No public special listed in source data,No public deal listed in source data,No public event listing in source data,OpenStreetMap / Overpass,2026-02-26T22:37:02Z
Commercial Property,Commercial Property,way,187766952,30.258256,-97.75197,https://www.openstreetmap.org/way/187766952#map=19/30.258256/-97.751970,https://www.openstreetmap.org/?mlat=30.258256&mlon=-97.751970#map=18/30.258256/-97.751970,,Commercial Property listing in Downtown Austin.,District activation opportunities and employer/neighborhood partnerships,Not listed,,,,No public special listed in source data,No public deal listed in source data,No public event listing in source data,OpenStreetMap / Overpass,2026-02-26T22:37:02Z
Commercial Property,Commercial Property,way,188454201,30.247914,-97.761794,https://www.openstreetmap.org/way/188454201#map=19/30.247914/-97.761794,https://www.openstreetmap.org/?mlat=30.247914&mlon=-97.761794#map=18/30.247914/-97.761794,,Commercial Property listing in Downtown Austin.,District activation opportunities and employer/neighborhood partnerships,Not listed,,,,No public special listed in source data,No public deal listed in source data,No public event listing in source data,OpenStreetMap / Overpass,2026-02-26T22:37:02Z
Commercial Property,Commercial Property,way,188454202,30.244948,-97.757749,https://www.openstreetmap.org/way/188454202#map=19/30.244948/-97.757749,https://www.openstreetmap.org/?mlat=30.244948&mlon=-97.757749#map=18/30.244948/-97.757749,,Commercial Property listing in Downtown Austin.,District activation opportunities and employer/neighborhood partnerships,Not listed,,,,No public special listed in source data,No public deal listed in source data,No public event listing in source data,OpenStreetMap / Overpass,2026-02-26T22:37:02Z
Commercial Property,Commercial Property,way,188454212,30.243486,-97.758738,https://www.openstreetmap.org/way/188454212#map=19/30.243486/-97.758738,https://www.openstreetmap.org/?mlat=30.243486&mlon=-97.758738#map=18/30.243486/-97.758738,,Commercial Property listing in Downtown Austin.,District activation opportunities and employer/neighborhood partnerships,Not listed,,,,No public special listed in source data,No public deal listed in source data,No public event listing in source data,OpenStreetMap / Overpass,2026-02-26T22:37:02Z
Commercial Property,Commercial Property,way,188454518,30.255439,-97.745721,https://www.openstreetmap.org/way/188454518#map=19/30.255439/-97.745721,https://www.openstreetmap.org/?mlat=30.255439&mlon=-97.745721#map=18/30.255439/-97.745721,,Commercial Property listing in Downtown Austin.,District activation opportunities and employer/neighborhood partnerships,Not listed,,,,No public special listed in source data,No public deal listed in source data,No public event listing in source data,OpenStreetMap / Overpass,2026-02-26T22:37:02Z
Commercial Property,Commercial Property,way,188586758,30.252453,-97.747018,https://www.openstreetmap.org/way/188586758#map=19/30.252453/-97.747018,https://www.openstreetmap.org/?mlat=30.252453&mlon=-97.747018#map=18/30.252453/-97.747018,,Commercial Property listing in Downtown Austin.,District activation opportunities and employer/neighborhood partnerships,Not listed,,,,No public special listed in source data,No public deal listed in source data,No public event listing in source data,OpenStreetMap / Overpass,2026-02-26T22:37:02Z
Commercial Property,Commercial Property,way,188586762,30.250364,-97.749092,https://www.openstreetmap.org/way/188586762#map=19/30.250364/-97.749092,https://www.openstreetmap.org/?mlat=30.250364&mlon=-97.749092#map=18/30.250364/-97.749092,,Commercial Property listing in Downtown Austin.,District activation opportunities and employer/neighborhood partnerships,Not listed,,,,No public special listed in source data,No public deal listed in source data,No public event listing in source data,OpenStreetMap / Overpass,2026-02-26T22:37:02Z
Commercial Property,Commercial Property,way,188586763,30.252844,-97.748072,https://www.openstreetmap.org/way/188586763#map=19/30.252844/-97.748072,https://www.openstreetmap.org/?mlat=30.252844&mlon=-97.748072#map=18/30.252844/-97.748072,,Commercial Property listing in Downtown Austin.,District activation opportunities and employer/neighborhood partnerships,Not listed,,,,No public special listed in source data,No public deal listed in source data,No public event listing in source data,OpenStreetMap / Overpass,2026-02-26T22:37:02Z
Commercial Property,Commercial Property,way,188586770,30.249061,-97.749473,https://www.openstreetmap.org/way/188586770#map=19/30.249061/-97.749473,https://www.openstreetmap.org/?mlat=30.249061&mlon=-97.749473#map=18/30.249061/-97.749473,,Commercial Property listing in Downtown Austin.,District activation opportunities and employer/neighborhood partnerships,Not listed,,,,No public special listed in source data,No public deal listed in source data,No public event listing in source data,OpenStreetMap / Overpass,2026-02-26T22:37:02Z
Commercial Property,Commercial Property,way,188587072,30.246007,-97.750603,https://www.openstreetmap.org/way/188587072#map=19/30.246007/-97.750603,https://www.openstreetmap.org/?mlat=30.246007&mlon=-97.750603#map=18/30.246007/-97.750603,,Commercial Property listing in Downtown Austin.,District activation opportunities and employer/neighborhood partnerships,Not listed,,,,No public special listed in source data,No public deal listed in source data,No public event listing in source data,OpenStreetMap / Overpass,2026-02-26T22:37:02Z
Commercial Property,Commercial Property,way,202425092,30.252539,-97.76304,https://www.openstreetmap.org/way/202425092#map=19/30.252539/-97.763040,https://www.openstreetmap.org/?mlat=30.252539&mlon=-97.763040#map=18/30.252539/-97.763040,,Commercial Property listing in Downtown Austin.,District activation opportunities and employer/neighborhood partnerships,Not listed,,,,No public special listed in source data,No public deal listed in source data,No public event listing in source data,OpenStreetMap / Overpass,2026-02-26T22:37:02Z
Commercial Property,Commercial Property,way,231123157,30.266462,-97.745532,https://www.openstreetmap.org/way/231123157#map=19/30.266462/-97.745532,https://www.openstreetmap.org/?mlat=30.266462&mlon=-97.745532#map=18/30.266462/-97.745532,,Commercial Property listing in Downtown Austin.,District activation opportunities and employer/neighborhood partnerships,Not listed,,,,No public special listed in source data,No public deal listed in source data,No public event listing in source data,OpenStreetMap / Overpass,2026-02-26T22:37:02Z
Commercial Property,Commercial Property,way,259089523,30.263859,-97.763217,https://www.openstreetmap.org/way/259089523#map=19/30.263859/-97.763217,https://www.openstreetmap.org/?mlat=30.263859&mlon=-97.763217#map=18/30.263859/-97.763217,,Commercial Property listing in Downtown Austin.,District activation opportunities and employer/neighborhood partnerships,Not listed,,,,No public special listed in source data,No public deal listed in source data,No public event listing in source data,OpenStreetMap / Overpass,2026-02-26T22:37:02Z
Commercial Property,Commercial Property,way,312337825,30.25032,-97.749036,https://www.openstreetmap.org/way/312337825#map=19/30.250320/-97.749036,https://www.openstreetmap.org/?mlat=30.250320&mlon=-97.749036#map=18/30.250320/-97.749036,,Commercial Property listing in Downtown Austin.,District activation opportunities and employer/neighborhood partnerships,Not listed,,,,No public special listed in source data,No public deal listed in source data,No public event listing in source data,OpenStreetMap / Overpass,2026-02-26T22:37:02Z
Commercial Property,Commercial Property,way,328631283,30.267091,-97.745619,https://www.openstreetmap.org/way/328631283#map=19/30.267091/-97.745619,https://www.openstreetmap.org/?mlat=30.267091&mlon=-97.745619#map=18/30.267091/-97.745619,,Commercial Property listing in Downtown Austin.,District activation opportunities and employer/neighborhood partnerships,Not listed,,,,No public special listed in source data,No public deal listed in source data,No public event listing in source data,OpenStreetMap / Overpass,2026-02-26T22:37:02Z
Commercial Property,Commercial Property,way,379166126,30.263909,-97.737901,https://www.openstreetmap.org/way/379166126#map=19/30.263909/-97.737901,https://www.openstreetmap.org/?mlat=30.263909&mlon=-97.737901#map=18/30.263909/-97.737901,,Commercial Property listing in Downtown Austin.,District activation opportunities and employer/neighborhood partnerships,Not listed,,,,No public special listed in source data,No public deal listed in source data,No public event listing in source data,OpenStreetMap / Overpass,2026-02-26T22:37:02Z
Commercial Property,Commercial Property,way,379221712,30.259097,-97.738471,https://www.openstreetmap.org/way/379221712#map=19/30.259097/-97.738471,https://www.openstreetmap.org/?mlat=30.259097&mlon=-97.738471#map=18/30.259097/-97.738471,,Commercial Property listing in Downtown Austin.,District activation opportunities and employer/neighborhood partnerships,Not listed,,,,No public special listed in source data,No public deal listed in source data,No public event listing in source data,OpenStreetMap / Overpass,2026-02-26T22:37:02Z
Commercial Property,Commercial Property,way,382455277,30.259621,-97.754742,https://www.openstreetmap.org/way/382455277#map=19/30.259621/-97.754742,https://www.openstreetmap.org/?mlat=30.259621&mlon=-97.754742#map=18/30.259621/-97.754742,,Commercial Property listing in Downtown Austin.,District activation opportunities and employer/neighborhood partnerships,Not listed,,,,No public special listed in source data,No public deal listed in source data,No public event listing in source data,OpenStreetMap / Overpass,2026-02-26T22:37:02Z
Commercial Property,Commercial Property,way,383353420,30.262248,-97.761473,https://www.openstreetmap.org/way/383353420#map=19/30.262248/-97.761473,https://www.openstreetmap.org/?mlat=30.262248&mlon=-97.761473#map=18/30.262248/-97.761473,,Commercial Property listing in Downtown Austin.,District activation opportunities and employer/neighborhood partnerships,Not listed,,,,No public special listed in source data,No public deal listed in source data,No public event listing in source data,OpenStreetMap / Overpass,2026-02-26T22:37:02Z
Commercial Property,Commercial Property,way,383353533,30.261789,-97.760342,https://www.openstreetmap.org/way/383353533#map=19/30.261789/-97.760342,https://www.openstreetmap.org/?mlat=30.261789&mlon=-97.760342#map=18/30.261789/-97.760342,,Commercial Property listing in Downtown Austin.,District activation opportunities and employer/neighborhood partnerships,Not listed,,,,No public special listed in source data,No public deal listed in source data,No public event listing in source data,OpenStreetMap / Overpass,2026-02-26T22:37:02Z
Commercial Property,Commercial Property,way,383355295,30.254173,-97.763127,https://www.openstreetmap.org/way/383355295#map=19/30.254173/-97.763127,https://www.openstreetmap.org/?mlat=30.254173&mlon=-97.763127#map=18/30.254173/-97.763127,,Commercial Property listing in Downtown Austin.,District activation opportunities and employer/neighborhood partnerships,Not listed,,,,No public special listed in source data,No public deal listed in source data,No public event listing in source data,OpenStreetMap / Overpass,2026-02-26T22:37:02Z
Commercial Property,Commercial Property,way,383379324,30.244471,-97.751959,https://www.openstreetmap.org/way/383379324#map=19/30.244471/-97.751959,https://www.openstreetmap.org/?mlat=30.244471&mlon=-97.751959#map=18/30.244471/-97.751959,,Commercial Property listing in Downtown Austin.,District activation opportunities and employer/neighborhood partnerships,Not listed,,,,No public special listed in source data,No public deal listed in source data,No public event listing in source data,OpenStreetMap / Overpass,2026-02-26T22:37:02Z
Commercial Property,Commercial Property,way,763194361,30.265042,-97.733258,https://www.openstreetmap.org/way/763194361#map=19/30.265042/-97.733258,https://www.openstreetmap.org/?mlat=30.265042&mlon=-97.733258#map=18/30.265042/-97.733258,,Commercial Property listing in Downtown Austin.,District activation opportunities and employer/neighborhood partnerships,Not listed,,,,No public special listed in source data,No public deal listed in source data,No public event listing in source data,OpenStreetMap / Overpass,2026-02-26T22:37:02Z
Commercial Property,Commercial Property,way,906706477,30.246071,-97.731083,https://www.openstreetmap.org/way/906706477#map=19/30.246071/-97.731083,https://www.openstreetmap.org/?mlat=30.246071&mlon=-97.731083#map=18/30.246071/-97.731083,,Commercial Property listing in Downtown Austin.,District activation opportunities and employer/neighborhood partnerships,Not listed,,,,No public special listed in source data,No public deal listed in source data,No public event listing in source data,OpenStreetMap / Overpass,2026-02-26T22:37:02Z
Commercial Property,Commercial Property,way,913019899,30.254136,-97.747585,https://www.openstreetmap.org/way/913019899#map=19/30.254136/-97.747585,https://www.openstreetmap.org/?mlat=30.254136&mlon=-97.747585#map=18/30.254136/-97.747585,,Commercial Property listing in Downtown Austin.,District activation opportunities and employer/neighborhood partnerships,Not listed,,,,No public special listed in source data,No public deal listed in source data,No public event listing in source data,OpenStreetMap / Overpass,2026-02-26T22:37:02Z
Commercial Property,Commercial Property,way,1009307673,30.253983,-97.736016,https://www.openstreetmap.org/way/1009307673#map=19/30.253983/-97.736016,https://www.openstreetmap.org/?mlat=30.253983&mlon=-97.736016#map=18/30.253983/-97.736016,,Commercial Property listing in Downtown Austin.,District activation opportunities and employer/neighborhood partnerships,Not listed,,,,No public special listed in source data,No public deal listed in source data,No public event listing in source data,OpenStreetMap / Overpass,2026-02-26T22:37:02Z
Commercial Property,Commercial Property,way,1009314549,30.266746,-97.733415,https://www.openstreetmap.org/way/1009314549#map=19/30.266746/-97.733415,https://www.openstreetmap.org/?mlat=30.266746&mlon=-97.733415#map=18/30.266746/-97.733415,,Commercial Property listing in Downtown Austin.,District activation opportunities and employer/neighborhood partnerships,Not listed,,,,No public special listed in source data,No public deal listed in source data,No public event listing in source data,OpenStreetMap / Overpass,2026-02-26T22:37:02Z
Commercial Property,Commercial Property,way,1009314550,30.265994,-97.733678,https://www.openstreetmap.org/way/1009314550#map=19/30.265994/-97.733678,https://www.openstreetmap.org/?mlat=30.265994&mlon=-97.733678#map=18/30.265994/-97.733678,,Commercial Property listing in Downtown Austin.,District activation opportunities and employer/neighborhood partnerships,Not listed,,,,No public special listed in source data,No public deal listed in source data,No public event listing in source data,OpenStreetMap / Overpass,2026-02-26T22:37:02Z
Commercial Property,Commercial Property,way,1020979628,30.266467,-97.745208,https://www.openstreetmap.org/way/1020979628#map=19/30.266467/-97.745208,https://www.openstreetmap.org/?mlat=30.266467&mlon=-97.745208#map=18/30.266467/-97.745208,,Commercial Property listing in Downtown Austin.,District activation opportunities and employer/neighborhood partnerships,Not listed,,,,No public special listed in source data,No public deal listed in source data,No public event listing in source data,OpenStreetMap / Overpass,2026-02-26T22:37:02Z
Commercial Property,Commercial Property,way,1021167043,30.265782,-97.743959,https://www.openstreetmap.org/way/1021167043#map=19/30.265782/-97.743959,https://www.openstreetmap.org/?mlat=30.265782&mlon=-97.743959#map=18/30.265782/-97.743959,,Commercial Property listing in Downtown Austin.,District activation opportunities and employer/neighborhood partnerships,Not listed,,,,No public special listed in source data,No public deal listed in source data,No public event listing in source data,OpenStreetMap / Overpass,2026-02-26T22:37:02Z
Commercial Property,Commercial Property,way,1024600250,30.253674,-97.763488,https://www.openstreetmap.org/way/1024600250#map=19/30.253674/-97.763488,https://www.openstreetmap.org/?mlat=30.253674&mlon=-97.763488#map=18/30.253674/-97.763488,,Commercial Property listing in Downtown Austin.,District activation opportunities and employer/neighborhood partnerships,Not listed,,,,No public special listed in source data,No public deal listed in source data,No public event listing in source data,OpenStreetMap / Overpass,2026-02-26T22:37:02Z
Commercial Property,Commercial Property,way,1024600253,30.254051,-97.763165,https://www.openstreetmap.org/way/1024600253#map=19/30.254051/-97.763165,https://www.openstreetmap.org/?mlat=30.254051&mlon=-97.763165#map=18/30.254051/-97.763165,,Commercial Property listing in Downtown Austin.,District activation opportunities and employer/neighborhood partnerships,Not listed,,,,No public special listed in source data,No public deal listed in source data,No public event listing in source data,OpenStreetMap / Overpass,2026-02-26T22:37:02Z
Commercial Property,Commercial Property,way,1024600254,30.25196,-97.763887,https://www.openstreetmap.org/way/1024600254#map=19/30.251960/-97.763887,https://www.openstreetmap.org/?mlat=30.251960&mlon=-97.763887#map=18/30.251960/-97.763887,,Commercial Property listing in Downtown Austin.,District activation opportunities and employer/neighborhood partnerships,Not listed,,,,No public special listed in source data,No public deal listed in source data,No public event listing in source data,OpenStreetMap / Overpass,2026-02-26T22:37:02Z
Commercial Property,Commercial Property,way,1024600257,30.254514,-97.762081,https://www.openstreetmap.org/way/1024600257#map=19/30.254514/-97.762081,https://www.openstreetmap.org/?mlat=30.254514&mlon=-97.762081#map=18/30.254514/-97.762081,,Commercial Property listing in Downtown Austin.,District activation opportunities and employer/neighborhood partnerships,Not listed,,,,No public special listed in source data,No public deal listed in source data,No public event listing in source data,OpenStreetMap / Overpass,2026-02-26T22:37:02Z
Commercial Property,Commercial Property,way,1024606820,30.265308,-97.762861,https://www.openstreetmap.org/way/1024606820#map=19/30.265308/-97.762861,https://www.openstreetmap.org/?mlat=30.265308&mlon=-97.762861#map=18/30.265308/-97.762861,,Commercial Property listing in Downtown Austin.,District activation opportunities and employer/neighborhood partnerships,Not listed,,,,No public special listed in source data,No public deal listed in source data,No public event listing in source data,OpenStreetMap / Overpass,2026-02-26T22:37:02Z
Commercial Property,Commercial Property,way,1131543418,30.281485,-97.742317,https://www.openstreetmap.org/way/1131543418#map=19/30.281485/-97.742317,https://www.openstreetmap.org/?mlat=30.281485&mlon=-97.742317#map=18/30.281485/-97.742317,,Commercial Property listing in Downtown Austin.,District activation opportunities and employer/neighborhood partnerships,Not listed,,,,No public special listed in source data,No public deal listed in source data,No public event listing in source data,OpenStreetMap / Overpass,2026-02-26T22:37:02Z
Commercial Property,Commercial Property,way,1131543742,30.262743,-97.743992,https://www.openstreetmap.org/way/1131543742#map=19/30.262743/-97.743992,https://www.openstreetmap.org/?mlat=30.262743&mlon=-97.743992#map=18/30.262743/-97.743992,,Commercial Property listing in Downtown Austin.,District activation opportunities and employer/neighborhood partnerships,Not listed,,,,No public special listed in source data,No public deal listed in source data,No public event listing in source data,OpenStreetMap / Overpass,2026-02-26T22:37:02Z
Commercial Property,Commercial Property,way,1131543743,30.261858,-97.74226,https://www.openstreetmap.org/way/1131543743#map=19/30.261858/-97.742260,https://www.openstreetmap.org/?mlat=30.261858&mlon=-97.742260#map=18/30.261858/-97.742260,,Commercial Property listing in Downtown Austin.,District activation opportunities and employer/neighborhood partnerships,Not listed,,,,No public special listed in source data,No public deal listed in source data,No public event listing in source data,OpenStreetMap / Overpass,2026-02-26T22:37:02Z
Commercial Property,Commercial Property,way,1131543744,30.261017,-97.737308,https://www.openstreetmap.org/way/1131543744#map=19/30.261017/-97.737308,https://www.openstreetmap.org/?mlat=30.261017&mlon=-97.737308#map=18/30.261017/-97.737308,,Commercial Property listing in Downtown Austin.,District activation opportunities and employer/neighborhood partnerships,Not listed,,,,No public special listed in source data,No public deal listed in source data,No public event listing in source data,OpenStreetMap / Overpass,2026-02-26T22:37:02Z
Commercial Property,Commercial Property,way,1131543764,30.260341,-97.747311,https://www.openstreetmap.org/way/1131543764#map=19/30.260341/-97.747311,https://www.openstreetmap.org/?mlat=30.260341&mlon=-97.747311#map=18/30.260341/-97.747311,,Commercial Property listing in Downtown Austin.,District activation opportunities and employer/neighborhood partnerships,Not listed,,,,No public special listed in source data,No public deal listed in source data,No public event listing in source data,OpenStreetMap / Overpass,2026-02-26T22:37:02Z
Commercial Property,Commercial Property,way,1131543864,30.259829,-97.755118,https://www.openstreetmap.org/way/1131543864#map=19/30.259829/-97.755118,https://www.openstreetmap.org/?mlat=30.259829&mlon=-97.755118#map=18/30.259829/-97.755118,,Commercial Property listing in Downtown Austin.,District activation opportunities and employer/neighborhood partnerships,Not listed,,,,No public special listed in source data,No public deal listed in source data,No public event listing in source data,OpenStreetMap / Overpass,2026-02-26T22:37:02Z
Commercial Property,Commercial Property,way,1131543937,30.263182,-97.726291,https://www.openstreetmap.org/way/1131543937#map=19/30.263182/-97.726291,https://www.openstreetmap.org/?mlat=30.263182&mlon=-97.726291#map=18/30.263182/-97.726291,,Commercial Property listing in Downtown Austin.,District activation opportunities and employer/neighborhood partnerships,Not listed,,,,No public special listed in source data,No public deal listed in source data,No public event listing in source data,OpenStreetMap / Overpass,2026-02-26T22:37:02Z
Commercial Property,Commercial Property,way,1131545083,30.276262,-97.751017,https://www.openstreetmap.org/way/1131545083#map=19/30.276262/-97.751017,https://www.openstreetmap.org/?mlat=30.276262&mlon=-97.751017#map=18/30.276262/-97.751017,,Commercial Property listing in Downtown Austin.,District activation opportunities and employer/neighborhood partnerships,Not listed,,,,No public special listed in source data,No public deal listed in source data,No public event listing in source data,OpenStreetMap / Overpass,2026-02-26T22:37:02Z
Commercial Property,Commercial Property,way,1131545084,30.275573,-97.751587,https://www.openstreetmap.org/way/1131545084#map=19/30.275573/-97.751587,https://www.openstreetmap.org/?mlat=30.275573&mlon=-97.751587#map=18/30.275573/-97.751587,,Commercial Property listing in Downtown Austin.,District activation opportunities and employer/neighborhood partnerships,Not listed,,,,No public special listed in source data,No public deal listed in source data,No public event listing in source data,OpenStreetMap / Overpass,2026-02-26T22:37:02Z
Commercial Property,Commercial Property,way,1131545085,30.275147,-97.751753,https://www.openstreetmap.org/way/1131545085#map=19/30.275147/-97.751753,https://www.openstreetmap.org/?mlat=30.275147&mlon=-97.751753#map=18/30.275147/-97.751753,,Commercial Property listing in Downtown Austin.,District activation opportunities and employer/neighborhood partnerships,Not listed,,,,No public special listed in source data,No public deal listed in source data,No public event listing in source data,OpenStreetMap / Overpass,2026-02-26T22:37:02Z
Commercial Property,Commercial Property,way,1131545086,30.274427,-97.752182,https://www.openstreetmap.org/way/1131545086#map=19/30.274427/-97.752182,https://www.openstreetmap.org/?mlat=30.274427&mlon=-97.752182#map=18/30.274427/-97.752182,,Commercial Property listing in Downtown Austin.,District activation opportunities and employer/neighborhood partnerships,Not listed,,,,No public special listed in source data,No public deal listed in source data,No public event listing in source data,OpenStreetMap / Overpass,2026-02-26T22:37:02Z
Commercial Property,Commercial Property,way,1131545087,30.273656,-97.749872,https://www.openstreetmap.org/way/1131545087#map=19/30.273656/-97.749872,https://www.openstreetmap.org/?mlat=30.273656&mlon=-97.749872#map=18/30.273656/-97.749872,,Commercial Property listing in Downtown Austin.,District activation opportunities and employer/neighborhood partnerships,Not listed,,,,No public special listed in source data,No public deal listed in source data,No public event listing in source data,OpenStreetMap / Overpass,2026-02-26T22:37:02Z
Commercial Property,Commercial Property,way,1131545088,30.274775,-97.750133,https://www.openstreetmap.org/way/1131545088#map=19/30.274775/-97.750133,https://www.openstreetmap.org/?mlat=30.274775&mlon=-97.750133#map=18/30.274775/-97.750133,,Commercial Property listing in Downtown Austin.,District activation opportunities and employer/neighborhood partnerships,Not listed,,,,No public special listed in source data,No public deal listed in source data,No public event listing in source data,OpenStreetMap / Overpass,2026-02-26T22:37:02Z
Commercial Property,Commercial Property,way,1131545089,30.274327,-97.748518,https://www.openstreetmap.org/way/1131545089#map=19/30.274327/-97.748518,https://www.openstreetmap.org/?mlat=30.274327&mlon=-97.748518#map=18/30.274327/-97.748518,,Commercial Property listing in Downtown Austin.,District activation opportunities and employer/neighborhood partnerships,Not listed,,,,No public special listed in source data,No public deal listed in source data,No public event listing in source data,OpenStreetMap / Overpass,2026-02-26T22:37:02Z
Commercial Property,Commercial Property,way,1131545090,30.27338,-97.748849,https://www.openstreetmap.org/way/1131545090#map=19/30.273380/-97.748849,https://www.openstreetmap.org/?mlat=30.273380&mlon=-97.748849#map=18/30.273380/-97.748849,,Commercial Property listing in Downtown Austin.,District activation opportunities and employer/neighborhood partnerships,Not listed,,,,No public special listed in source data,No public deal listed in source data,No public event listing in source data,OpenStreetMap / Overpass,2026-02-26T22:37:02Z
Commercial Property,Commercial Property,way,1131545091,30.272451,-97.749194,https://www.openstreetmap.org/way/1131545091#map=19/30.272451/-97.749194,https://www.openstreetmap.org/?mlat=30.272451&mlon=-97.749194#map=18/30.272451/-97.749194,,Commercial Property listing in Downtown Austin.,District activation opportunities and employer/neighborhood partnerships,Not listed,,,,No public special listed in source data,No public deal listed in source data,No public event listing in source data,OpenStreetMap / Overpass,2026-02-26T22:37:02Z
Commercial Property,Commercial Property,way,1131545092,30.271505,-97.749467,https://www.openstreetmap.org/way/1131545092#map=19/30.271505/-97.749467,https://www.openstreetmap.org/?mlat=30.271505&mlon=-97.749467#map=18/30.271505/-97.749467,,Commercial Property listing in Downtown Austin.,District activation opportunities and employer/neighborhood partnerships,Not listed,,,,No public special listed in source data,No public deal listed in source data,No public event listing in source data,OpenStreetMap / Overpass,2026-02-26T22:37:02Z
Commercial Property,Commercial Property,way,1131545093,30.271744,-97.750492,https://www.openstreetmap.org/way/1131545093#map=19/30.271744/-97.750492,https://www.openstreetmap.org/?mlat=30.271744&mlon=-97.750492#map=18/30.271744/-97.750492,,Commercial Property listing in Downtown Austin.,District activation opportunities and employer/neighborhood partnerships,Not listed,,,,No public special listed in source data,No public deal listed in source data,No public event listing in source data,OpenStreetMap / Overpass,2026-02-26T22:37:02Z
Commercial Property,Commercial Property,way,1134169124,30.265916,-97.73814,https://www.openstreetmap.org/way/1134169124#map=19/30.265916/-97.738140,https://www.openstreetmap.org/?mlat=30.265916&mlon=-97.738140#map=18/30.265916/-97.738140,,Commercial Property listing in Downtown Austin.,District activation opportunities and employer/neighborhood partnerships,Not listed,,,,No public special listed in source data,No public deal listed in source data,No public event listing in source data,OpenStreetMap / Overpass,2026-02-26T22:37:02Z
Commercial Property,Commercial Property,way,1141568620,30.261268,-97.72679,https://www.openstreetmap.org/way/1141568620#map=19/30.261268/-97.726790,https://www.openstreetmap.org/?mlat=30.261268&mlon=-97.726790#map=18/30.261268/-97.726790,,Commercial Property listing in Downtown Austin.,District activation opportunities and employer/neighborhood partnerships,Not listed,,,,No public special listed in source data,No public deal listed in source data,No public event listing in source data,OpenStreetMap / Overpass,2026-02-26T22:37:02Z
Commercial Property,Commercial Property,way,1226731587,30.269428,-97.729226,https://www.openstreetmap.org/way/1226731587#map=19/30.269428/-97.729226,https://www.openstreetmap.org/?mlat=30.269428&mlon=-97.729226#map=18/30.269428/-97.729226,,Commercial Property listing in Downtown Austin.,District activation opportunities and employer/neighborhood partnerships,Not listed,,,,No public special listed in source data,No public deal listed in source data,No public event listing in source data,OpenStreetMap / Overpass,2026-02-26T22:37:02Z
Commercial Property,Commercial Property,way,1226731588,30.268724,-97.728638,https://www.openstreetmap.org/way/1226731588#map=19/30.268724/-97.728638,https://www.openstreetmap.org/?mlat=30.268724&mlon=-97.728638#map=18/30.268724/-97.728638,,Commercial Property listing in Downtown Austin.,District activation opportunities and employer/neighborhood partnerships,Not listed,,,,No public special listed in source data,No public deal listed in source data,No public event listing in source data,OpenStreetMap / Overpass,2026-02-26T22:37:02Z
Commercial Property,Commercial Property,way,1226731589,30.268484,-97.725396,https://www.openstreetmap.org/way/1226731589#map=19/30.268484/-97.725396,https://www.openstreetmap.org/?mlat=30.268484&mlon=-97.725396#map=18/30.268484/-97.725396,,Commercial Property listing in Downtown Austin.,District activation opportunities and employer/neighborhood partnerships,Not listed,,,,No public special listed in source data,No public deal listed in source data,No public event listing in source data,OpenStreetMap / Overpass,2026-02-26T22:37:02Z
Commercial Property,Commercial Property,way,1244655289,30.26416,-97.728044,https://www.openstreetmap.org/way/1244655289#map=19/30.264160/-97.728044,https://www.openstreetmap.org/?mlat=30.264160&mlon=-97.728044#map=18/30.264160/-97.728044,,Commercial Property listing in Downtown Austin.,District activation opportunities and employer/neighborhood partnerships,Not listed,,,,No public special listed in source data,No public deal listed in source data,No public event listing in source data,OpenStreetMap / Overpass,2026-02-26T22:37:02Z
Commercial Property,Commercial Property,way,1244655309,30.259685,-97.727496,https://www.openstreetmap.org/way/1244655309#map=19/30.259685/-97.727496,https://www.openstreetmap.org/?mlat=30.259685&mlon=-97.727496#map=18/30.259685/-97.727496,,Commercial Property listing in Downtown Austin.,District activation opportunities and employer/neighborhood partnerships,Not listed,,,,No public special listed in source data,No public deal listed in source data,No public event listing in source data,OpenStreetMap / Overpass,2026-02-26T22:37:02Z
Commercial Property,Commercial Property,way,1264562643,30.258469,-97.744576,https://www.openstreetmap.org/way/1264562643#map=19/30.258469/-97.744576,https://www.openstreetmap.org/?mlat=30.258469&mlon=-97.744576#map=18/30.258469/-97.744576,,Commercial Property listing in Downtown Austin.,District activation opportunities and employer/neighborhood partnerships,Not listed,,,,No public special listed in source data,No public deal listed in source data,No public event listing in source data,OpenStreetMap / Overpass,2026-02-26T22:37:02Z
Commercial Property,Commercial Property,way,1265170836,30.264428,-97.761584,https://www.openstreetmap.org/way/1265170836#map=19/30.264428/-97.761584,https://www.openstreetmap.org/?mlat=30.264428&mlon=-97.761584#map=18/30.264428/-97.761584,,Commercial Property listing in Downtown Austin.,District activation opportunities and employer/neighborhood partnerships,Not listed,,,,No public special listed in source data,No public deal listed in source data,No public event listing in source data,OpenStreetMap / Overpass,2026-02-26T22:37:02Z
Commercial Property,Commercial Property,way,1265170837,30.264126,-97.761179,https://www.openstreetmap.org/way/1265170837#map=19/30.264126/-97.761179,https://www.openstreetmap.org/?mlat=30.264126&mlon=-97.761179#map=18/30.264126/-97.761179,,Commercial Property listing in Downtown Austin.,District activation opportunities and employer/neighborhood partnerships,Not listed,,,,No public special listed in source data,No public deal listed in source data,No public event listing in source data,OpenStreetMap / Overpass,2026-02-26T22:37:02Z
Commercial Property,Commercial Property,way,1265170838,30.263151,-97.762376,https://www.openstreetmap.org/way/1265170838#map=19/30.263151/-97.762376,https://www.openstreetmap.org/?mlat=30.263151&mlon=-97.762376#map=18/30.263151/-97.762376,,Commercial Property listing in Downtown Austin.,District activation opportunities and employer/neighborhood partnerships,Not listed,,,,No public special listed in source data,No public deal listed in source data,No public event listing in source data,OpenStreetMap / Overpass,2026-02-26T22:37:02Z
Commercial Property,Commercial Property,way,1265170839,30.262278,-97.761385,https://www.openstreetmap.org/way/1265170839#map=19/30.262278/-97.761385,https://www.openstreetmap.org/?mlat=30.262278&mlon=-97.761385#map=18/30.262278/-97.761385,,Commercial Property listing in Downtown Austin.,District activation opportunities and employer/neighborhood partnerships,Not listed,,,,No public special listed in source data,No public deal listed in source data,No public event listing in source data,OpenStreetMap / Overpass,2026-02-26T22:37:02Z
Commercial Property,Commercial Property,way,1266595983,30.250557,-97.749752,https://www.openstreetmap.org/way/1266595983#map=19/30.250557/-97.749752,https://www.openstreetmap.org/?mlat=30.250557&mlon=-97.749752#map=18/30.250557/-97.749752,,Commercial Property listing in Downtown Austin.,District activation opportunities and employer/neighborhood partnerships,Not listed,,,,No public special listed in source data,No public deal listed in source data,No public event listing in source data,OpenStreetMap / Overpass,2026-02-26T22:37:02Z
Commercial Property,Commercial Property,way,1266595984,30.251118,-97.749548,https://www.openstreetmap.org/way/1266595984#map=19/30.251118/-97.749548,https://www.openstreetmap.org/?mlat=30.251118&mlon=-97.749548#map=18/30.251118/-97.749548,,Commercial Property listing in Downtown Austin.,District activation opportunities and employer/neighborhood partnerships,Not listed,,,,No public special listed in source data,No public deal listed in source data,No public event listing in source data,OpenStreetMap / Overpass,2026-02-26T22:37:02Z
Commercial Property,Commercial Property,way,1268794340,30.247402,-97.750109,https://www.openstreetmap.org/way/1268794340#map=19/30.247402/-97.750109,https://www.openstreetmap.org/?mlat=30.247402&mlon=-97.750109#map=18/30.247402/-97.750109,,Commercial Property listing in Downtown Austin.,District activation opportunities and employer/neighborhood partnerships,Not listed,,,,No public special listed in source data,No public deal listed in source data,No public event listing in source data,OpenStreetMap / Overpass,2026-02-26T22:37:02Z
Commercial Property,Commercial Property,way,1316018675,30.272278,-97.731058,https://www.openstreetmap.org/way/1316018675#map=19/30.272278/-97.731058,https://www.openstreetmap.org/?mlat=30.272278&mlon=-97.731058#map=18/30.272278/-97.731058,,Commercial Property listing in Downtown Austin.,District activation opportunities and employer/neighborhood partnerships,Not listed,,,,No public special listed in source data,No public deal listed in source data,No public event listing in source data,OpenStreetMap / Overpass,2026-02-26T22:37:02Z
Commercial Property,Commercial Property,way,1467789791,30.25519,-97.730477,https://www.openstreetmap.org/way/1467789791#map=19/30.255190/-97.730477,https://www.openstreetmap.org/?mlat=30.255190&mlon=-97.730477#map=18/30.255190/-97.730477,,Commercial Property listing in Downtown Austin.,District activation opportunities and employer/neighborhood partnerships,Not listed,,,,No public special listed in source data,No public deal listed in source data,No public event listing in source data,OpenStreetMap / Overpass,2026-02-26T22:37:02Z
Commercial Property,Commercial Property,way,1468492394,30.246904,-97.756458,https://www.openstreetmap.org/way/1468492394#map=19/30.246904/-97.756458,https://www.openstreetmap.org/?mlat=30.246904&mlon=-97.756458#map=18/30.246904/-97.756458,,Commercial Property listing in Downtown Austin.,District activation opportunities and employer/neighborhood partnerships,Not listed,,,,No public special listed in source data,No public deal listed in source data,No public event listing in source data,OpenStreetMap / Overpass,2026-02-26T22:37:02Z
Commercial Property Congress Avenue 607,Commercial Property,way,516286387,30.268278,-97.742366,https://www.openstreetmap.org/way/516286387#map=19/30.268278/-97.742366,https://www.openstreetmap.org/?mlat=30.268278&mlon=-97.742366#map=18/30.268278/-97.742366,"607, Congress Avenue, Austin, TX, 78701",Commercial Property listing in Downtown Austin.,District activation opportunities and employer/neighborhood partnerships,Not listed,,,,No public special listed in source data,No public deal listed in source data,No public event listing in source data,OpenStreetMap / Overpass,2026-02-26T22:37:02Z
Commercial Property East 4th Street 1508,Commercial Property,way,379194281,30.261591,-97.727613,https://www.openstreetmap.org/way/379194281#map=19/30.261591/-97.727613,https://www.openstreetmap.org/?mlat=30.261591&mlon=-97.727613#map=18/30.261591/-97.727613,"1508, East 4th Street",Commercial Property listing in Downtown Austin.,District activation opportunities and employer/neighborhood partnerships,Not listed,,,,No public special listed in source data,No public deal listed in source data,No public event listing in source data,OpenStreetMap / Overpass,2026-02-26T22:37:02Z
Commercial Property East 4th Street 216,Commercial Property,way,785725910,30.26579,-97.741377,https://www.openstreetmap.org/way/785725910#map=19/30.265790/-97.741377,https://www.openstreetmap.org/?mlat=30.265790&mlon=-97.741377#map=18/30.265790/-97.741377,"216, East 4th Street, Austin, TX, 78701",Commercial Property listing in Downtown Austin.,District activation opportunities and employer/neighborhood partnerships,Not listed,,,,No public special listed in source data,No public deal listed in source data,No public event listing in source data,OpenStreetMap / Overpass,2026-02-26T22:37:02Z
Commercial Property East 5th Street 500,Commercial Property,way,1134169121,30.26595,-97.738322,https://www.openstreetmap.org/way/1134169121#map=19/30.265950/-97.738322,https://www.openstreetmap.org/?mlat=30.265950&mlon=-97.738322#map=18/30.265950/-97.738322,"500, East 5th Street, Austin, TX, 78701",Commercial Property listing in Downtown Austin.,District activation opportunities and employer/neighborhood partnerships,Not listed,,,,No public special listed in source data,No public deal listed in source data,No public event listing in source data,OpenStreetMap / Overpass,2026-02-26T22:37:02Z
Commercial Property East 6th Street 1511,Commercial Property,way,379194296,30.262878,-97.726822,https://www.openstreetmap.org/way/379194296#map=19/30.262878/-97.726822,https://www.openstreetmap.org/?mlat=30.262878&mlon=-97.726822#map=18/30.262878/-97.726822,"1511, East 6th Street",Commercial Property listing in Downtown Austin.,District activation opportunities and employer/neighborhood partnerships,Not listed,,,,No public special listed in source data,No public deal listed in source data,No public event listing in source data,OpenStreetMap / Overpass,2026-02-26T22:37:02Z
Commercial Property Guadalupe Street 2002,Commercial Property,way,1208522908,30.282862,-97.74234,https://www.openstreetmap.org/way/1208522908#map=19/30.282862/-97.742340,https://www.openstreetmap.org/?mlat=30.282862&mlon=-97.742340#map=18/30.282862/-97.742340,"2002, Guadalupe Street, Austin, TX, 78705",Commercial Property listing in Downtown Austin.,District activation opportunities and employer/neighborhood partnerships,Not listed,,,,No public special listed in source data,No public deal listed in source data,No public event listing in source data,OpenStreetMap / Overpass,2026-02-26T22:37:02Z
Commercial Property Kinney Avenue 501,Commercial Property,way,383355139,30.261682,-97.761476,https://www.openstreetmap.org/way/383355139#map=19/30.261682/-97.761476,https://www.openstreetmap.org/?mlat=30.261682&mlon=-97.761476#map=18/30.261682/-97.761476,"501, Kinney Avenue",Commercial Property listing in Downtown Austin.,District activation opportunities and employer/neighborhood partnerships,Not listed,,,,No public special listed in source data,No public deal listed in source data,No public event listing in source data,OpenStreetMap / Overpass,2026-02-26T22:37:02Z
Commercial Property North Lamar Boulevard 601,Commercial Property,way,37417983,30.271741,-97.753424,https://www.openstreetmap.org/way/37417983#map=19/30.271741/-97.753424,https://www.openstreetmap.org/?mlat=30.271741&mlon=-97.753424#map=18/30.271741/-97.753424,"601, North Lamar Boulevard, Austin, TX, 78703",Commercial Property listing in Downtown Austin.,District activation opportunities and employer/neighborhood partnerships,Mo-Fr 10:00-21:00; Sa 10:00-20:00; Su 10:00-18:00,+1-512-482-3357,,,No public special listed in source data,No public deal listed in source data,No public event listing in source data,OpenStreetMap / Overpass,2026-02-26T22:37:02Z
Commercial Property Nueces Street 400,Commercial Property,way,99868633,30.268114,-97.749269,https://www.openstreetmap.org/way/99868633#map=19/30.268114/-97.749269,https://www.openstreetmap.org/?mlat=30.268114&mlon=-97.749269#map=18/30.268114/-97.749269,"400, Nueces Street, 78701",Commercial Property listing in Downtown Austin.,District activation opportunities and employer/neighborhood partnerships,Not listed,,,,No public special listed in source data,No public deal listed in source data,No public event listing in source data,OpenStreetMap / Overpass,2026-02-26T22:37:02Z
Commercial Property Rainey Street 81 1/2,Commercial Property,way,312335013,30.259251,-97.738375,https://www.openstreetmap.org/way/312335013#map=19/30.259251/-97.738375,https://www.openstreetmap.org/?mlat=30.259251&mlon=-97.738375#map=18/30.259251/-97.738375,"81 1/2, Rainey Street, Austin, TX, 78701",Commercial Property listing in Downtown Austin.,District activation opportunities and employer/neighborhood partnerships,Not listed,,,,No public special listed in source data,No public deal listed in source data,No public event listing in source data,OpenStreetMap / Overpass,2026-02-26T22:37:02Z
Commercial Property South Congress Avenue 1009,Commercial Property,way,382550031,30.253756,-97.747726,https://www.openstreetmap.org/way/382550031#map=19/30.253756/-97.747726,https://www.openstreetmap.org/?mlat=30.253756&mlon=-97.747726#map=18/30.253756/-97.747726,"1009, South Congress Avenue",Commercial Property listing in Downtown Austin.,District activation opportunities and employer/neighborhood partnerships,Not listed,,,,No public special listed in source data,No public deal listed in source data,No public event listing in source data,OpenStreetMap / Overpass,2026-02-26T22:37:02Z
Commercial Property South Congress Avenue 907,Commercial Property,way,382550216,30.254624,-97.747478,https://www.openstreetmap.org/way/382550216#map=19/30.254624/-97.747478,https://www.openstreetmap.org/?mlat=30.254624&mlon=-97.747478#map=18/30.254624/-97.747478,"907, South Congress Avenue",Commercial Property listing in Downtown Austin.,District activation opportunities and employer/neighborhood partnerships,Not listed,,,,No public special listed in source data,No public deal listed in source data,No public event listing in source data,OpenStreetMap / Overpass,2026-02-26T22:37:02Z
Commercial Property South Lakeshore Boulevard 1705,Commercial Property,way,382446232,30.244524,-97.729649,https://www.openstreetmap.org/way/382446232#map=19/30.244524/-97.729649,https://www.openstreetmap.org/?mlat=30.244524&mlon=-97.729649#map=18/30.244524/-97.729649,"1705, South Lakeshore Boulevard, Austin, TX, 78741",Commercial Property listing in Downtown Austin.,District activation opportunities and employer/neighborhood partnerships,Not listed,,,,No public special listed in source data,No public deal listed in source data,No public event listing in source data,OpenStreetMap / Overpass,2026-02-26T22:37:02Z
Commercial Property West 15th Street 1315,Commercial Property,way,153385793,30.271998,-97.760621,https://www.openstreetmap.org/way/153385793#map=19/30.271998/-97.760621,https://www.openstreetmap.org/?mlat=30.271998&mlon=-97.760621#map=18/30.271998/-97.760621,"1315, West 15th Street, 78703",Commercial Property listing in Downtown Austin.,District activation opportunities and employer/neighborhood partnerships,Not listed,,,,No public special listed in source data,No public deal listed in source data,No public event listing in source data,OpenStreetMap / Overpass,2026-02-26T22:37:02Z
Commercial Property West 15th Street 408,Commercial Property,way,381834153,30.278547,-97.743672,https://www.openstreetmap.org/way/381834153#map=19/30.278547/-97.743672,https://www.openstreetmap.org/?mlat=30.278547&mlon=-97.743672#map=18/30.278547/-97.743672,"408, West 15th Street",Commercial Property listing in Downtown Austin.,District activation opportunities and employer/neighborhood partnerships,Not listed,,,,No public special listed in source data,No public deal listed in source data,No public event listing in source data,OpenStreetMap / Overpass,2026-02-26T22:37:02Z
Commercial Property West 15th Street 501,Commercial Property,way,1350746563,30.27802,-97.744459,https://www.openstreetmap.org/way/1350746563#map=19/30.278020/-97.744459,https://www.openstreetmap.org/?mlat=30.278020&mlon=-97.744459#map=18/30.278020/-97.744459,"501, West 15th Street, Austin, TX, 78701",Commercial Property listing in Downtown Austin.,District activation opportunities and employer/neighborhood partnerships,Not listed,,,,No public special listed in source data,No public deal listed in source data,No public event listing in source data,OpenStreetMap / Overpass,2026-02-26T22:37:02Z
Commercial Property West 15th Street 501,Commercial Property,way,1350746565,30.277904,-97.744502,https://www.openstreetmap.org/way/1350746565#map=19/30.277904/-97.744502,https://www.openstreetmap.org/?mlat=30.277904&mlon=-97.744502#map=18/30.277904/-97.744502,"501, West 15th Street, Austin, TX, 78701",Commercial Property listing in Downtown Austin.,District activation opportunities and employer/neighborhood partnerships,Not listed,,,,No public special listed in source data,No public deal listed in source data,No public event listing in source data,OpenStreetMap / Overpass,2026-02-26T22:37:02Z
Commercial Property West 5th Street 213,Commercial Property,way,328631273,30.267477,-97.745472,https://www.openstreetmap.org/way/328631273#map=19/30.267477/-97.745472,https://www.openstreetmap.org/?mlat=30.267477&mlon=-97.745472#map=18/30.267477/-97.745472,"213, West 5th Street, 78701",Commercial Property listing in Downtown Austin.,District activation opportunities and employer/neighborhood partnerships,Not listed,,,,No public special listed in source data,No public deal listed in source data,No public event listing in source data,OpenStreetMap / Overpass,2026-02-26T22:37:02Z
Commercial Property West 5th Street 601,Commercial Property,way,99868641,30.268563,-97.749047,https://www.openstreetmap.org/way/99868641#map=19/30.268563/-97.749047,https://www.openstreetmap.org/?mlat=30.268563&mlon=-97.749047#map=18/30.268563/-97.749047,"601, West 5th Street, 78701",Commercial Property listing in Downtown Austin.,District activation opportunities and employer/neighborhood partnerships,Not listed,,,,No public special listed in source data,No public deal listed in source data,No public event listing in source data,OpenStreetMap / Overpass,2026-02-26T22:37:02Z
Commercial Property West 5th Street 710,Commercial Property,way,99868676,30.269462,-97.749971,https://www.openstreetmap.org/way/99868676#map=19/30.269462/-97.749971,https://www.openstreetmap.org/?mlat=30.269462&mlon=-97.749971#map=18/30.269462/-97.749971,"710, West 5th Street, 78701",Commercial Property listing in Downtown Austin.,District activation opportunities and employer/neighborhood partnerships,Not listed,,,,No public special listed in source data,No public deal listed in source data,No public event listing in source data,OpenStreetMap / Overpass,2026-02-26T22:37:02Z
Commercial Property West 6th Street 501,Commercial Property,way,99868603,30.269152,-97.747741,https://www.openstreetmap.org/way/99868603#map=19/30.269152/-97.747741,https://www.openstreetmap.org/?mlat=30.269152&mlon=-97.747741#map=18/30.269152/-97.747741,"501, West 6th Street, Austin, TX, 78701",Commercial Property listing in Downtown Austin.,District activation opportunities and employer/neighborhood partnerships,Not listed,,,,No public special listed in source data,No public deal listed in source data,No public event listing in source data,OpenStreetMap / Overpass,2026-02-26T22:37:02Z
Commercial Property West 6th Street 800,Commercial Property,way,153385784,30.2707,-97.750788,https://www.openstreetmap.org/way/153385784#map=19/30.270700/-97.750788,https://www.openstreetmap.org/?mlat=30.270700&mlon=-97.750788#map=18/30.270700/-97.750788,"800, West 6th Street, Austin, TX, 78701",Commercial Property listing in Downtown Austin.,District activation opportunities and employer/neighborhood partnerships,Not listed,,,,No public special listed in source data,No public deal listed in source data,No public event listing in source data,OpenStreetMap / Overpass,2026-02-26T22:37:02Z
Commercial Property West Martin Luther King Jr Boulevard 600,Commercial Property,way,380922441,30.282681,-97.744493,https://www.openstreetmap.org/way/380922441#map=19/30.282681/-97.744493,https://www.openstreetmap.org/?mlat=30.282681&mlon=-97.744493#map=18/30.282681/-97.744493,"600, West Martin Luther King Jr Boulevard, Austin, TX",Commercial Property listing in Downtown Austin.,District activation opportunities and employer/neighborhood partnerships,Not listed,,,,No public special listed in source data,No public deal listed in source data,No public event listing in source data,OpenStreetMap / Overpass,2026-02-26T22:37:02Z
Kendra Scott,Commercial Property,way,383380055,30.246797,-97.750356,https://www.openstreetmap.org/way/383380055#map=19/30.246797/-97.750356,https://www.openstreetmap.org/?mlat=30.246797&mlon=-97.750356#map=18/30.246797/-97.750356,"1701, South Congress Avenue",Commercial Property listing in Downtown Austin.,District activation opportunities and employer/neighborhood partnerships,Not listed,,,,No public special listed in source data,No public deal listed in source data,No public event listing in source data,OpenStreetMap / Overpass,2026-02-26T22:37:02Z
KXAN Building (CW),Commercial Property,way,380917058,30.283662,-97.747615,https://www.openstreetmap.org/way/380917058#map=19/30.283662/-97.747615,https://www.openstreetmap.org/?mlat=30.283662&mlon=-97.747615#map=18/30.283662/-97.747615,,Commercial Property listing in Downtown Austin.,District activation opportunities and employer/neighborhood partnerships,Not listed,,,https://www.kxan.com/the-cw-austin/,No public special listed in source data,No public deal listed in source data,No public event listing in source data,OpenStreetMap / Overpass,2026-02-26T22:37:02Z
Lamar Union,Commercial Property,way,37183459,30.255889,-97.763018,https://www.openstreetmap.org/way/37183459#map=19/30.255889/-97.763018,https://www.openstreetmap.org/?mlat=30.255889&mlon=-97.763018#map=18/30.255889/-97.763018,"1100, South Lamar Boulevard, Austin, TX, 78704",Commercial Property listing in Downtown Austin.,District activation opportunities and employer/neighborhood partnerships,Not listed,+1-855-564-1387,,,No public special listed in source data,Mixed use development,No public event listing in source data,OpenStreetMap / Overpass,2026-02-26T22:37:02Z
Norwood Tower,Commercial Property,way,99868645,30.269167,-97.745616,https://www.openstreetmap.org/way/99868645#map=19/30.269167/-97.745616,https://www.openstreetmap.org/?mlat=30.269167&mlon=-97.745616#map=18/30.269167/-97.745616,"300, West 6th Street, Austin, TX, 78701",Commercial Property listing in Downtown Austin.,District activation opportunities and employer/neighborhood partnerships,Not listed,,,,No public special listed in source data,No public deal listed in source data,No public event listing in source data,OpenStreetMap / Overpass,2026-02-26T22:37:02Z
Old Seaholm Power Plant,Commercial Property,way,352112927,30.266596,-97.752628,https://www.openstreetmap.org/way/352112927#map=19/30.266596/-97.752628,https://www.openstreetmap.org/?mlat=30.266596&mlon=-97.752628#map=18/30.266596/-97.752628,"812, West Cesar Chavez Street, 78701",Commercial Property listing in Downtown Austin.,District activation opportunities and employer/neighborhood partnerships,Not listed,,,,No public special listed in source data,No public deal listed in source data,No public event listing in source data,OpenStreetMap / Overpass,2026-02-26T22:37:02Z
Procore Tower,Commercial Property,way,99868625,30.26825,-97.744769,https://www.openstreetmap.org/way/99868625#map=19/30.268250/-97.744769,https://www.openstreetmap.org/?mlat=30.268250&mlon=-97.744769#map=18/30.268250/-97.744769,"221, West 6th Street, Austin, TX, 78701",Commercial Property listing in Downtown Austin.,District activation opportunities and employer/neighborhood partnerships,Not listed,,,,No public special listed in source data,No public deal listed in source data,No public event listing in source data,OpenStreetMap / Overpass,2026-02-26T22:37:02Z
Public Storage,Commercial Property,way,269074932,30.272987,-97.758871,https://www.openstreetmap.org/way/269074932#map=19/30.272987/-97.758871,https://www.openstreetmap.org/?mlat=30.272987&mlon=-97.758871#map=18/30.272987/-97.758871,,Commercial Property listing in Downtown Austin.,District activation opportunities and employer/neighborhood partnerships,Not listed,,,,No public special listed in source data,No public deal listed in source data,No public event listing in source data,OpenStreetMap / Overpass,2026-02-26T22:37:02Z
Robinson–Rosner Building,Commercial Property,way,1020754973,30.267509,-97.743478,https://www.openstreetmap.org/way/1020754973#map=19/30.267509/-97.743478,https://www.openstreetmap.org/?mlat=30.267509&mlon=-97.743478#map=18/30.267509/-97.743478,"504, Congress Avenue, Austin, TX, 78701",Commercial Property listing in Downtown Austin.,District activation opportunities and employer/neighborhood partnerships,Not listed,,,,No public special listed in source data,No public deal listed in source data,No public event listing in source data,OpenStreetMap / Overpass,2026-02-26T22:37:02Z
Site,Commercial Property,way,1428841748,30.244065,-97.72945,https://www.openstreetmap.org/way/1428841748#map=19/30.244065/-97.729450,https://www.openstreetmap.org/?mlat=30.244065&mlon=-97.729450#map=18/30.244065/-97.729450,,Commercial Property listing in Downtown Austin.,District activation opportunities and employer/neighborhood partnerships,Not listed,,,,No public special listed in source data,No public deal listed in source data,No public event listing in source data,OpenStreetMap / Overpass,2026-02-26T22:37:02Z
Stratford Building,Commercial Property,way,99868609,30.269602,-97.747472,https://www.openstreetmap.org/way/99868609#map=19/30.269602/-97.747472,https://www.openstreetmap.org/?mlat=30.269602&mlon=-97.747472#map=18/30.269602/-97.747472,"500, West 6th Street, Austin, TX, 78701",Commercial Property listing in Downtown Austin.,District activation opportunities and employer/neighborhood partnerships,Not listed,,,,No public special listed in source data,No public deal listed in source data,No public event listing in source data,OpenStreetMap / Overpass,2026-02-26T22:37:02Z
Waller Creek Boathouse,Commercial Property,way,379221714,30.26058,-97.741777,https://www.openstreetmap.org/way/379221714#map=19/30.260580/-97.741777,https://www.openstreetmap.org/?mlat=30.260580&mlon=-97.741777#map=18/30.260580/-97.741777,"74, Trinity Street, Austin, 78701",Commercial Property listing in Downtown Austin.,District activation opportunities and employer/neighborhood partnerships,Not listed,+1 512 750 2040,,https://www.wallercreekboathouse.org/,No public special listed in source data,No public deal listed in source data,No public event listing in source data,OpenStreetMap / Overpass,2026-02-26T22:37:02Z
Whole Foods Market,Commercial Property,way,187011690,30.270634,-97.753549,https://www.openstreetmap.org/way/187011690#map=19/30.270634/-97.753549,https://www.openstreetmap.org/?mlat=30.270634&mlon=-97.753549#map=18/30.270634/-97.753549,,Commercial Property listing in Downtown Austin.,District activation opportunities and employer/neighborhood partnerships,Not listed,,,,No public special listed in source data,No public deal listed in source data,No public event listing in source data,OpenStreetMap / Overpass,2026-02-26T22:37:02Z
William P. Hobby Building,Commercial Property,way,313180848,30.266642,-97.7464,https://www.openstreetmap.org/way/313180848#map=19/30.266642/-97.746400,https://www.openstreetmap.org/?mlat=30.266642&mlon=-97.746400#map=18/30.266642/-97.746400,333,Commercial Property listing in Downtown Austin.,District activation opportunities and employer/neighborhood partnerships,Not listed,,,,No public special listed in source data,No public deal listed in source data,No public event listing in source data,OpenStreetMap / Overpass,2026-02-26T22:37:02Z
William P. Hobby Building,Commercial Property,way,313180849,30.266401,-97.746699,https://www.openstreetmap.org/way/313180849#map=19/30.266401/-97.746699,https://www.openstreetmap.org/?mlat=30.266401&mlon=-97.746699#map=18/30.266401/-97.746699,"333, Guadalupe Street",Commercial Property listing in Downtown Austin.,District activation opportunities and employer/neighborhood partnerships,Not listed,,,,No public special listed in source data,No public deal listed in source data,No public event listing in source data,OpenStreetMap / Overpass,2026-02-26T22:37:02Z
Yarings Building,Commercial Property,way,1020754974,30.267605,-97.743444,https://www.openstreetmap.org/way/1020754974#map=19/30.267605/-97.743444,https://www.openstreetmap.org/?mlat=30.267605&mlon=-97.743444#map=18/30.267605/-97.743444,,Commercial Property listing in Downtown Austin.,District activation opportunities and employer/neighborhood partnerships,Not listed,,,,No public special listed in source data,No public deal listed in source data,No public event listing in source data,OpenStreetMap / Overpass,2026-02-26T22:37:02Z
YETI Flagship,Commercial Property,way,104137303,30.259469,-97.746324,https://www.openstreetmap.org/way/104137303#map=19/30.259469/-97.746324,https://www.openstreetmap.org/?mlat=30.259469&mlon=-97.746324#map=18/30.259469/-97.746324,"220, South Congress Avenue, 78704",Commercial Property listing in Downtown Austin.,District activation opportunities and employer/neighborhood partnerships,Not listed,,,,No public special listed in source data,No public deal listed in source data,No public event listing in source data,OpenStreetMap / Overpass,2026-02-26T22:37:02Z
Aloft Austin Downtown,Hotel / Hospitality,way,368003367,30.268677,-97.742117,https://www.openstreetmap.org/way/368003367#map=19/30.268677/-97.742117,https://www.openstreetmap.org/?mlat=30.268677&mlon=-97.742117#map=18/30.268677/-97.742117,"109, East 7th Street, Austin, TX, 78701",Hotel / Hospitality listing operated by Aloft.,"Staycation perks, partner-hosted events, and sponsor activations",Not listed,+1-512-476-2222,,https://www.marriott.com/hotels/travel/ausda-aloft-austin-downtown/,No public special listed in source data,No public deal listed in source data,No public event listing in source data,OpenStreetMap / Overpass,2026-02-26T22:37:02Z
AT&T Executive Education and Conference Center,Hotel / Hospitality,relation,7478745,30.281978,-97.740437,https://www.openstreetmap.org/relation/7478745#map=19/30.281978/-97.740437,https://www.openstreetmap.org/?mlat=30.281978&mlon=-97.740437#map=18/30.281978/-97.740437,"1900, University Avenue, Austin, TX, 78705",Hotel / Hospitality listing in Downtown Austin.,"Staycation perks, partner-hosted events, and sponsor activations",Not listed,,,,No public special listed in source data,No public deal listed in source data,No public event listing in source data,OpenStreetMap / Overpass,2026-02-26T22:37:02Z
Austin Marriott Downtown,Hotel / Hospitality,way,894064635,30.262851,-97.741513,https://www.openstreetmap.org/way/894064635#map=19/30.262851/-97.741513,https://www.openstreetmap.org/?mlat=30.262851&mlon=-97.741513#map=18/30.262851/-97.741513,"304, East Cesar Chavez Street, Austin, TX, 78701",Hotel / Hospitality listing operated by Marriott.,"Staycation perks, partner-hosted events, and sponsor activations",Not listed,,,,No public special listed in source data,No public deal listed in source data,No public event listing in source data,OpenStreetMap / Overpass,2026-02-26T22:37:02Z
Austin Motel,Hotel / Hospitality,way,383379284,30.251573,-97.74945,https://www.openstreetmap.org/way/383379284#map=19/30.251573/-97.749450,https://www.openstreetmap.org/?mlat=30.251573&mlon=-97.749450#map=18/30.251573/-97.749450,,Hotel / Hospitality listing in Downtown Austin.,"Staycation perks, partner-hosted events, and sponsor activations",Not listed,,,,No public special listed in source data,No public deal listed in source data,No public event listing in source data,OpenStreetMap / Overpass,2026-02-26T22:37:02Z
Austin Proper Hotel,Hotel / Hospitality,node,9421933813,30.266135,-97.750147,https://www.openstreetmap.org/node/9421933813#map=19/30.266135/-97.750147,https://www.openstreetmap.org/?mlat=30.266135&mlon=-97.750147#map=18/30.266135/-97.750147,"600, West 2nd Street, Austin, TX, 78701",Hotel / Hospitality listing operated by Proper Hospitality Group.,"Staycation perks, partner-hosted events, and sponsor activations",Not listed,+1-512-628-1500,ATXP.info@properhotel.com,https://www.properhotel.com/austin/,No public special listed in source data,No public deal listed in source data,No public event listing in source data,OpenStreetMap / Overpass,2026-02-26T22:37:02Z
Cambria Hotel Austin Downtown,Hotel / Hospitality,way,1077905074,30.258432,-97.73812,https://www.openstreetmap.org/way/1077905074#map=19/30.258432/-97.738120,https://www.openstreetmap.org/?mlat=30.258432&mlon=-97.738120#map=18/30.258432/-97.738120,"68, East Avenue, Austin, TX, 78701",Hotel / Hospitality listing operated by Cambria Hotel.,"Staycation perks, partner-hosted events, and sponsor activations",Not listed,+1-737-234-0097,austincambriafd@pyramidglobal.com,https://www.choicehotels.com/texas/austin/cambria-hotels/txj71,No public special listed in source data,No public deal listed in source data,No public event listing in source data,OpenStreetMap / Overpass,2026-02-26T22:37:02Z
Canopy by Hilton,Hotel / Hospitality,relation,13599015,30.270057,-97.748881,https://www.openstreetmap.org/relation/13599015#map=19/30.270057/-97.748881,https://www.openstreetmap.org/?mlat=30.270057&mlon=-97.748881#map=18/30.270057/-97.748881,"612, West 6th Street, Austin, TX, 78701",Hotel / Hospitality listing operated by Canopy.,"Staycation perks, partner-hosted events, and sponsor activations",Not listed,,,,No public special listed in source data,No public deal listed in source data,No public event listing in source data,OpenStreetMap / Overpass,2026-02-26T22:37:02Z
citizenM Austin Downtown,Hotel / Hospitality,way,1025013853,30.269071,-97.74357,https://www.openstreetmap.org/way/1025013853#map=19/30.269071/-97.743570,https://www.openstreetmap.org/?mlat=30.269071&mlon=-97.743570#map=18/30.269071/-97.743570,"617, Colorado Street, Austin, TX, 78701",Hotel / Hospitality listing operated by citizenM.,"Staycation perks, partner-hosted events, and sponsor activations",24/7,+1-512-717-7575,,https://www.citizenm.com/hotels/united-states/austin/austin-downtown-hotel,No public special listed in source data,No public deal listed in source data,No public event listing in source data,OpenStreetMap / Overpass,2026-02-26T22:37:02Z
Courtyard Austin Downtown/Convention Center,Hotel / Hospitality,way,923358550,30.265624,-97.740262,https://www.openstreetmap.org/way/923358550#map=19/30.265624/-97.740262,https://www.openstreetmap.org/?mlat=30.265624&mlon=-97.740262#map=18/30.265624/-97.740262,"Austin, TX, 78701",Hotel / Hospitality listing operated by Courtyard.,"Staycation perks, partner-hosted events, and sponsor activations",Not listed,+1 512-236-8008,,https://www.marriott.com/auscd,No public special listed in source data,No public deal listed in source data,No public event listing in source data,OpenStreetMap / Overpass,2026-02-26T22:37:02Z
DoubleTree by Hilton Austin - University Area,Hotel / Hospitality,way,382130723,30.277179,-97.729246,https://www.openstreetmap.org/way/382130723#map=19/30.277179/-97.729246,https://www.openstreetmap.org/?mlat=30.277179&mlon=-97.729246#map=18/30.277179/-97.729246,"1617, East 16th Street, Austin, TX, 78702",Hotel / Hospitality listing operated by DoubleTree.,"Staycation perks, partner-hosted events, and sponsor activations",Not listed,,,https://www.hilton.com/en/hotels/ausimdt-doubletree-austin-university-area/,No public special listed in source data,No public deal listed in source data,No public event listing in source data,OpenStreetMap / Overpass,2026-02-26T22:37:02Z
DoubleTree Suites by Hilton Austin Downtown Capitol,Hotel / Hospitality,way,381834143,30.277371,-97.74253,https://www.openstreetmap.org/way/381834143#map=19/30.277371/-97.742530,https://www.openstreetmap.org/?mlat=30.277371&mlon=-97.742530#map=18/30.277371/-97.742530,"303, West 15th Street, Austin, TX, 78701",Hotel / Hospitality listing operated by DoubleTree.,"Staycation perks, partner-hosted events, and sponsor activations",Not listed,+1 512-478-7000,ausfl_dt@hilton.com,https://www.hilton.com/en/hotels/ausfldt-doubletree-suites-austin-downtown/,No public special listed in source data,No public deal listed in source data,No public event listing in source data,OpenStreetMap / Overpass,2026-02-26T22:37:02Z
"Downright Austin, A Renaissance Hotel",Hotel / Hospitality,way,92975894,30.270352,-97.734324,https://www.openstreetmap.org/way/92975894#map=19/30.270352/-97.734324,https://www.openstreetmap.org/?mlat=30.270352&mlon=-97.734324#map=18/30.270352/-97.734324,"701, East 11th Street, Austin, TX, 78701",Hotel / Hospitality listing operated by Marriott.,"Staycation perks, partner-hosted events, and sponsor activations",Not listed,+1 512-478-1111,,https://www.marriott.com/en-us/hotels/ausbr-downright-austin-a-renaissance-hotel/overview/,No public special listed in source data,No public deal listed in source data,No public event listing in source data,OpenStreetMap / Overpass,2026-02-26T22:37:02Z
East Austin Hotel,Hotel / Hospitality,way,923497131,30.264794,-97.730783,https://www.openstreetmap.org/way/923497131#map=19/30.264794/-97.730783,https://www.openstreetmap.org/?mlat=30.264794&mlon=-97.730783#map=18/30.264794/-97.730783,"1108, East 6th Street, Austin, TX, 78702",Hotel / Hospitality listing in Downtown Austin.,"Staycation perks, partner-hosted events, and sponsor activations",Not listed,+1-737-205-8888,hello@eastaustinhotel.com,https://eastaustinhotel.com/,No public special listed in source data,No public deal listed in source data,No public event listing in source data,OpenStreetMap / Overpass,2026-02-26T22:37:02Z
Embassy Suites by Hilton Austin Downtown South Congress,Hotel / Hospitality,way,104137274,30.258545,-97.746896,https://www.openstreetmap.org/way/104137274#map=19/30.258545/-97.746896,https://www.openstreetmap.org/?mlat=30.258545&mlon=-97.746896#map=18/30.258545/-97.746896,"300, South Congress Avenue, Austin, TX, 78704",Hotel / Hospitality listing operated by Embassy Suites.,"Staycation perks, partner-hosted events, and sponsor activations",Not listed,+1 512-469-9000,auslk_gm@hilton.com,https://www.hilton.com/en/hotels/auslkes-embassy-suites-austin-downtown-south-congress/,No public special listed in source data,No public deal listed in source data,No public event listing in source data,OpenStreetMap / Overpass,2026-02-26T22:37:02Z
Extended Stay America - Austin - Downtown - Town Lake,Hotel / Hospitality,way,187766493,30.257017,-97.749961,https://www.openstreetmap.org/way/187766493#map=19/30.257017/-97.749961,https://www.openstreetmap.org/?mlat=30.257017&mlon=-97.749961#map=18/30.257017/-97.749961,"507, South 1st Street, Austin, TX, 78704",Hotel / Hospitality listing operated by Extended Stay America.,"Staycation perks, partner-hosted events, and sponsor activations",Not listed,+1-512-476-1818,,https://www.extendedstayamerica.com/hotels/tx/austin/downtown?channel=gmb-listing,No public special listed in source data,No public deal listed in source data,No public event listing in source data,OpenStreetMap / Overpass,2026-02-26T22:37:02Z
Fairfield Inn & Suites Austin Downtown,Hotel / Hospitality,way,1077905075,30.258869,-97.737958,https://www.openstreetmap.org/way/1077905075#map=19/30.258869/-97.737958,https://www.openstreetmap.org/?mlat=30.258869&mlon=-97.737958#map=18/30.258869/-97.737958,"76, East Avenue, Austin, TX, 78701",Hotel / Hospitality listing operated by Fairfield Inn & Suites.,"Staycation perks, partner-hosted events, and sponsor activations",Not listed,+1 512-653-1600,,https://www.marriott.com/ausfd,No public special listed in source data,No public deal listed in source data,No public event listing in source data,OpenStreetMap / Overpass,2026-02-26T22:37:02Z
Fairmont Austin,Hotel / Hospitality,way,134786106,30.262108,-97.738204,https://www.openstreetmap.org/way/134786106#map=19/30.262108/-97.738204,https://www.openstreetmap.org/?mlat=30.262108&mlon=-97.738204#map=18/30.262108/-97.738204,"101, Red River Street, Austin, TX, 78701",Hotel / Hospitality listing operated by Fairmont.,"Staycation perks, partner-hosted events, and sponsor activations",Not listed,,,,No public special listed in source data,No public deal listed in source data,No public event listing in source data,OpenStreetMap / Overpass,2026-02-26T22:37:02Z
Four Seasons Hotel Austin,Hotel / Hospitality,way,134807221,30.26162,-97.74226,https://www.openstreetmap.org/way/134807221#map=19/30.261620/-97.742260,https://www.openstreetmap.org/?mlat=30.261620&mlon=-97.742260#map=18/30.261620/-97.742260,"98, San Jacinto Blvd, Austin, TX, 78701",Hotel / Hospitality listing operated by Four Seasons.,"Staycation perks, partner-hosted events, and sponsor activations",Not listed,+1-512-478-4500,,https://www.fourseasons.com/austin/,No public special listed in source data,No public deal listed in source data,No public event listing in source data,OpenStreetMap / Overpass,2026-02-26T22:37:02Z
Goodall Wooten House,Hotel / Hospitality,way,380917009,30.283054,-97.745551,https://www.openstreetmap.org/way/380917009#map=19/30.283054/-97.745551,https://www.openstreetmap.org/?mlat=30.283054&mlon=-97.745551#map=18/30.283054/-97.745551,"1900, Rio Grande Street, Austin, TX",Hotel / Hospitality listing in Downtown Austin.,"Staycation perks, partner-hosted events, and sponsor activations",Not listed,+1-512-495-1800,,,No public special listed in source data,No public deal listed in source data,No public event listing in source data,OpenStreetMap / Overpass,2026-02-26T22:37:02Z
Hampton Inn & Suites Austin at The University/Capitol,Hotel / Hospitality,way,236328111,30.279567,-97.74083,https://www.openstreetmap.org/way/236328111#map=19/30.279567/-97.740830,https://www.openstreetmap.org/?mlat=30.279567&mlon=-97.740830#map=18/30.279567/-97.740830,"1701, Lavaca Street, Austin, TX, 78701",Hotel / Hospitality listing operated by Hampton Inn & Suites.,"Staycation perks, partner-hosted events, and sponsor activations",Not listed,+1 512-499-8881,,https://www.hilton.com/en/hotels/ausuahx-hampton-suites-austin-at-the-university-capitol/,No public special listed in source data,No public deal listed in source data,No public event listing in source data,OpenStreetMap / Overpass,2026-02-26T22:37:02Z
Hampton Inn & Suites Austin Downtown,Hotel / Hospitality,way,55932518,30.264041,-97.742089,https://www.openstreetmap.org/way/55932518#map=19/30.264041/-97.742089,https://www.openstreetmap.org/?mlat=30.264041&mlon=-97.742089#map=18/30.264041/-97.742089,"200, San Jacinto Boulevard, Austin, TX, 78701",Hotel / Hospitality listing operated by Hampton Inn & Suites.,"Staycation perks, partner-hosted events, and sponsor activations",Not listed,+1 512-472-1500,,https://www.hilton.com/en/hotels/ausdthx-hampton-suites-austin-downtown-convention-center/,No public special listed in source data,No public deal listed in source data,No public event listing in source data,OpenStreetMap / Overpass,2026-02-26T22:37:02Z
Hilton Austin,Hotel / Hospitality,node,12577833089,30.265258,-97.73806,https://www.openstreetmap.org/node/12577833089#map=19/30.265258/-97.738060,https://www.openstreetmap.org/?mlat=30.265258&mlon=-97.738060#map=18/30.265258/-97.738060,"500, East 4th Street, Austin, TX, 78701",Hotel / Hospitality listing operated by Hilton.,"Staycation perks, partner-hosted events, and sponsor activations",Not listed,+1-512-482-8000,AUSCV_GM@hilton.com,https://www.hilton.com/en/hotels/auscvhh-hilton-austin/,No public special listed in source data,No public deal listed in source data,No public event listing in source data,OpenStreetMap / Overpass,2026-02-26T22:37:02Z
Hilton Garden Inn,Hotel / Hospitality,way,960180825,30.279339,-97.741628,https://www.openstreetmap.org/way/960180825#map=19/30.279339/-97.741628,https://www.openstreetmap.org/?mlat=30.279339&mlon=-97.741628#map=18/30.279339/-97.741628,"301, West 17th Street, Austin, TX, 78701",Hotel / Hospitality listing operated by Hilton Garden Inn.,"Staycation perks, partner-hosted events, and sponsor activations",Not listed,+1 512-319-3333,,https://www.hilton.com/en/hotels/ausaugi-hilton-garden-inn-austin-university-capitol-district/,No public special listed in source data,No public deal listed in source data,No public event listing in source data,OpenStreetMap / Overpass,2026-02-26T22:37:02Z
Hilton Garden Inn Austin Downtown,Hotel / Hospitality,way,43957022,30.26536,-97.735558,https://www.openstreetmap.org/way/43957022#map=19/30.265360/-97.735558,https://www.openstreetmap.org/?mlat=30.265360&mlon=-97.735558#map=18/30.265360/-97.735558,"500, North Interstate 35, Austin, TX, 78701",Hotel / Hospitality listing operated by Hilton Garden Inn.,"Staycation perks, partner-hosted events, and sponsor activations",Not listed,+1 512-480-8181,AUSGI_GM@hilton.com,https://www.hilton.com/en/hotels/ausgigi-hilton-garden-inn-austin-downtown/,No public special listed in source data,No public deal listed in source data,No public event listing in source data,OpenStreetMap / Overpass,2026-02-26T22:37:02Z
Holiday Inn Austin Town Lake,Hotel / Hospitality,way,134786196,30.2536,-97.737478,https://www.openstreetmap.org/way/134786196#map=19/30.253600/-97.737478,https://www.openstreetmap.org/?mlat=30.253600&mlon=-97.737478#map=18/30.253600/-97.737478,"20, North Interstate 35, Austin, TX, 78701",Hotel / Hospitality listing operated by Holiday Inn.,"Staycation perks, partner-hosted events, and sponsor activations",Not listed,+1-512-472-8211,,https://www.ihg.com/holidayinn/hotels/us/en/austin/austl/hoteldetail,No public special listed in source data,No public deal listed in source data,No public event listing in source data,OpenStreetMap / Overpass,2026-02-26T22:37:02Z
Holiday Inn Express & Suites Austin Downtown - University by IHG,Hotel / Hospitality,way,516285432,30.269194,-97.736809,https://www.openstreetmap.org/way/516285432#map=19/30.269194/-97.736809,https://www.openstreetmap.org/?mlat=30.269194&mlon=-97.736809#map=18/30.269194/-97.736809,"805, Neches Street, Austin, TX, 78701",Hotel / Hospitality listing operated by Holiday Inn Express & Suites.,"Staycation perks, partner-hosted events, and sponsor activations",Not listed,+1 512-474-8600,,https://www.ihg.com/holidayinnexpress/hotels/us/en/austin/ausns/hoteldetail,No public special listed in source data,No public deal listed in source data,No public event listing in source data,OpenStreetMap / Overpass,2026-02-26T22:37:02Z
Homewood Suites Austin Downtown,Hotel / Hospitality,way,516291552,30.259227,-97.737836,https://www.openstreetmap.org/way/516291552#map=19/30.259227/-97.737836,https://www.openstreetmap.org/?mlat=30.259227&mlon=-97.737836#map=18/30.259227/-97.737836,"78, East Avenue, Austin, TX, 78701",Hotel / Hospitality listing operated by Homewood Suites.,"Staycation perks, partner-hosted events, and sponsor activations",Not listed,+1-512-320-5454,,https://www.hilton.com,No public special listed in source data,No public deal listed in source data,No public event listing in source data,OpenStreetMap / Overpass,2026-02-26T22:37:02Z
Hotel / Hospitality,Hotel / Hospitality,way,303098595,30.259839,-97.747108,https://www.openstreetmap.org/way/303098595#map=19/30.259839/-97.747108,https://www.openstreetmap.org/?mlat=30.259839&mlon=-97.747108#map=18/30.259839/-97.747108,,Hotel / Hospitality listing in Downtown Austin.,"Staycation perks, partner-hosted events, and sponsor activations",Not listed,,,,No public special listed in source data,No public deal listed in source data,No public event listing in source data,OpenStreetMap / Overpass,2026-02-26T22:37:02Z
Hotel / Hospitality,Hotel / Hospitality,way,312337829,30.250694,-97.749808,https://www.openstreetmap.org/way/312337829#map=19/30.250694/-97.749808,https://www.openstreetmap.org/?mlat=30.250694&mlon=-97.749808#map=18/30.250694/-97.749808,,Hotel / Hospitality listing in Downtown Austin.,"Staycation perks, partner-hosted events, and sponsor activations",Not listed,,,,No public special listed in source data,No public deal listed in source data,No public event listing in source data,OpenStreetMap / Overpass,2026-02-26T22:37:02Z
Hotel / Hospitality East 4th Street 500,Hotel / Hospitality,way,328723692,30.265237,-97.738247,https://www.openstreetmap.org/way/328723692#map=19/30.265237/-97.738247,https://www.openstreetmap.org/?mlat=30.265237&mlon=-97.738247#map=18/30.265237/-97.738247,"500, East 4th Street, Austin, TX, 78701",Hotel / Hospitality listing in Downtown Austin.,"Staycation perks, partner-hosted events, and sponsor activations",Not listed,,,,No public special listed in source data,No public deal listed in source data,No public event listing in source data,OpenStreetMap / Overpass,2026-02-26T22:37:02Z
Hotel / Hospitality Music Lane 1101,Hotel / Hospitality,node,11784070980,30.252687,-97.74772,https://www.openstreetmap.org/node/11784070980#map=19/30.252687/-97.747720,https://www.openstreetmap.org/?mlat=30.252687&mlon=-97.747720#map=18/30.252687/-97.747720,"1101, Music Lane",Hotel / Hospitality listing in Downtown Austin.,"Staycation perks, partner-hosted events, and sponsor activations",Not listed,,,,No public special listed in source data,No public deal listed in source data,No public event listing in source data,OpenStreetMap / Overpass,2026-02-26T22:37:02Z
Hotel / Hospitality South Congress Avenue 1316,Hotel / Hospitality,way,312337828,30.250621,-97.749574,https://www.openstreetmap.org/way/312337828#map=19/30.250621/-97.749574,https://www.openstreetmap.org/?mlat=30.250621&mlon=-97.749574#map=18/30.250621/-97.749574,"1316, South Congress Avenue, Austin, TX, 78704",Hotel / Hospitality listing in Downtown Austin.,"Staycation perks, partner-hosted events, and sponsor activations",Not listed,,,,No public special listed in source data,No public deal listed in source data,No public event listing in source data,OpenStreetMap / Overpass,2026-02-26T22:37:02Z
Hotel Indigo Austin Downtown - University,Hotel / Hospitality,node,3849779925,30.269158,-97.736415,https://www.openstreetmap.org/node/3849779925#map=19/30.269158/-97.736415,https://www.openstreetmap.org/?mlat=30.269158&mlon=-97.736415#map=18/30.269158/-97.736415,"810, Red River Street, 78701",Hotel / Hospitality listing operated by Hotel Indigo.,"Staycation perks, partner-hosted events, and sponsor activations",24/7,+1 512 4811000,hotelindigoatx@gmail.com,https://www.ihg.com/hotelindigo/hotels/us/en/austin/ausit/hoteldetail,No public special listed in source data,No public deal listed in source data,No public event listing in source data,OpenStreetMap / Overpass,2026-02-26T22:37:02Z
Hotel Saint Cecilia,Hotel / Hospitality,relation,6148953,30.252046,-97.746744,https://www.openstreetmap.org/relation/6148953#map=19/30.252046/-97.746744,https://www.openstreetmap.org/?mlat=30.252046&mlon=-97.746744#map=18/30.252046/-97.746744,"122, Academy Drive",Hotel / Hospitality listing in Downtown Austin.,"Staycation perks, partner-hosted events, and sponsor activations",Not listed,,,,No public special listed in source data,No public deal listed in source data,No public event listing in source data,OpenStreetMap / Overpass,2026-02-26T22:37:02Z
Hotel Van Zandt,Hotel / Hospitality,way,923351520,30.259966,-97.739141,https://www.openstreetmap.org/way/923351520#map=19/30.259966/-97.739141,https://www.openstreetmap.org/?mlat=30.259966&mlon=-97.739141#map=18/30.259966/-97.739141,"605, Davis Street, Austin, TX, 78701",Hotel / Hospitality listing in Downtown Austin.,"Staycation perks, partner-hosted events, and sponsor activations",Not listed,+1-512-542-5300,info@hotelvanzandt.com,https://www.hotelvanzandt.com/,No public special listed in source data,No public deal listed in source data,No public event listing in source data,OpenStreetMap / Overpass,2026-02-26T22:37:02Z
Hotel ZaZa,Hotel / Hospitality,way,903084328,30.26726,-97.746257,https://www.openstreetmap.org/way/903084328#map=19/30.267260/-97.746257,https://www.openstreetmap.org/?mlat=30.267260&mlon=-97.746257#map=18/30.267260/-97.746257,"400, Lavaca Street, Austin, TX, 78701",Hotel / Hospitality listing in Downtown Austin.,"Staycation perks, partner-hosted events, and sponsor activations",Not listed,,,https://www.hotelzaza.com/austin/,No public special listed in source data,No public deal listed in source data,No public event listing in source data,OpenStreetMap / Overpass,2026-02-26T22:37:02Z
Hyatt Centric Congress Avenue Austin,Hotel / Hospitality,way,328526440,30.269652,-97.741761,https://www.openstreetmap.org/way/328526440#map=19/30.269652/-97.741761,https://www.openstreetmap.org/?mlat=30.269652&mlon=-97.741761#map=18/30.269652/-97.741761,"721, Congress Avenue, Austin, TX, 78701",Hotel / Hospitality listing operated by Hyatt Centric.,"Staycation perks, partner-hosted events, and sponsor activations",Not listed,+1 512-439-1234,AUSCT-RFP@hyatt.com,http://hyattcentriccongressavenueaustin.com/,No public special listed in source data,No public deal listed in source data,No public event listing in source data,OpenStreetMap / Overpass,2026-02-26T22:37:02Z
Hyatt House,Hotel / Hospitality,way,516285435,30.269788,-97.736804,https://www.openstreetmap.org/way/516285435#map=19/30.269788/-97.736804,https://www.openstreetmap.org/?mlat=30.269788&mlon=-97.736804#map=18/30.269788/-97.736804,"901, Neches Street, Austin, TX, 78701",Hotel / Hospitality listing operated by Hyatt House.,"Staycation perks, partner-hosted events, and sponsor activations",Not listed,+1 512-391-0000,,https://www.hyatt.com/en-us/hotel/texas/hyatt-house-austin-downtown/ausxd,No public special listed in source data,No public deal listed in source data,No public event listing in source data,OpenStreetMap / Overpass,2026-02-26T22:37:02Z
Hyatt Place,Hotel / Hospitality,way,231125471,30.264403,-97.741889,https://www.openstreetmap.org/way/231125471#map=19/30.264403/-97.741889,https://www.openstreetmap.org/?mlat=30.264403&mlon=-97.741889#map=18/30.264403/-97.741889,"211, East 3rd Street, Austin, TX, 78701",Hotel / Hospitality listing operated by Hyatt Place.,"Staycation perks, partner-hosted events, and sponsor activations",Not listed,+1 512-476-4440,,https://www.hyatt.com/en-us/hotel/texas/hyatt-place-austin-downtown/auszd,No public special listed in source data,No public deal listed in source data,No public event listing in source data,OpenStreetMap / Overpass,2026-02-26T22:37:02Z
Hyatt Regency Austin,Hotel / Hospitality,way,104137285,30.260707,-97.746762,https://www.openstreetmap.org/way/104137285#map=19/30.260707/-97.746762,https://www.openstreetmap.org/?mlat=30.260707&mlon=-97.746762#map=18/30.260707/-97.746762,"208, Barton Springs Road, Austin, TX, 78704",Hotel / Hospitality listing operated by Hyatt Regency.,"Staycation perks, partner-hosted events, and sponsor activations",Not listed,+1 512-477-1234,,https://www.hyatt.com/en-us/hotel/texas/hyatt-regency-austin/ausra,No public special listed in source data,No public deal listed in source data,No public event listing in source data,OpenStreetMap / Overpass,2026-02-26T22:37:02Z
JW Marriott Austin,Hotel / Hospitality,way,231123149,30.264557,-97.743336,https://www.openstreetmap.org/way/231123149#map=19/30.264557/-97.743336,https://www.openstreetmap.org/?mlat=30.264557&mlon=-97.743336#map=18/30.264557/-97.743336,,Hotel / Hospitality listing operated by JW Marriott.,"Staycation perks, partner-hosted events, and sponsor activations",Not listed,,,https://www.jwmarriottaustin.com/,No public special listed in source data,No public deal listed in source data,No public event listing in source data,OpenStreetMap / Overpass,2026-02-26T22:37:02Z
Kimber Modern Hotel,Hotel / Hospitality,way,382550038,30.250062,-97.748417,https://www.openstreetmap.org/way/382550038#map=19/30.250062/-97.748417,https://www.openstreetmap.org/?mlat=30.250062&mlon=-97.748417#map=18/30.250062/-97.748417,"110, The Circle",Hotel / Hospitality listing in Downtown Austin.,"Staycation perks, partner-hosted events, and sponsor activations",Not listed,,,,No public special listed in source data,No public deal listed in source data,No public event listing in source data,OpenStreetMap / Overpass,2026-02-26T22:37:02Z
La Quinta Inn,Hotel / Hospitality,relation,6344579,30.272159,-97.737992,https://www.openstreetmap.org/relation/6344579#map=19/30.272159/-97.737992,https://www.openstreetmap.org/?mlat=30.272159&mlon=-97.737992#map=18/30.272159/-97.737992,"300, East 11th Street, Austin, TX, 78701",Hotel / Hospitality listing operated by La Quinta Inn.,"Staycation perks, partner-hosted events, and sponsor activations",Not listed,,,,No public special listed in source data,No public deal listed in source data,No public event listing in source data,OpenStreetMap / Overpass,2026-02-26T22:37:02Z
LINE,Hotel / Hospitality,way,37417989,30.262723,-97.743975,https://www.openstreetmap.org/way/37417989#map=19/30.262723/-97.743975,https://www.openstreetmap.org/?mlat=30.262723&mlon=-97.743975#map=18/30.262723/-97.743975,"101, East Cesar Chavez Street, 78701",Hotel / Hospitality listing in Downtown Austin.,"Staycation perks, partner-hosted events, and sponsor activations",Not listed,,,,No public special listed in source data,No public deal listed in source data,No public event listing in source data,OpenStreetMap / Overpass,2026-02-26T22:37:02Z
Omni Austin Hotel Downtown,Hotel / Hospitality,way,183289651,30.268938,-97.740406,https://www.openstreetmap.org/way/183289651#map=19/30.268938/-97.740406,https://www.openstreetmap.org/?mlat=30.268938&mlon=-97.740406#map=18/30.268938/-97.740406,"700, San Jacinto, Austin, TX, 78701",Hotel / Hospitality listing operated by Omni Hotels & Resorts.,"Staycation perks, partner-hosted events, and sponsor activations",Not listed,+1-512-476-3700,,https://www.omnihotels.com/hotels/austin-downtown,No public special listed in source data,No public deal listed in source data,No public event listing in source data,OpenStreetMap / Overpass,2026-02-26T22:37:02Z
Omni Hotel & Resorts,Hotel / Hospitality,node,2090753307,30.272183,-97.747027,https://www.openstreetmap.org/node/2090753307#map=19/30.272183/-97.747027,https://www.openstreetmap.org/?mlat=30.272183&mlon=-97.747027#map=18/30.272183/-97.747027,,Hotel / Hospitality listing in Downtown Austin.,"Staycation perks, partner-hosted events, and sponsor activations",Not listed,,,,No public special listed in source data,No public deal listed in source data,No public event listing in source data,OpenStreetMap / Overpass,2026-02-26T22:37:02Z
Residence Inn Austin Downtown/Convention Center,Hotel / Hospitality,way,923358549,30.26577,-97.740693,https://www.openstreetmap.org/way/923358549#map=19/30.265770/-97.740693,https://www.openstreetmap.org/?mlat=30.265770&mlon=-97.740693#map=18/30.265770/-97.740693,"300, East 4th Street, Austin, TX, 78701",Hotel / Hospitality listing operated by Residence Inn.,"Staycation perks, partner-hosted events, and sponsor activations",Not listed,+1 512-236-8008,,https://www.marriott.com/ausrd,No public special listed in source data,No public deal listed in source data,No public event listing in source data,OpenStreetMap / Overpass,2026-02-26T22:37:02Z
South Congress Hotel,Hotel / Hospitality,way,141119282,30.247395,-97.750089,https://www.openstreetmap.org/way/141119282#map=19/30.247395/-97.750089,https://www.openstreetmap.org/?mlat=30.247395&mlon=-97.750089#map=18/30.247395/-97.750089,"1603, South Congress Avenue, Austin, TX, 78704",Hotel / Hospitality listing in Downtown Austin.,"Staycation perks, partner-hosted events, and sponsor activations",Not listed,+1-512-920-6405,,https://southcongresshotel.com,No public special listed in source data,No public deal listed in source data,No public event listing in source data,OpenStreetMap / Overpass,2026-02-26T22:37:02Z
Super 8 Austin/Dtwn/Capitol Area,Hotel / Hospitality,way,382130700,30.272323,-97.731003,https://www.openstreetmap.org/way/382130700#map=19/30.272323/-97.731003,https://www.openstreetmap.org/?mlat=30.272323&mlon=-97.731003#map=18/30.272323/-97.731003,"Austin, TX, 78702",Hotel / Hospitality listing operated by Super 8.,"Staycation perks, partner-hosted events, and sponsor activations",Not listed,+1 512-472-8331,,https://www.wyndhamhotels.com/super-8/austin-texas/super-8-austin-dtwn-capitol-area/overview,No public special listed in source data,No public deal listed in source data,No public event listing in source data,OpenStreetMap / Overpass,2026-02-26T22:37:02Z
The Carpenter Hotel,Hotel / Hospitality,way,881151018,30.262187,-97.759326,https://www.openstreetmap.org/way/881151018#map=19/30.262187/-97.759326,https://www.openstreetmap.org/?mlat=30.262187&mlon=-97.759326#map=18/30.262187/-97.759326,"400, Josephine Street, Austin, TX, 78704",Hotel / Hospitality listing operated by Bunkhouse Hotels.,"Staycation perks, partner-hosted events, and sponsor activations",Not listed,+1-512-682-5300,,https://carpenterhotel.com/,No public special listed in source data,No public deal listed in source data,No public event listing in source data,OpenStreetMap / Overpass,2026-02-26T22:37:02Z
The Cat Noir Hotel,Hotel / Hospitality,way,908947571,30.268717,-97.728414,https://www.openstreetmap.org/way/908947571#map=19/30.268717/-97.728414,https://www.openstreetmap.org/?mlat=30.268717&mlon=-97.728414#map=18/30.268717/-97.728414,"1123, East 11th Street, Austin, TX, 78702",Hotel / Hospitality listing in Downtown Austin.,"Staycation perks, partner-hosted events, and sponsor activations",Not listed,,,,No public special listed in source data,No public deal listed in source data,No public event listing in source data,OpenStreetMap / Overpass,2026-02-26T22:37:02Z
The Driskill,Hotel / Hospitality,way,313917989,30.268114,-97.741721,https://www.openstreetmap.org/way/313917989#map=19/30.268114/-97.741721,https://www.openstreetmap.org/?mlat=30.268114&mlon=-97.741721#map=18/30.268114/-97.741721,"604, Brazos Street, Austin, TX, 78701",Hotel / Hospitality listing in Downtown Austin.,"Staycation perks, partner-hosted events, and sponsor activations",Not listed,,,https://driskillhotel.com,No public special listed in source data,No public deal listed in source data,No public event listing in source data,OpenStreetMap / Overpass,2026-02-26T22:37:02Z
The Loren at Lady Bird Lake,Hotel / Hospitality,node,8964090024,30.264033,-97.756728,https://www.openstreetmap.org/node/8964090024#map=19/30.264033/-97.756728,https://www.openstreetmap.org/?mlat=30.264033&mlon=-97.756728#map=18/30.264033/-97.756728,"1211, West Riverside Drive, Austin, TX, 78704",Hotel / Hospitality listing operated by The Loren.,"Staycation perks, partner-hosted events, and sponsor activations",Not listed,+1-512-580-1182,atx.concierge@thelorenhotel.com,https://www.thelorenhotels.com/austin/,No public special listed in source data,No public deal listed in source data,No public event listing in source data,OpenStreetMap / Overpass,2026-02-26T22:37:02Z
"The Otis Hotel, Autograph Collection",Hotel / Hospitality,way,893962422,30.282462,-97.742859,https://www.openstreetmap.org/way/893962422#map=19/30.282462/-97.742859,https://www.openstreetmap.org/?mlat=30.282462&mlon=-97.742859#map=18/30.282462/-97.742859,"1901, San Antonio Street, Austin, TX, 78705",Hotel / Hospitality listing operated by AC Hotel.,"Staycation perks, partner-hosted events, and sponsor activations",Not listed,,,,No public special listed in source data,No public deal listed in source data,No public event listing in source data,OpenStreetMap / Overpass,2026-02-26T22:37:02Z
The Stephen F Austin Royal Sonesta Hotel,Hotel / Hospitality,way,328526453,30.269101,-97.741967,https://www.openstreetmap.org/way/328526453#map=19/30.269101/-97.741967,https://www.openstreetmap.org/?mlat=30.269101&mlon=-97.741967#map=18/30.269101/-97.741967,"701, Congress Avenue, Austin, TX, 78701",Hotel / Hospitality listing operated by Sonesta.,"Staycation perks, partner-hosted events, and sponsor activations",Not listed,+1 512 457 8800,reservations@sonesta.com,https://www.sonesta.com/us/texas/austin/stephen-f-austin-royal-sonesta-hotel,No public special listed in source data,No public deal listed in source data,No public event listing in source data,OpenStreetMap / Overpass,2026-02-26T22:37:02Z
The Westin Austin Downtown,Hotel / Hospitality,way,448210521,30.266641,-97.740329,https://www.openstreetmap.org/way/448210521#map=19/30.266641/-97.740329,https://www.openstreetmap.org/?mlat=30.266641&mlon=-97.740329#map=18/30.266641/-97.740329,"310, East 5th Street, Austin, TX, 78701",Hotel / Hospitality listing operated by Westin.,"Staycation perks, partner-hosted events, and sponsor activations",Not listed,+1 512-391-2333,sales@westinaustindowntown.com,https://www.marriott.com/hotels/travel/auswi-the-westin-austin-downtown/,No public special listed in source data,No public deal listed in source data,No public event listing in source data,OpenStreetMap / Overpass,2026-02-26T22:37:02Z
Thompson Austin,Hotel / Hospitality,way,927242882,30.266886,-97.741199,https://www.openstreetmap.org/way/927242882#map=19/30.266886/-97.741199,https://www.openstreetmap.org/?mlat=30.266886&mlon=-97.741199#map=18/30.266886/-97.741199,"501, Brazos Street, Austin, TX, 78701",Hotel / Hospitality listing operated by Thompson Hotels.,"Staycation perks, partner-hosted events, and sponsor activations",Not listed,,,,No public special listed in source data,No public deal listed in source data,No public event listing in source data,OpenStreetMap / Overpass,2026-02-26T22:37:02Z
W Austin,Hotel / Hospitality,way,134807228,30.265668,-97.746979,https://www.openstreetmap.org/way/134807228#map=19/30.265668/-97.746979,https://www.openstreetmap.org/?mlat=30.265668&mlon=-97.746979#map=18/30.265668/-97.746979,"200, Lavaca Street, Austin, TX, 78701",Hotel / Hospitality listing operated by W Hotels.,"Staycation perks, partner-hosted events, and sponsor activations",Not listed,+1 512-542-3600,waustinreservations@whotels.com,https://www.marriott.com/hotels/travel/auswh-w-austin/,No public special listed in source data,No public deal listed in source data,No public event listing in source data,OpenStreetMap / Overpass,2026-02-26T22:37:02Z
WorldMark Austin,Hotel / Hospitality,node,5133166923,30.27165,-97.747475,https://www.openstreetmap.org/node/5133166923#map=19/30.271650/-97.747475,https://www.openstreetmap.org/?mlat=30.271650&mlon=-97.747475#map=18/30.271650/-97.747475,"805, Nueces Street, Austin, TX, 78701",Hotel / Hospitality listing operated by WorldMark by Wyndham.,"Staycation perks, partner-hosted events, and sponsor activations",Not listed,,,,No public special listed in source data,No public deal listed in source data,No public event listing in source data,OpenStreetMap / Overpass,2026-02-26T22:37:02Z
100 Congress,Office / Business,way,206165495,30.264,-97.744788,https://www.openstreetmap.org/way/206165495#map=19/30.264000/-97.744788,https://www.openstreetmap.org/?mlat=30.264000&mlon=-97.744788#map=18/30.264000/-97.744788,"100, Congress Avenue, Austin, 78701",Office / Business listing in Downtown Austin.,"Workforce engagement, after-work traffic, and local partnerships",Not listed,,,,No public special listed in source data,No public deal listed in source data,No public event listing in source data,OpenStreetMap / Overpass,2026-02-26T22:37:02Z
1515 Cesar Chavez,Office / Business,way,1229547531,30.258484,-97.729269,https://www.openstreetmap.org/way/1229547531#map=19/30.258484/-97.729269,https://www.openstreetmap.org/?mlat=30.258484&mlon=-97.729269#map=18/30.258484/-97.729269,"1515, East Cesar Chavez Street, Austin, TX, 78702",Office / Business listing in Downtown Austin.,"Workforce engagement, after-work traffic, and local partnerships",Not listed,,,https://www.1515cesarchavez.com,No public special listed in source data,No public deal listed in source data,No public event listing in source data,OpenStreetMap / Overpass,2026-02-26T22:37:02Z
1836 San Jacinto,Office / Business,way,677725120,30.279535,-97.736239,https://www.openstreetmap.org/way/677725120#map=19/30.279535/-97.736239,https://www.openstreetmap.org/?mlat=30.279535&mlon=-97.736239#map=18/30.279535/-97.736239,"1836, San Jacinto Boulevard, Austin, TX, 78701",Office / Business listing in Downtown Austin.,"Workforce engagement, after-work traffic, and local partnerships",Not listed,,,,No public special listed in source data,No public deal listed in source data,No public event listing in source data,OpenStreetMap / Overpass,2026-02-26T22:37:02Z
300 Colorado,Office / Business,way,957405852,30.266019,-97.745492,https://www.openstreetmap.org/way/957405852#map=19/30.266019/-97.745492,https://www.openstreetmap.org/?mlat=30.266019&mlon=-97.745492#map=18/30.266019/-97.745492,"300, Colorado Street, Austin, TX, 78701",Office / Business listing in Downtown Austin.,"Workforce engagement, after-work traffic, and local partnerships",Not listed,,,,No public special listed in source data,No public deal listed in source data,No public event listing in source data,OpenStreetMap / Overpass,2026-02-26T22:37:02Z
301 Congress,Office / Business,way,328634432,30.265327,-97.743062,https://www.openstreetmap.org/way/328634432#map=19/30.265327/-97.743062,https://www.openstreetmap.org/?mlat=30.265327&mlon=-97.743062#map=18/30.265327/-97.743062,"301, Congress Avenue, 78701",Office / Business listing in Downtown Austin.,"Workforce engagement, after-work traffic, and local partnerships",Not listed,,,,No public special listed in source data,No public deal listed in source data,No public event listing in source data,OpenStreetMap / Overpass,2026-02-26T22:37:02Z
405 Colorado,Office / Business,way,957405851,30.266724,-97.74438,https://www.openstreetmap.org/way/957405851#map=19/30.266724/-97.744380,https://www.openstreetmap.org/?mlat=30.266724&mlon=-97.744380#map=18/30.266724/-97.744380,"405, Colorado Street, Austin, TX, 78701",Office / Business listing in Downtown Austin.,"Workforce engagement, after-work traffic, and local partnerships",Not listed,,,,No public special listed in source data,No public deal listed in source data,No public event listing in source data,OpenStreetMap / Overpass,2026-02-26T22:37:02Z
Accenture,Office / Business,node,9517424345,30.26585,-97.743422,https://www.openstreetmap.org/node/9517424345#map=19/30.265850/-97.743422,https://www.openstreetmap.org/?mlat=30.265850&mlon=-97.743422#map=18/30.265850/-97.743422,"323, Congress Avenue, Austin, TX, 78701",Office / Business listing operated by Accenture.,"Workforce engagement, after-work traffic, and local partnerships",Not listed,,,,No public special listed in source data,No public deal listed in source data,No public event listing in source data,OpenStreetMap / Overpass,2026-02-26T22:37:02Z
Acton School of Business,Office / Business,way,382446224,30.248007,-97.73302,https://www.openstreetmap.org/way/382446224#map=19/30.248007/-97.733020,https://www.openstreetmap.org/?mlat=30.248007&mlon=-97.733020#map=18/30.248007/-97.733020,"1404, East Riverside Drive, Austin, TX, 78741",Office / Business listing in Downtown Austin.,"Workforce engagement, after-work traffic, and local partnerships",Not listed,+1-512-495-9925,,https://www.actonnga.org/,No public special listed in source data,No public deal listed in source data,No public event listing in source data,OpenStreetMap / Overpass,2026-02-26T22:37:02Z
AMLI South Shore Leasing Office,Office / Business,node,8419564876,30.245262,-97.730132,https://www.openstreetmap.org/node/8419564876#map=19/30.245262/-97.730132,https://www.openstreetmap.org/?mlat=30.245262&mlon=-97.730132#map=18/30.245262/-97.730132,"1620, East Riverside Drive, Austin, TX, 78741",Office / Business listing in Downtown Austin.,"Workforce engagement, after-work traffic, and local partnerships",Mo-Sa 10:00-18:00; Su 12:00-17:00,+1-844-323-3945,,https://www.amli.com/apartments/austin/downtown-austin-apartments/amli-south-shore,No public special listed in source data,No public deal listed in source data,No public event listing in source data,OpenStreetMap / Overpass,2026-02-26T22:37:02Z
"Anaconda, Inc",Office / Business,node,5973016426,30.269043,-97.745683,https://www.openstreetmap.org/node/5973016426#map=19/30.269043/-97.745683,https://www.openstreetmap.org/?mlat=30.269043&mlon=-97.745683#map=18/30.269043/-97.745683,"221, West 6th Street, Austin, TX, 78701",Office / Business listing in Downtown Austin.,"Workforce engagement, after-work traffic, and local partnerships",Not listed,,,,No public special listed in source data,No public deal listed in source data,No public event listing in source data,OpenStreetMap / Overpass,2026-02-26T22:37:02Z
Army Futures Command,Office / Business,node,10998428908,30.269727,-97.744474,https://www.openstreetmap.org/node/10998428908#map=19/30.269727/-97.744474,https://www.openstreetmap.org/?mlat=30.269727&mlon=-97.744474#map=18/30.269727/-97.744474,"210, West 7th Street, Austin, TX, 78701",Office / Business listing in Downtown Austin.,"Workforce engagement, after-work traffic, and local partnerships",Not listed,,,https://www.army.mil/futures,No public special listed in source data,No public deal listed in source data,No public event listing in source data,OpenStreetMap / Overpass,2026-02-26T22:37:02Z
Atlassian,Office / Business,node,12187452820,30.262869,-97.728659,https://www.openstreetmap.org/node/12187452820#map=19/30.262869/-97.728659,https://www.openstreetmap.org/?mlat=30.262869&mlon=-97.728659#map=18/30.262869/-97.728659,"1401, East 5th Street, Austin, TX, 78702",Office / Business listing in Downtown Austin.,"Workforce engagement, after-work traffic, and local partnerships",Not listed,,,,No public special listed in source data,No public deal listed in source data,No public event listing in source data,OpenStreetMap / Overpass,2026-02-26T22:37:02Z
Austin American Statesman,Office / Business,relation,7360833,30.258649,-97.744595,https://www.openstreetmap.org/relation/7360833#map=19/30.258649/-97.744595,https://www.openstreetmap.org/?mlat=30.258649&mlon=-97.744595#map=18/30.258649/-97.744595,"305, South Congress Avenue, Austin, TX, 78704",Office / Business listing in Downtown Austin.,"Workforce engagement, after-work traffic, and local partnerships",Not listed,+1-512-445-4040,,https://www.statesman.com/,No public special listed in source data,No public deal listed in source data,No public event listing in source data,OpenStreetMap / Overpass,2026-02-26T22:37:02Z
Austin Parks and Recreation Department,Office / Business,way,383353304,30.26495,-97.758646,https://www.openstreetmap.org/way/383353304#map=19/30.264950/-97.758646,https://www.openstreetmap.org/?mlat=30.264950&mlon=-97.758646#map=18/30.264950/-97.758646,"200, South Lamar Boulevard, Austin, TX, 78704",Office / Business listing in Downtown Austin.,"Workforce engagement, after-work traffic, and local partnerships",Mo-Fr 08:00-17:00,+1-512-974-6700,,https://www.austintexas.gov/department/parks-and-recreation,No public special listed in source data,No public deal listed in source data,No public event listing in source data,OpenStreetMap / Overpass,2026-02-26T22:37:02Z
Austin Transportation Department,Office / Business,way,383353212,30.263264,-97.759204,https://www.openstreetmap.org/way/383353212#map=19/30.263264/-97.759204,https://www.openstreetmap.org/?mlat=30.263264&mlon=-97.759204#map=18/30.263264/-97.759204,"1501, Toomey Road, Austin, TX, 78704",Office / Business listing in Downtown Austin.,"Workforce engagement, after-work traffic, and local partnerships",Not listed,,,,No public special listed in source data,No public deal listed in source data,No public event listing in source data,OpenStreetMap / Overpass,2026-02-26T22:37:02Z
Barbara Jordan State Office Building,Office / Business,way,93079527,30.278137,-97.738526,https://www.openstreetmap.org/way/93079527#map=19/30.278137/-97.738526,https://www.openstreetmap.org/?mlat=30.278137&mlon=-97.738526#map=18/30.278137/-97.738526,"1601, North Congress Avenue, Austin, TX, 78701",Office / Business listing in Downtown Austin.,"Workforce engagement, after-work traffic, and local partnerships",Not listed,,,,No public special listed in source data,No public deal listed in source data,No public event listing in source data,OpenStreetMap / Overpass,2026-02-26T22:37:02Z
Berkshire Riverview office,Office / Business,node,8419470083,30.247839,-97.733615,https://www.openstreetmap.org/node/8419470083#map=19/30.247839/-97.733615,https://www.openstreetmap.org/?mlat=30.247839&mlon=-97.733615#map=18/30.247839/-97.733615,"1300, East Riverside Drive, Austin, TX, 78741",Office / Business listing in Downtown Austin.,"Workforce engagement, after-work traffic, and local partnerships",Mo-Fr 09:00-18:00; Sa 10:00-17:00; Su 13:00-17:00,+1-512-442-8100,,https://www.riverviewaustin.com/,No public special listed in source data,No public deal listed in source data,No public event listing in source data,OpenStreetMap / Overpass,2026-02-26T22:37:02Z
Bitcoin Commons,Office / Business,node,12611675118,30.26812,-97.742469,https://www.openstreetmap.org/node/12611675118#map=19/30.268120/-97.742469,https://www.openstreetmap.org/?mlat=30.268120&mlon=-97.742469#map=18/30.268120/-97.742469,,Office / Business listing in Downtown Austin.,"Workforce engagement, after-work traffic, and local partnerships",Mo-Fr 08:00-18:00,,,https://www.bitcoincommons.com/,No public special listed in source data,No public deal listed in source data,No public event listing in source data,OpenStreetMap / Overpass,2026-02-26T22:37:02Z
Bitcoin Prophets,Office / Business,node,13309470235,30.283342,-97.74132,https://www.openstreetmap.org/node/13309470235#map=19/30.283342/-97.741320,https://www.openstreetmap.org/?mlat=30.283342&mlon=-97.741320#map=18/30.283342/-97.741320,"2025, Guadalupe Street, Austin, TX, 78705",Office / Business listing in Downtown Austin.,"Workforce engagement, after-work traffic, and local partnerships",Not listed,+1 512 710 6102,mateo@bitcoin-prophets.com,https://www.bitcoin-prophets.com/,No public special listed in source data,No public deal listed in source data,No public event listing in source data,OpenStreetMap / Overpass,2026-02-26T22:37:02Z
Block 185,Office / Business,way,961789209,30.265571,-97.750451,https://www.openstreetmap.org/way/961789209#map=19/30.265571/-97.750451,https://www.openstreetmap.org/?mlat=30.265571&mlon=-97.750451#map=18/30.265571/-97.750451,"601, West 2nd Street, Austin, TX, 78701",Office / Business listing operated by Cousins Properties.,"Workforce engagement, after-work traffic, and local partnerships",Not listed,,,,No public special listed in source data,No public deal listed in source data,No public event listing in source data,OpenStreetMap / Overpass,2026-02-26T22:37:02Z
Capitol Center,Office / Business,way,516282869,30.271386,-97.741113,https://www.openstreetmap.org/way/516282869#map=19/30.271386/-97.741113,https://www.openstreetmap.org/?mlat=30.271386&mlon=-97.741113#map=18/30.271386/-97.741113,"919, Congress Avenue, Austin, TX, 78701",Office / Business listing in Downtown Austin.,"Workforce engagement, after-work traffic, and local partnerships",Not listed,,,,No public special listed in source data,No public deal listed in source data,No public event listing in source data,OpenStreetMap / Overpass,2026-02-26T22:37:02Z
Centro North,Office / Business,way,951253697,30.263327,-97.72812,https://www.openstreetmap.org/way/951253697#map=19/30.263327/-97.728120,https://www.openstreetmap.org/?mlat=30.263327&mlon=-97.728120#map=18/30.263327/-97.728120,"1401, East 6th Street, Austin, TX, 78702",Office / Business listing in Downtown Austin.,"Workforce engagement, after-work traffic, and local partnerships",Not listed,,,,No public special listed in source data,No public deal listed in source data,No public event listing in source data,OpenStreetMap / Overpass,2026-02-26T22:37:02Z
Centro South,Office / Business,way,1051145327,30.262896,-97.728306,https://www.openstreetmap.org/way/1051145327#map=19/30.262896/-97.728306,https://www.openstreetmap.org/?mlat=30.262896&mlon=-97.728306#map=18/30.262896/-97.728306,"1401, East 6th Street, Austin, TX, 78702",Office / Business listing in Downtown Austin.,"Workforce engagement, after-work traffic, and local partnerships",Not listed,,,,No public special listed in source data,No public deal listed in source data,No public event listing in source data,OpenStreetMap / Overpass,2026-02-26T22:37:02Z
Charles Schwab,Office / Business,node,11242814772,30.267218,-97.742874,https://www.openstreetmap.org/node/11242814772#map=19/30.267218/-97.742874,https://www.openstreetmap.org/?mlat=30.267218&mlon=-97.742874#map=18/30.267218/-97.742874,"501, Congress Avenue, Austin, TX, 78701",Office / Business listing operated by Charles Schwab.,"Workforce engagement, after-work traffic, and local partnerships",Not listed,+1-512-370-3880,,,No public special listed in source data,No public deal listed in source data,No public event listing in source data,OpenStreetMap / Overpass,2026-02-26T22:37:02Z
Chuy's Restaurant Home Office,Office / Business,way,383353434,30.264294,-97.761134,https://www.openstreetmap.org/way/383353434#map=19/30.264294/-97.761134,https://www.openstreetmap.org/?mlat=30.264294&mlon=-97.761134#map=18/30.264294/-97.761134,"1623, Toomey Road, Austin, TX, 78704",Office / Business listing in Downtown Austin.,"Workforce engagement, after-work traffic, and local partnerships",Not listed,+1-512-473-2783,,,No public special listed in source data,No public deal listed in source data,No public event listing in source data,OpenStreetMap / Overpass,2026-02-26T22:37:02Z
"Cirrus Logic, Inc.",Office / Business,node,6967476008,30.270526,-97.750714,https://www.openstreetmap.org/node/6967476008#map=19/30.270526/-97.750714,https://www.openstreetmap.org/?mlat=30.270526&mlon=-97.750714#map=18/30.270526/-97.750714,"800, West 6th Street, Austin, TX, 78701",Office / Business listing in Downtown Austin.,"Workforce engagement, after-work traffic, and local partnerships",Not listed,,,,No public special listed in source data,No public deal listed in source data,No public event listing in source data,OpenStreetMap / Overpass,2026-02-26T22:37:02Z
Cisco Systems,Office / Business,node,13439814901,30.269072,-97.749037,https://www.openstreetmap.org/node/13439814901#map=19/30.269072/-97.749037,https://www.openstreetmap.org/?mlat=30.269072&mlon=-97.749037#map=18/30.269072/-97.749037,"600, West 5th Street",Office / Business listing in Downtown Austin.,"Workforce engagement, after-work traffic, and local partnerships",Not listed,,,,No public special listed in source data,No public deal listed in source data,No public event listing in source data,OpenStreetMap / Overpass,2026-02-26T22:37:02Z
Cloudflare,Office / Business,node,9731114867,30.26129,-97.726795,https://www.openstreetmap.org/node/9731114867#map=19/30.261290/-97.726795,https://www.openstreetmap.org/?mlat=30.261290&mlon=-97.726795#map=18/30.261290/-97.726795,"405, Comal Street, Austin, TX, 78702",Office / Business listing operated by Cloudflare.,"Workforce engagement, after-work traffic, and local partnerships",Mo-Fr 09:00-17:00,+1-888-993-5273,,https://cloudflare.com,No public special listed in source data,No public deal listed in source data,No public event listing in source data,OpenStreetMap / Overpass,2026-02-26T22:37:02Z
College Houses Cooperatives,Office / Business,node,8119673738,30.283815,-97.746903,https://www.openstreetmap.org/node/8119673738#map=19/30.283815/-97.746903,https://www.openstreetmap.org/?mlat=30.283815&mlon=-97.746903#map=18/30.283815/-97.746903,"1906, Pearl Street, Austin, TX, 78705",Office / Business listing in Downtown Austin.,"Workforce engagement, after-work traffic, and local partnerships",Not listed,+1-512-476-5678,,https://collegehouses.org/,No public special listed in source data,No public deal listed in source data,No public event listing in source data,OpenStreetMap / Overpass,2026-02-26T22:37:02Z
Congress Square II,Office / Business,way,382550334,30.255392,-97.747051,https://www.openstreetmap.org/way/382550334#map=19/30.255392/-97.747051,https://www.openstreetmap.org/?mlat=30.255392&mlon=-97.747051#map=18/30.255392/-97.747051,,Office / Business listing in Downtown Austin.,"Workforce engagement, after-work traffic, and local partnerships",Not listed,,,,No public special listed in source data,No public deal listed in source data,No public event listing in source data,OpenStreetMap / Overpass,2026-02-26T22:37:02Z
Consulate General of Ireland,Office / Business,node,10587569838,30.267748,-97.742646,https://www.openstreetmap.org/node/10587569838#map=19/30.267748/-97.742646,https://www.openstreetmap.org/?mlat=30.267748&mlon=-97.742646#map=18/30.267748/-97.742646,"515, Congress Avenue, Austin, TX, 78701",Office / Business listing in Downtown Austin.,"Workforce engagement, after-work traffic, and local partnerships","Mo-Fr 09:30-12:30,14:00-17:00 open ""By appointment only""; PH off",+1 512-792-5500,,https://www.ireland.ie/en/usa/austin/,No public special listed in source data,No public deal listed in source data,No public event listing in source data,OpenStreetMap / Overpass,2026-02-26T22:37:02Z
Council Chambers,Office / Business,node,12939212596,30.264628,-97.747501,https://www.openstreetmap.org/node/12939212596#map=19/30.264628/-97.747501,https://www.openstreetmap.org/?mlat=30.264628&mlon=-97.747501#map=18/30.264628/-97.747501,"301, West 2nd Street, Austin, TX, 78701",Office / Business listing in Downtown Austin.,"Workforce engagement, after-work traffic, and local partnerships",Not listed,,,,No public special listed in source data,No public deal listed in source data,No public event listing in source data,OpenStreetMap / Overpass,2026-02-26T22:37:02Z
Crescent Luxury Apartments,Office / Business,node,5381391327,30.255747,-97.74595,https://www.openstreetmap.org/node/5381391327#map=19/30.255747/-97.745950,https://www.openstreetmap.org/?mlat=30.255747&mlon=-97.745950#map=18/30.255747/-97.745950,"127, East Riverside Drive, Austin, TX, 78704",Office / Business listing in Downtown Austin.,"Workforce engagement, after-work traffic, and local partnerships",Mo-Fr 09:00-19:00; Sa-Su 09:00-18:00,+1-512-647-2333,,https://connorgroup.com/apartments-austin-tx/,No public special listed in source data,No public deal listed in source data,No public event listing in source data,OpenStreetMap / Overpass,2026-02-26T22:37:02Z
CS DISCO Inc.,Office / Business,node,12241597549,30.26344,-97.743496,https://www.openstreetmap.org/node/12241597549#map=19/30.263440/-97.743496,https://www.openstreetmap.org/?mlat=30.263440&mlon=-97.743496#map=18/30.263440/-97.743496,1,Office / Business listing in Downtown Austin.,"Workforce engagement, after-work traffic, and local partnerships",Not listed,,,,No public special listed in source data,No public deal listed in source data,No public event listing in source data,OpenStreetMap / Overpass,2026-02-26T22:37:02Z
Cushman & Wakefield,Office / Business,node,8955777038,30.264234,-97.746406,https://www.openstreetmap.org/node/8955777038#map=19/30.264234/-97.746406,https://www.openstreetmap.org/?mlat=30.264234&mlon=-97.746406#map=18/30.264234/-97.746406,"200, West Cesar Chavez Street, Austin, TX, 78701",Office / Business listing operated by Cushman & Wakefield.,"Workforce engagement, after-work traffic, and local partnerships",Not listed,,,http://www.cushmanwakefield.com/,No public special listed in source data,No public deal listed in source data,No public event listing in source data,OpenStreetMap / Overpass,2026-02-26T22:37:02Z
Dana Weis,Office / Business,node,4586944808,30.274968,-97.745992,https://www.openstreetmap.org/node/4586944808#map=19/30.274968/-97.745992,https://www.openstreetmap.org/?mlat=30.274968&mlon=-97.745992#map=18/30.274968/-97.745992,"505, West 12th Street, TX, 78701",Office / Business listing in Downtown Austin.,"Workforce engagement, after-work traffic, and local partnerships",Not listed,+1-512-326-9199,,http://www.danaweis.com,No public special listed in source data,No public deal listed in source data,No public event listing in source data,OpenStreetMap / Overpass,2026-02-26T22:37:02Z
Den Property Group,Office / Business,node,3849777251,30.266042,-97.74722,https://www.openstreetmap.org/node/3849777251#map=19/30.266042/-97.747220,https://www.openstreetmap.org/?mlat=30.266042&mlon=-97.747220#map=18/30.266042/-97.747220,"317, West 3rd Street, Austin, TX, 78701",Office / Business listing in Downtown Austin.,"Workforce engagement, after-work traffic, and local partnerships",Not listed,,,https://denpg.com/,No public special listed in source data,No public deal listed in source data,No public event listing in source data,OpenStreetMap / Overpass,2026-02-26T22:37:02Z
Dewitt C. Greer Building,Office / Business,way,42806887,30.27217,-97.740228,https://www.openstreetmap.org/way/42806887#map=19/30.272170/-97.740228,https://www.openstreetmap.org/?mlat=30.272170&mlon=-97.740228#map=18/30.272170/-97.740228,"125, East 11th Street, 78701",Office / Business listing in Downtown Austin.,"Workforce engagement, after-work traffic, and local partnerships",Not listed,,,,No public special listed in source data,No public deal listed in source data,No public event listing in source data,OpenStreetMap / Overpass,2026-02-26T22:37:02Z
Driver License Office,Office / Business,node,8295238483,30.277016,-97.738864,https://www.openstreetmap.org/node/8295238483#map=19/30.277016/-97.738864,https://www.openstreetmap.org/?mlat=30.277016&mlon=-97.738864#map=18/30.277016/-97.738864,,Office / Business listing in Downtown Austin.,"Workforce engagement, after-work traffic, and local partnerships",Mo-Fr 09:00-15:00,,,,No public special listed in source data,No public deal listed in source data,No public event listing in source data,OpenStreetMap / Overpass,2026-02-26T22:37:02Z
Elle West Avenue,Office / Business,node,3857696333,30.26827,-97.751495,https://www.openstreetmap.org/node/3857696333#map=19/30.268270/-97.751495,https://www.openstreetmap.org/?mlat=30.268270&mlon=-97.751495#map=18/30.268270/-97.751495,"300, West Avenue, 78703",Office / Business listing in Downtown Austin.,"Workforce engagement, after-work traffic, and local partnerships",Not listed,+1-512-982-0724,,https://www.ellewestave.com/,No public special listed in source data,No public deal listed in source data,No public event listing in source data,OpenStreetMap / Overpass,2026-02-26T22:37:02Z
Employees Retirement System of Texas,Office / Business,way,677725010,30.279695,-97.736669,https://www.openstreetmap.org/way/677725010#map=19/30.279695/-97.736669,https://www.openstreetmap.org/?mlat=30.279695&mlon=-97.736669#map=18/30.279695/-97.736669,"200, East 18th Street, Austin, TX, 78701",Office / Business listing in Downtown Austin.,"Workforce engagement, after-work traffic, and local partnerships",Not listed,,,https://www.ers.texas.gov/,No public special listed in source data,No public deal listed in source data,No public event listing in source data,OpenStreetMap / Overpass,2026-02-26T22:37:02Z
Enthought,Office / Business,node,8955777039,30.264188,-97.746201,https://www.openstreetmap.org/node/8955777039#map=19/30.264188/-97.746201,https://www.openstreetmap.org/?mlat=30.264188&mlon=-97.746201#map=18/30.264188/-97.746201,"200, West Cesar Chavez Street, Austin, TX, 78701",Office / Business listing in Downtown Austin.,"Workforce engagement, after-work traffic, and local partnerships",Not listed,,,,No public special listed in source data,No public deal listed in source data,No public event listing in source data,OpenStreetMap / Overpass,2026-02-26T22:37:02Z
Fjord,Office / Business,node,2696479271,30.265734,-97.743463,https://www.openstreetmap.org/node/2696479271#map=19/30.265734/-97.743463,https://www.openstreetmap.org/?mlat=30.265734&mlon=-97.743463#map=18/30.265734/-97.743463,"319, Congress Avenue, Austin, 78701",Office / Business listing in Downtown Austin.,"Workforce engagement, after-work traffic, and local partnerships",Not listed,+1-512-420-8800,,https://www.fjordnet.com/offices/austin/,No public special listed in source data,No public deal listed in source data,No public event listing in source data,OpenStreetMap / Overpass,2026-02-26T22:37:02Z
Foundry I,Office / Business,way,379194423,30.261072,-97.727908,https://www.openstreetmap.org/way/379194423#map=19/30.261072/-97.727908,https://www.openstreetmap.org/?mlat=30.261072&mlon=-97.727908#map=18/30.261072/-97.727908,"310, Comal Street, Austin, TX, 78703",Office / Business listing in Downtown Austin.,"Workforce engagement, after-work traffic, and local partnerships",Not listed,,,,No public special listed in source data,No public deal listed in source data,No public event listing in source data,OpenStreetMap / Overpass,2026-02-26T22:37:02Z
Foundry II,Office / Business,way,1015742405,30.261287,-97.726802,https://www.openstreetmap.org/way/1015742405#map=19/30.261287/-97.726802,https://www.openstreetmap.org/?mlat=30.261287&mlon=-97.726802#map=18/30.261287/-97.726802,"1600, East 4th Street, Austin, TX, 78702",Office / Business listing in Downtown Austin.,"Workforce engagement, after-work traffic, and local partnerships",Not listed,,,,No public special listed in source data,No public deal listed in source data,No public event listing in source data,OpenStreetMap / Overpass,2026-02-26T22:37:02Z
Four Leaf Clover Productions,Office / Business,way,1237873806,30.272832,-97.756841,https://www.openstreetmap.org/way/1237873806#map=19/30.272832/-97.756841,https://www.openstreetmap.org/?mlat=30.272832&mlon=-97.756841#map=18/30.272832/-97.756841,"1128, West 6th Street, Austin, TX, 78703",Office / Business listing in Downtown Austin.,"Workforce engagement, after-work traffic, and local partnerships",Not listed,,,,No public special listed in source data,No public deal listed in source data,No public event listing in source data,OpenStreetMap / Overpass,2026-02-26T22:37:02Z
Frost Bank Tower,Office / Business,way,37546502,30.266466,-97.742699,https://www.openstreetmap.org/way/37546502#map=19/30.266466/-97.742699,https://www.openstreetmap.org/?mlat=30.266466&mlon=-97.742699#map=18/30.266466/-97.742699,"419, Congress Avenue, Austin, TX, 78701",Office / Business listing in Downtown Austin.,"Workforce engagement, after-work traffic, and local partnerships",Not listed,,,,No public special listed in source data,No public deal listed in source data,No public event listing in source data,OpenStreetMap / Overpass,2026-02-26T22:37:02Z
Furman + Keil Architects,Office / Business,node,9384814114,30.268007,-97.726568,https://www.openstreetmap.org/node/9384814114#map=19/30.268007/-97.726568,https://www.openstreetmap.org/?mlat=30.268007&mlon=-97.726568#map=18/30.268007/-97.726568,,Office / Business listing in Downtown Austin.,"Workforce engagement, after-work traffic, and local partnerships",Not listed,+1-512-479-4100,,https://www.fkarchitects.net,No public special listed in source data,No public deal listed in source data,No public event listing in source data,OpenStreetMap / Overpass,2026-02-26T22:37:02Z
George H.W. Bush State Office Building,Office / Business,way,960916213,30.279881,-97.73758,https://www.openstreetmap.org/way/960916213#map=19/30.279881/-97.737580,https://www.openstreetmap.org/?mlat=30.279881&mlon=-97.737580#map=18/30.279881/-97.737580,"1801, North Congress Avenue, Austin, TX, 78701",Office / Business listing in Downtown Austin.,"Workforce engagement, after-work traffic, and local partnerships",Not listed,,,,No public special listed in source data,No public deal listed in source data,No public event listing in source data,OpenStreetMap / Overpass,2026-02-26T22:37:02Z
Google,Office / Business,node,5351338221,30.265984,-97.749341,https://www.openstreetmap.org/node/5351338221#map=19/30.265984/-97.749341,https://www.openstreetmap.org/?mlat=30.265984&mlon=-97.749341#map=18/30.265984/-97.749341,"500, West 2nd Street, 78701",Office / Business listing operated by Google.,"Workforce engagement, after-work traffic, and local partnerships",Not listed,,,,No public special listed in source data,No public deal listed in source data,No public event listing in source data,OpenStreetMap / Overpass,2026-02-26T22:37:02Z
Google,Office / Business,node,12714844121,30.265592,-97.750405,https://www.openstreetmap.org/node/12714844121#map=19/30.265592/-97.750405,https://www.openstreetmap.org/?mlat=30.265592&mlon=-97.750405#map=18/30.265592/-97.750405,,Office / Business listing operated by Google.,"Workforce engagement, after-work traffic, and local partnerships",Not listed,,,,No public special listed in source data,No public deal listed in source data,No public event listing in source data,OpenStreetMap / Overpass,2026-02-26T22:37:02Z
Great Jones,Office / Business,node,7305892985,30.258963,-97.752589,https://www.openstreetmap.org/node/7305892985#map=19/30.258963/-97.752589,https://www.openstreetmap.org/?mlat=30.258963&mlon=-97.752589#map=18/30.258963/-97.752589,"801, Barton Springs Rd, Austin, TX, 78704",Office / Business listing in Downtown Austin.,"Workforce engagement, after-work traffic, and local partnerships",Mo-Fr 08:30-17:30,+1-512-831-7133,hello@greatjones.co,https://www.greatjones.co/austin,No public special listed in source data,No public deal listed in source data,No public event listing in source data,OpenStreetMap / Overpass,2026-02-26T22:37:02Z
Great Jones,Office / Business,node,7309195501,30.25897,-97.752625,https://www.openstreetmap.org/node/7309195501#map=19/30.258970/-97.752625,https://www.openstreetmap.org/?mlat=30.258970&mlon=-97.752625#map=18/30.258970/-97.752625,"801, Barton Springs Rd, Austin, TX, 78704",Office / Business listing in Downtown Austin.,"Workforce engagement, after-work traffic, and local partnerships",Mo-Fr 08:30-17:30,+1-512-831-7133,hello@greatjones.co,https://www.greatjones.co/austin,No public special listed in source data,No public deal listed in source data,No public event listing in source data,OpenStreetMap / Overpass,2026-02-26T22:37:02Z
GSD&M,Office / Business,way,37417986,30.271576,-97.752228,https://www.openstreetmap.org/way/37417986#map=19/30.271576/-97.752228,https://www.openstreetmap.org/?mlat=30.271576&mlon=-97.752228#map=18/30.271576/-97.752228,,Office / Business listing in Downtown Austin.,"Workforce engagement, after-work traffic, and local partnerships",Not listed,,,,No public special listed in source data,No public deal listed in source data,No public event listing in source data,OpenStreetMap / Overpass,2026-02-26T22:37:02Z
HNTB,Office / Business,node,13438320730,30.268936,-97.744277,https://www.openstreetmap.org/node/13438320730#map=19/30.268936/-97.744277,https://www.openstreetmap.org/?mlat=30.268936&mlon=-97.744277#map=18/30.268936/-97.744277,"200, West 6th Street, Austin, TX, 78701",Office / Business listing in Downtown Austin.,"Workforce engagement, after-work traffic, and local partnerships",Not listed,,,https://www.hntb.com/,No public special listed in source data,No public deal listed in source data,No public event listing in source data,OpenStreetMap / Overpass,2026-02-26T22:37:02Z
Housing Authority of the City of Austin,Office / Business,way,281963143,30.245553,-97.736231,https://www.openstreetmap.org/way/281963143#map=19/30.245553/-97.736231,https://www.openstreetmap.org/?mlat=30.245553&mlon=-97.736231#map=18/30.245553/-97.736231,"1124, South Interstate 35, Austin, TX, 78704",Office / Business listing in Downtown Austin.,"Workforce engagement, after-work traffic, and local partnerships",Not listed,,,,No public special listed in source data,No public deal listed in source data,No public event listing in source data,OpenStreetMap / Overpass,2026-02-26T22:37:02Z
IBC Bank Plaza,Office / Business,way,99868670,30.268809,-97.748167,https://www.openstreetmap.org/way/99868670#map=19/30.268809/-97.748167,https://www.openstreetmap.org/?mlat=30.268809&mlon=-97.748167#map=18/30.268809/-97.748167,"500, West 5th Street",Office / Business listing in Downtown Austin.,"Workforce engagement, after-work traffic, and local partnerships",Not listed,,,,No public special listed in source data,No public deal listed in source data,No public event listing in source data,OpenStreetMap / Overpass,2026-02-26T22:37:02Z
Indeed Tower,Office / Business,way,957405853,30.26902,-97.744264,https://www.openstreetmap.org/way/957405853#map=19/30.269020/-97.744264,https://www.openstreetmap.org/?mlat=30.269020&mlon=-97.744264#map=18/30.269020/-97.744264,"200, West 6th Street, Austin, TX, 78701",Office / Business listing in Downtown Austin.,"Workforce engagement, after-work traffic, and local partnerships",Not listed,,,,No public special listed in source data,No public deal listed in source data,No public event listing in source data,OpenStreetMap / Overpass,2026-02-26T22:37:02Z
Information Evolution,Office / Business,node,12815238051,30.26172,-97.726241,https://www.openstreetmap.org/node/12815238051#map=19/30.261720/-97.726241,https://www.openstreetmap.org/?mlat=30.261720&mlon=-97.726241#map=18/30.261720/-97.726241,"1601, East 5th Street, Austin, TX, 78702",Office / Business listing in Downtown Austin.,"Workforce engagement, after-work traffic, and local partnerships",Not listed,,,https://www.informationevolution.com,No public special listed in source data,No public deal listed in source data,No public event listing in source data,OpenStreetMap / Overpass,2026-02-26T22:37:02Z
Innovation Tower,Office / Business,way,975143663,30.274164,-97.7347,https://www.openstreetmap.org/way/975143663#map=19/30.274164/-97.734700,https://www.openstreetmap.org/?mlat=30.274164&mlon=-97.734700#map=18/30.274164/-97.734700,"1350, Red River Street, Austin, TX, 78701",Office / Business listing in Downtown Austin.,"Workforce engagement, after-work traffic, and local partnerships",Not listed,,,,No public special listed in source data,No public deal listed in source data,No public event listing in source data,OpenStreetMap / Overpass,2026-02-26T22:37:02Z
J.J. Pickle Federal Building,Office / Business,way,328644613,30.269388,-97.739092,https://www.openstreetmap.org/way/328644613#map=19/30.269388/-97.739092,https://www.openstreetmap.org/?mlat=30.269388&mlon=-97.739092#map=18/30.269388/-97.739092,,Office / Business listing in Downtown Austin.,"Workforce engagement, after-work traffic, and local partnerships",Not listed,,,,No public special listed in source data,No public deal listed in source data,No public event listing in source data,OpenStreetMap / Overpass,2026-02-26T22:37:02Z
James Earl Rudder Building,Office / Business,way,42806807,30.271978,-97.739543,https://www.openstreetmap.org/way/42806807#map=19/30.271978/-97.739543,https://www.openstreetmap.org/?mlat=30.271978&mlon=-97.739543#map=18/30.271978/-97.739543,"1019, Brazos Street, 78701",Office / Business listing in Downtown Austin.,"Workforce engagement, after-work traffic, and local partnerships",Not listed,,,,No public special listed in source data,No public deal listed in source data,No public event listing in source data,OpenStreetMap / Overpass,2026-02-26T22:37:02Z
Jason P. Rhode Center for Semiconductor Research,Office / Business,way,516271607,30.267709,-97.749945,https://www.openstreetmap.org/way/516271607#map=19/30.267709/-97.749945,https://www.openstreetmap.org/?mlat=30.267709&mlon=-97.749945#map=18/30.267709/-97.749945,"605, West 4th Street, Austin, TX, 78701",Office / Business listing in Downtown Austin.,"Workforce engagement, after-work traffic, and local partnerships",Not listed,,,,No public special listed in source data,No public deal listed in source data,No public event listing in source data,OpenStreetMap / Overpass,2026-02-26T22:37:02Z
John H. Reagan Building,Office / Business,way,42806380,30.276672,-97.740402,https://www.openstreetmap.org/way/42806380#map=19/30.276672/-97.740402,https://www.openstreetmap.org/?mlat=30.276672&mlon=-97.740402#map=18/30.276672/-97.740402,"105, West 15th Street, Austin",Office / Business listing in Downtown Austin.,"Workforce engagement, after-work traffic, and local partnerships",Not listed,,,,No public special listed in source data,No public deal listed in source data,No public event listing in source data,OpenStreetMap / Overpass,2026-02-26T22:37:02Z
"John McDuff, Attorney at Law",Office / Business,node,5152568945,30.263592,-97.743528,https://www.openstreetmap.org/node/5152568945#map=19/30.263592/-97.743528,https://www.openstreetmap.org/?mlat=30.263592&mlon=-97.743528#map=18/30.263592/-97.743528,"111, Congress Avenue, Austin, TX, 78701",Office / Business listing in Downtown Austin.,"Workforce engagement, after-work traffic, and local partnerships",Mo-Fr 09:00-17:00,+1-512-457-1177,,https://www.johnmcduff.com/,No public special listed in source data,No public deal listed in source data,No public event listing in source data,OpenStreetMap / Overpass,2026-02-26T22:37:02Z
Jumpshot,Office / Business,node,3197773797,30.266698,-97.742191,https://www.openstreetmap.org/node/3197773797#map=19/30.266698/-97.742191,https://www.openstreetmap.org/?mlat=30.266698&mlon=-97.742191#map=18/30.266698/-97.742191,,Office / Business listing in Downtown Austin.,"Workforce engagement, after-work traffic, and local partnerships",Not listed,,,,No public special listed in source data,No public deal listed in source data,No public event listing in source data,OpenStreetMap / Overpass,2026-02-26T22:37:02Z
Kenny Hill - State Farm Insurance Agent,Office / Business,node,12488179590,30.24463,-97.734374,https://www.openstreetmap.org/node/12488179590#map=19/30.244630/-97.734374,https://www.openstreetmap.org/?mlat=30.244630&mlon=-97.734374#map=18/30.244630/-97.734374,"1301 S I-35 Frontage Rd, Suite 206, Austin, TX, 78741",Office / Business listing in Downtown Austin.,"Workforce engagement, after-work traffic, and local partnerships","Mo-We,Fr 09:00-17:00; Th 09:00-18:00; Sa 09:00-12:00; Su closed",+1-512-410-6618,,https://www.keepaustincovered.com,No public special listed in source data,No public deal listed in source data,No public event listing in source data,OpenStreetMap / Overpass,2026-02-26T22:37:02Z
Lavaca Plaza,Office / Business,way,37417988,30.268205,-97.746003,https://www.openstreetmap.org/way/37417988#map=19/30.268205/-97.746003,https://www.openstreetmap.org/?mlat=30.268205&mlon=-97.746003#map=18/30.268205/-97.746003,"504, Lavaca Street, 78701",Office / Business listing in Downtown Austin.,"Workforce engagement, after-work traffic, and local partnerships",24/7,,,,No public special listed in source data,No public deal listed in source data,No public event listing in source data,OpenStreetMap / Overpass,2026-02-26T22:37:02Z
Law Office of Frank Bryan - Criminal Defense,Office / Business,node,2471351797,30.268387,-97.741408,https://www.openstreetmap.org/node/2471351797#map=19/30.268387/-97.741408,https://www.openstreetmap.org/?mlat=30.268387&mlon=-97.741408#map=18/30.268387/-97.741408,"610, Brazos Street, Austin, 78701",Office / Business listing in Downtown Austin.,"Workforce engagement, after-work traffic, and local partnerships",Not listed,+1-512-322-9977,,http://frankbryanlaw.com,No public special listed in source data,No public deal listed in source data,No public event listing in source data,OpenStreetMap / Overpass,2026-02-26T22:37:02Z
Live Love Paddle 4.8,Office / Business,node,8419524216,30.245417,-97.730509,https://www.openstreetmap.org/node/8419524216#map=19/30.245417/-97.730509,https://www.openstreetmap.org/?mlat=30.245417&mlon=-97.730509#map=18/30.245417/-97.730509,"1610, East Riverside Drive, Austin, TX, 78741",Office / Business listing in Downtown Austin.,"Workforce engagement, after-work traffic, and local partnerships",Fr 11:00-18:00; Sa-Su 10:00-18:00; Mo 11:00-18:00,+1-512-804-2122,,https://www.livelovepaddle.com/,No public special listed in source data,No public deal listed in source data,No public event listing in source data,OpenStreetMap / Overpass,2026-02-26T22:37:02Z
McGarrah Jesse Building,Office / Business,relation,13781131,30.26795,-97.743925,https://www.openstreetmap.org/relation/13781131#map=19/30.267950/-97.743925,https://www.openstreetmap.org/?mlat=30.267950&mlon=-97.743925#map=18/30.267950/-97.743925,"121, West 6th Street, Austin, TX, 78701",Office / Business listing in Downtown Austin.,"Workforce engagement, after-work traffic, and local partnerships",Not listed,,,,No public special listed in source data,No public deal listed in source data,No public event listing in source data,OpenStreetMap / Overpass,2026-02-26T22:37:02Z
McKinsey & Company,Office / Business,node,6661283212,30.269633,-97.742605,https://www.openstreetmap.org/node/6661283212#map=19/30.269633/-97.742605,https://www.openstreetmap.org/?mlat=30.269633&mlon=-97.742605#map=18/30.269633/-97.742605,"714, Congress Avenue, Austin, TX, 78701",Office / Business listing operated by McKinsey & Company.,"Workforce engagement, after-work traffic, and local partnerships",Not listed,,,,No public special listed in source data,No public deal listed in source data,No public event listing in source data,OpenStreetMap / Overpass,2026-02-26T22:37:02Z
McMinn Law Firm,Office / Business,node,9380916033,30.277621,-97.744806,https://www.openstreetmap.org/node/9380916033#map=19/30.277621/-97.744806,https://www.openstreetmap.org/?mlat=30.277621&mlon=-97.744806#map=18/30.277621/-97.744806,"502, West 14th Street, Austin, TX, 78701",Office / Business listing operated by Jason McMinn.,"Workforce engagement, after-work traffic, and local partnerships",Mo-Fr 09:00-18:00,+1-512-474-0222,,https://www.mcminnlaw.com,No public special listed in source data,No public deal listed in source data,No public event listing in source data,OpenStreetMap / Overpass,2026-02-26T22:37:02Z
Meta,Office / Business,node,5771939718,30.269165,-97.745504,https://www.openstreetmap.org/node/5771939718#map=19/30.269165/-97.745504,https://www.openstreetmap.org/?mlat=30.269165&mlon=-97.745504#map=18/30.269165/-97.745504,,Office / Business listing operated by Meta.,"Workforce engagement, after-work traffic, and local partnerships",Not listed,,,,No public special listed in source data,No public deal listed in source data,No public event listing in source data,OpenStreetMap / Overpass,2026-02-26T22:37:02Z
"Michel, Gray & Rogers L.L.P",Office / Business,node,11013540393,30.274875,-97.751103,https://www.openstreetmap.org/node/11013540393#map=19/30.274875/-97.751103,https://www.openstreetmap.org/?mlat=30.274875&mlon=-97.751103#map=18/30.274875/-97.751103,"824, West 10th Street, Austin, TX, 78701",Office / Business listing in Downtown Austin.,"Workforce engagement, after-work traffic, and local partnerships",Mo-Fr 09:00-18:00,+1-512-477-0200,,https://www.michelgray.com/,No public special listed in source data,No public deal listed in source data,No public event listing in source data,OpenStreetMap / Overpass,2026-02-26T22:37:02Z
Moody Bank Tower,Office / Business,way,381834431,30.278329,-97.743273,https://www.openstreetmap.org/way/381834431#map=19/30.278329/-97.743273,https://www.openstreetmap.org/?mlat=30.278329&mlon=-97.743273#map=18/30.278329/-97.743273,"400, West 15th Street, Austin, TX, 78701",Office / Business listing in Downtown Austin.,"Workforce engagement, after-work traffic, and local partnerships",Not listed,,,,No public special listed in source data,No public deal listed in source data,No public event listing in source data,OpenStreetMap / Overpass,2026-02-26T22:37:02Z
NextHome Modern,Office / Business,node,12814928958,30.261741,-97.727015,https://www.openstreetmap.org/node/12814928958#map=19/30.261741/-97.727015,https://www.openstreetmap.org/?mlat=30.261741&mlon=-97.727015#map=18/30.261741/-97.727015,"1601, East 5th Street, Austin, TX, 78702",Office / Business listing in Downtown Austin.,"Workforce engagement, after-work traffic, and local partnerships",Not listed,+15124446683,,https://www.nexthomemodern.com/,No public special listed in source data,No public deal listed in source data,No public event listing in source data,OpenStreetMap / Overpass,2026-02-26T22:37:02Z
OCP Bed Bug Exterminator Austin TX,Office / Business,node,6059571802,30.26369,-97.745154,https://www.openstreetmap.org/node/6059571802#map=19/30.263690/-97.745154,https://www.openstreetmap.org/?mlat=30.263690&mlon=-97.745154#map=18/30.263690/-97.745154,"103, Congress Avenue, #1039, Austin, TX, 78701",Office / Business listing in Downtown Austin.,"Workforce engagement, after-work traffic, and local partnerships",Not listed,+1-512-710-0641,,https://www.bedbugexterminatoraustin.com/,No public special listed in source data,No public deal listed in source data,No public event listing in source data,OpenStreetMap / Overpass,2026-02-26T22:37:02Z
Office / Business,Office / Business,way,55932530,30.26495,-97.745029,https://www.openstreetmap.org/way/55932530#map=19/30.264950/-97.745029,https://www.openstreetmap.org/?mlat=30.264950&mlon=-97.745029#map=18/30.264950/-97.745029,,Office / Business listing in Downtown Austin.,"Workforce engagement, after-work traffic, and local partnerships",Not listed,,,,No public special listed in source data,No public deal listed in source data,No public event listing in source data,OpenStreetMap / Overpass,2026-02-26T22:37:02Z
Office / Business,Office / Business,way,99868622,30.269557,-97.745205,https://www.openstreetmap.org/way/99868622#map=19/30.269557/-97.745205,https://www.openstreetmap.org/?mlat=30.269557&mlon=-97.745205#map=18/30.269557/-97.745205,,Office / Business listing in Downtown Austin.,"Workforce engagement, after-work traffic, and local partnerships",Not listed,,,,No public special listed in source data,No public deal listed in source data,No public event listing in source data,OpenStreetMap / Overpass,2026-02-26T22:37:02Z
Office / Business,Office / Business,way,99868630,30.268281,-97.74981,https://www.openstreetmap.org/way/99868630#map=19/30.268281/-97.749810,https://www.openstreetmap.org/?mlat=30.268281&mlon=-97.749810#map=18/30.268281/-97.749810,,Office / Business listing in Downtown Austin.,"Workforce engagement, after-work traffic, and local partnerships",Not listed,,,,No public special listed in source data,No public deal listed in source data,No public event listing in source data,OpenStreetMap / Overpass,2026-02-26T22:37:02Z
Office / Business,Office / Business,way,112834476,30.275163,-97.743707,https://www.openstreetmap.org/way/112834476#map=19/30.275163/-97.743707,https://www.openstreetmap.org/?mlat=30.275163&mlon=-97.743707#map=18/30.275163/-97.743707,,Office / Business listing in Downtown Austin.,"Workforce engagement, after-work traffic, and local partnerships",Not listed,,,,No public special listed in source data,No public deal listed in source data,No public event listing in source data,OpenStreetMap / Overpass,2026-02-26T22:37:02Z
Office / Business,Office / Business,way,379166269,30.272344,-97.742773,https://www.openstreetmap.org/way/379166269#map=19/30.272344/-97.742773,https://www.openstreetmap.org/?mlat=30.272344&mlon=-97.742773#map=18/30.272344/-97.742773,,Office / Business listing in Downtown Austin.,"Workforce engagement, after-work traffic, and local partnerships",Not listed,,,,No public special listed in source data,No public deal listed in source data,No public event listing in source data,OpenStreetMap / Overpass,2026-02-26T22:37:02Z
Office / Business,Office / Business,way,381834312,30.277318,-97.741831,https://www.openstreetmap.org/way/381834312#map=19/30.277318/-97.741831,https://www.openstreetmap.org/?mlat=30.277318&mlon=-97.741831#map=18/30.277318/-97.741831,,Office / Business listing in Downtown Austin.,"Workforce engagement, after-work traffic, and local partnerships",Not listed,,,,No public special listed in source data,No public deal listed in source data,No public event listing in source data,OpenStreetMap / Overpass,2026-02-26T22:37:02Z
Office / Business,Office / Business,way,383346752,30.256799,-97.75173,https://www.openstreetmap.org/way/383346752#map=19/30.256799/-97.751730,https://www.openstreetmap.org/?mlat=30.256799&mlon=-97.751730#map=18/30.256799/-97.751730,,Office / Business listing in Downtown Austin.,"Workforce engagement, after-work traffic, and local partnerships",Not listed,,,,No public special listed in source data,No public deal listed in source data,No public event listing in source data,OpenStreetMap / Overpass,2026-02-26T22:37:02Z
Office / Business,Office / Business,way,963744182,30.2703,-97.751862,https://www.openstreetmap.org/way/963744182#map=19/30.270300/-97.751862,https://www.openstreetmap.org/?mlat=30.270300&mlon=-97.751862#map=18/30.270300/-97.751862,,Office / Business listing in Downtown Austin.,"Workforce engagement, after-work traffic, and local partnerships",Not listed,,,,No public special listed in source data,No public deal listed in source data,No public event listing in source data,OpenStreetMap / Overpass,2026-02-26T22:37:02Z
Office / Business,Office / Business,way,963744183,30.269937,-97.752513,https://www.openstreetmap.org/way/963744183#map=19/30.269937/-97.752513,https://www.openstreetmap.org/?mlat=30.269937&mlon=-97.752513#map=18/30.269937/-97.752513,,Office / Business listing in Downtown Austin.,"Workforce engagement, after-work traffic, and local partnerships",Not listed,,,,No public special listed in source data,No public deal listed in source data,No public event listing in source data,OpenStreetMap / Overpass,2026-02-26T22:37:02Z
Office / Business,Office / Business,way,968022771,30.26821,-97.748804,https://www.openstreetmap.org/way/968022771#map=19/30.268210/-97.748804,https://www.openstreetmap.org/?mlat=30.268210&mlon=-97.748804#map=18/30.268210/-97.748804,,Office / Business listing in Downtown Austin.,"Workforce engagement, after-work traffic, and local partnerships",Not listed,,,,No public special listed in source data,No public deal listed in source data,No public event listing in source data,OpenStreetMap / Overpass,2026-02-26T22:37:02Z
Office / Business,Office / Business,way,1021316342,30.272768,-97.743579,https://www.openstreetmap.org/way/1021316342#map=19/30.272768/-97.743579,https://www.openstreetmap.org/?mlat=30.272768&mlon=-97.743579#map=18/30.272768/-97.743579,,Office / Business listing in Downtown Austin.,"Workforce engagement, after-work traffic, and local partnerships",Not listed,,,,No public special listed in source data,No public deal listed in source data,No public event listing in source data,OpenStreetMap / Overpass,2026-02-26T22:37:02Z
Office / Business,Office / Business,node,3764021157,30.25729,-97.746408,https://www.openstreetmap.org/node/3764021157#map=19/30.257290/-97.746408,https://www.openstreetmap.org/?mlat=30.257290&mlon=-97.746408#map=18/30.257290/-97.746408,,Office / Business listing in Downtown Austin.,"Workforce engagement, after-work traffic, and local partnerships",Not listed,,,,No public special listed in source data,No public deal listed in source data,No public event listing in source data,OpenStreetMap / Overpass,2026-02-26T22:37:02Z
Office / Business,Office / Business,node,8828764338,30.252366,-97.733468,https://www.openstreetmap.org/node/8828764338#map=19/30.252366/-97.733468,https://www.openstreetmap.org/?mlat=30.252366&mlon=-97.733468#map=18/30.252366/-97.733468,,Office / Business listing in Downtown Austin.,"Workforce engagement, after-work traffic, and local partnerships",Not listed,,,,No public special listed in source data,No public deal listed in source data,No public event listing in source data,OpenStreetMap / Overpass,2026-02-26T22:37:02Z
Office / Business 1601,Office / Business,way,379194835,30.263528,-97.726099,https://www.openstreetmap.org/way/379194835#map=19/30.263528/-97.726099,https://www.openstreetmap.org/?mlat=30.263528&mlon=-97.726099#map=18/30.263528/-97.726099,1601,Office / Business listing in Downtown Austin.,"Workforce engagement, after-work traffic, and local partnerships",Not listed,,,,No public special listed in source data,No public deal listed in source data,No public event listing in source data,OpenStreetMap / Overpass,2026-02-26T22:37:02Z
Office / Business Barton Springs Road 210,Office / Business,way,104137279,30.260108,-97.747881,https://www.openstreetmap.org/way/104137279#map=19/30.260108/-97.747881,https://www.openstreetmap.org/?mlat=30.260108&mlon=-97.747881#map=18/30.260108/-97.747881,"210, Barton Springs Road, 78704",Office / Business listing in Downtown Austin.,"Workforce engagement, after-work traffic, and local partnerships",Not listed,,,,No public special listed in source data,No public deal listed in source data,No public event listing in source data,OpenStreetMap / Overpass,2026-02-26T22:37:02Z
Office / Business Barton Springs Road 300,Office / Business,way,104137288,30.259207,-97.747721,https://www.openstreetmap.org/way/104137288#map=19/30.259207/-97.747721,https://www.openstreetmap.org/?mlat=30.259207&mlon=-97.747721#map=18/30.259207/-97.747721,"300, Barton Springs Road, 78704",Office / Business listing in Downtown Austin.,"Workforce engagement, after-work traffic, and local partnerships",Not listed,,,,No public special listed in source data,No public deal listed in source data,No public event listing in source data,OpenStreetMap / Overpass,2026-02-26T22:37:02Z
Office / Business Guadalupe Street 706,Office / Business,way,379165992,30.270778,-97.746071,https://www.openstreetmap.org/way/379165992#map=19/30.270778/-97.746071,https://www.openstreetmap.org/?mlat=30.270778&mlon=-97.746071#map=18/30.270778/-97.746071,"706, Guadalupe Street, 78701",Office / Business listing in Downtown Austin.,"Workforce engagement, after-work traffic, and local partnerships",Not listed,,,,No public special listed in source data,No public deal listed in source data,No public event listing in source data,OpenStreetMap / Overpass,2026-02-26T22:37:02Z
Office / Business San Jacinto Boulevard 910,Office / Business,node,13253418020,30.270932,-97.739379,https://www.openstreetmap.org/node/13253418020#map=19/30.270932/-97.739379,https://www.openstreetmap.org/?mlat=30.270932&mlon=-97.739379#map=18/30.270932/-97.739379,"910, San Jacinto Boulevard, Austin, TX, 78701",Office / Business listing in Downtown Austin.,"Workforce engagement, after-work traffic, and local partnerships",Mo-Fr 07:30-16:00; SH unknown,+1 512-476-1480,,https://www.smcschoolaustin.org/,No public special listed in source data,No public deal listed in source data,No public event listing in source data,OpenStreetMap / Overpass,2026-02-26T22:37:02Z
Office / Business South 1st Street 151,Office / Business,way,303098594,30.260515,-97.748353,https://www.openstreetmap.org/way/303098594#map=19/30.260515/-97.748353,https://www.openstreetmap.org/?mlat=30.260515&mlon=-97.748353#map=18/30.260515/-97.748353,"151, South 1st Street",Office / Business listing in Downtown Austin.,"Workforce engagement, after-work traffic, and local partnerships",Not listed,,,,No public special listed in source data,No public deal listed in source data,No public event listing in source data,OpenStreetMap / Overpass,2026-02-26T22:37:02Z
Office / Business South Congress Avenue 336,Office / Business,way,383346708,30.257801,-97.747042,https://www.openstreetmap.org/way/383346708#map=19/30.257801/-97.747042,https://www.openstreetmap.org/?mlat=30.257801&mlon=-97.747042#map=18/30.257801/-97.747042,"336, South Congress Avenue",Office / Business listing in Downtown Austin.,"Workforce engagement, after-work traffic, and local partnerships",Not listed,,,,No public special listed in source data,No public deal listed in source data,No public event listing in source data,OpenStreetMap / Overpass,2026-02-26T22:37:02Z
Office / Business Sterzing Street 406,Office / Business,way,258958188,30.265261,-97.762874,https://www.openstreetmap.org/way/258958188#map=19/30.265261/-97.762874,https://www.openstreetmap.org/?mlat=30.265261&mlon=-97.762874#map=18/30.265261/-97.762874,"406, Sterzing Street, 78704",Office / Business listing in Downtown Austin.,"Workforce engagement, after-work traffic, and local partnerships",Not listed,,,,No public special listed in source data,No public deal listed in source data,No public event listing in source data,OpenStreetMap / Overpass,2026-02-26T22:37:02Z
Office / Business West 14th Street 400,Office / Business,way,381834148,30.277314,-97.743609,https://www.openstreetmap.org/way/381834148#map=19/30.277314/-97.743609,https://www.openstreetmap.org/?mlat=30.277314&mlon=-97.743609#map=18/30.277314/-97.743609,"400, West 14th Street",Office / Business listing in Downtown Austin.,"Workforce engagement, after-work traffic, and local partnerships",Not listed,,,,No public special listed in source data,No public deal listed in source data,No public event listing in source data,OpenStreetMap / Overpass,2026-02-26T22:37:02Z
Office / Business West 5th Street 1608,Office / Business,way,1205661396,30.274329,-97.763622,https://www.openstreetmap.org/way/1205661396#map=19/30.274329/-97.763622,https://www.openstreetmap.org/?mlat=30.274329&mlon=-97.763622#map=18/30.274329/-97.763622,"1608, West 5th Street, Austin, TX, 78703",Office / Business listing in Downtown Austin.,"Workforce engagement, after-work traffic, and local partnerships",Not listed,,,,No public special listed in source data,No public deal listed in source data,No public event listing in source data,OpenStreetMap / Overpass,2026-02-26T22:37:02Z
Office / Business West 6th Street 121,Office / Business,way,224057337,30.267903,-97.743925,https://www.openstreetmap.org/way/224057337#map=19/30.267903/-97.743925,https://www.openstreetmap.org/?mlat=30.267903&mlon=-97.743925#map=18/30.267903/-97.743925,"121, West 6th Street, Austin, TX, 78701",Office / Business listing in Downtown Austin.,"Workforce engagement, after-work traffic, and local partnerships",Not listed,,,,No public special listed in source data,No public deal listed in source data,No public event listing in source data,OpenStreetMap / Overpass,2026-02-26T22:37:02Z
One American Center,Office / Business,way,206163832,30.2686,-97.743209,https://www.openstreetmap.org/way/206163832#map=19/30.268600/-97.743209,https://www.openstreetmap.org/?mlat=30.268600&mlon=-97.743209#map=18/30.268600/-97.743209,,Office / Business listing in Downtown Austin.,"Workforce engagement, after-work traffic, and local partnerships",Not listed,,,,No public special listed in source data,No public deal listed in source data,No public event listing in source data,OpenStreetMap / Overpass,2026-02-26T22:37:02Z
One Texas Center,Office / Business,way,187766495,30.257429,-97.749256,https://www.openstreetmap.org/way/187766495#map=19/30.257429/-97.749256,https://www.openstreetmap.org/?mlat=30.257429&mlon=-97.749256#map=18/30.257429/-97.749256,"505, Barton Springs Road, Austin, TX, 78704",Office / Business listing in Downtown Austin.,"Workforce engagement, after-work traffic, and local partnerships",Not listed,,,,No public special listed in source data,No public deal listed in source data,No public event listing in source data,OpenStreetMap / Overpass,2026-02-26T22:37:02Z
Orange142,Office / Business,node,3849779867,30.269676,-97.74252,https://www.openstreetmap.org/node/3849779867#map=19/30.269676/-97.742520,https://www.openstreetmap.org/?mlat=30.269676&mlon=-97.742520#map=18/30.269676/-97.742520,"716, Congress Avenue, 78701",Office / Business listing in Downtown Austin.,"Workforce engagement, after-work traffic, and local partnerships",Not listed,+1-512-913-5953,,https://orange142.com/,No public special listed in source data,No public deal listed in source data,No public event listing in source data,OpenStreetMap / Overpass,2026-02-26T22:37:02Z
Page/,Office / Business,node,8955777036,30.264827,-97.748556,https://www.openstreetmap.org/node/8955777036#map=19/30.264827/-97.748556,https://www.openstreetmap.org/?mlat=30.264827&mlon=-97.748556#map=18/30.264827/-97.748556,"400, West Cesar Chavez Street, Austin, TX, 78701",Office / Business listing in Downtown Austin.,"Workforce engagement, after-work traffic, and local partnerships",Not listed,,,https://www.pagethink.com/,No public special listed in source data,No public deal listed in source data,No public event listing in source data,OpenStreetMap / Overpass,2026-02-26T22:37:02Z
Perry Brooks Building,Office / Business,way,231125474,30.269186,-97.741321,https://www.openstreetmap.org/way/231125474#map=19/30.269186/-97.741321,https://www.openstreetmap.org/?mlat=30.269186&mlon=-97.741321#map=18/30.269186/-97.741321,,Office / Business listing in Downtown Austin.,"Workforce engagement, after-work traffic, and local partnerships",Not listed,,,,No public special listed in source data,No public deal listed in source data,No public event listing in source data,OpenStreetMap / Overpass,2026-02-26T22:37:02Z
Realty Austin,Office / Business,way,104159835,30.271783,-97.758976,https://www.openstreetmap.org/way/104159835#map=19/30.271783/-97.758976,https://www.openstreetmap.org/?mlat=30.271783&mlon=-97.758976#map=18/30.271783/-97.758976,"1209, West 5th Street #300, Austin, TX, 78703",Office / Business listing in Downtown Austin.,"Workforce engagement, after-work traffic, and local partnerships",Not listed,+1-512-241-1300,,https://www.realtyaustin.com/,No public special listed in source data,No public deal listed in source data,No public event listing in source data,OpenStreetMap / Overpass,2026-02-26T22:37:02Z
RiverSouth,Office / Business,way,874969768,30.258948,-97.74928,https://www.openstreetmap.org/way/874969768#map=19/30.258948/-97.749280,https://www.openstreetmap.org/?mlat=30.258948&mlon=-97.749280#map=18/30.258948/-97.749280,"401, South 1st Street, Austin, TX, 78704",Office / Business listing in Downtown Austin.,"Workforce engagement, after-work traffic, and local partnerships",Not listed,,,,No public special listed in source data,No public deal listed in source data,No public event listing in source data,OpenStreetMap / Overpass,2026-02-26T22:37:02Z
Robert E. Johnson State Legislative Office Building,Office / Business,way,42807246,30.277124,-97.738317,https://www.openstreetmap.org/way/42807246#map=19/30.277124/-97.738317,https://www.openstreetmap.org/?mlat=30.277124&mlon=-97.738317#map=18/30.277124/-97.738317,"1501, Congress Avenue, Austin, TX, 78701",Office / Business listing in Downtown Austin.,"Workforce engagement, after-work traffic, and local partnerships",Mo-Fr 08:00-17:00,,,,No public special listed in source data,No public deal listed in source data,No public event listing in source data,OpenStreetMap / Overpass,2026-02-26T22:37:02Z
Saint Mary Cathedral Office,Office / Business,node,13253416993,30.271147,-97.739785,https://www.openstreetmap.org/node/13253416993#map=19/30.271147/-97.739785,https://www.openstreetmap.org/?mlat=30.271147&mlon=-97.739785#map=18/30.271147/-97.739785,"203, East 10th Street, Austin, TX, 78701",Office / Business listing in Downtown Austin.,"Workforce engagement, after-work traffic, and local partnerships",Mo-Fr 08:30-17:00; We 12:00-14:00 off; Fr 12:00-13:00 off,+1 512-476-6182,office@smcaustin.org,https://smcaustin.org/,No public special listed in source data,No public deal listed in source data,No public event listing in source data,OpenStreetMap / Overpass,2026-02-26T22:37:02Z
Sam Houston Building,Office / Business,way,42806376,30.275038,-97.738601,https://www.openstreetmap.org/way/42806376#map=19/30.275038/-97.738601,https://www.openstreetmap.org/?mlat=30.275038&mlon=-97.738601#map=18/30.275038/-97.738601,,Office / Business listing in Downtown Austin.,"Workforce engagement, after-work traffic, and local partnerships",Not listed,,,,No public special listed in source data,No public deal listed in source data,No public event listing in source data,OpenStreetMap / Overpass,2026-02-26T22:37:02Z
Secretary of State,Office / Business,node,5550614022,30.271994,-97.739487,https://www.openstreetmap.org/node/5550614022#map=19/30.271994/-97.739487,https://www.openstreetmap.org/?mlat=30.271994&mlon=-97.739487#map=18/30.271994/-97.739487,,Office / Business listing in Downtown Austin.,"Workforce engagement, after-work traffic, and local partnerships",Not listed,,,,No public special listed in source data,No public deal listed in source data,No public event listing in source data,OpenStreetMap / Overpass,2026-02-26T22:37:02Z
Sherry Matthews Advocacy Marketing,Office / Business,way,104137305,30.259754,-97.746195,https://www.openstreetmap.org/way/104137305#map=19/30.259754/-97.746195,https://www.openstreetmap.org/?mlat=30.259754&mlon=-97.746195#map=18/30.259754/-97.746195,"200, South Congress Avenue",Office / Business listing in Downtown Austin.,"Workforce engagement, after-work traffic, and local partnerships",Not listed,,,,No public special listed in source data,No public deal listed in source data,No public event listing in source data,OpenStreetMap / Overpass,2026-02-26T22:37:02Z
Shoal Creek Walk,Office / Business,way,844640359,30.270518,-97.75238,https://www.openstreetmap.org/way/844640359#map=19/30.270518/-97.752380,https://www.openstreetmap.org/?mlat=30.270518&mlon=-97.752380#map=18/30.270518/-97.752380,"835, West 6th Street, Austin, TX, 78703",Office / Business listing in Downtown Austin.,"Workforce engagement, after-work traffic, and local partnerships",Not listed,,,,No public special listed in source data,No public deal listed in source data,No public event listing in source data,OpenStreetMap / Overpass,2026-02-26T22:37:02Z
Shoreline Realty Co.,Office / Business,node,9412240979,30.274832,-97.761896,https://www.openstreetmap.org/node/9412240979#map=19/30.274832/-97.761896,https://www.openstreetmap.org/?mlat=30.274832&mlon=-97.761896#map=18/30.274832/-97.761896,"1515, West 6th Street, Austin, TX, 78703",Office / Business listing operated by Kelby McCan.,"Workforce engagement, after-work traffic, and local partnerships","Mo-Fr 09:00-18:00; Sa,Su off",+1-361-800-3691,,https://shorelinerealtyco.com/,No public special listed in source data,No public deal listed in source data,No public event listing in source data,OpenStreetMap / Overpass,2026-02-26T22:37:02Z
Silicon Labs,Office / Business,node,8955777037,30.264812,-97.748473,https://www.openstreetmap.org/node/8955777037#map=19/30.264812/-97.748473,https://www.openstreetmap.org/?mlat=30.264812&mlon=-97.748473#map=18/30.264812/-97.748473,"400, West Cesar Chavez Street, Austin, TX, 78701",Office / Business listing in Downtown Austin.,"Workforce engagement, after-work traffic, and local partnerships",Not listed,,,https://www.silabs.com/,No public special listed in source data,No public deal listed in source data,No public event listing in source data,OpenStreetMap / Overpass,2026-02-26T22:37:02Z
Silicon Labs,Office / Business,node,8955777040,30.264209,-97.7463,https://www.openstreetmap.org/node/8955777040#map=19/30.264209/-97.746300,https://www.openstreetmap.org/?mlat=30.264209&mlon=-97.746300#map=18/30.264209/-97.746300,"200, West Cesar Chavez Street, Austin, TX, 78701",Office / Business listing in Downtown Austin.,"Workforce engagement, after-work traffic, and local partnerships",Not listed,,,https://www.silabs.com/,No public special listed in source data,No public deal listed in source data,No public event listing in source data,OpenStreetMap / Overpass,2026-02-26T22:37:02Z
Silicon Labs Building,Office / Business,way,55932520,30.264991,-97.748453,https://www.openstreetmap.org/way/55932520#map=19/30.264991/-97.748453,https://www.openstreetmap.org/?mlat=30.264991&mlon=-97.748453#map=18/30.264991/-97.748453,"400, West Cesar Chavez Street, Austin, TX, 78701",Office / Business listing in Downtown Austin.,"Workforce engagement, after-work traffic, and local partnerships",Not listed,,,,No public special listed in source data,No public deal listed in source data,No public event listing in source data,OpenStreetMap / Overpass,2026-02-26T22:37:02Z
Silicon Labs Building,Office / Business,way,55932532,30.264385,-97.746235,https://www.openstreetmap.org/way/55932532#map=19/30.264385/-97.746235,https://www.openstreetmap.org/?mlat=30.264385&mlon=-97.746235#map=18/30.264385/-97.746235,"200, West Cesar Chavez Street, Austin, TX, 78701",Office / Business listing in Downtown Austin.,"Workforce engagement, after-work traffic, and local partnerships",Not listed,,,,No public special listed in source data,No public deal listed in source data,No public event listing in source data,OpenStreetMap / Overpass,2026-02-26T22:37:02Z
South by Southwest,Office / Business,way,381834012,30.277111,-97.742718,https://www.openstreetmap.org/way/381834012#map=19/30.277111/-97.742718,https://www.openstreetmap.org/?mlat=30.277111&mlon=-97.742718#map=18/30.277111/-97.742718,"1400, Lavaca Street, Austin, TX, 78701",Office / Business listing in Downtown Austin.,"Workforce engagement, after-work traffic, and local partnerships",Not listed,,,,No public special listed in source data,No public deal listed in source data,No public event listing in source data,OpenStreetMap / Overpass,2026-02-26T22:37:02Z
Stephen F. Austin State Office Building,Office / Business,way,139466223,30.279343,-97.739342,https://www.openstreetmap.org/way/139466223#map=19/30.279343/-97.739342,https://www.openstreetmap.org/?mlat=30.279343&mlon=-97.739342#map=18/30.279343/-97.739342,"1700, North Congress Avenue, Austin, TX, 78701",Office / Business listing in Downtown Austin.,"Workforce engagement, after-work traffic, and local partnerships",08:00-17:00,+1-512 466-3937,,,No public special listed in source data,No public deal listed in source data,No public event listing in source data,OpenStreetMap / Overpass,2026-02-26T22:37:02Z
Steven C. Lee & Associates,Office / Business,node,10578615951,30.280261,-97.744936,https://www.openstreetmap.org/node/10578615951#map=19/30.280261/-97.744936,https://www.openstreetmap.org/?mlat=30.280261&mlon=-97.744936#map=18/30.280261/-97.744936,"603, West 17th Street, Austin, TX, 78701",Office / Business listing in Downtown Austin.,"Workforce engagement, after-work traffic, and local partnerships",Mo-Fr 09:00-18:00,+1-512-236-1300,,https://www.legallee.com,No public special listed in source data,No public deal listed in source data,No public event listing in source data,OpenStreetMap / Overpass,2026-02-26T22:37:02Z
Stuart Nalewaik State Farm Insurance,Office / Business,node,13246413001,30.260108,-97.747881,https://www.openstreetmap.org/node/13246413001#map=19/30.260108/-97.747881,https://www.openstreetmap.org/?mlat=30.260108&mlon=-97.747881#map=18/30.260108/-97.747881,"210, Barton Springs Road, 78704",Office / Business listing in Downtown Austin.,"Workforce engagement, after-work traffic, and local partnerships",Mo-Th 09:00-18:00; Fr 09:00-17:00,,,https://www.insuremyaustin.com/,No public special listed in source data,No public deal listed in source data,No public event listing in source data,OpenStreetMap / Overpass,2026-02-26T22:37:02Z
"SXSW, Inc.",Office / Business,node,3810472621,30.269479,-97.753589,https://www.openstreetmap.org/node/3810472621#map=19/30.269479/-97.753589,https://www.openstreetmap.org/?mlat=30.269479&mlon=-97.753589#map=18/30.269479/-97.753589,"400, Bowie Street, Austin, TX, 78703",Office / Business listing in Downtown Austin.,"Workforce engagement, after-work traffic, and local partnerships",Not listed,,,,No public special listed in source data,No public deal listed in source data,No public event listing in source data,OpenStreetMap / Overpass,2026-02-26T22:37:02Z
T3 ATX Eastside,Office / Business,way,1131263042,30.262186,-97.730981,https://www.openstreetmap.org/way/1131263042#map=19/30.262186/-97.730981,https://www.openstreetmap.org/?mlat=30.262186&mlon=-97.730981#map=18/30.262186/-97.730981,"1211, East 4th Street, Austin, TX, 78702",Office / Business listing in Downtown Austin.,"Workforce engagement, after-work traffic, and local partnerships",Not listed,,,,No public special listed in source data,No public deal listed in source data,No public event listing in source data,OpenStreetMap / Overpass,2026-02-26T22:37:02Z
Teacher Retirement System,Office / Business,way,328644624,30.270938,-97.737277,https://www.openstreetmap.org/way/328644624#map=19/30.270938/-97.737277,https://www.openstreetmap.org/?mlat=30.270938&mlon=-97.737277#map=18/30.270938/-97.737277,,Office / Business listing in Downtown Austin.,"Workforce engagement, after-work traffic, and local partnerships",Not listed,,,,No public special listed in source data,No public deal listed in source data,No public event listing in source data,OpenStreetMap / Overpass,2026-02-26T22:37:02Z
Texas Association of School Boards,Office / Business,node,13018537058,30.271968,-97.737313,https://www.openstreetmap.org/node/13018537058#map=19/30.271968/-97.737313,https://www.openstreetmap.org/?mlat=30.271968&mlon=-97.737313#map=18/30.271968/-97.737313,,Office / Business listing in Downtown Austin.,"Workforce engagement, after-work traffic, and local partnerships",Not listed,,,,No public special listed in source data,No public deal listed in source data,No public event listing in source data,OpenStreetMap / Overpass,2026-02-26T22:37:02Z
Texas Board of Nursing,Office / Business,node,10289980586,30.27959,-97.737677,https://www.openstreetmap.org/node/10289980586#map=19/30.279590/-97.737677,https://www.openstreetmap.org/?mlat=30.279590&mlon=-97.737677#map=18/30.279590/-97.737677,"1801, North Congress Avenue, Austin, TX, 78701",Office / Business listing in Downtown Austin.,"Workforce engagement, after-work traffic, and local partnerships",Not listed,+1-512-305-7400,,https://www.bon.texas.gov/,No public special listed in source data,No public deal listed in source data,No public event listing in source data,OpenStreetMap / Overpass,2026-02-26T22:37:02Z
Texas Department of Transportation,Office / Business,node,3857585290,30.256246,-97.7448,https://www.openstreetmap.org/node/3857585290#map=19/30.256246/-97.744800,https://www.openstreetmap.org/?mlat=30.256246&mlon=-97.744800#map=18/30.256246/-97.744800,"150, East Riverside Drive, 78704",Office / Business listing in Downtown Austin.,"Workforce engagement, after-work traffic, and local partnerships",Not listed,,,,No public special listed in source data,No public deal listed in source data,No public event listing in source data,OpenStreetMap / Overpass,2026-02-26T22:37:02Z
Texas Geographic Information Office,Office / Business,node,11695487434,30.279522,-97.739471,https://www.openstreetmap.org/node/11695487434#map=19/30.279522/-97.739471,https://www.openstreetmap.org/?mlat=30.279522&mlon=-97.739471#map=18/30.279522/-97.739471,"1700, North Congress Avenue, Austin, TX, 78701",Office / Business listing in Downtown Austin.,"Workforce engagement, after-work traffic, and local partnerships",Not listed,,,https://www.tnris.org/,No public special listed in source data,No public deal listed in source data,No public event listing in source data,OpenStreetMap / Overpass,2026-02-26T22:37:02Z
Texas Higher Education Coordinating Board,Office / Business,node,10289980588,30.279779,-97.737613,https://www.openstreetmap.org/node/10289980588#map=19/30.279779/-97.737613,https://www.openstreetmap.org/?mlat=30.279779&mlon=-97.737613#map=18/30.279779/-97.737613,"1801, North Congress Avenue, Austin, TX, 78701",Office / Business listing in Downtown Austin.,"Workforce engagement, after-work traffic, and local partnerships",Not listed,,,,No public special listed in source data,No public deal listed in source data,No public event listing in source data,OpenStreetMap / Overpass,2026-02-26T22:37:02Z
Texas Historical Commission,Office / Business,node,8889325071,30.278012,-97.740402,https://www.openstreetmap.org/node/8889325071#map=19/30.278012/-97.740402,https://www.openstreetmap.org/?mlat=30.278012&mlon=-97.740402#map=18/30.278012/-97.740402,"1511, Colorado Street, Austin, TX, 78701",Office / Business listing in Downtown Austin.,"Workforce engagement, after-work traffic, and local partnerships",Not listed,,,https://www.thc.texas.gov/,No public special listed in source data,No public deal listed in source data,No public event listing in source data,OpenStreetMap / Overpass,2026-02-26T22:37:02Z
Texas Lottery Commission,Office / Business,node,10289980587,30.279688,-97.737644,https://www.openstreetmap.org/node/10289980587#map=19/30.279688/-97.737644,https://www.openstreetmap.org/?mlat=30.279688&mlon=-97.737644#map=18/30.279688/-97.737644,"1801, North Congress Avenue, Austin, TX, 78701",Office / Business listing in Downtown Austin.,"Workforce engagement, after-work traffic, and local partnerships",Not listed,,,https://www.texaslottery.com/,No public special listed in source data,No public deal listed in source data,No public event listing in source data,OpenStreetMap / Overpass,2026-02-26T22:37:02Z
Texas Public Policy Foundtation,Office / Business,way,112834509,30.270895,-97.741289,https://www.openstreetmap.org/way/112834509#map=19/30.270895/-97.741289,https://www.openstreetmap.org/?mlat=30.270895&mlon=-97.741289#map=18/30.270895/-97.741289,"901, Congress Avenue, Austin, TX, 78701",Office / Business listing in Downtown Austin.,"Workforce engagement, after-work traffic, and local partnerships",Not listed,,,,No public special listed in source data,No public deal listed in source data,No public event listing in source data,OpenStreetMap / Overpass,2026-02-26T22:37:02Z
Texas State Board of Dental Examiners,Office / Business,node,10289980589,30.279877,-97.73758,https://www.openstreetmap.org/node/10289980589#map=19/30.279877/-97.737580,https://www.openstreetmap.org/?mlat=30.279877&mlon=-97.737580#map=18/30.279877/-97.737580,"1801, North Congress Avenue, Austin, TX, 78701",Office / Business listing in Downtown Austin.,"Workforce engagement, after-work traffic, and local partnerships",Not listed,,,,No public special listed in source data,No public deal listed in source data,No public event listing in source data,OpenStreetMap / Overpass,2026-02-26T22:37:02Z
Texas State Capitol,Office / Business,way,25758443,30.27469,-97.740345,https://www.openstreetmap.org/way/25758443#map=19/30.274690/-97.740345,https://www.openstreetmap.org/?mlat=30.274690&mlon=-97.740345#map=18/30.274690/-97.740345,"112, East 11th Street, Austin, TX, 78701",Office / Business listing in Downtown Austin.,"Workforce engagement, after-work traffic, and local partnerships",Not listed,,,https://tspb.texas.gov/prop/tcvc/cvc/cvc.html,No public special listed in source data,No public deal listed in source data,No public event listing in source data,OpenStreetMap / Overpass,2026-02-26T22:37:02Z
Texas Workforce Commission,Office / Business,way,42806374,30.27621,-97.738956,https://www.openstreetmap.org/way/42806374#map=19/30.276210/-97.738956,https://www.openstreetmap.org/?mlat=30.276210&mlon=-97.738956#map=18/30.276210/-97.738956,"101, East 15th Street, Austin",Office / Business listing in Downtown Austin.,"Workforce engagement, after-work traffic, and local partnerships",Not listed,,,,No public special listed in source data,No public deal listed in source data,No public event listing in source data,OpenStreetMap / Overpass,2026-02-26T22:37:02Z
The Breakers office,Office / Business,node,8419501628,30.247373,-97.731341,https://www.openstreetmap.org/node/8419501628#map=19/30.247373/-97.731341,https://www.openstreetmap.org/?mlat=30.247373&mlon=-97.731341#map=18/30.247373/-97.731341,"1500, East Riverside Drive, Austin, TX, 78741",Office / Business listing in Downtown Austin.,"Workforce engagement, after-work traffic, and local partnerships",Mo-Th 08:30-17:30; Fr 08:30-15:00; Sa 10:00-17:00,+1-866-544-7880,,https://breakersapartmentsaustin.com/,No public special listed in source data,No public deal listed in source data,No public event listing in source data,OpenStreetMap / Overpass,2026-02-26T22:37:02Z
The Law Office of Kevin Bennett,Office / Business,node,9549472570,30.278762,-97.747128,https://www.openstreetmap.org/node/9549472570#map=19/30.278762/-97.747128,https://www.openstreetmap.org/?mlat=30.278762&mlon=-97.747128#map=18/30.278762/-97.747128,"1411, West Avenue, Austin, TX, 78701",Office / Business listing in Downtown Austin.,"Workforce engagement, after-work traffic, and local partnerships",24/7,+1-512-476-4626,,https://www.kevinbennettlaw.com,No public special listed in source data,No public deal listed in source data,No public event listing in source data,OpenStreetMap / Overpass,2026-02-26T22:37:02Z
The Nature Conservancy,Office / Business,way,1021167045,30.266056,-97.74402,https://www.openstreetmap.org/way/1021167045#map=19/30.266056/-97.744020,https://www.openstreetmap.org/?mlat=30.266056&mlon=-97.744020#map=18/30.266056/-97.744020,"318, Congress Avenue, Austin, TX, 78701",Office / Business listing in Downtown Austin.,"Workforce engagement, after-work traffic, and local partnerships",Not listed,,,https://www.nature.org/en-us/about-us/where-we-work/united-states/texas/,No public special listed in source data,No public deal listed in source data,No public event listing in source data,OpenStreetMap / Overpass,2026-02-26T22:37:02Z
The Republic,Office / Business,way,1120921408,30.26676,-97.747745,https://www.openstreetmap.org/way/1120921408#map=19/30.266760/-97.747745,https://www.openstreetmap.org/?mlat=30.266760&mlon=-97.747745#map=18/30.266760/-97.747745,"401, West 4th Street, Austin, TX, 78701",Office / Business listing in Downtown Austin.,"Workforce engagement, after-work traffic, and local partnerships",Not listed,,,https://republicaustin.com/,No public special listed in source data,No public deal listed in source data,No public event listing in source data,OpenStreetMap / Overpass,2026-02-26T22:37:02Z
Third + Shoal,Office / Business,way,379165956,30.266693,-97.749989,https://www.openstreetmap.org/way/379165956#map=19/30.266693/-97.749989,https://www.openstreetmap.org/?mlat=30.266693&mlon=-97.749989#map=18/30.266693/-97.749989,"607, West 3rd Street, Austin, TX, 78701",Office / Business listing in Downtown Austin.,"Workforce engagement, after-work traffic, and local partnerships",Not listed,,,,No public special listed in source data,No public deal listed in source data,No public event listing in source data,OpenStreetMap / Overpass,2026-02-26T22:37:02Z
Total Restoration of Texas,Office / Business,node,2727417462,30.269325,-97.745165,https://www.openstreetmap.org/node/2727417462#map=19/30.269325/-97.745165,https://www.openstreetmap.org/?mlat=30.269325&mlon=-97.745165#map=18/30.269325/-97.745165,"700, Lavaca Street, Austin, 78701",Office / Business listing in Downtown Austin.,"Workforce engagement, after-work traffic, and local partnerships",Not listed,+1-512-698-8444,,http://www.trtexas.com,No public special listed in source data,No public deal listed in source data,No public event listing in source data,OpenStreetMap / Overpass,2026-02-26T22:37:02Z
Traffic Operations Division - Dept. of Transportation,Office / Business,way,187668902,30.257448,-97.745477,https://www.openstreetmap.org/way/187668902#map=19/30.257448/-97.745477,https://www.openstreetmap.org/?mlat=30.257448&mlon=-97.745477#map=18/30.257448/-97.745477,"118, East Riverside Drive, Austin, TX, 78704",Office / Business listing in Downtown Austin.,"Workforce engagement, after-work traffic, and local partnerships",Mo-Fr 08:00-17:00,+1-512-413-3200,,,No public special listed in source data,No public deal listed in source data,No public event listing in source data,OpenStreetMap / Overpass,2026-02-26T22:37:02Z
Travis County Admin Building,Office / Business,way,231125475,30.270288,-97.745239,https://www.openstreetmap.org/way/231125475#map=19/30.270288/-97.745239,https://www.openstreetmap.org/?mlat=30.270288&mlon=-97.745239#map=18/30.270288/-97.745239,"700, Lavaca Street, Austin, TX, 78701",Office / Business listing in Downtown Austin.,"Workforce engagement, after-work traffic, and local partnerships",Mo-Fr 09:00-17:00,,,https://www.traviscountytx.gov/,No public special listed in source data,No public deal listed in source data,No public event listing in source data,OpenStreetMap / Overpass,2026-02-26T22:37:02Z
Vuemobi Media,Office / Business,node,9313471881,30.275791,-97.76349,https://www.openstreetmap.org/node/9313471881#map=19/30.275791/-97.763490,https://www.openstreetmap.org/?mlat=30.275791&mlon=-97.763490#map=18/30.275791/-97.763490,"1616, West 6th Street, Austin, TX, 78703",Office / Business listing in Downtown Austin.,"Workforce engagement, after-work traffic, and local partnerships",Mo-Fr 08:30-18:30,+1-512-900-2012,,https://vuemobi.com,No public special listed in source data,No public deal listed in source data,No public event listing in source data,OpenStreetMap / Overpass,2026-02-26T22:37:02Z
Waterloo Greenway,Office / Business,way,93073233,30.271515,-97.734993,https://www.openstreetmap.org/way/93073233#map=19/30.271515/-97.734993,https://www.openstreetmap.org/?mlat=30.271515&mlon=-97.734993#map=18/30.271515/-97.734993,"1111, Red River Street, Austin, TX, 78701",Office / Business listing in Downtown Austin.,"Workforce engagement, after-work traffic, and local partnerships",Not listed,,,,No public special listed in source data,No public deal listed in source data,No public event listing in source data,OpenStreetMap / Overpass,2026-02-26T22:37:02Z
WeWork,Office / Business,node,3865944578,30.258911,-97.752543,https://www.openstreetmap.org/node/3865944578#map=19/30.258911/-97.752543,https://www.openstreetmap.org/?mlat=30.258911&mlon=-97.752543#map=18/30.258911/-97.752543,"801, Barton Springs Road, 78704",Office / Business listing operated by WeWork.,"Workforce engagement, after-work traffic, and local partnerships",Not listed,,,,No public special listed in source data,No public deal listed in source data,No public event listing in source data,OpenStreetMap / Overpass,2026-02-26T22:37:02Z
WeWork,Office / Business,node,4589691786,30.268425,-97.743156,https://www.openstreetmap.org/node/4589691786#map=19/30.268425/-97.743156,https://www.openstreetmap.org/?mlat=30.268425&mlon=-97.743156#map=18/30.268425/-97.743156,"600, Congress Avenue, Austin, TX, 78701",Office / Business listing operated by WeWork.,"Workforce engagement, after-work traffic, and local partnerships",Not listed,,,,No public special listed in source data,No public deal listed in source data,No public event listing in source data,OpenStreetMap / Overpass,2026-02-26T22:37:02Z
Wiley Associates of Austin,Office / Business,node,11886925289,30.271765,-97.738562,https://www.openstreetmap.org/node/11886925289#map=19/30.271765/-97.738562,https://www.openstreetmap.org/?mlat=30.271765&mlon=-97.738562#map=18/30.271765/-97.738562,"1011, San Jacinto Boulevard, Austin, 78701",Office / Business listing in Downtown Austin.,"Workforce engagement, after-work traffic, and local partnerships",Mo-Fr 09:00-17:00; Sa off; Su off; PH off,+1 512-271-5527,,https://www.wileylawyers.com/,No public special listed in source data,Employment law firm representing employees in disputes with their current or former employers.,No public event listing in source data,OpenStreetMap / Overpass,2026-02-26T22:37:02Z
William B. Travis Building,Office / Business,way,139466225,30.279049,-97.737928,https://www.openstreetmap.org/way/139466225#map=19/30.279049/-97.737928,https://www.openstreetmap.org/?mlat=30.279049&mlon=-97.737928#map=18/30.279049/-97.737928,"1701, North Congress Avenue, Austin, TX, 78701",Office / Business listing in Downtown Austin.,"Workforce engagement, after-work traffic, and local partnerships",Not listed,,,,No public special listed in source data,No public deal listed in source data,No public event listing in source data,OpenStreetMap / Overpass,2026-02-26T22:37:02Z
Zeta House,Office / Business,way,379194146,30.260366,-97.730228,https://www.openstreetmap.org/way/379194146#map=19/30.260366/-97.730228,https://www.openstreetmap.org/?mlat=30.260366&mlon=-97.730228#map=18/30.260366/-97.730228,"1310, East 2nd Street",Office / Business listing in Downtown Austin.,"Workforce engagement, after-work traffic, and local partnerships",Not listed,+14086646059,,https://zeta.house/,No public special listed in source data,No public deal listed in source data,No public event listing in source data,OpenStreetMap / Overpass,2026-02-26T22:37:02Z
Banger’s Sausage House & Beer Garden,Other Relevant Listing,node,12485227010,30.258976,-97.738494,https://www.openstreetmap.org/node/12485227010#map=19/30.258976/-97.738494,https://www.openstreetmap.org/?mlat=30.258976&mlon=-97.738494#map=18/30.258976/-97.738494,"79, Rainey Street, Austin, TX, 78701",Other Relevant Listing listing in Downtown Austin.,Potential Downtown Perks partner listing based on location relevance,Not listed,,,,No public special listed in source data,No public deal listed in source data,No public event listing in source data,OpenStreetMap / Overpass,2026-02-26T22:37:02Z
Capital factory,Other Relevant Listing,node,6617425153,30.269054,-97.740689,https://www.openstreetmap.org/node/6617425153#map=19/30.269054/-97.740689,https://www.openstreetmap.org/?mlat=30.269054&mlon=-97.740689#map=18/30.269054/-97.740689,,Other Relevant Listing listing in Downtown Austin.,Potential Downtown Perks partner listing based on location relevance,Not listed,,,,No public special listed in source data,No public deal listed in source data,No public event listing in source data,OpenStreetMap / Overpass,2026-02-26T22:37:02Z
Deaf Smith Ranger Center,Other Relevant Listing,way,56145123,30.25464,-97.750638,https://www.openstreetmap.org/way/56145123#map=19/30.254640/-97.750638,https://www.openstreetmap.org/?mlat=30.254640&mlon=-97.750638#map=18/30.254640/-97.750638,TX,Other Relevant Listing listing in Downtown Austin.,Potential Downtown Perks partner listing based on location relevance,Not listed,,,,No public special listed in source data,No public deal listed in source data,No public event listing in source data,OpenStreetMap / Overpass,2026-02-26T22:37:02Z
Galvanize,Other Relevant Listing,node,6742450513,30.265588,-97.749646,https://www.openstreetmap.org/node/6742450513#map=19/30.265588/-97.749646,https://www.openstreetmap.org/?mlat=30.265588&mlon=-97.749646#map=18/30.265588/-97.749646,,Other Relevant Listing listing in Downtown Austin.,Potential Downtown Perks partner listing based on location relevance,Not listed,+1-512-717-5244,,,No public special listed in source data,No public deal listed in source data,No public event listing in source data,OpenStreetMap / Overpass,2026-02-26T22:37:02Z
Industrious,Other Relevant Listing,node,6489395198,30.267333,-97.74483,https://www.openstreetmap.org/node/6489395198#map=19/30.267333/-97.744830,https://www.openstreetmap.org/?mlat=30.267333&mlon=-97.744830#map=18/30.267333/-97.744830,,Other Relevant Listing listing in Downtown Austin.,Potential Downtown Perks partner listing based on location relevance,Not listed,,,,No public special listed in source data,No public deal listed in source data,No public event listing in source data,OpenStreetMap / Overpass,2026-02-26T22:37:02Z
Norwood Estate Dog Park,Other Relevant Listing,way,610918269,30.249173,-97.736599,https://www.openstreetmap.org/way/610918269#map=19/30.249173/-97.736599,https://www.openstreetmap.org/?mlat=30.249173&mlon=-97.736599#map=18/30.249173/-97.736599,"1009, Edgecliff Terrace, Austin, TX, 78704",Other Relevant Listing listing in Downtown Austin.,Potential Downtown Perks partner listing based on location relevance,Not listed,,,,No public special listed in source data,No public deal listed in source data,No public event listing in source data,OpenStreetMap / Overpass,2026-02-26T22:37:02Z
PlebLab,Other Relevant Listing,node,11867134623,30.269832,-97.741033,https://www.openstreetmap.org/node/11867134623#map=19/30.269832/-97.741033,https://www.openstreetmap.org/?mlat=30.269832&mlon=-97.741033#map=18/30.269832/-97.741033,"800, Brazos St Suite 260, Austin, TX, 78701",Other Relevant Listing listing in Downtown Austin.,Potential Downtown Perks partner listing based on location relevance,24/7,,,https://pleblab.com,No public special listed in source data,"PlebLab's mission is to foster an inclusive community of developers, hackers, creatives, and enthusiasts of open-source software/hardware. Creating a space where individuals can collaborate, elevate their skills, and transform seemingly impossible ideas i",No public event listing in source data,OpenStreetMap / Overpass,2026-02-26T22:37:02Z
Sidewalk Library,Other Relevant Listing,node,9384814109,30.26816,-97.726689,https://www.openstreetmap.org/node/9384814109#map=19/30.268160/-97.726689,https://www.openstreetmap.org/?mlat=30.268160&mlon=-97.726689#map=18/30.268160/-97.726689,,Other Relevant Listing listing in Downtown Austin.,Potential Downtown Perks partner listing based on location relevance,Not listed,,,,No public special listed in source data,No public deal listed in source data,No public event listing in source data,OpenStreetMap / Overpass,2026-02-26T22:37:02Z
Sixth and Guadalupe,Other Relevant Listing,way,972654803,30.269654,-97.74669,https://www.openstreetmap.org/way/972654803#map=19/30.269654/-97.746690,https://www.openstreetmap.org/?mlat=30.269654&mlon=-97.746690#map=18/30.269654/-97.746690,"400, West 6th Street, Austin, TX, 78701",Other Relevant Listing listing in Downtown Austin.,Potential Downtown Perks partner listing based on location relevance,Not listed,,,,No public special listed in source data,No public deal listed in source data,No public event listing in source data,OpenStreetMap / Overpass,2026-02-26T22:37:02Z
Sustainable Food Center Farmers' Market,Other Relevant Listing,node,9571217690,30.267255,-97.747106,https://www.openstreetmap.org/node/9571217690#map=19/30.267255/-97.747106,https://www.openstreetmap.org/?mlat=30.267255&mlon=-97.747106#map=18/30.267255/-97.747106,"422, Guadalupe Street, Austin, TX, 78701",Other Relevant Listing listing operated by Sustainable Food Center.,Potential Downtown Perks partner listing based on location relevance,Sa 09:00-13:00,+1 512-236-0074,info@sustainablefoodcenter.org,https://sustainablefoodcenter.org/farmers-market/downtown,No public special listed in source data,No public deal listed in source data,No public event listing in source data,OpenStreetMap / Overpass,2026-02-26T22:37:02Z
1155 Barton Springs,Residential Property,way,972610621,30.260046,-97.756403,https://www.openstreetmap.org/way/972610621#map=19/30.260046/-97.756403,https://www.openstreetmap.org/?mlat=30.260046&mlon=-97.756403#map=18/30.260046/-97.756403,"1155, Barton Springs Road, Austin, TX, 78704",Residential Property listing in Downtown Austin.,"Resident onboarding, building-level perks, and local engagement",Not listed,,,,No public special listed in source data,No public deal listed in source data,No public event listing in source data,OpenStreetMap / Overpass,2026-02-26T22:37:02Z
1201 Enfield,Residential Property,way,1324391200,30.280278,-97.754049,https://www.openstreetmap.org/way/1324391200#map=19/30.280278/-97.754049,https://www.openstreetmap.org/?mlat=30.280278&mlon=-97.754049#map=18/30.280278/-97.754049,"1201, Enfield Road, Austin, TX, 78703",Residential Property listing in Downtown Austin.,"Resident onboarding, building-level perks, and local engagement",Not listed,,,,No public special listed in source data,No public deal listed in source data,No public event listing in source data,OpenStreetMap / Overpass,2026-02-26T22:37:02Z
1400 Rio Grande,Residential Property,relation,4803196,30.278267,-97.746844,https://www.openstreetmap.org/relation/4803196#map=19/30.278267/-97.746844,https://www.openstreetmap.org/?mlat=30.278267&mlon=-97.746844#map=18/30.278267/-97.746844,"1400, Rio Grande Street, Austin",Residential Property listing in Downtown Austin.,"Resident onboarding, building-level perks, and local engagement",Not listed,,,,No public special listed in source data,No public deal listed in source data,No public event listing in source data,OpenStreetMap / Overpass,2026-02-26T22:37:02Z
2020 Condominiums,Residential Property,way,311591436,30.243906,-97.753239,https://www.openstreetmap.org/way/311591436#map=19/30.243906/-97.753239,https://www.openstreetmap.org/?mlat=30.243906&mlon=-97.753239#map=18/30.243906/-97.753239,,Residential Property listing in Downtown Austin.,"Resident onboarding, building-level perks, and local engagement",Not listed,,,,No public special listed in source data,No public deal listed in source data,No public event listing in source data,OpenStreetMap / Overpass,2026-02-26T22:37:02Z
21 Pearl West Campus,Residential Property,way,380917085,30.284545,-97.747197,https://www.openstreetmap.org/way/380917085#map=19/30.284545/-97.747197,https://www.openstreetmap.org/?mlat=30.284545&mlon=-97.747197#map=18/30.284545/-97.747197,"911, West 21st Street, Austin, TX, 78705",Residential Property listing in Downtown Austin.,"Resident onboarding, building-level perks, and local engagement",Not listed,,,,No public special listed in source data,No public deal listed in source data,No public event listing in source data,OpenStreetMap / Overpass,2026-02-26T22:37:02Z
21 Rio,Residential Property,way,380922474,30.284284,-97.744722,https://www.openstreetmap.org/way/380922474#map=19/30.284284/-97.744722,https://www.openstreetmap.org/?mlat=30.284284&mlon=-97.744722#map=18/30.284284/-97.744722,"2101, Rio Grande Street, Austin, TX, 78705",Residential Property listing in Downtown Austin.,"Resident onboarding, building-level perks, and local engagement",Not listed,,,,No public special listed in source data,No public deal listed in source data,No public event listing in source data,OpenStreetMap / Overpass,2026-02-26T22:37:02Z
21st Street Co-op,Residential Property,way,139295306,30.283816,-97.745878,https://www.openstreetmap.org/way/139295306#map=19/30.283816/-97.745878,https://www.openstreetmap.org/?mlat=30.283816&mlon=-97.745878#map=18/30.283816/-97.745878,,Residential Property listing in Downtown Austin.,"Resident onboarding, building-level perks, and local engagement",Not listed,,,,No public special listed in source data,No public deal listed in source data,No public event listing in source data,OpenStreetMap / Overpass,2026-02-26T22:37:02Z
3 Waller,Residential Property,relation,12875518,30.263663,-97.736387,https://www.openstreetmap.org/relation/12875518#map=19/30.263663/-97.736387,https://www.openstreetmap.org/?mlat=30.263663&mlon=-97.736387#map=18/30.263663/-97.736387,"710, East 3rd Street, Austin, TX, 78701",Residential Property listing in Downtown Austin.,"Resident onboarding, building-level perks, and local engagement",Not listed,,,,No public special listed in source data,No public deal listed in source data,No public event listing in source data,OpenStreetMap / Overpass,2026-02-26T22:37:02Z
360 Condominiums,Residential Property,way,328839215,30.267412,-97.74973,https://www.openstreetmap.org/way/328839215#map=19/30.267412/-97.749730,https://www.openstreetmap.org/?mlat=30.267412&mlon=-97.749730#map=18/30.267412/-97.749730,"360, Nueces Street, Austin, TX, 78701",Residential Property listing in Downtown Austin.,"Resident onboarding, building-level perks, and local engagement",Not listed,,,,No public special listed in source data,No public deal listed in source data,No public event listing in source data,OpenStreetMap / Overpass,2026-02-26T22:37:02Z
404 Rio Grande,Residential Property,way,99868653,30.268678,-97.750545,https://www.openstreetmap.org/way/99868653#map=19/30.268678/-97.750545,https://www.openstreetmap.org/?mlat=30.268678&mlon=-97.750545#map=18/30.268678/-97.750545,"404, Rio Grande Street, Austin, TX, 78701",Residential Property listing in Downtown Austin.,"Resident onboarding, building-level perks, and local engagement",Not listed,,,,No public special listed in source data,No public deal listed in source data,No public event listing in source data,OpenStreetMap / Overpass,2026-02-26T22:37:02Z
44 East,Residential Property,way,971496027,30.255928,-97.739065,https://www.openstreetmap.org/way/971496027#map=19/30.255928/-97.739065,https://www.openstreetmap.org/?mlat=30.255928&mlon=-97.739065#map=18/30.255928/-97.739065,"44, East Avenue, Austin, TX, 78701",Residential Property listing in Downtown Austin.,"Resident onboarding, building-level perks, and local engagement",Not listed,,,,No public special listed in source data,No public deal listed in source data,No public event listing in source data,OpenStreetMap / Overpass,2026-02-26T22:37:02Z
6th Street West Apartments Austin,Residential Property,way,382601987,30.276492,-97.763119,https://www.openstreetmap.org/way/382601987#map=19/30.276492/-97.763119,https://www.openstreetmap.org/?mlat=30.276492&mlon=-97.763119#map=18/30.276492/-97.763119,"1616, West 6th Street, Austin, TX, 78703","Residential Property listing operated by The Westside Group, Inc..","Resident onboarding, building-level perks, and local engagement",Not listed,+1-512-807-0437,,https://www.westsidegroup.com/,No public special listed in source data,"Multi-unit residential apartments near downtown Austin located in Clarksville, west of 6th Street",No public event listing in source data,OpenStreetMap / Overpass,2026-02-26T22:37:02Z
70 Rainey,Residential Property,way,884211637,30.25855,-97.739166,https://www.openstreetmap.org/way/884211637#map=19/30.258550/-97.739166,https://www.openstreetmap.org/?mlat=30.258550&mlon=-97.739166#map=18/30.258550/-97.739166,"70, Rainey Street, Austin, TX, 78701",Residential Property listing in Downtown Austin.,"Resident onboarding, building-level perks, and local engagement",Not listed,,,,No public special listed in source data,No public deal listed in source data,No public event listing in source data,OpenStreetMap / Overpass,2026-02-26T22:37:02Z
700 River,Residential Property,way,1124723254,30.25791,-97.738547,https://www.openstreetmap.org/way/1124723254#map=19/30.257910/-97.738547,https://www.openstreetmap.org/?mlat=30.257910&mlon=-97.738547#map=18/30.257910/-97.738547,"700, River Street, Austin, TX, 78701",Residential Property listing in Downtown Austin.,"Resident onboarding, building-level perks, and local engagement",Not listed,,,https://700river.com/,No public special listed in source data,No public deal listed in source data,No public event listing in source data,OpenStreetMap / Overpass,2026-02-26T22:37:02Z
Alexan Waterloo,Residential Property,way,968963792,30.271057,-97.733814,https://www.openstreetmap.org/way/968963792#map=19/30.271057/-97.733814,https://www.openstreetmap.org/?mlat=30.271057&mlon=-97.733814#map=18/30.271057/-97.733814,"700, East 11th Street, Austin, TX, 78701",Residential Property listing in Downtown Austin.,"Resident onboarding, building-level perks, and local engagement",Not listed,,,,No public special listed in source data,No public deal listed in source data,No public event listing in source data,OpenStreetMap / Overpass,2026-02-26T22:37:02Z
AMLI Downtown,Residential Property,relation,7480583,30.265318,-97.745872,https://www.openstreetmap.org/relation/7480583#map=19/30.265318/-97.745872,https://www.openstreetmap.org/?mlat=30.265318&mlon=-97.745872#map=18/30.265318/-97.745872,8,Residential Property listing in Downtown Austin.,"Resident onboarding, building-level perks, and local engagement",Not listed,,,,No public special listed in source data,No public deal listed in source data,No public event listing in source data,OpenStreetMap / Overpass,2026-02-26T22:37:02Z
AMLI Eastside,Residential Property,way,1226731582,30.268963,-97.731943,https://www.openstreetmap.org/way/1226731582#map=19/30.268963/-97.731943,https://www.openstreetmap.org/?mlat=30.268963&mlon=-97.731943#map=18/30.268963/-97.731943,,Residential Property listing in Downtown Austin.,"Resident onboarding, building-level perks, and local engagement",Not listed,,,,No public special listed in source data,No public deal listed in source data,No public event listing in source data,OpenStreetMap / Overpass,2026-02-26T22:37:02Z
AMLI South Shore,Residential Property,relation,17325740,30.245961,-97.729846,https://www.openstreetmap.org/relation/17325740#map=19/30.245961/-97.729846,https://www.openstreetmap.org/?mlat=30.245961&mlon=-97.729846#map=18/30.245961/-97.729846,,Residential Property listing in Downtown Austin.,"Resident onboarding, building-level perks, and local engagement",Not listed,,,,No public special listed in source data,No public deal listed in source data,No public event listing in source data,OpenStreetMap / Overpass,2026-02-26T22:37:02Z
AMLI South Shore,Residential Property,way,906706478,30.245976,-97.729757,https://www.openstreetmap.org/way/906706478#map=19/30.245976/-97.729757,https://www.openstreetmap.org/?mlat=30.245976&mlon=-97.729757#map=18/30.245976/-97.729757,"1620, East Riverside Drive, Austin, TX, 78741",Residential Property listing in Downtown Austin.,"Resident onboarding, building-level perks, and local engagement",Not listed,,,,No public special listed in source data,No public deal listed in source data,No public event listing in source data,OpenStreetMap / Overpass,2026-02-26T22:37:02Z
AMLI South Shore 2,Residential Property,way,382446252,30.245484,-97.730152,https://www.openstreetmap.org/way/382446252#map=19/30.245484/-97.730152,https://www.openstreetmap.org/?mlat=30.245484&mlon=-97.730152#map=18/30.245484/-97.730152,,Residential Property listing in Downtown Austin.,"Resident onboarding, building-level perks, and local engagement",Not listed,,,,No public special listed in source data,No public deal listed in source data,No public event listing in source data,OpenStreetMap / Overpass,2026-02-26T22:37:02Z
Annie B,Residential Property,way,1054496893,30.275422,-97.74481,https://www.openstreetmap.org/way/1054496893#map=19/30.275422/-97.744810,https://www.openstreetmap.org/?mlat=30.275422&mlon=-97.744810#map=18/30.275422/-97.744810,,Residential Property listing in Downtown Austin.,"Resident onboarding, building-level perks, and local engagement",Not listed,,,,No public special listed in source data,No public deal listed in source data,No public event listing in source data,OpenStreetMap / Overpass,2026-02-26T22:37:02Z
Ashton,Residential Property,way,134807227,30.264136,-97.74533,https://www.openstreetmap.org/way/134807227#map=19/30.264136/-97.745330,https://www.openstreetmap.org/?mlat=30.264136&mlon=-97.745330#map=18/30.264136/-97.745330,,Residential Property listing in Downtown Austin.,"Resident onboarding, building-level perks, and local engagement",Not listed,,,,No public special listed in source data,No public deal listed in source data,No public event listing in source data,OpenStreetMap / Overpass,2026-02-26T22:37:02Z
Austin Lofts,Residential Property,way,99868634,30.269698,-97.751351,https://www.openstreetmap.org/way/99868634#map=19/30.269698/-97.751351,https://www.openstreetmap.org/?mlat=30.269698&mlon=-97.751351#map=18/30.269698/-97.751351,"800, West 5th Street, Austin, TX, 78703",Residential Property listing in Downtown Austin.,"Resident onboarding, building-level perks, and local engagement",Not listed,,,,No public special listed in source data,No public deal listed in source data,No public event listing in source data,OpenStreetMap / Overpass,2026-02-26T22:37:02Z
Austin Proper,Residential Property,way,743682754,30.266281,-97.750109,https://www.openstreetmap.org/way/743682754#map=19/30.266281/-97.750109,https://www.openstreetmap.org/?mlat=30.266281&mlon=-97.750109#map=18/30.266281/-97.750109,"202, Nueces Street, Austin, TX, 78701",Residential Property listing in Downtown Austin.,"Resident onboarding, building-level perks, and local engagement",Not listed,,,,No public special listed in source data,No public deal listed in source data,No public event listing in source data,OpenStreetMap / Overpass,2026-02-26T22:37:02Z
Avenir,Residential Property,way,1012577968,30.271293,-97.731502,https://www.openstreetmap.org/way/1012577968#map=19/30.271293/-97.731502,https://www.openstreetmap.org/?mlat=30.271293&mlon=-97.731502#map=18/30.271293/-97.731502,,Residential Property listing in Downtown Austin.,"Resident onboarding, building-level perks, and local engagement",Not listed,,,,No public special listed in source data,No public deal listed in source data,No public event listing in source data,OpenStreetMap / Overpass,2026-02-26T22:37:02Z
Barton Place Condominiums,Residential Property,way,153999101,30.263335,-97.76091,https://www.openstreetmap.org/way/153999101#map=19/30.263335/-97.760910,https://www.openstreetmap.org/?mlat=30.263335&mlon=-97.760910#map=18/30.263335/-97.760910,"1600, Barton Springs Rd, Austin, TX, 78704",Residential Property listing in Downtown Austin.,"Resident onboarding, building-level perks, and local engagement",Not listed,,,,No public special listed in source data,No public deal listed in source data,No public event listing in source data,OpenStreetMap / Overpass,2026-02-26T22:37:02Z
Bergman Valley View,Residential Property,way,1100970212,30.2508,-97.725426,https://www.openstreetmap.org/way/1100970212#map=19/30.250800/-97.725426,https://www.openstreetmap.org/?mlat=30.250800&mlon=-97.725426#map=18/30.250800/-97.725426,,Residential Property listing in Downtown Austin.,"Resident onboarding, building-level perks, and local engagement",Not listed,,,,No public special listed in source data,No public deal listed in source data,No public event listing in source data,OpenStreetMap / Overpass,2026-02-26T22:37:02Z
Berkshire Riverview,Residential Property,way,906695037,30.248296,-97.733918,https://www.openstreetmap.org/way/906695037#map=19/30.248296/-97.733918,https://www.openstreetmap.org/?mlat=30.248296&mlon=-97.733918#map=18/30.248296/-97.733918,"1300, East Riverside Drive, Austin, TX, 78741",Residential Property listing in Downtown Austin.,"Resident onboarding, building-level perks, and local engagement",Not listed,,,,No public special listed in source data,No public deal listed in source data,No public event listing in source data,OpenStreetMap / Overpass,2026-02-26T22:37:02Z
Breakers on the Lake,Residential Property,way,906695035,30.247068,-97.731597,https://www.openstreetmap.org/way/906695035#map=19/30.247068/-97.731597,https://www.openstreetmap.org/?mlat=30.247068&mlon=-97.731597#map=18/30.247068/-97.731597,"1500, East Riverside Drive, Austin, TX, 78741",Residential Property listing in Downtown Austin.,"Resident onboarding, building-level perks, and local engagement",Not listed,,,,No public special listed in source data,No public deal listed in source data,No public event listing in source data,OpenStreetMap / Overpass,2026-02-26T22:37:02Z
Bridges On the Park,Residential Property,way,299395708,30.263237,-97.757238,https://www.openstreetmap.org/way/299395708#map=19/30.263237/-97.757238,https://www.openstreetmap.org/?mlat=30.263237&mlon=-97.757238#map=18/30.263237/-97.757238,"210, Lee Barton Drive, Austin, TX, 78704",Residential Property listing in Downtown Austin.,"Resident onboarding, building-level perks, and local engagement",Not listed,,,,No public special listed in source data,condominiums,No public event listing in source data,OpenStreetMap / Overpass,2026-02-26T22:37:02Z
Building 1,Residential Property,way,382446251,30.247263,-97.732436,https://www.openstreetmap.org/way/382446251#map=19/30.247263/-97.732436,https://www.openstreetmap.org/?mlat=30.247263&mlon=-97.732436#map=18/30.247263/-97.732436,,Residential Property listing in Downtown Austin.,"Resident onboarding, building-level perks, and local engagement",Not listed,,,,No public special listed in source data,No public deal listed in source data,No public event listing in source data,OpenStreetMap / Overpass,2026-02-26T22:37:02Z
Building 2,Residential Property,way,382446226,30.247069,-97.732091,https://www.openstreetmap.org/way/382446226#map=19/30.247069/-97.732091,https://www.openstreetmap.org/?mlat=30.247069&mlon=-97.732091#map=18/30.247069/-97.732091,"1500, East Riverside Drive",Residential Property listing in Downtown Austin.,"Resident onboarding, building-level perks, and local engagement",Not listed,,,,No public special listed in source data,No public deal listed in source data,No public event listing in source data,OpenStreetMap / Overpass,2026-02-26T22:37:02Z
Building One,Residential Property,relation,13720133,30.255349,-97.762781,https://www.openstreetmap.org/relation/13720133#map=19/30.255349/-97.762781,https://www.openstreetmap.org/?mlat=30.255349&mlon=-97.762781#map=18/30.255349/-97.762781,"1100, South Lamar Boulevard, Austin, TX, 78704",Residential Property listing in Downtown Austin.,"Resident onboarding, building-level perks, and local engagement",Not listed,,,,No public special listed in source data,No public deal listed in source data,No public event listing in source data,OpenStreetMap / Overpass,2026-02-26T22:37:02Z
Building Three,Residential Property,way,25745918,30.256288,-97.763537,https://www.openstreetmap.org/way/25745918#map=19/30.256288/-97.763537,https://www.openstreetmap.org/?mlat=30.256288&mlon=-97.763537#map=18/30.256288/-97.763537,,Residential Property listing in Downtown Austin.,"Resident onboarding, building-level perks, and local engagement",Not listed,,,,No public special listed in source data,No public deal listed in source data,No public event listing in source data,OpenStreetMap / Overpass,2026-02-26T22:37:02Z
Building Two,Residential Property,way,500796647,30.256033,-97.762342,https://www.openstreetmap.org/way/500796647#map=19/30.256033/-97.762342,https://www.openstreetmap.org/?mlat=30.256033&mlon=-97.762342#map=18/30.256033/-97.762342,,Residential Property listing in Downtown Austin.,"Resident onboarding, building-level perks, and local engagement",Not listed,,,,No public special listed in source data,No public deal listed in source data,No public event listing in source data,OpenStreetMap / Overpass,2026-02-26T22:37:02Z
Cambridge Tower,Residential Property,way,516187606,30.280729,-97.740406,https://www.openstreetmap.org/way/516187606#map=19/30.280729/-97.740406,https://www.openstreetmap.org/?mlat=30.280729&mlon=-97.740406#map=18/30.280729/-97.740406,"1801, Lavaca Street, Austin, TX, 78701",Residential Property listing in Downtown Austin.,"Resident onboarding, building-level perks, and local engagement",Not listed,,,,No public special listed in source data,No public deal listed in source data,No public event listing in source data,OpenStreetMap / Overpass,2026-02-26T22:37:02Z
Canterbury Square,Residential Property,way,1051963119,30.257948,-97.732273,https://www.openstreetmap.org/way/1051963119#map=19/30.257948/-97.732273,https://www.openstreetmap.org/?mlat=30.257948&mlon=-97.732273#map=18/30.257948/-97.732273,,Residential Property listing in Downtown Austin.,"Resident onboarding, building-level perks, and local engagement",Not listed,,,,No public special listed in source data,No public deal listed in source data,No public event listing in source data,OpenStreetMap / Overpass,2026-02-26T22:37:02Z
Capitol Quarters,Residential Property,way,342005431,30.275092,-97.746796,https://www.openstreetmap.org/way/342005431#map=19/30.275092/-97.746796,https://www.openstreetmap.org/?mlat=30.275092&mlon=-97.746796#map=18/30.275092/-97.746796,"1108, Nueces Street, Austin, TX, 78701",Residential Property listing operated by Vivid Management.,"Resident onboarding, building-level perks, and local engagement",Not listed,,,,No public special listed in source data,No public deal listed in source data,No public event listing in source data,OpenStreetMap / Overpass,2026-02-26T22:37:02Z
Castle Hill Terrace,Residential Property,way,1324391206,30.279362,-97.752927,https://www.openstreetmap.org/way/1324391206#map=19/30.279362/-97.752927,https://www.openstreetmap.org/?mlat=30.279362&mlon=-97.752927#map=18/30.279362/-97.752927,"1212, Castle Hill Street, Austin, TX, 78703",Residential Property listing in Downtown Austin.,"Resident onboarding, building-level perks, and local engagement",Not listed,,,,No public special listed in source data,No public deal listed in source data,No public event listing in source data,OpenStreetMap / Overpass,2026-02-26T22:37:02Z
Chalmers Addition,Residential Property,way,1100970210,30.251669,-97.72885,https://www.openstreetmap.org/way/1100970210#map=19/30.251669/-97.728850,https://www.openstreetmap.org/?mlat=30.251669&mlon=-97.728850#map=18/30.251669/-97.728850,,Residential Property listing in Downtown Austin.,"Resident onboarding, building-level perks, and local engagement",Not listed,,,,No public special listed in source data,No public deal listed in source data,No public event listing in source data,OpenStreetMap / Overpass,2026-02-26T22:37:02Z
Chalmers Courts,Residential Property,way,1009314551,30.260421,-97.726612,https://www.openstreetmap.org/way/1009314551#map=19/30.260421/-97.726612,https://www.openstreetmap.org/?mlat=30.260421&mlon=-97.726612#map=18/30.260421/-97.726612,,Residential Property listing in Downtown Austin.,"Resident onboarding, building-level perks, and local engagement",Not listed,,,,No public special listed in source data,No public deal listed in source data,No public event listing in source data,OpenStreetMap / Overpass,2026-02-26T22:37:02Z
Coldwater Apartments,Residential Property,relation,11980954,30.264311,-97.762195,https://www.openstreetmap.org/relation/11980954#map=19/30.264311/-97.762195,https://www.openstreetmap.org/?mlat=30.264311&mlon=-97.762195#map=18/30.264311/-97.762195,"1717, Toomey Road, Austin, TX, 78704",Residential Property listing in Downtown Austin.,"Resident onboarding, building-level perks, and local engagement",Not listed,,,https://www.coldwateraustin.com,No public special listed in source data,No public deal listed in source data,No public event listing in source data,OpenStreetMap / Overpass,2026-02-26T22:37:02Z
Cole,Residential Property,way,273206565,30.262786,-97.758574,https://www.openstreetmap.org/way/273206565#map=19/30.262786/-97.758574,https://www.openstreetmap.org/?mlat=30.262786&mlon=-97.758574#map=18/30.262786/-97.758574,"300, South Lamar Boulevard, Austin, 78704",Residential Property listing in Downtown Austin.,"Resident onboarding, building-level perks, and local engagement",Not listed,,,https://www.coleapts.com/cole-apartments-austin-tx,No public special listed in source data,No public deal listed in source data,No public event listing in source data,OpenStreetMap / Overpass,2026-02-26T22:37:02Z
Corazon,Residential Property,relation,15307251,30.264482,-97.732239,https://www.openstreetmap.org/relation/15307251#map=19/30.264482/-97.732239,https://www.openstreetmap.org/?mlat=30.264482&mlon=-97.732239#map=18/30.264482/-97.732239,"1000, East 5th Street, Austin, TX, 78702",Residential Property listing in Downtown Austin.,"Resident onboarding, building-level perks, and local engagement",Not listed,,,,No public special listed in source data,No public deal listed in source data,No public event listing in source data,OpenStreetMap / Overpass,2026-02-26T22:37:02Z
Crest at Pearl,Residential Property,relation,14008632,30.283292,-97.746208,https://www.openstreetmap.org/relation/14008632#map=19/30.283292/-97.746208,https://www.openstreetmap.org/?mlat=30.283292&mlon=-97.746208#map=18/30.283292/-97.746208,"706, West Martin Luther King Jr Boulevard, Austin, TX, 78705",Residential Property listing in Downtown Austin.,"Resident onboarding, building-level perks, and local engagement",Not listed,,,,No public special listed in source data,No public deal listed in source data,No public event listing in source data,OpenStreetMap / Overpass,2026-02-26T22:37:02Z
Diplomat West Campus,Residential Property,way,380917017,30.284513,-97.747897,https://www.openstreetmap.org/way/380917017#map=19/30.284513/-97.747897,https://www.openstreetmap.org/?mlat=30.284513&mlon=-97.747897#map=18/30.284513/-97.747897,"1911, San Gabriel Street, Austin, TX, 78705",Residential Property listing in Downtown Austin.,"Resident onboarding, building-level perks, and local engagement",Not listed,,,https://www.westsidegroup.com/,No public special listed in source data,One and two bedroom apartments near UT Austin popular for students who prefers to live alone.,No public event listing in source data,OpenStreetMap / Overpass,2026-02-26T22:37:02Z
Driving Park,Residential Property,way,1051963115,30.253238,-97.722988,https://www.openstreetmap.org/way/1051963115#map=19/30.253238/-97.722988,https://www.openstreetmap.org/?mlat=30.253238&mlon=-97.722988#map=18/30.253238/-97.722988,,Residential Property listing in Downtown Austin.,"Resident onboarding, building-level perks, and local engagement",Not listed,,,,No public special listed in source data,No public deal listed in source data,No public event listing in source data,OpenStreetMap / Overpass,2026-02-26T22:37:02Z
Eastside Station,Residential Property,way,1244655307,30.260948,-97.725203,https://www.openstreetmap.org/way/1244655307#map=19/30.260948/-97.725203,https://www.openstreetmap.org/?mlat=30.260948&mlon=-97.725203#map=18/30.260948/-97.725203,,Residential Property listing in Downtown Austin.,"Resident onboarding, building-level perks, and local engagement",Not listed,,,,No public special listed in source data,No public deal listed in source data,No public event listing in source data,OpenStreetMap / Overpass,2026-02-26T22:37:02Z
Eleven by Windsor,Residential Property,way,1226731581,30.269471,-97.732151,https://www.openstreetmap.org/way/1226731581#map=19/30.269471/-97.732151,https://www.openstreetmap.org/?mlat=30.269471&mlon=-97.732151#map=18/30.269471/-97.732151,,Residential Property listing in Downtown Austin.,"Resident onboarding, building-level perks, and local engagement",Not listed,,,,No public special listed in source data,No public deal listed in source data,No public event listing in source data,OpenStreetMap / Overpass,2026-02-26T22:37:02Z
Elle West Avenue,Residential Property,way,187011699,30.268377,-97.75254,https://www.openstreetmap.org/way/187011699#map=19/30.268377/-97.752540,https://www.openstreetmap.org/?mlat=30.268377&mlon=-97.752540#map=18/30.268377/-97.752540,,Residential Property listing in Downtown Austin.,"Resident onboarding, building-level perks, and local engagement",Not listed,,,,No public special listed in source data,No public deal listed in source data,No public event listing in source data,OpenStreetMap / Overpass,2026-02-26T22:37:02Z
Elm Grove,Residential Property,way,1051963120,30.255891,-97.735416,https://www.openstreetmap.org/way/1051963120#map=19/30.255891/-97.735416,https://www.openstreetmap.org/?mlat=30.255891&mlon=-97.735416#map=18/30.255891/-97.735416,,Residential Property listing in Downtown Austin.,"Resident onboarding, building-level perks, and local engagement",Not listed,,,,No public special listed in source data,No public deal listed in source data,No public event listing in source data,OpenStreetMap / Overpass,2026-02-26T22:37:02Z
Fifteen15 South Lamar Apartments,Residential Property,way,188454301,30.251175,-97.76389,https://www.openstreetmap.org/way/188454301#map=19/30.251175/-97.763890,https://www.openstreetmap.org/?mlat=30.251175&mlon=-97.763890#map=18/30.251175/-97.763890,"1515, South Lamar Boulevard, Austin, TX, 78704",Residential Property listing in Downtown Austin.,"Resident onboarding, building-level perks, and local engagement",Not listed,,,,No public special listed in source data,No public deal listed in source data,No public event listing in source data,OpenStreetMap / Overpass,2026-02-26T22:37:02Z
Fifth & West Residence,Residential Property,way,845186426,30.269501,-97.750552,https://www.openstreetmap.org/way/845186426#map=19/30.269501/-97.750552,https://www.openstreetmap.org/?mlat=30.269501&mlon=-97.750552#map=18/30.269501/-97.750552,"501, West 5th Street, Austin, TX, 78701",Residential Property listing in Downtown Austin.,"Resident onboarding, building-level perks, and local engagement",Not listed,,,,No public special listed in source data,No public deal listed in source data,No public event listing in source data,OpenStreetMap / Overpass,2026-02-26T22:37:02Z
Flagship,Residential Property,way,383355053,30.254835,-97.763109,https://www.openstreetmap.org/way/383355053#map=19/30.254835/-97.763109,https://www.openstreetmap.org/?mlat=30.254835&mlon=-97.763109#map=18/30.254835/-97.763109,"1312, Lamar Square Drive, Austin, TX, 78704",Residential Property listing in Downtown Austin.,"Resident onboarding, building-level perks, and local engagement",Not listed,,,,No public special listed in source data,No public deal listed in source data,No public event listing in source data,OpenStreetMap / Overpass,2026-02-26T22:37:02Z
Foundry Condominiums,Residential Property,way,1353494191,30.261229,-97.728349,https://www.openstreetmap.org/way/1353494191#map=19/30.261229/-97.728349,https://www.openstreetmap.org/?mlat=30.261229&mlon=-97.728349#map=18/30.261229/-97.728349,"1501, East 4th Street, Austin, TX, 78702",Residential Property listing in Downtown Austin.,"Resident onboarding, building-level perks, and local engagement",Not listed,,,,No public special listed in source data,No public deal listed in source data,No public event listing in source data,OpenStreetMap / Overpass,2026-02-26T22:37:02Z
Four Seasons Residences,Residential Property,way,134807222,30.262097,-97.741666,https://www.openstreetmap.org/way/134807222#map=19/30.262097/-97.741666,https://www.openstreetmap.org/?mlat=30.262097&mlon=-97.741666#map=18/30.262097/-97.741666,,Residential Property listing operated by Four Seasons.,"Resident onboarding, building-level perks, and local engagement",Not listed,,,https://www.fourseasons.com/residences/private_residences/austin/,No public special listed in source data,No public deal listed in source data,No public event listing in source data,OpenStreetMap / Overpass,2026-02-26T22:37:02Z
Frank,Residential Property,way,1214449247,30.254877,-97.753474,https://www.openstreetmap.org/way/1214449247#map=19/30.254877/-97.753474,https://www.openstreetmap.org/?mlat=30.254877&mlon=-97.753474#map=18/30.254877/-97.753474,,Residential Property listing in Downtown Austin.,"Resident onboarding, building-level perks, and local engagement",Not listed,,,,No public special listed in source data,No public deal listed in source data,No public event listing in source data,OpenStreetMap / Overpass,2026-02-26T22:37:02Z
Free & Williams Subdivision,Residential Property,way,1051963130,30.255144,-97.732486,https://www.openstreetmap.org/way/1051963130#map=19/30.255144/-97.732486,https://www.openstreetmap.org/?mlat=30.255144&mlon=-97.732486#map=18/30.255144/-97.732486,,Residential Property listing in Downtown Austin.,"Resident onboarding, building-level perks, and local engagement",Not listed,,,,No public special listed in source data,No public deal listed in source data,No public event listing in source data,OpenStreetMap / Overpass,2026-02-26T22:37:02Z
Gables,Residential Property,way,1264960514,30.267803,-97.754517,https://www.openstreetmap.org/way/1264960514#map=19/30.267803/-97.754517,https://www.openstreetmap.org/?mlat=30.267803&mlon=-97.754517#map=18/30.267803/-97.754517,,Residential Property listing in Downtown Austin.,"Resident onboarding, building-level perks, and local engagement",Not listed,,,,No public special listed in source data,No public deal listed in source data,No public event listing in source data,OpenStreetMap / Overpass,2026-02-26T22:37:02Z
Gables Park Tower,Residential Property,way,231125472,30.267502,-97.754248,https://www.openstreetmap.org/way/231125472#map=19/30.267502/-97.754248,https://www.openstreetmap.org/?mlat=30.267502&mlon=-97.754248#map=18/30.267502/-97.754248,"111, Sandra Muraida Way, 78703",Residential Property listing in Downtown Austin.,"Resident onboarding, building-level perks, and local engagement",Not listed,,,,No public special listed in source data,No public deal listed in source data,No public event listing in source data,OpenStreetMap / Overpass,2026-02-26T22:37:02Z
Gables Republic Square,Residential Property,way,516276237,30.26738,-97.746672,https://www.openstreetmap.org/way/516276237#map=19/30.267380/-97.746672,https://www.openstreetmap.org/?mlat=30.267380&mlon=-97.746672#map=18/30.267380/-97.746672,"401, Guadalupe Street, Austin, TX, 78701",Residential Property listing operated by Gables Residential.,"Resident onboarding, building-level perks, and local engagement",Not listed,,,,No public special listed in source data,No public deal listed in source data,No public event listing in source data,OpenStreetMap / Overpass,2026-02-26T22:37:02Z
Gibson Flats,Residential Property,way,383355041,30.254127,-97.761763,https://www.openstreetmap.org/way/383355041#map=19/30.254127/-97.761763,https://www.openstreetmap.org/?mlat=30.254127&mlon=-97.761763#map=18/30.254127/-97.761763,"1219, South Lamar Boulevard, Austin, TX, 78704",Residential Property listing in Downtown Austin.,"Resident onboarding, building-level perks, and local engagement",Not listed,+1-512-326-9000,,https://gibsonflats.com/,No public special listed in source data,No public deal listed in source data,No public event listing in source data,OpenStreetMap / Overpass,2026-02-26T22:37:02Z
Hanover Brazos Street,Residential Property,way,55932516,30.264521,-97.742299,https://www.openstreetmap.org/way/55932516#map=19/30.264521/-97.742299,https://www.openstreetmap.org/?mlat=30.264521&mlon=-97.742299#map=18/30.264521/-97.742299,"215, Brazos Street, Austin, TX, 78701",Residential Property listing in Downtown Austin.,"Resident onboarding, building-level perks, and local engagement",Not listed,,,https://hanoverbrazos.com/,No public special listed in source data,No public deal listed in source data,No public event listing in source data,OpenStreetMap / Overpass,2026-02-26T22:37:02Z
Hanover Republic Square,Residential Property,way,850669088,30.267623,-97.745997,https://www.openstreetmap.org/way/850669088#map=19/30.267623/-97.745997,https://www.openstreetmap.org/?mlat=30.267623&mlon=-97.745997#map=18/30.267623/-97.745997,"305, West 5th Street, Austin, TX, 78701",Residential Property listing in Downtown Austin.,"Resident onboarding, building-level perks, and local engagement",Not listed,,,,No public special listed in source data,No public deal listed in source data,No public event listing in source data,OpenStreetMap / Overpass,2026-02-26T22:37:02Z
Ion Austin,Residential Property,way,516283026,30.284273,-97.743264,https://www.openstreetmap.org/way/516283026#map=19/30.284273/-97.743264,https://www.openstreetmap.org/?mlat=30.284273&mlon=-97.743264#map=18/30.284273/-97.743264,"2100, San Antonio Street, Austin, TX, 78705",Residential Property listing in Downtown Austin.,"Resident onboarding, building-level perks, and local engagement",Not listed,,,,No public special listed in source data,No public deal listed in source data,No public event listing in source data,OpenStreetMap / Overpass,2026-02-26T22:37:02Z
Judge's Hill Historic District,Residential Property,way,187384745,30.281405,-97.747811,https://www.openstreetmap.org/way/187384745#map=19/30.281405/-97.747811,https://www.openstreetmap.org/?mlat=30.281405&mlon=-97.747811#map=18/30.281405/-97.747811,,Residential Property listing in Downtown Austin.,"Resident onboarding, building-level perks, and local engagement",Not listed,,,https://judgeshill.org/,No public special listed in source data,No public deal listed in source data,No public event listing in source data,OpenStreetMap / Overpass,2026-02-26T22:37:02Z
La Vista de Guadalupe,Residential Property,way,379208231,30.267053,-97.732855,https://www.openstreetmap.org/way/379208231#map=19/30.267053/-97.732855,https://www.openstreetmap.org/?mlat=30.267053&mlon=-97.732855#map=18/30.267053/-97.732855,"813, East 8th Street, Austin, TX, 78702",Residential Property listing in Downtown Austin.,"Resident onboarding, building-level perks, and local engagement",Not listed,,,,No public special listed in source data,No public deal listed in source data,No public event listing in source data,OpenStreetMap / Overpass,2026-02-26T22:37:02Z
Lakeside Apartmments,Residential Property,way,134807223,30.261347,-97.74079,https://www.openstreetmap.org/way/134807223#map=19/30.261347/-97.740790,https://www.openstreetmap.org/?mlat=30.261347&mlon=-97.740790#map=18/30.261347/-97.740790,"85, Trinity Street, Austin, TX, 78701",Residential Property listing in Downtown Austin.,"Resident onboarding, building-level perks, and local engagement",Not listed,,,,No public special listed in source data,No public deal listed in source data,No public event listing in source data,OpenStreetMap / Overpass,2026-02-26T22:37:02Z
Locale East Austin at Juno,Residential Property,way,1061905297,30.261481,-97.727477,https://www.openstreetmap.org/way/1061905297#map=19/30.261481/-97.727477,https://www.openstreetmap.org/?mlat=30.261481&mlon=-97.727477#map=18/30.261481/-97.727477,"400, Comal Street, Austin, TX, 78702",Residential Property listing in Downtown Austin.,"Resident onboarding, building-level perks, and local engagement",Not listed,,,,No public special listed in source data,No public deal listed in source data,No public event listing in source data,OpenStreetMap / Overpass,2026-02-26T22:37:02Z
Magnolia Addition,Residential Property,way,1051963131,30.253523,-97.731488,https://www.openstreetmap.org/way/1051963131#map=19/30.253523/-97.731488,https://www.openstreetmap.org/?mlat=30.253523&mlon=-97.731488#map=18/30.253523/-97.731488,,Residential Property listing in Downtown Austin.,"Resident onboarding, building-level perks, and local engagement",Not listed,,,,No public special listed in source data,No public deal listed in source data,No public event listing in source data,OpenStreetMap / Overpass,2026-02-26T22:37:02Z
Milago,Residential Property,way,134786203,30.256909,-97.739779,https://www.openstreetmap.org/way/134786203#map=19/30.256909/-97.739779,https://www.openstreetmap.org/?mlat=30.256909&mlon=-97.739779#map=18/30.256909/-97.739779,"Austin, TX, 78701",Residential Property listing in Downtown Austin.,"Resident onboarding, building-level perks, and local engagement",Not listed,,,,No public special listed in source data,No public deal listed in source data,No public event listing in source data,OpenStreetMap / Overpass,2026-02-26T22:37:02Z
Millenium Rainey,Residential Property,way,516291558,30.260241,-97.737713,https://www.openstreetmap.org/way/516291558#map=19/30.260241/-97.737713,https://www.openstreetmap.org/?mlat=30.260241&mlon=-97.737713#map=18/30.260241/-97.737713,"91, Rainey Street, Austin, TX, 78701",Residential Property listing in Downtown Austin.,"Resident onboarding, building-level perks, and local engagement",Not listed,,,https://www.camdenliving.com/austin-tx-apartments/camden-rainey-street,No public special listed in source data,No public deal listed in source data,No public event listing in source data,OpenStreetMap / Overpass,2026-02-26T22:37:02Z
Modern Austin Residences,Residential Property,way,1124723253,30.260431,-97.738483,https://www.openstreetmap.org/way/1124723253#map=19/30.260431/-97.738483,https://www.openstreetmap.org/?mlat=30.260431&mlon=-97.738483#map=18/30.260431/-97.738483,"90, Rainey Street, Austin, TX, 78701",Residential Property listing in Downtown Austin.,"Resident onboarding, building-level perks, and local engagement",Not listed,,,,No public special listed in source data,No public deal listed in source data,No public event listing in source data,OpenStreetMap / Overpass,2026-02-26T22:37:02Z
Natiivo,Residential Property,way,971496029,30.2564,-97.73888,https://www.openstreetmap.org/way/971496029#map=19/30.256400/-97.738880,https://www.openstreetmap.org/?mlat=30.256400&mlon=-97.738880#map=18/30.256400/-97.738880,"48, East Avenue, Austin, TX, 78701",Residential Property listing in Downtown Austin.,"Resident onboarding, building-level perks, and local engagement",Not listed,,,,No public special listed in source data,No public deal listed in source data,No public event listing in source data,OpenStreetMap / Overpass,2026-02-26T22:37:02Z
Oak Knoll Condos,Residential Property,way,881161886,30.255914,-97.752438,https://www.openstreetmap.org/way/881161886#map=19/30.255914/-97.752438,https://www.openstreetmap.org/?mlat=30.255914&mlon=-97.752438#map=18/30.255914/-97.752438,,Residential Property listing in Downtown Austin.,"Resident onboarding, building-level perks, and local engagement",Not listed,,,,No public special listed in source data,No public deal listed in source data,No public event listing in source data,OpenStreetMap / Overpass,2026-02-26T22:37:02Z
One Oak,Residential Property,way,188454455,30.24384,-97.757559,https://www.openstreetmap.org/way/188454455#map=19/30.243840/-97.757559,https://www.openstreetmap.org/?mlat=30.243840&mlon=-97.757559#map=18/30.243840/-97.757559,,Residential Property listing in Downtown Austin.,"Resident onboarding, building-level perks, and local engagement",Not listed,,,,No public special listed in source data,No public deal listed in source data,No public event listing in source data,OpenStreetMap / Overpass,2026-02-26T22:37:02Z
Palmetto Apartment Complex,Residential Property,relation,5673229,30.284782,-97.745425,https://www.openstreetmap.org/relation/5673229#map=19/30.284782/-97.745425,https://www.openstreetmap.org/?mlat=30.284782&mlon=-97.745425#map=18/30.284782/-97.745425,"2110, Rio Grande Street, Austin, TX, 78705-5609",Residential Property listing in Downtown Austin.,"Resident onboarding, building-level perks, and local engagement",Not listed,,,,No public special listed in source data,No public deal listed in source data,No public event listing in source data,OpenStreetMap / Overpass,2026-02-26T22:37:02Z
Pathways at Chalmers Courts South,Residential Property,way,1065741831,30.259377,-97.726557,https://www.openstreetmap.org/way/1065741831#map=19/30.259377/-97.726557,https://www.openstreetmap.org/?mlat=30.259377&mlon=-97.726557#map=18/30.259377/-97.726557,"1638, East 2nd Street, Austin, TX, 78702",Residential Property listing in Downtown Austin.,"Resident onboarding, building-level perks, and local engagement",Not listed,,,,No public special listed in source data,No public deal listed in source data,No public event listing in source data,OpenStreetMap / Overpass,2026-02-26T22:37:02Z
Payne & Wiley Subdivision,Residential Property,way,1051963129,30.253843,-97.729656,https://www.openstreetmap.org/way/1051963129#map=19/30.253843/-97.729656,https://www.openstreetmap.org/?mlat=30.253843&mlon=-97.729656#map=18/30.253843/-97.729656,,Residential Property listing in Downtown Austin.,"Resident onboarding, building-level perks, and local engagement",Not listed,,,,No public special listed in source data,No public deal listed in source data,No public event listing in source data,OpenStreetMap / Overpass,2026-02-26T22:37:02Z
Pointe on Rio,Residential Property,relation,14008629,30.283041,-97.744853,https://www.openstreetmap.org/relation/14008629#map=19/30.283041/-97.744853,https://www.openstreetmap.org/?mlat=30.283041&mlon=-97.744853#map=18/30.283041/-97.744853,"1901, Rio Grande Street, Austin, TX, 78705",Residential Property listing in Downtown Austin.,"Resident onboarding, building-level perks, and local engagement",Not listed,,,,No public special listed in source data,No public deal listed in source data,No public event listing in source data,OpenStreetMap / Overpass,2026-02-26T22:37:02Z
Popes Subdivision,Residential Property,way,1051963128,30.253849,-97.727294,https://www.openstreetmap.org/way/1051963128#map=19/30.253849/-97.727294,https://www.openstreetmap.org/?mlat=30.253849&mlon=-97.727294#map=18/30.253849/-97.727294,,Residential Property listing in Downtown Austin.,"Resident onboarding, building-level perks, and local engagement",Not listed,,,,No public special listed in source data,No public deal listed in source data,No public event listing in source data,OpenStreetMap / Overpass,2026-02-26T22:37:02Z
Pressler Apartments,Residential Property,relation,16301013,30.272857,-97.760128,https://www.openstreetmap.org/relation/16301013#map=19/30.272857/-97.760128,https://www.openstreetmap.org/?mlat=30.272857&mlon=-97.760128#map=18/30.272857/-97.760128,"507, Pressler Street, Austin, TX, 78703",Residential Property listing in Downtown Austin.,"Resident onboarding, building-level perks, and local engagement",Not listed,,,,No public special listed in source data,No public deal listed in source data,No public event listing in source data,OpenStreetMap / Overpass,2026-02-26T22:37:02Z
Rebekah Baines Johnson Center,Residential Property,way,953875890,30.253142,-97.733407,https://www.openstreetmap.org/way/953875890#map=19/30.253142/-97.733407,https://www.openstreetmap.org/?mlat=30.253142&mlon=-97.733407#map=18/30.253142/-97.733407,,Residential Property listing in Downtown Austin.,"Resident onboarding, building-level perks, and local engagement",Not listed,,,,No public special listed in source data,No public deal listed in source data,No public event listing in source data,OpenStreetMap / Overpass,2026-02-26T22:37:02Z
Residences at Saltillo,Residential Property,relation,12882622,30.263285,-97.731627,https://www.openstreetmap.org/relation/12882622#map=19/30.263285/-97.731627,https://www.openstreetmap.org/?mlat=30.263285&mlon=-97.731627#map=18/30.263285/-97.731627,"1211, East 5th Street, Austin, TX, 78702",Residential Property listing in Downtown Austin.,"Resident onboarding, building-level perks, and local engagement",Not listed,,,,No public special listed in source data,No public deal listed in source data,No public event listing in source data,OpenStreetMap / Overpass,2026-02-26T22:37:02Z
Residential Property,Residential Property,relation,5688997,30.246527,-97.731556,https://www.openstreetmap.org/relation/5688997#map=19/30.246527/-97.731556,https://www.openstreetmap.org/?mlat=30.246527&mlon=-97.731556#map=18/30.246527/-97.731556,,Residential Property listing in Downtown Austin.,"Resident onboarding, building-level perks, and local engagement",Not listed,,,,No public special listed in source data,No public deal listed in source data,No public event listing in source data,OpenStreetMap / Overpass,2026-02-26T22:37:02Z
Residential Property,Residential Property,relation,7480438,30.259894,-97.74869,https://www.openstreetmap.org/relation/7480438#map=19/30.259894/-97.748690,https://www.openstreetmap.org/?mlat=30.259894&mlon=-97.748690#map=18/30.259894/-97.748690,,Residential Property listing in Downtown Austin.,"Resident onboarding, building-level perks, and local engagement",Not listed,,,,No public special listed in source data,No public deal listed in source data,No public event listing in source data,OpenStreetMap / Overpass,2026-02-26T22:37:02Z
Residential Property,Residential Property,relation,15066794,30.262396,-97.726196,https://www.openstreetmap.org/relation/15066794#map=19/30.262396/-97.726196,https://www.openstreetmap.org/?mlat=30.262396&mlon=-97.726196#map=18/30.262396/-97.726196,,Residential Property listing in Downtown Austin.,"Resident onboarding, building-level perks, and local engagement",Not listed,,,,No public special listed in source data,No public deal listed in source data,No public event listing in source data,OpenStreetMap / Overpass,2026-02-26T22:37:02Z
Residential Property,Residential Property,relation,15068665,30.261173,-97.725672,https://www.openstreetmap.org/relation/15068665#map=19/30.261173/-97.725672,https://www.openstreetmap.org/?mlat=30.261173&mlon=-97.725672#map=18/30.261173/-97.725672,,Residential Property listing in Downtown Austin.,"Resident onboarding, building-level perks, and local engagement",Not listed,,,,No public special listed in source data,No public deal listed in source data,No public event listing in source data,OpenStreetMap / Overpass,2026-02-26T22:37:02Z
Residential Property,Residential Property,relation,16191657,30.251179,-97.763873,https://www.openstreetmap.org/relation/16191657#map=19/30.251179/-97.763873,https://www.openstreetmap.org/?mlat=30.251179&mlon=-97.763873#map=18/30.251179/-97.763873,,Residential Property listing in Downtown Austin.,"Resident onboarding, building-level perks, and local engagement",Not listed,,,,No public special listed in source data,No public deal listed in source data,No public event listing in source data,OpenStreetMap / Overpass,2026-02-26T22:37:02Z
Residential Property,Residential Property,way,187010807,30.28597,-97.757032,https://www.openstreetmap.org/way/187010807#map=19/30.285970/-97.757032,https://www.openstreetmap.org/?mlat=30.285970&mlon=-97.757032#map=18/30.285970/-97.757032,,Residential Property listing in Downtown Austin.,"Resident onboarding, building-level perks, and local engagement",Not listed,,,,No public special listed in source data,No public deal listed in source data,No public event listing in source data,OpenStreetMap / Overpass,2026-02-26T22:37:02Z
Residential Property,Residential Property,way,187011443,30.278628,-97.759209,https://www.openstreetmap.org/way/187011443#map=19/30.278628/-97.759209,https://www.openstreetmap.org/?mlat=30.278628&mlon=-97.759209#map=18/30.278628/-97.759209,,Residential Property listing in Downtown Austin.,"Resident onboarding, building-level perks, and local engagement",Not listed,,,,No public special listed in source data,No public deal listed in source data,No public event listing in source data,OpenStreetMap / Overpass,2026-02-26T22:37:02Z
Residential Property,Residential Property,way,187011698,30.274197,-97.762463,https://www.openstreetmap.org/way/187011698#map=19/30.274197/-97.762463,https://www.openstreetmap.org/?mlat=30.274197&mlon=-97.762463#map=18/30.274197/-97.762463,,Residential Property listing in Downtown Austin.,"Resident onboarding, building-level perks, and local engagement",Not listed,,,,No public special listed in source data,No public deal listed in source data,No public event listing in source data,OpenStreetMap / Overpass,2026-02-26T22:37:02Z
Residential Property,Residential Property,way,187014220,30.285984,-97.75055,https://www.openstreetmap.org/way/187014220#map=19/30.285984/-97.750550,https://www.openstreetmap.org/?mlat=30.285984&mlon=-97.750550#map=18/30.285984/-97.750550,,Residential Property listing in Downtown Austin.,"Resident onboarding, building-level perks, and local engagement",Not listed,,,,No public special listed in source data,No public deal listed in source data,No public event listing in source data,OpenStreetMap / Overpass,2026-02-26T22:37:02Z
Residential Property,Residential Property,way,187014222,30.285426,-97.746502,https://www.openstreetmap.org/way/187014222#map=19/30.285426/-97.746502,https://www.openstreetmap.org/?mlat=30.285426&mlon=-97.746502#map=18/30.285426/-97.746502,,Residential Property listing in Downtown Austin.,"Resident onboarding, building-level perks, and local engagement",Not listed,,,,No public special listed in source data,No public deal listed in source data,No public event listing in source data,OpenStreetMap / Overpass,2026-02-26T22:37:02Z
Residential Property,Residential Property,way,187381174,30.284591,-97.744482,https://www.openstreetmap.org/way/187381174#map=19/30.284591/-97.744482,https://www.openstreetmap.org/?mlat=30.284591&mlon=-97.744482#map=18/30.284591/-97.744482,,Residential Property listing in Downtown Austin.,"Resident onboarding, building-level perks, and local engagement",Not listed,,,,No public special listed in source data,No public deal listed in source data,No public event listing in source data,OpenStreetMap / Overpass,2026-02-26T22:37:02Z
Residential Property,Residential Property,way,187381179,30.283096,-97.744081,https://www.openstreetmap.org/way/187381179#map=19/30.283096/-97.744081,https://www.openstreetmap.org/?mlat=30.283096&mlon=-97.744081#map=18/30.283096/-97.744081,,Residential Property listing in Downtown Austin.,"Resident onboarding, building-level perks, and local engagement",Not listed,,,,No public special listed in source data,No public deal listed in source data,No public event listing in source data,OpenStreetMap / Overpass,2026-02-26T22:37:02Z
Residential Property,Residential Property,way,187381181,30.284505,-97.743489,https://www.openstreetmap.org/way/187381181#map=19/30.284505/-97.743489,https://www.openstreetmap.org/?mlat=30.284505&mlon=-97.743489#map=18/30.284505/-97.743489,,Residential Property listing in Downtown Austin.,"Resident onboarding, building-level perks, and local engagement",Not listed,,,,No public special listed in source data,No public deal listed in source data,No public event listing in source data,OpenStreetMap / Overpass,2026-02-26T22:37:02Z
Residential Property,Residential Property,way,187384744,30.279997,-97.744227,https://www.openstreetmap.org/way/187384744#map=19/30.279997/-97.744227,https://www.openstreetmap.org/?mlat=30.279997&mlon=-97.744227#map=18/30.279997/-97.744227,,Residential Property listing in Downtown Austin.,"Resident onboarding, building-level perks, and local engagement",Not listed,,,,No public special listed in source data,No public deal listed in source data,No public event listing in source data,OpenStreetMap / Overpass,2026-02-26T22:37:02Z
Residential Property,Residential Property,way,187666491,30.273982,-97.747416,https://www.openstreetmap.org/way/187666491#map=19/30.273982/-97.747416,https://www.openstreetmap.org/?mlat=30.273982&mlon=-97.747416#map=18/30.273982/-97.747416,,Residential Property listing in Downtown Austin.,"Resident onboarding, building-level perks, and local engagement",Not listed,,,,No public special listed in source data,No public deal listed in source data,No public event listing in source data,OpenStreetMap / Overpass,2026-02-26T22:37:02Z
Residential Property,Residential Property,way,187668718,30.263476,-97.756938,https://www.openstreetmap.org/way/187668718#map=19/30.263476/-97.756938,https://www.openstreetmap.org/?mlat=30.263476&mlon=-97.756938#map=18/30.263476/-97.756938,,Residential Property listing in Downtown Austin.,"Resident onboarding, building-level perks, and local engagement",Not listed,,,,No public special listed in source data,No public deal listed in source data,No public event listing in source data,OpenStreetMap / Overpass,2026-02-26T22:37:02Z
Residential Property,Residential Property,way,187766796,30.246074,-97.75361,https://www.openstreetmap.org/way/187766796#map=19/30.246074/-97.753610,https://www.openstreetmap.org/?mlat=30.246074&mlon=-97.753610#map=18/30.246074/-97.753610,,Residential Property listing in Downtown Austin.,"Resident onboarding, building-level perks, and local engagement",Not listed,,,,No public special listed in source data,No public deal listed in source data,No public event listing in source data,OpenStreetMap / Overpass,2026-02-26T22:37:02Z
Residential Property,Residential Property,way,187766798,30.250919,-97.750651,https://www.openstreetmap.org/way/187766798#map=19/30.250919/-97.750651,https://www.openstreetmap.org/?mlat=30.250919&mlon=-97.750651#map=18/30.250919/-97.750651,,Residential Property listing in Downtown Austin.,"Resident onboarding, building-level perks, and local engagement",Not listed,,,,No public special listed in source data,No public deal listed in source data,No public event listing in source data,OpenStreetMap / Overpass,2026-02-26T22:37:02Z
Residential Property,Residential Property,way,187766881,30.255169,-97.757088,https://www.openstreetmap.org/way/187766881#map=19/30.255169/-97.757088,https://www.openstreetmap.org/?mlat=30.255169&mlon=-97.757088#map=18/30.255169/-97.757088,,Residential Property listing in Downtown Austin.,"Resident onboarding, building-level perks, and local engagement",Not listed,,,,No public special listed in source data,No public deal listed in source data,No public event listing in source data,OpenStreetMap / Overpass,2026-02-26T22:37:02Z
Residential Property,Residential Property,way,187766954,30.255382,-97.752969,https://www.openstreetmap.org/way/187766954#map=19/30.255382/-97.752969,https://www.openstreetmap.org/?mlat=30.255382&mlon=-97.752969#map=18/30.255382/-97.752969,,Residential Property listing in Downtown Austin.,"Resident onboarding, building-level perks, and local engagement",Not listed,,,,No public special listed in source data,No public deal listed in source data,No public event listing in source data,OpenStreetMap / Overpass,2026-02-26T22:37:02Z
Residential Property,Residential Property,way,187790478,30.25855,-97.765745,https://www.openstreetmap.org/way/187790478#map=19/30.258550/-97.765745,https://www.openstreetmap.org/?mlat=30.258550&mlon=-97.765745#map=18/30.258550/-97.765745,,Residential Property listing in Downtown Austin.,"Resident onboarding, building-level perks, and local engagement",Not listed,,,,No public special listed in source data,No public deal listed in source data,No public event listing in source data,OpenStreetMap / Overpass,2026-02-26T22:37:02Z
Residential Property,Residential Property,way,188454195,30.249767,-97.759626,https://www.openstreetmap.org/way/188454195#map=19/30.249767/-97.759626,https://www.openstreetmap.org/?mlat=30.249767&mlon=-97.759626#map=18/30.249767/-97.759626,,Residential Property listing in Downtown Austin.,"Resident onboarding, building-level perks, and local engagement",Not listed,,,,No public special listed in source data,No public deal listed in source data,No public event listing in source data,OpenStreetMap / Overpass,2026-02-26T22:37:02Z
Residential Property,Residential Property,way,188454198,30.245744,-97.765693,https://www.openstreetmap.org/way/188454198#map=19/30.245744/-97.765693,https://www.openstreetmap.org/?mlat=30.245744&mlon=-97.765693#map=18/30.245744/-97.765693,,Residential Property listing in Downtown Austin.,"Resident onboarding, building-level perks, and local engagement",Not listed,,,,No public special listed in source data,No public deal listed in source data,No public event listing in source data,OpenStreetMap / Overpass,2026-02-26T22:37:02Z
Residential Property,Residential Property,way,188454199,30.245279,-97.760624,https://www.openstreetmap.org/way/188454199#map=19/30.245279/-97.760624,https://www.openstreetmap.org/?mlat=30.245279&mlon=-97.760624#map=18/30.245279/-97.760624,,Residential Property listing in Downtown Austin.,"Resident onboarding, building-level perks, and local engagement",Not listed,,,,No public special listed in source data,No public deal listed in source data,No public event listing in source data,OpenStreetMap / Overpass,2026-02-26T22:37:02Z
Residential Property,Residential Property,way,188454207,30.247804,-97.76325,https://www.openstreetmap.org/way/188454207#map=19/30.247804/-97.763250,https://www.openstreetmap.org/?mlat=30.247804&mlon=-97.763250#map=18/30.247804/-97.763250,,Residential Property listing in Downtown Austin.,"Resident onboarding, building-level perks, and local engagement",Not listed,,,,No public special listed in source data,No public deal listed in source data,No public event listing in source data,OpenStreetMap / Overpass,2026-02-26T22:37:02Z
Residential Property,Residential Property,way,188586761,30.247668,-97.741714,https://www.openstreetmap.org/way/188586761#map=19/30.247668/-97.741714,https://www.openstreetmap.org/?mlat=30.247668&mlon=-97.741714#map=18/30.247668/-97.741714,,Residential Property listing in Downtown Austin.,"Resident onboarding, building-level perks, and local engagement",Not listed,,,,No public special listed in source data,No public deal listed in source data,No public event listing in source data,OpenStreetMap / Overpass,2026-02-26T22:37:02Z
Residential Property,Residential Property,way,188586768,30.250242,-97.745168,https://www.openstreetmap.org/way/188586768#map=19/30.250242/-97.745168,https://www.openstreetmap.org/?mlat=30.250242&mlon=-97.745168#map=18/30.250242/-97.745168,,Residential Property listing in Downtown Austin.,"Resident onboarding, building-level perks, and local engagement",Not listed,,,,No public special listed in source data,No public deal listed in source data,No public event listing in source data,OpenStreetMap / Overpass,2026-02-26T22:37:02Z
Residential Property,Residential Property,way,188586962,30.245609,-97.740098,https://www.openstreetmap.org/way/188586962#map=19/30.245609/-97.740098,https://www.openstreetmap.org/?mlat=30.245609&mlon=-97.740098#map=18/30.245609/-97.740098,,Residential Property listing in Downtown Austin.,"Resident onboarding, building-level perks, and local engagement",Not listed,,,,No public special listed in source data,No public deal listed in source data,No public event listing in source data,OpenStreetMap / Overpass,2026-02-26T22:37:02Z
Residential Property,Residential Property,way,188587073,30.244606,-97.747939,https://www.openstreetmap.org/way/188587073#map=19/30.244606/-97.747939,https://www.openstreetmap.org/?mlat=30.244606&mlon=-97.747939#map=18/30.244606/-97.747939,,Residential Property listing in Downtown Austin.,"Resident onboarding, building-level perks, and local engagement",Not listed,,,,No public special listed in source data,No public deal listed in source data,No public event listing in source data,OpenStreetMap / Overpass,2026-02-26T22:37:02Z
Residential Property,Residential Property,way,188587468,30.239271,-97.742209,https://www.openstreetmap.org/way/188587468#map=19/30.239271/-97.742209,https://www.openstreetmap.org/?mlat=30.239271&mlon=-97.742209#map=18/30.239271/-97.742209,,Residential Property listing in Downtown Austin.,"Resident onboarding, building-level perks, and local engagement",Not listed,,,,No public special listed in source data,No public deal listed in source data,No public event listing in source data,OpenStreetMap / Overpass,2026-02-26T22:37:02Z
Residential Property,Residential Property,way,227476216,30.24279,-97.733262,https://www.openstreetmap.org/way/227476216#map=19/30.242790/-97.733262,https://www.openstreetmap.org/?mlat=30.242790&mlon=-97.733262#map=18/30.242790/-97.733262,,Residential Property listing in Downtown Austin.,"Resident onboarding, building-level perks, and local engagement",Not listed,,,,No public special listed in source data,No public deal listed in source data,No public event listing in source data,OpenStreetMap / Overpass,2026-02-26T22:37:02Z
Residential Property,Residential Property,way,258958189,30.264792,-97.762424,https://www.openstreetmap.org/way/258958189#map=19/30.264792/-97.762424,https://www.openstreetmap.org/?mlat=30.264792&mlon=-97.762424#map=18/30.264792/-97.762424,,Residential Property listing in Downtown Austin.,"Resident onboarding, building-level perks, and local engagement",Not listed,,,,No public special listed in source data,No public deal listed in source data,No public event listing in source data,OpenStreetMap / Overpass,2026-02-26T22:37:02Z
Residential Property,Residential Property,way,258958190,30.264813,-97.762624,https://www.openstreetmap.org/way/258958190#map=19/30.264813/-97.762624,https://www.openstreetmap.org/?mlat=30.264813&mlon=-97.762624#map=18/30.264813/-97.762624,,Residential Property listing in Downtown Austin.,"Resident onboarding, building-level perks, and local engagement",Not listed,,,,No public special listed in source data,No public deal listed in source data,No public event listing in source data,OpenStreetMap / Overpass,2026-02-26T22:37:02Z
Residential Property,Residential Property,way,258958191,30.264479,-97.762726,https://www.openstreetmap.org/way/258958191#map=19/30.264479/-97.762726,https://www.openstreetmap.org/?mlat=30.264479&mlon=-97.762726#map=18/30.264479/-97.762726,,Residential Property listing in Downtown Austin.,"Resident onboarding, building-level perks, and local engagement",Not listed,,,,No public special listed in source data,No public deal listed in source data,No public event listing in source data,OpenStreetMap / Overpass,2026-02-26T22:37:02Z
Residential Property,Residential Property,way,317750884,30.244161,-97.754102,https://www.openstreetmap.org/way/317750884#map=19/30.244161/-97.754102,https://www.openstreetmap.org/?mlat=30.244161&mlon=-97.754102#map=18/30.244161/-97.754102,,Residential Property listing in Downtown Austin.,"Resident onboarding, building-level perks, and local engagement",Not listed,,,,No public special listed in source data,No public deal listed in source data,No public event listing in source data,OpenStreetMap / Overpass,2026-02-26T22:37:02Z
Residential Property,Residential Property,way,379194428,30.261775,-97.726822,https://www.openstreetmap.org/way/379194428#map=19/30.261775/-97.726822,https://www.openstreetmap.org/?mlat=30.261775&mlon=-97.726822#map=18/30.261775/-97.726822,,Residential Property listing in Downtown Austin.,"Resident onboarding, building-level perks, and local engagement",Not listed,,,,No public special listed in source data,No public deal listed in source data,No public event listing in source data,OpenStreetMap / Overpass,2026-02-26T22:37:02Z
Residential Property,Residential Property,way,379194706,30.261556,-97.726585,https://www.openstreetmap.org/way/379194706#map=19/30.261556/-97.726585,https://www.openstreetmap.org/?mlat=30.261556&mlon=-97.726585#map=18/30.261556/-97.726585,,Residential Property listing in Downtown Austin.,"Resident onboarding, building-level perks, and local engagement",Not listed,,,,No public special listed in source data,No public deal listed in source data,No public event listing in source data,OpenStreetMap / Overpass,2026-02-26T22:37:02Z
Residential Property,Residential Property,way,379194774,30.25933,-97.726387,https://www.openstreetmap.org/way/379194774#map=19/30.259330/-97.726387,https://www.openstreetmap.org/?mlat=30.259330&mlon=-97.726387#map=18/30.259330/-97.726387,,Residential Property listing in Downtown Austin.,"Resident onboarding, building-level perks, and local engagement",Not listed,,,,No public special listed in source data,No public deal listed in source data,No public event listing in source data,OpenStreetMap / Overpass,2026-02-26T22:37:02Z
Residential Property,Residential Property,way,379195169,30.261672,-97.726356,https://www.openstreetmap.org/way/379195169#map=19/30.261672/-97.726356,https://www.openstreetmap.org/?mlat=30.261672&mlon=-97.726356#map=18/30.261672/-97.726356,,Residential Property listing in Downtown Austin.,"Resident onboarding, building-level perks, and local engagement",Not listed,,,,No public special listed in source data,No public deal listed in source data,No public event listing in source data,OpenStreetMap / Overpass,2026-02-26T22:37:02Z
Residential Property,Residential Property,way,382446244,30.245447,-97.727764,https://www.openstreetmap.org/way/382446244#map=19/30.245447/-97.727764,https://www.openstreetmap.org/?mlat=30.245447&mlon=-97.727764#map=18/30.245447/-97.727764,,Residential Property listing in Downtown Austin.,"Resident onboarding, building-level perks, and local engagement",Not listed,,,,No public special listed in source data,No public deal listed in source data,No public event listing in source data,OpenStreetMap / Overpass,2026-02-26T22:37:02Z
Residential Property,Residential Property,way,382446245,30.247633,-97.731938,https://www.openstreetmap.org/way/382446245#map=19/30.247633/-97.731938,https://www.openstreetmap.org/?mlat=30.247633&mlon=-97.731938#map=18/30.247633/-97.731938,,Residential Property listing in Downtown Austin.,"Resident onboarding, building-level perks, and local engagement",Not listed,,,,No public special listed in source data,No public deal listed in source data,No public event listing in source data,OpenStreetMap / Overpass,2026-02-26T22:37:02Z
Residential Property,Residential Property,way,382446246,30.245613,-97.728176,https://www.openstreetmap.org/way/382446246#map=19/30.245613/-97.728176,https://www.openstreetmap.org/?mlat=30.245613&mlon=-97.728176#map=18/30.245613/-97.728176,,Residential Property listing in Downtown Austin.,"Resident onboarding, building-level perks, and local engagement",Not listed,,,,No public special listed in source data,No public deal listed in source data,No public event listing in source data,OpenStreetMap / Overpass,2026-02-26T22:37:02Z
Residential Property,Residential Property,way,382446247,30.248248,-97.734439,https://www.openstreetmap.org/way/382446247#map=19/30.248248/-97.734439,https://www.openstreetmap.org/?mlat=30.248248&mlon=-97.734439#map=18/30.248248/-97.734439,,Residential Property listing in Downtown Austin.,"Resident onboarding, building-level perks, and local engagement",Not listed,,,,No public special listed in source data,No public deal listed in source data,No public event listing in source data,OpenStreetMap / Overpass,2026-02-26T22:37:02Z
Residential Property,Residential Property,way,382446250,30.247643,-97.731728,https://www.openstreetmap.org/way/382446250#map=19/30.247643/-97.731728,https://www.openstreetmap.org/?mlat=30.247643&mlon=-97.731728#map=18/30.247643/-97.731728,,Residential Property listing in Downtown Austin.,"Resident onboarding, building-level perks, and local engagement",Not listed,,,,No public special listed in source data,No public deal listed in source data,No public event listing in source data,OpenStreetMap / Overpass,2026-02-26T22:37:02Z
Residential Property,Residential Property,way,382446254,30.24686,-97.730964,https://www.openstreetmap.org/way/382446254#map=19/30.246860/-97.730964,https://www.openstreetmap.org/?mlat=30.246860&mlon=-97.730964#map=18/30.246860/-97.730964,,Residential Property listing in Downtown Austin.,"Resident onboarding, building-level perks, and local engagement",Not listed,,,,No public special listed in source data,No public deal listed in source data,No public event listing in source data,OpenStreetMap / Overpass,2026-02-26T22:37:02Z
Residential Property,Residential Property,way,382446256,30.245826,-97.727891,https://www.openstreetmap.org/way/382446256#map=19/30.245826/-97.727891,https://www.openstreetmap.org/?mlat=30.245826&mlon=-97.727891#map=18/30.245826/-97.727891,,Residential Property listing in Downtown Austin.,"Resident onboarding, building-level perks, and local engagement",Not listed,,,,No public special listed in source data,No public deal listed in source data,No public event listing in source data,OpenStreetMap / Overpass,2026-02-26T22:37:02Z
Residential Property,Residential Property,way,382446273,30.24547,-97.727951,https://www.openstreetmap.org/way/382446273#map=19/30.245470/-97.727951,https://www.openstreetmap.org/?mlat=30.245470&mlon=-97.727951#map=18/30.245470/-97.727951,,Residential Property listing in Downtown Austin.,"Resident onboarding, building-level perks, and local engagement",Not listed,,,,No public special listed in source data,No public deal listed in source data,No public event listing in source data,OpenStreetMap / Overpass,2026-02-26T22:37:02Z
Residential Property,Residential Property,way,382446277,30.248028,-97.733858,https://www.openstreetmap.org/way/382446277#map=19/30.248028/-97.733858,https://www.openstreetmap.org/?mlat=30.248028&mlon=-97.733858#map=18/30.248028/-97.733858,,Residential Property listing in Downtown Austin.,"Resident onboarding, building-level perks, and local engagement",Not listed,,,,No public special listed in source data,No public deal listed in source data,No public event listing in source data,OpenStreetMap / Overpass,2026-02-26T22:37:02Z
Residential Property,Residential Property,way,382446278,30.246678,-97.731351,https://www.openstreetmap.org/way/382446278#map=19/30.246678/-97.731351,https://www.openstreetmap.org/?mlat=30.246678&mlon=-97.731351#map=18/30.246678/-97.731351,,Residential Property listing in Downtown Austin.,"Resident onboarding, building-level perks, and local engagement",Not listed,,,,No public special listed in source data,No public deal listed in source data,No public event listing in source data,OpenStreetMap / Overpass,2026-02-26T22:37:02Z
Residential Property,Residential Property,way,383346686,30.255923,-97.753046,https://www.openstreetmap.org/way/383346686#map=19/30.255923/-97.753046,https://www.openstreetmap.org/?mlat=30.255923&mlon=-97.753046#map=18/30.255923/-97.753046,,Residential Property listing in Downtown Austin.,"Resident onboarding, building-level perks, and local engagement",Not listed,,,,No public special listed in source data,No public deal listed in source data,No public event listing in source data,OpenStreetMap / Overpass,2026-02-26T22:37:02Z
Residential Property,Residential Property,way,383346687,30.25575,-97.752572,https://www.openstreetmap.org/way/383346687#map=19/30.255750/-97.752572,https://www.openstreetmap.org/?mlat=30.255750&mlon=-97.752572#map=18/30.255750/-97.752572,,Residential Property listing in Downtown Austin.,"Resident onboarding, building-level perks, and local engagement",Not listed,,,,No public special listed in source data,No public deal listed in source data,No public event listing in source data,OpenStreetMap / Overpass,2026-02-26T22:37:02Z
Residential Property,Residential Property,way,383346690,30.256201,-97.752854,https://www.openstreetmap.org/way/383346690#map=19/30.256201/-97.752854,https://www.openstreetmap.org/?mlat=30.256201&mlon=-97.752854#map=18/30.256201/-97.752854,,Residential Property listing in Downtown Austin.,"Resident onboarding, building-level perks, and local engagement",Not listed,,,,No public special listed in source data,No public deal listed in source data,No public event listing in source data,OpenStreetMap / Overpass,2026-02-26T22:37:02Z
Residential Property,Residential Property,way,383346694,30.256068,-97.753502,https://www.openstreetmap.org/way/383346694#map=19/30.256068/-97.753502,https://www.openstreetmap.org/?mlat=30.256068&mlon=-97.753502#map=18/30.256068/-97.753502,,Residential Property listing in Downtown Austin.,"Resident onboarding, building-level perks, and local engagement",Not listed,,,,No public special listed in source data,No public deal listed in source data,No public event listing in source data,OpenStreetMap / Overpass,2026-02-26T22:37:02Z
Residential Property,Residential Property,way,383346704,30.2571,-97.752516,https://www.openstreetmap.org/way/383346704#map=19/30.257100/-97.752516,https://www.openstreetmap.org/?mlat=30.257100&mlon=-97.752516#map=18/30.257100/-97.752516,,Residential Property listing in Downtown Austin.,"Resident onboarding, building-level perks, and local engagement",Not listed,,,,No public special listed in source data,No public deal listed in source data,No public event listing in source data,OpenStreetMap / Overpass,2026-02-26T22:37:02Z
Residential Property,Residential Property,way,383346705,30.25677,-97.752867,https://www.openstreetmap.org/way/383346705#map=19/30.256770/-97.752867,https://www.openstreetmap.org/?mlat=30.256770&mlon=-97.752867#map=18/30.256770/-97.752867,,Residential Property listing in Downtown Austin.,"Resident onboarding, building-level perks, and local engagement",Not listed,,,,No public special listed in source data,No public deal listed in source data,No public event listing in source data,OpenStreetMap / Overpass,2026-02-26T22:37:02Z
Residential Property,Residential Property,way,383346706,30.2576,-97.752753,https://www.openstreetmap.org/way/383346706#map=19/30.257600/-97.752753,https://www.openstreetmap.org/?mlat=30.257600&mlon=-97.752753#map=18/30.257600/-97.752753,,Residential Property listing in Downtown Austin.,"Resident onboarding, building-level perks, and local engagement",Not listed,,,,No public special listed in source data,No public deal listed in source data,No public event listing in source data,OpenStreetMap / Overpass,2026-02-26T22:37:02Z
Residential Property,Residential Property,way,383346707,30.256351,-97.752528,https://www.openstreetmap.org/way/383346707#map=19/30.256351/-97.752528,https://www.openstreetmap.org/?mlat=30.256351&mlon=-97.752528#map=18/30.256351/-97.752528,,Residential Property listing in Downtown Austin.,"Resident onboarding, building-level perks, and local engagement",Not listed,,,,No public special listed in source data,No public deal listed in source data,No public event listing in source data,OpenStreetMap / Overpass,2026-02-26T22:37:02Z
Residential Property,Residential Property,way,383346709,30.256417,-97.753323,https://www.openstreetmap.org/way/383346709#map=19/30.256417/-97.753323,https://www.openstreetmap.org/?mlat=30.256417&mlon=-97.753323#map=18/30.256417/-97.753323,,Residential Property listing in Downtown Austin.,"Resident onboarding, building-level perks, and local engagement",Not listed,,,,No public special listed in source data,No public deal listed in source data,No public event listing in source data,OpenStreetMap / Overpass,2026-02-26T22:37:02Z
Residential Property,Residential Property,way,383346710,30.257874,-97.752456,https://www.openstreetmap.org/way/383346710#map=19/30.257874/-97.752456,https://www.openstreetmap.org/?mlat=30.257874&mlon=-97.752456#map=18/30.257874/-97.752456,,Residential Property listing in Downtown Austin.,"Resident onboarding, building-level perks, and local engagement",Not listed,,,,No public special listed in source data,No public deal listed in source data,No public event listing in source data,OpenStreetMap / Overpass,2026-02-26T22:37:02Z
Residential Property,Residential Property,way,383346711,30.257523,-97.751948,https://www.openstreetmap.org/way/383346711#map=19/30.257523/-97.751948,https://www.openstreetmap.org/?mlat=30.257523&mlon=-97.751948#map=18/30.257523/-97.751948,,Residential Property listing in Downtown Austin.,"Resident onboarding, building-level perks, and local engagement",Not listed,,,,No public special listed in source data,No public deal listed in source data,No public event listing in source data,OpenStreetMap / Overpass,2026-02-26T22:37:02Z
Residential Property,Residential Property,way,383355101,30.260912,-97.760463,https://www.openstreetmap.org/way/383355101#map=19/30.260912/-97.760463,https://www.openstreetmap.org/?mlat=30.260912&mlon=-97.760463#map=18/30.260912/-97.760463,,Residential Property listing in Downtown Austin.,"Resident onboarding, building-level perks, and local engagement",Not listed,,,,No public special listed in source data,No public deal listed in source data,No public event listing in source data,OpenStreetMap / Overpass,2026-02-26T22:37:02Z
Residential Property,Residential Property,way,383355306,30.261208,-97.760942,https://www.openstreetmap.org/way/383355306#map=19/30.261208/-97.760942,https://www.openstreetmap.org/?mlat=30.261208&mlon=-97.760942#map=18/30.261208/-97.760942,,Residential Property listing in Downtown Austin.,"Resident onboarding, building-level perks, and local engagement",Not listed,,,,No public special listed in source data,No public deal listed in source data,No public event listing in source data,OpenStreetMap / Overpass,2026-02-26T22:37:02Z
Residential Property,Residential Property,way,383355325,30.26142,-97.76139,https://www.openstreetmap.org/way/383355325#map=19/30.261420/-97.761390,https://www.openstreetmap.org/?mlat=30.261420&mlon=-97.761390#map=18/30.261420/-97.761390,,Residential Property listing in Downtown Austin.,"Resident onboarding, building-level perks, and local engagement",Not listed,,,,No public special listed in source data,No public deal listed in source data,No public event listing in source data,OpenStreetMap / Overpass,2026-02-26T22:37:02Z
Residential Property,Residential Property,way,383355331,30.260935,-97.76156,https://www.openstreetmap.org/way/383355331#map=19/30.260935/-97.761560,https://www.openstreetmap.org/?mlat=30.260935&mlon=-97.761560#map=18/30.260935/-97.761560,,Residential Property listing in Downtown Austin.,"Resident onboarding, building-level perks, and local engagement",Not listed,,,,No public special listed in source data,No public deal listed in source data,No public event listing in source data,OpenStreetMap / Overpass,2026-02-26T22:37:02Z
Residential Property,Residential Property,way,383355335,30.260005,-97.761771,https://www.openstreetmap.org/way/383355335#map=19/30.260005/-97.761771,https://www.openstreetmap.org/?mlat=30.260005&mlon=-97.761771#map=18/30.260005/-97.761771,,Residential Property listing in Downtown Austin.,"Resident onboarding, building-level perks, and local engagement",Not listed,,,,No public special listed in source data,No public deal listed in source data,No public event listing in source data,OpenStreetMap / Overpass,2026-02-26T22:37:02Z
Residential Property,Residential Property,way,383355337,30.261156,-97.76175,https://www.openstreetmap.org/way/383355337#map=19/30.261156/-97.761750,https://www.openstreetmap.org/?mlat=30.261156&mlon=-97.761750#map=18/30.261156/-97.761750,,Residential Property listing in Downtown Austin.,"Resident onboarding, building-level perks, and local engagement",Not listed,,,,No public special listed in source data,No public deal listed in source data,No public event listing in source data,OpenStreetMap / Overpass,2026-02-26T22:37:02Z
Residential Property,Residential Property,way,383355507,30.260473,-97.761676,https://www.openstreetmap.org/way/383355507#map=19/30.260473/-97.761676,https://www.openstreetmap.org/?mlat=30.260473&mlon=-97.761676#map=18/30.260473/-97.761676,,Residential Property listing in Downtown Austin.,"Resident onboarding, building-level perks, and local engagement",Not listed,,,,No public special listed in source data,No public deal listed in source data,No public event listing in source data,OpenStreetMap / Overpass,2026-02-26T22:37:02Z
Residential Property,Residential Property,way,383355511,30.260137,-97.762171,https://www.openstreetmap.org/way/383355511#map=19/30.260137/-97.762171,https://www.openstreetmap.org/?mlat=30.260137&mlon=-97.762171#map=18/30.260137/-97.762171,,Residential Property listing in Downtown Austin.,"Resident onboarding, building-level perks, and local engagement",Not listed,,,,No public special listed in source data,No public deal listed in source data,No public event listing in source data,OpenStreetMap / Overpass,2026-02-26T22:37:02Z
Residential Property,Residential Property,way,383355603,30.260588,-97.759849,https://www.openstreetmap.org/way/383355603#map=19/30.260588/-97.759849,https://www.openstreetmap.org/?mlat=30.260588&mlon=-97.759849#map=18/30.260588/-97.759849,,Residential Property listing in Downtown Austin.,"Resident onboarding, building-level perks, and local engagement",Not listed,,,,No public special listed in source data,No public deal listed in source data,No public event listing in source data,OpenStreetMap / Overpass,2026-02-26T22:37:02Z
Residential Property,Residential Property,way,814770105,30.263623,-97.731853,https://www.openstreetmap.org/way/814770105#map=19/30.263623/-97.731853,https://www.openstreetmap.org/?mlat=30.263623&mlon=-97.731853#map=18/30.263623/-97.731853,,Residential Property listing in Downtown Austin.,"Resident onboarding, building-level perks, and local engagement",Not listed,,,,No public special listed in source data,No public deal listed in source data,No public event listing in source data,OpenStreetMap / Overpass,2026-02-26T22:37:02Z
Residential Property,Residential Property,way,881147075,30.263957,-97.760718,https://www.openstreetmap.org/way/881147075#map=19/30.263957/-97.760718,https://www.openstreetmap.org/?mlat=30.263957&mlon=-97.760718#map=18/30.263957/-97.760718,,Residential Property listing in Downtown Austin.,"Resident onboarding, building-level perks, and local engagement",Not listed,,,,No public special listed in source data,No public deal listed in source data,No public event listing in source data,OpenStreetMap / Overpass,2026-02-26T22:37:02Z
Residential Property,Residential Property,way,881147077,30.263803,-97.760407,https://www.openstreetmap.org/way/881147077#map=19/30.263803/-97.760407,https://www.openstreetmap.org/?mlat=30.263803&mlon=-97.760407#map=18/30.263803/-97.760407,,Residential Property listing in Downtown Austin.,"Resident onboarding, building-level perks, and local engagement",Not listed,,,,No public special listed in source data,No public deal listed in source data,No public event listing in source data,OpenStreetMap / Overpass,2026-02-26T22:37:02Z
Residential Property,Residential Property,way,881147078,30.263382,-97.761078,https://www.openstreetmap.org/way/881147078#map=19/30.263382/-97.761078,https://www.openstreetmap.org/?mlat=30.263382&mlon=-97.761078#map=18/30.263382/-97.761078,,Residential Property listing in Downtown Austin.,"Resident onboarding, building-level perks, and local engagement",Not listed,,,,No public special listed in source data,No public deal listed in source data,No public event listing in source data,OpenStreetMap / Overpass,2026-02-26T22:37:02Z
Residential Property,Residential Property,way,881147079,30.263226,-97.760785,https://www.openstreetmap.org/way/881147079#map=19/30.263226/-97.760785,https://www.openstreetmap.org/?mlat=30.263226&mlon=-97.760785#map=18/30.263226/-97.760785,,Residential Property listing in Downtown Austin.,"Resident onboarding, building-level perks, and local engagement",Not listed,,,,No public special listed in source data,No public deal listed in source data,No public event listing in source data,OpenStreetMap / Overpass,2026-02-26T22:37:02Z
Residential Property,Residential Property,way,881147080,30.26285,-97.761406,https://www.openstreetmap.org/way/881147080#map=19/30.262850/-97.761406,https://www.openstreetmap.org/?mlat=30.262850&mlon=-97.761406#map=18/30.262850/-97.761406,,Residential Property listing in Downtown Austin.,"Resident onboarding, building-level perks, and local engagement",Not listed,,,,No public special listed in source data,No public deal listed in source data,No public event listing in source data,OpenStreetMap / Overpass,2026-02-26T22:37:02Z
Residential Property,Residential Property,way,881147081,30.262718,-97.761116,https://www.openstreetmap.org/way/881147081#map=19/30.262718/-97.761116,https://www.openstreetmap.org/?mlat=30.262718&mlon=-97.761116#map=18/30.262718/-97.761116,,Residential Property listing in Downtown Austin.,"Resident onboarding, building-level perks, and local engagement",Not listed,,,,No public special listed in source data,No public deal listed in source data,No public event listing in source data,OpenStreetMap / Overpass,2026-02-26T22:37:02Z
Residential Property,Residential Property,way,906696305,30.248632,-97.734381,https://www.openstreetmap.org/way/906696305#map=19/30.248632/-97.734381,https://www.openstreetmap.org/?mlat=30.248632&mlon=-97.734381#map=18/30.248632/-97.734381,,Residential Property listing in Downtown Austin.,"Resident onboarding, building-level perks, and local engagement",Not listed,,,,No public special listed in source data,No public deal listed in source data,No public event listing in source data,OpenStreetMap / Overpass,2026-02-26T22:37:02Z
Residential Property,Residential Property,way,906706479,30.2467,-97.730119,https://www.openstreetmap.org/way/906706479#map=19/30.246700/-97.730119,https://www.openstreetmap.org/?mlat=30.246700&mlon=-97.730119#map=18/30.246700/-97.730119,,Residential Property listing in Downtown Austin.,"Resident onboarding, building-level perks, and local engagement",Not listed,,,,No public special listed in source data,No public deal listed in source data,No public event listing in source data,OpenStreetMap / Overpass,2026-02-26T22:37:02Z
Residential Property,Residential Property,way,906706480,30.246241,-97.729144,https://www.openstreetmap.org/way/906706480#map=19/30.246241/-97.729144,https://www.openstreetmap.org/?mlat=30.246241&mlon=-97.729144#map=18/30.246241/-97.729144,,Residential Property listing in Downtown Austin.,"Resident onboarding, building-level perks, and local engagement",Not listed,,,,No public special listed in source data,No public deal listed in source data,No public event listing in source data,OpenStreetMap / Overpass,2026-02-26T22:37:02Z
Residential Property,Residential Property,way,913019901,30.253185,-97.747926,https://www.openstreetmap.org/way/913019901#map=19/30.253185/-97.747926,https://www.openstreetmap.org/?mlat=30.253185&mlon=-97.747926#map=18/30.253185/-97.747926,,Residential Property listing in Downtown Austin.,"Resident onboarding, building-level perks, and local engagement",Not listed,,,,No public special listed in source data,No public deal listed in source data,No public event listing in source data,OpenStreetMap / Overpass,2026-02-26T22:37:02Z
Residential Property,Residential Property,way,913019902,30.252466,-97.748296,https://www.openstreetmap.org/way/913019902#map=19/30.252466/-97.748296,https://www.openstreetmap.org/?mlat=30.252466&mlon=-97.748296#map=18/30.252466/-97.748296,,Residential Property listing in Downtown Austin.,"Resident onboarding, building-level perks, and local engagement",Not listed,,,,No public special listed in source data,No public deal listed in source data,No public event listing in source data,OpenStreetMap / Overpass,2026-02-26T22:37:02Z
Residential Property,Residential Property,way,972610619,30.260196,-97.756423,https://www.openstreetmap.org/way/972610619#map=19/30.260196/-97.756423,https://www.openstreetmap.org/?mlat=30.260196&mlon=-97.756423#map=18/30.260196/-97.756423,,Residential Property listing in Downtown Austin.,"Resident onboarding, building-level perks, and local engagement",Not listed,,,,No public special listed in source data,No public deal listed in source data,No public event listing in source data,OpenStreetMap / Overpass,2026-02-26T22:37:02Z
Residential Property,Residential Property,way,972610620,30.259972,-97.756744,https://www.openstreetmap.org/way/972610620#map=19/30.259972/-97.756744,https://www.openstreetmap.org/?mlat=30.259972&mlon=-97.756744#map=18/30.259972/-97.756744,,Residential Property listing in Downtown Austin.,"Resident onboarding, building-level perks, and local engagement",Not listed,,,,No public special listed in source data,No public deal listed in source data,No public event listing in source data,OpenStreetMap / Overpass,2026-02-26T22:37:02Z
Residential Property,Residential Property,way,1009307672,30.25481,-97.73465,https://www.openstreetmap.org/way/1009307672#map=19/30.254810/-97.734650,https://www.openstreetmap.org/?mlat=30.254810&mlon=-97.734650#map=18/30.254810/-97.734650,,Residential Property listing in Downtown Austin.,"Resident onboarding, building-level perks, and local engagement",Not listed,,,,No public special listed in source data,No public deal listed in source data,No public event listing in source data,OpenStreetMap / Overpass,2026-02-26T22:37:02Z
Residential Property,Residential Property,way,1024600244,30.254521,-97.764166,https://www.openstreetmap.org/way/1024600244#map=19/30.254521/-97.764166,https://www.openstreetmap.org/?mlat=30.254521&mlon=-97.764166#map=18/30.254521/-97.764166,,Residential Property listing in Downtown Austin.,"Resident onboarding, building-level perks, and local engagement",Not listed,,,,No public special listed in source data,No public deal listed in source data,No public event listing in source data,OpenStreetMap / Overpass,2026-02-26T22:37:02Z
Residential Property,Residential Property,way,1024600256,30.254081,-97.761734,https://www.openstreetmap.org/way/1024600256#map=19/30.254081/-97.761734,https://www.openstreetmap.org/?mlat=30.254081&mlon=-97.761734#map=18/30.254081/-97.761734,,Residential Property listing in Downtown Austin.,"Resident onboarding, building-level perks, and local engagement",Not listed,,,,No public special listed in source data,No public deal listed in source data,No public event listing in source data,OpenStreetMap / Overpass,2026-02-26T22:37:02Z
Residential Property,Residential Property,way,1024600261,30.256776,-97.760154,https://www.openstreetmap.org/way/1024600261#map=19/30.256776/-97.760154,https://www.openstreetmap.org/?mlat=30.256776&mlon=-97.760154#map=18/30.256776/-97.760154,,Residential Property listing in Downtown Austin.,"Resident onboarding, building-level perks, and local engagement",Not listed,,,,No public special listed in source data,No public deal listed in source data,No public event listing in source data,OpenStreetMap / Overpass,2026-02-26T22:37:02Z
Residential Property,Residential Property,way,1024606818,30.262767,-97.758554,https://www.openstreetmap.org/way/1024606818#map=19/30.262767/-97.758554,https://www.openstreetmap.org/?mlat=30.262767&mlon=-97.758554#map=18/30.262767/-97.758554,,Residential Property listing in Downtown Austin.,"Resident onboarding, building-level perks, and local engagement",Not listed,,,,No public special listed in source data,No public deal listed in source data,No public event listing in source data,OpenStreetMap / Overpass,2026-02-26T22:37:02Z
Residential Property,Residential Property,way,1024606819,30.264524,-97.762428,https://www.openstreetmap.org/way/1024606819#map=19/30.264524/-97.762428,https://www.openstreetmap.org/?mlat=30.264524&mlon=-97.762428#map=18/30.264524/-97.762428,,Residential Property listing in Downtown Austin.,"Resident onboarding, building-level perks, and local engagement",Not listed,,,,No public special listed in source data,No public deal listed in source data,No public event listing in source data,OpenStreetMap / Overpass,2026-02-26T22:37:02Z
Residential Property,Residential Property,way,1024606822,30.264829,-97.763531,https://www.openstreetmap.org/way/1024606822#map=19/30.264829/-97.763531,https://www.openstreetmap.org/?mlat=30.264829&mlon=-97.763531#map=18/30.264829/-97.763531,,Residential Property listing in Downtown Austin.,"Resident onboarding, building-level perks, and local engagement",Not listed,,,,No public special listed in source data,No public deal listed in source data,No public event listing in source data,OpenStreetMap / Overpass,2026-02-26T22:37:02Z
Residential Property,Residential Property,way,1226724867,30.275299,-97.729441,https://www.openstreetmap.org/way/1226724867#map=19/30.275299/-97.729441,https://www.openstreetmap.org/?mlat=30.275299&mlon=-97.729441#map=18/30.275299/-97.729441,,Residential Property listing in Downtown Austin.,"Resident onboarding, building-level perks, and local engagement",Not listed,,,,No public special listed in source data,No public deal listed in source data,No public event listing in source data,OpenStreetMap / Overpass,2026-02-26T22:37:02Z
Residential Property,Residential Property,way,1226724868,30.273508,-97.729541,https://www.openstreetmap.org/way/1226724868#map=19/30.273508/-97.729541,https://www.openstreetmap.org/?mlat=30.273508&mlon=-97.729541#map=18/30.273508/-97.729541,,Residential Property listing in Downtown Austin.,"Resident onboarding, building-level perks, and local engagement",Not listed,,,,No public special listed in source data,No public deal listed in source data,No public event listing in source data,OpenStreetMap / Overpass,2026-02-26T22:37:02Z
Residential Property,Residential Property,way,1226724870,30.274072,-97.726085,https://www.openstreetmap.org/way/1226724870#map=19/30.274072/-97.726085,https://www.openstreetmap.org/?mlat=30.274072&mlon=-97.726085#map=18/30.274072/-97.726085,,Residential Property listing in Downtown Austin.,"Resident onboarding, building-level perks, and local engagement",Not listed,,,,No public special listed in source data,No public deal listed in source data,No public event listing in source data,OpenStreetMap / Overpass,2026-02-26T22:37:02Z
Residential Property,Residential Property,way,1226731574,30.272152,-97.725024,https://www.openstreetmap.org/way/1226731574#map=19/30.272152/-97.725024,https://www.openstreetmap.org/?mlat=30.272152&mlon=-97.725024#map=18/30.272152/-97.725024,,Residential Property listing in Downtown Austin.,"Resident onboarding, building-level perks, and local engagement",Not listed,,,,No public special listed in source data,No public deal listed in source data,No public event listing in source data,OpenStreetMap / Overpass,2026-02-26T22:37:02Z
Residential Property,Residential Property,way,1226731575,30.271946,-97.727023,https://www.openstreetmap.org/way/1226731575#map=19/30.271946/-97.727023,https://www.openstreetmap.org/?mlat=30.271946&mlon=-97.727023#map=18/30.271946/-97.727023,,Residential Property listing in Downtown Austin.,"Resident onboarding, building-level perks, and local engagement",Not listed,,,,No public special listed in source data,No public deal listed in source data,No public event listing in source data,OpenStreetMap / Overpass,2026-02-26T22:37:02Z
Residential Property,Residential Property,way,1226731576,30.271705,-97.730252,https://www.openstreetmap.org/way/1226731576#map=19/30.271705/-97.730252,https://www.openstreetmap.org/?mlat=30.271705&mlon=-97.730252#map=18/30.271705/-97.730252,,Residential Property listing in Downtown Austin.,"Resident onboarding, building-level perks, and local engagement",Not listed,,,,No public special listed in source data,No public deal listed in source data,No public event listing in source data,OpenStreetMap / Overpass,2026-02-26T22:37:02Z
Residential Property,Residential Property,way,1226731577,30.271144,-97.730747,https://www.openstreetmap.org/way/1226731577#map=19/30.271144/-97.730747,https://www.openstreetmap.org/?mlat=30.271144&mlon=-97.730747#map=18/30.271144/-97.730747,,Residential Property listing in Downtown Austin.,"Resident onboarding, building-level perks, and local engagement",Not listed,,,,No public special listed in source data,No public deal listed in source data,No public event listing in source data,OpenStreetMap / Overpass,2026-02-26T22:37:02Z
Residential Property,Residential Property,way,1226731578,30.270596,-97.730439,https://www.openstreetmap.org/way/1226731578#map=19/30.270596/-97.730439,https://www.openstreetmap.org/?mlat=30.270596&mlon=-97.730439#map=18/30.270596/-97.730439,,Residential Property listing in Downtown Austin.,"Resident onboarding, building-level perks, and local engagement",Not listed,,,,No public special listed in source data,No public deal listed in source data,No public event listing in source data,OpenStreetMap / Overpass,2026-02-26T22:37:02Z
Residential Property,Residential Property,way,1226731579,30.270848,-97.728467,https://www.openstreetmap.org/way/1226731579#map=19/30.270848/-97.728467,https://www.openstreetmap.org/?mlat=30.270848&mlon=-97.728467#map=18/30.270848/-97.728467,,Residential Property listing in Downtown Austin.,"Resident onboarding, building-level perks, and local engagement",Not listed,,,,No public special listed in source data,No public deal listed in source data,No public event listing in source data,OpenStreetMap / Overpass,2026-02-26T22:37:02Z
Residential Property,Residential Property,way,1226731580,30.269817,-97.729333,https://www.openstreetmap.org/way/1226731580#map=19/30.269817/-97.729333,https://www.openstreetmap.org/?mlat=30.269817&mlon=-97.729333#map=18/30.269817/-97.729333,,Residential Property listing in Downtown Austin.,"Resident onboarding, building-level perks, and local engagement",Not listed,,,,No public special listed in source data,No public deal listed in source data,No public event listing in source data,OpenStreetMap / Overpass,2026-02-26T22:37:02Z
Residential Property,Residential Property,way,1226731590,30.267944,-97.724805,https://www.openstreetmap.org/way/1226731590#map=19/30.267944/-97.724805,https://www.openstreetmap.org/?mlat=30.267944&mlon=-97.724805#map=18/30.267944/-97.724805,,Residential Property listing in Downtown Austin.,"Resident onboarding, building-level perks, and local engagement",Not listed,,,,No public special listed in source data,No public deal listed in source data,No public event listing in source data,OpenStreetMap / Overpass,2026-02-26T22:37:02Z
Residential Property,Residential Property,way,1226731593,30.26734,-97.730636,https://www.openstreetmap.org/way/1226731593#map=19/30.267340/-97.730636,https://www.openstreetmap.org/?mlat=30.267340&mlon=-97.730636#map=18/30.267340/-97.730636,,Residential Property listing in Downtown Austin.,"Resident onboarding, building-level perks, and local engagement",Not listed,,,,No public special listed in source data,No public deal listed in source data,No public event listing in source data,OpenStreetMap / Overpass,2026-02-26T22:37:02Z
Residential Property,Residential Property,way,1226731594,30.266582,-97.729238,https://www.openstreetmap.org/way/1226731594#map=19/30.266582/-97.729238,https://www.openstreetmap.org/?mlat=30.266582&mlon=-97.729238#map=18/30.266582/-97.729238,,Residential Property listing in Downtown Austin.,"Resident onboarding, building-level perks, and local engagement",Not listed,,,,No public special listed in source data,No public deal listed in source data,No public event listing in source data,OpenStreetMap / Overpass,2026-02-26T22:37:02Z
Residential Property,Residential Property,way,1226731595,30.266017,-97.727973,https://www.openstreetmap.org/way/1226731595#map=19/30.266017/-97.727973,https://www.openstreetmap.org/?mlat=30.266017&mlon=-97.727973#map=18/30.266017/-97.727973,,Residential Property listing in Downtown Austin.,"Resident onboarding, building-level perks, and local engagement",Not listed,,,,No public special listed in source data,No public deal listed in source data,No public event listing in source data,OpenStreetMap / Overpass,2026-02-26T22:37:02Z
Residential Property,Residential Property,way,1226731596,30.268395,-97.728803,https://www.openstreetmap.org/way/1226731596#map=19/30.268395/-97.728803,https://www.openstreetmap.org/?mlat=30.268395&mlon=-97.728803#map=18/30.268395/-97.728803,,Residential Property listing in Downtown Austin.,"Resident onboarding, building-level perks, and local engagement",Not listed,,,,No public special listed in source data,No public deal listed in source data,No public event listing in source data,OpenStreetMap / Overpass,2026-02-26T22:37:02Z
Residential Property,Residential Property,way,1226731598,30.267883,-97.727349,https://www.openstreetmap.org/way/1226731598#map=19/30.267883/-97.727349,https://www.openstreetmap.org/?mlat=30.267883&mlon=-97.727349#map=18/30.267883/-97.727349,,Residential Property listing in Downtown Austin.,"Resident onboarding, building-level perks, and local engagement",Not listed,,,,No public special listed in source data,No public deal listed in source data,No public event listing in source data,OpenStreetMap / Overpass,2026-02-26T22:37:02Z
Residential Property,Residential Property,way,1226731599,30.267803,-97.728831,https://www.openstreetmap.org/way/1226731599#map=19/30.267803/-97.728831,https://www.openstreetmap.org/?mlat=30.267803&mlon=-97.728831#map=18/30.267803/-97.728831,,Residential Property listing in Downtown Austin.,"Resident onboarding, building-level perks, and local engagement",Not listed,,,,No public special listed in source data,No public deal listed in source data,No public event listing in source data,OpenStreetMap / Overpass,2026-02-26T22:37:02Z
Residential Property,Residential Property,way,1227148474,30.270131,-97.726941,https://www.openstreetmap.org/way/1227148474#map=19/30.270131/-97.726941,https://www.openstreetmap.org/?mlat=30.270131&mlon=-97.726941#map=18/30.270131/-97.726941,,Residential Property listing in Downtown Austin.,"Resident onboarding, building-level perks, and local engagement",Not listed,,,,No public special listed in source data,No public deal listed in source data,No public event listing in source data,OpenStreetMap / Overpass,2026-02-26T22:37:02Z
Residential Property,Residential Property,way,1227148477,30.270613,-97.726732,https://www.openstreetmap.org/way/1227148477#map=19/30.270613/-97.726732,https://www.openstreetmap.org/?mlat=30.270613&mlon=-97.726732#map=18/30.270613/-97.726732,,Residential Property listing in Downtown Austin.,"Resident onboarding, building-level perks, and local engagement",Not listed,,,,No public special listed in source data,No public deal listed in source data,No public event listing in source data,OpenStreetMap / Overpass,2026-02-26T22:37:02Z
Residential Property,Residential Property,way,1227148478,30.270574,-97.725658,https://www.openstreetmap.org/way/1227148478#map=19/30.270574/-97.725658,https://www.openstreetmap.org/?mlat=30.270574&mlon=-97.725658#map=18/30.270574/-97.725658,,Residential Property listing in Downtown Austin.,"Resident onboarding, building-level perks, and local engagement",Not listed,,,,No public special listed in source data,No public deal listed in source data,No public event listing in source data,OpenStreetMap / Overpass,2026-02-26T22:37:02Z
Residential Property,Residential Property,way,1227148481,30.269466,-97.726506,https://www.openstreetmap.org/way/1227148481#map=19/30.269466/-97.726506,https://www.openstreetmap.org/?mlat=30.269466&mlon=-97.726506#map=18/30.269466/-97.726506,,Residential Property listing in Downtown Austin.,"Resident onboarding, building-level perks, and local engagement",Not listed,,,,No public special listed in source data,No public deal listed in source data,No public event listing in source data,OpenStreetMap / Overpass,2026-02-26T22:37:02Z
Residential Property,Residential Property,way,1264562626,30.250757,-97.739351,https://www.openstreetmap.org/way/1264562626#map=19/30.250757/-97.739351,https://www.openstreetmap.org/?mlat=30.250757&mlon=-97.739351#map=18/30.250757/-97.739351,,Residential Property listing in Downtown Austin.,"Resident onboarding, building-level perks, and local engagement",Not listed,,,,No public special listed in source data,No public deal listed in source data,No public event listing in source data,OpenStreetMap / Overpass,2026-02-26T22:37:02Z
Residential Property,Residential Property,way,1264581928,30.253429,-97.753675,https://www.openstreetmap.org/way/1264581928#map=19/30.253429/-97.753675,https://www.openstreetmap.org/?mlat=30.253429&mlon=-97.753675#map=18/30.253429/-97.753675,,Residential Property listing in Downtown Austin.,"Resident onboarding, building-level perks, and local engagement",Not listed,,,,No public special listed in source data,No public deal listed in source data,No public event listing in source data,OpenStreetMap / Overpass,2026-02-26T22:37:02Z
Residential Property,Residential Property,way,1316839536,30.260711,-97.727398,https://www.openstreetmap.org/way/1316839536#map=19/30.260711/-97.727398,https://www.openstreetmap.org/?mlat=30.260711&mlon=-97.727398#map=18/30.260711/-97.727398,,Residential Property listing in Downtown Austin.,"Resident onboarding, building-level perks, and local engagement",Not listed,,,,No public special listed in source data,No public deal listed in source data,No public event listing in source data,OpenStreetMap / Overpass,2026-02-26T22:37:02Z
Residential Property,Residential Property,way,1317139603,30.271728,-97.759877,https://www.openstreetmap.org/way/1317139603#map=19/30.271728/-97.759877,https://www.openstreetmap.org/?mlat=30.271728&mlon=-97.759877#map=18/30.271728/-97.759877,,Residential Property listing in Downtown Austin.,"Resident onboarding, building-level perks, and local engagement",Not listed,,,,No public special listed in source data,No public deal listed in source data,No public event listing in source data,OpenStreetMap / Overpass,2026-02-26T22:37:02Z
Residential Property,Residential Property,way,1317139606,30.272855,-97.760037,https://www.openstreetmap.org/way/1317139606#map=19/30.272855/-97.760037,https://www.openstreetmap.org/?mlat=30.272855&mlon=-97.760037#map=18/30.272855/-97.760037,,Residential Property listing in Downtown Austin.,"Resident onboarding, building-level perks, and local engagement",Not listed,,,,No public special listed in source data,No public deal listed in source data,No public event listing in source data,OpenStreetMap / Overpass,2026-02-26T22:37:02Z
Residential Property,Residential Property,way,1317394734,30.283329,-97.742791,https://www.openstreetmap.org/way/1317394734#map=19/30.283329/-97.742791,https://www.openstreetmap.org/?mlat=30.283329&mlon=-97.742791#map=18/30.283329/-97.742791,,Residential Property listing in Downtown Austin.,"Resident onboarding, building-level perks, and local engagement",Not listed,,,,No public special listed in source data,No public deal listed in source data,No public event listing in source data,OpenStreetMap / Overpass,2026-02-26T22:37:02Z
Residential Property Barton Springs Road 1501,Residential Property,way,383355084,30.260542,-97.759403,https://www.openstreetmap.org/way/383355084#map=19/30.260542/-97.759403,https://www.openstreetmap.org/?mlat=30.260542&mlon=-97.759403#map=18/30.260542/-97.759403,"1501, Barton Springs Road",Residential Property listing in Downtown Austin.,"Resident onboarding, building-level perks, and local engagement",Not listed,,,,No public special listed in source data,No public deal listed in source data,No public event listing in source data,OpenStreetMap / Overpass,2026-02-26T22:37:02Z
Residential Property East 11th Street 811,Residential Property,relation,14004983,30.269523,-97.732124,https://www.openstreetmap.org/relation/14004983#map=19/30.269523/-97.732124,https://www.openstreetmap.org/?mlat=30.269523&mlon=-97.732124#map=18/30.269523/-97.732124,"811, East 11th Street, Austin, 78702",Residential Property listing in Downtown Austin.,"Resident onboarding, building-level perks, and local engagement",Not listed,+1 877 815-0542,,https://elevenaustin.com/,No public special listed in source data,No public deal listed in source data,No public event listing in source data,OpenStreetMap / Overpass,2026-02-26T22:37:02Z
Residential Property East 4th Street 1401,Residential Property,way,1346922880,30.261557,-97.729286,https://www.openstreetmap.org/way/1346922880#map=19/30.261557/-97.729286,https://www.openstreetmap.org/?mlat=30.261557&mlon=-97.729286#map=18/30.261557/-97.729286,"1401, East 4th Street, Austin, TX, 78702",Residential Property listing in Downtown Austin.,"Resident onboarding, building-level perks, and local engagement",Not listed,,,,No public special listed in source data,No public deal listed in source data,No public event listing in source data,OpenStreetMap / Overpass,2026-02-26T22:37:02Z
Residential Property East Riverside Drive 1300,Residential Property,way,382446223,30.248404,-97.733797,https://www.openstreetmap.org/way/382446223#map=19/30.248404/-97.733797,https://www.openstreetmap.org/?mlat=30.248404&mlon=-97.733797#map=18/30.248404/-97.733797,"1300, East Riverside Drive",Residential Property listing in Downtown Austin.,"Resident onboarding, building-level perks, and local engagement",Not listed,,,,No public special listed in source data,No public deal listed in source data,No public event listing in source data,OpenStreetMap / Overpass,2026-02-26T22:37:02Z
Residential Property Embassy Drive 800,Residential Property,way,1217636449,30.267742,-97.732626,https://www.openstreetmap.org/way/1217636449#map=19/30.267742/-97.732626,https://www.openstreetmap.org/?mlat=30.267742&mlon=-97.732626#map=18/30.267742/-97.732626,"800, Embassy Drive, Austin, TX, 78702",Residential Property listing in Downtown Austin.,"Resident onboarding, building-level perks, and local engagement",Not listed,,,,No public special listed in source data,No public deal listed in source data,No public event listing in source data,OpenStreetMap / Overpass,2026-02-26T22:37:02Z
Residential Property San Antonio Street 2008,Residential Property,way,380922405,30.283328,-97.743319,https://www.openstreetmap.org/way/380922405#map=19/30.283328/-97.743319,https://www.openstreetmap.org/?mlat=30.283328&mlon=-97.743319#map=18/30.283328/-97.743319,"2008, San Antonio Street, Austin, TX",Residential Property listing in Downtown Austin.,"Resident onboarding, building-level perks, and local engagement",Not listed,,,,No public special listed in source data,No public deal listed in source data,No public event listing in source data,OpenStreetMap / Overpass,2026-02-26T22:37:02Z
Residential Property San Marcos Street 1000,Residential Property,relation,14005247,30.268953,-97.731892,https://www.openstreetmap.org/relation/14005247#map=19/30.268953/-97.731892,https://www.openstreetmap.org/?mlat=30.268953&mlon=-97.731892#map=18/30.268953/-97.731892,"1000, San Marcos Street, Austin, TX, 78702",Residential Property listing in Downtown Austin.,"Resident onboarding, building-level perks, and local engagement",Not listed,,,,No public special listed in source data,No public deal listed in source data,No public event listing in source data,OpenStreetMap / Overpass,2026-02-26T22:37:02Z
Residential Property South 1st Street 2209,Residential Property,way,1214666463,30.243852,-97.757602,https://www.openstreetmap.org/way/1214666463#map=19/30.243852/-97.757602,https://www.openstreetmap.org/?mlat=30.243852&mlon=-97.757602#map=18/30.243852/-97.757602,"2209, South 1st Street, Austin, TX, 78704",Residential Property listing in Downtown Austin.,"Resident onboarding, building-level perks, and local engagement",Not listed,,,,No public special listed in source data,No public deal listed in source data,No public event listing in source data,OpenStreetMap / Overpass,2026-02-26T22:37:02Z
Residential Property South 1st Street 614,Residential Property,way,383346591,30.256765,-97.751456,https://www.openstreetmap.org/way/383346591#map=19/30.256765/-97.751456,https://www.openstreetmap.org/?mlat=30.256765&mlon=-97.751456#map=18/30.256765/-97.751456,"614, South 1st Street",Residential Property listing in Downtown Austin.,"Resident onboarding, building-level perks, and local engagement",Not listed,,,,No public special listed in source data,No public deal listed in source data,No public event listing in source data,OpenStreetMap / Overpass,2026-02-26T22:37:02Z
Residential Property South 1st Street 620,Residential Property,way,383346592,30.256935,-97.752061,https://www.openstreetmap.org/way/383346592#map=19/30.256935/-97.752061,https://www.openstreetmap.org/?mlat=30.256935&mlon=-97.752061#map=18/30.256935/-97.752061,"620, South 1st Street",Residential Property listing in Downtown Austin.,"Resident onboarding, building-level perks, and local engagement",Not listed,,,,No public special listed in source data,No public deal listed in source data,No public event listing in source data,OpenStreetMap / Overpass,2026-02-26T22:37:02Z
Residential Property South 1st Street 700,Residential Property,way,383346594,30.25581,-97.752125,https://www.openstreetmap.org/way/383346594#map=19/30.255810/-97.752125,https://www.openstreetmap.org/?mlat=30.255810&mlon=-97.752125#map=18/30.255810/-97.752125,"700, South 1st Street",Residential Property listing in Downtown Austin.,"Resident onboarding, building-level perks, and local engagement",Not listed,,,,No public special listed in source data,No public deal listed in source data,No public event listing in source data,OpenStreetMap / Overpass,2026-02-26T22:37:02Z
Residential Property South 1st Street 900,Residential Property,way,881161885,30.254814,-97.752953,https://www.openstreetmap.org/way/881161885#map=19/30.254814/-97.752953,https://www.openstreetmap.org/?mlat=30.254814&mlon=-97.752953#map=18/30.254814/-97.752953,"900, South 1st Street, Austin, TX, 78704",Residential Property listing in Downtown Austin.,"Resident onboarding, building-level perks, and local engagement",Not listed,,,,No public special listed in source data,condominiums,No public event listing in source data,OpenStreetMap / Overpass,2026-02-26T22:37:02Z
Residential Property Waller Street 21,Residential Property,way,953875889,30.253183,-97.733385,https://www.openstreetmap.org/way/953875889#map=19/30.253183/-97.733385,https://www.openstreetmap.org/?mlat=30.253183&mlon=-97.733385#map=18/30.253183/-97.733385,"21, Waller Street, Austin, TX",Residential Property listing in Downtown Austin.,"Resident onboarding, building-level perks, and local engagement",Not listed,,,,No public special listed in source data,No public deal listed in source data,No public event listing in source data,OpenStreetMap / Overpass,2026-02-26T22:37:02Z
Residential Property West 3rd Street 800,Residential Property,way,1207924934,30.268137,-97.751934,https://www.openstreetmap.org/way/1207924934#map=19/30.268137/-97.751934,https://www.openstreetmap.org/?mlat=30.268137&mlon=-97.751934#map=18/30.268137/-97.751934,"800, West 3rd Street, Austin, TX, 78701",Residential Property listing in Downtown Austin.,"Resident onboarding, building-level perks, and local engagement",Not listed,,,,No public special listed in source data,No public deal listed in source data,No public event listing in source data,OpenStreetMap / Overpass,2026-02-26T22:37:02Z
Residential Property West 3rd Street 820,Residential Property,way,1207924932,30.268421,-97.752738,https://www.openstreetmap.org/way/1207924932#map=19/30.268421/-97.752738,https://www.openstreetmap.org/?mlat=30.268421&mlon=-97.752738#map=18/30.268421/-97.752738,"820, West 3rd Street, Austin, TX, 78701",Residential Property listing in Downtown Austin.,"Resident onboarding, building-level perks, and local engagement",Not listed,,,,No public special listed in source data,No public deal listed in source data,No public event listing in source data,OpenStreetMap / Overpass,2026-02-26T22:37:02Z
Residential Property West 3rd Street 830,Residential Property,relation,7480397,30.268652,-97.753218,https://www.openstreetmap.org/relation/7480397#map=19/30.268652/-97.753218,https://www.openstreetmap.org/?mlat=30.268652&mlon=-97.753218#map=18/30.268652/-97.753218,"830, West 3rd Street, Austin, TX, 78701",Residential Property listing in Downtown Austin.,"Resident onboarding, building-level perks, and local engagement",Not listed,,,,No public special listed in source data,No public deal listed in source data,No public event listing in source data,OpenStreetMap / Overpass,2026-02-26T22:37:02Z
Residential Property West Avenue 300,Residential Property,way,99868617,30.268065,-97.751651,https://www.openstreetmap.org/way/99868617#map=19/30.268065/-97.751651,https://www.openstreetmap.org/?mlat=30.268065&mlon=-97.751651#map=18/30.268065/-97.751651,"300, West Avenue, Austin, TX, 78701",Residential Property listing in Downtown Austin.,"Resident onboarding, building-level perks, and local engagement",Not listed,,,,No public special listed in source data,No public deal listed in source data,No public event listing in source data,OpenStreetMap / Overpass,2026-02-26T22:37:02Z
Rio House Apartments,Residential Property,way,381834319,30.280759,-97.745082,https://www.openstreetmap.org/way/381834319#map=19/30.280759/-97.745082,https://www.openstreetmap.org/?mlat=30.280759&mlon=-97.745082#map=18/30.280759/-97.745082,"606, West 17th Street, Austin, TX, 78701",Residential Property listing in Downtown Austin.,"Resident onboarding, building-level perks, and local engagement",Not listed,,,,No public special listed in source data,No public deal listed in source data,No public event listing in source data,OpenStreetMap / Overpass,2026-02-26T22:37:02Z
Riverside,Residential Property,way,1051963126,30.256187,-97.727575,https://www.openstreetmap.org/way/1051963126#map=19/30.256187/-97.727575,https://www.openstreetmap.org/?mlat=30.256187&mlon=-97.727575#map=18/30.256187/-97.727575,,Residential Property listing in Downtown Austin.,"Resident onboarding, building-level perks, and local engagement",Not listed,,,,No public special listed in source data,No public deal listed in source data,No public event listing in source data,OpenStreetMap / Overpass,2026-02-26T22:37:02Z
Riverwalk Condos,Residential Property,way,188455335,30.253557,-97.742649,https://www.openstreetmap.org/way/188455335#map=19/30.253557/-97.742649,https://www.openstreetmap.org/?mlat=30.253557&mlon=-97.742649#map=18/30.253557/-97.742649,"500, East Riverside Drive, Austin, TX, 78704",Residential Property listing in Downtown Austin.,"Resident onboarding, building-level perks, and local engagement",Not listed,,,,No public special listed in source data,No public deal listed in source data,No public event listing in source data,OpenStreetMap / Overpass,2026-02-26T22:37:02Z
Saltillo Lofts,Residential Property,way,1384149548,30.261659,-97.726554,https://www.openstreetmap.org/way/1384149548#map=19/30.261659/-97.726554,https://www.openstreetmap.org/?mlat=30.261659&mlon=-97.726554#map=18/30.261659/-97.726554,"1601, East 5th Street, Austin, TX, 78702",Residential Property listing in Downtown Austin.,"Resident onboarding, building-level perks, and local engagement",Not listed,,,,No public special listed in source data,No public deal listed in source data,No public event listing in source data,OpenStreetMap / Overpass,2026-02-26T22:37:02Z
Seven Apartments,Residential Property,way,516274072,30.270494,-97.748873,https://www.openstreetmap.org/way/516274072#map=19/30.270494/-97.748873,https://www.openstreetmap.org/?mlat=30.270494&mlon=-97.748873#map=18/30.270494/-97.748873,"615, W 7th St, Austin, TX, 78701",Residential Property listing operated by Greystar.,"Resident onboarding, building-level perks, and local engagement",Not listed,,,https://www.sevenapts.com/,No public special listed in source data,No public deal listed in source data,No public event listing in source data,OpenStreetMap / Overpass,2026-02-26T22:37:02Z
Signature 1909,Residential Property,way,1049463502,30.283688,-97.744784,https://www.openstreetmap.org/way/1049463502#map=19/30.283688/-97.744784,https://www.openstreetmap.org/?mlat=30.283688&mlon=-97.744784#map=18/30.283688/-97.744784,"1909, Rio Grande Street, Austin, TX, 78705",Residential Property listing in Downtown Austin.,"Resident onboarding, building-level perks, and local engagement",Not listed,,,,No public special listed in source data,No public deal listed in source data,No public event listing in source data,OpenStreetMap / Overpass,2026-02-26T22:37:02Z
Skyhouse Austin,Residential Property,way,379221718,30.257262,-97.739108,https://www.openstreetmap.org/way/379221718#map=19/30.257262/-97.739108,https://www.openstreetmap.org/?mlat=30.257262&mlon=-97.739108#map=18/30.257262/-97.739108,,Residential Property listing in Downtown Austin.,"Resident onboarding, building-level perks, and local engagement",Not listed,,,,No public special listed in source data,No public deal listed in source data,No public event listing in source data,OpenStreetMap / Overpass,2026-02-26T22:37:02Z
SoCo on the Lake: Phase II,Residential Property,way,163985906,30.25572,-97.742908,https://www.openstreetmap.org/way/163985906#map=19/30.255720/-97.742908,https://www.openstreetmap.org/?mlat=30.255720&mlon=-97.742908#map=18/30.255720/-97.742908,"222, E Riverside Drive, 78704",Residential Property listing in Downtown Austin.,"Resident onboarding, building-level perks, and local engagement",Not listed,,,,No public special listed in source data,No public deal listed in source data,No public event listing in source data,OpenStreetMap / Overpass,2026-02-26T22:37:02Z
SoCo on the Lake: Phase II,Residential Property,way,163985915,30.255798,-97.743268,https://www.openstreetmap.org/way/163985915#map=19/30.255798/-97.743268,https://www.openstreetmap.org/?mlat=30.255798&mlon=-97.743268#map=18/30.255798/-97.743268,"222, E Riverside Drive, 78704",Residential Property listing in Downtown Austin.,"Resident onboarding, building-level perks, and local engagement",Not listed,,,,No public special listed in source data,No public deal listed in source data,No public event listing in source data,OpenStreetMap / Overpass,2026-02-26T22:37:02Z
SoCo on the Lake: Phase II,Residential Property,way,163986046,30.256088,-97.743493,https://www.openstreetmap.org/way/163986046#map=19/30.256088/-97.743493,https://www.openstreetmap.org/?mlat=30.256088&mlon=-97.743493#map=18/30.256088/-97.743493,"222, E Riverside Drive, 78704",Residential Property listing in Downtown Austin.,"Resident onboarding, building-level perks, and local engagement",Not listed,,,,No public special listed in source data,No public deal listed in source data,No public event listing in source data,OpenStreetMap / Overpass,2026-02-26T22:37:02Z
SoCo on the Lake: Phase II,Residential Property,way,163986102,30.256493,-97.743198,https://www.openstreetmap.org/way/163986102#map=19/30.256493/-97.743198,https://www.openstreetmap.org/?mlat=30.256493&mlon=-97.743198#map=18/30.256493/-97.743198,"222, E Riverside Drive, 78704",Residential Property listing in Downtown Austin.,"Resident onboarding, building-level perks, and local engagement",Not listed,,,,No public special listed in source data,No public deal listed in source data,No public event listing in source data,OpenStreetMap / Overpass,2026-02-26T22:37:02Z
Sonder East 5th,Residential Property,relation,12882620,30.263003,-97.730618,https://www.openstreetmap.org/relation/12882620#map=19/30.263003/-97.730618,https://www.openstreetmap.org/?mlat=30.263003&mlon=-97.730618#map=18/30.263003/-97.730618,"415, Waller Street, Austin, TX, 78702",Residential Property listing in Downtown Austin.,"Resident onboarding, building-level perks, and local engagement",Not listed,,,,No public special listed in source data,No public deal listed in source data,No public event listing in source data,OpenStreetMap / Overpass,2026-02-26T22:37:02Z
South Shore District,Residential Property,way,906901809,30.243542,-97.727687,https://www.openstreetmap.org/way/906901809#map=19/30.243542/-97.727687,https://www.openstreetmap.org/?mlat=30.243542&mlon=-97.727687#map=18/30.243542/-97.727687,"1333, Shore District Drive, Austin, TX, 78741",Residential Property listing in Downtown Austin.,"Resident onboarding, building-level perks, and local engagement",Not listed,,,,No public special listed in source data,No public deal listed in source data,No public event listing in source data,OpenStreetMap / Overpass,2026-02-26T22:37:02Z
South Shore District Three,Residential Property,way,543678355,30.244168,-97.728625,https://www.openstreetmap.org/way/543678355#map=19/30.244168/-97.728625,https://www.openstreetmap.org/?mlat=30.244168&mlon=-97.728625#map=18/30.244168/-97.728625,"1414, Shore District Drive, Austin, TX, 78741",Residential Property listing in Downtown Austin.,"Resident onboarding, building-level perks, and local engagement",Not listed,,,,No public special listed in source data,No public deal listed in source data,No public event listing in source data,OpenStreetMap / Overpass,2026-02-26T22:37:02Z
South Shore District Two,Residential Property,way,543677924,30.24419,-97.727487,https://www.openstreetmap.org/way/543677924#map=19/30.244190/-97.727487,https://www.openstreetmap.org/?mlat=30.244190&mlon=-97.727487#map=18/30.244190/-97.727487,"1330, Shore District Drive, Austin, TX, 78741",Residential Property listing in Downtown Austin.,"Resident onboarding, building-level perks, and local engagement",Not listed,,,,No public special listed in source data,No public deal listed in source data,No public event listing in source data,OpenStreetMap / Overpass,2026-02-26T22:37:02Z
Spring,Residential Property,way,198245856,30.269081,-97.754138,https://www.openstreetmap.org/way/198245856#map=19/30.269081/-97.754138,https://www.openstreetmap.org/?mlat=30.269081&mlon=-97.754138#map=18/30.269081/-97.754138,"300, Bowie Street",Residential Property listing in Downtown Austin.,"Resident onboarding, building-level perks, and local engagement",Not listed,,,https://www.springaustin.com/,No public special listed in source data,No public deal listed in source data,No public event listing in source data,OpenStreetMap / Overpass,2026-02-26T22:37:02Z
Super Co-op,Residential Property,node,8119678904,30.283103,-97.743828,https://www.openstreetmap.org/node/8119678904#map=19/30.283103/-97.743828,https://www.openstreetmap.org/?mlat=30.283103&mlon=-97.743828#map=18/30.283103/-97.743828,"1905, Nueces Street, Austin, TX, 78705",Residential Property listing operated by College Houses Inc..,"Resident onboarding, building-level perks, and local engagement",Not listed,,,,No public special listed in source data,"Halstead, Laurel, and Nueces Student Housing Cooperatives",No public event listing in source data,OpenStreetMap / Overpass,2026-02-26T22:37:02Z
Swede Hill Lofts,Residential Property,way,1226724869,30.273894,-97.73081,https://www.openstreetmap.org/way/1226724869#map=19/30.273894/-97.730810,https://www.openstreetmap.org/?mlat=30.273894&mlon=-97.730810#map=18/30.273894/-97.730810,,Residential Property listing in Downtown Austin.,"Resident onboarding, building-level perks, and local engagement",Not listed,,,,No public special listed in source data,No public deal listed in source data,No public event listing in source data,OpenStreetMap / Overpass,2026-02-26T22:37:02Z
Talavera Lofts,Residential Property,way,951253696,30.262312,-97.728606,https://www.openstreetmap.org/way/951253696#map=19/30.262312/-97.728606,https://www.openstreetmap.org/?mlat=30.262312&mlon=-97.728606#map=18/30.262312/-97.728606,"413, Navasota Street, Austin, TX, 78702",Residential Property listing in Downtown Austin.,"Resident onboarding, building-level perks, and local engagement",Not listed,+15124284855,,https://dmatalavera.com/,No public special listed in source data,No public deal listed in source data,No public event listing in source data,OpenStreetMap / Overpass,2026-02-26T22:37:02Z
Talisman,Residential Property,way,881156262,30.260765,-97.760214,https://www.openstreetmap.org/way/881156262#map=19/30.260765/-97.760214,https://www.openstreetmap.org/?mlat=30.260765&mlon=-97.760214#map=18/30.260765/-97.760214,"1501, Barton Springs Road, Austin, TX, 78704",Residential Property listing in Downtown Austin.,"Resident onboarding, building-level perks, and local engagement",Not listed,,,,No public special listed in source data,No public deal listed in source data,No public event listing in source data,OpenStreetMap / Overpass,2026-02-26T22:37:02Z
The Arnold,Residential Property,way,1077918062,30.262258,-97.725739,https://www.openstreetmap.org/way/1077918062#map=19/30.262258/-97.725739,https://www.openstreetmap.org/?mlat=30.262258&mlon=-97.725739#map=18/30.262258/-97.725739,"1621, East 6th Street, Austin, TX, 78702",Residential Property listing in Downtown Austin.,"Resident onboarding, building-level perks, and local engagement",Not listed,,,https://arnoldaustin.com/,No public special listed in source data,No public deal listed in source data,No public event listing in source data,OpenStreetMap / Overpass,2026-02-26T22:37:02Z
The Austonian,Residential Property,way,204413181,30.264786,-97.744493,https://www.openstreetmap.org/way/204413181#map=19/30.264786/-97.744493,https://www.openstreetmap.org/?mlat=30.264786&mlon=-97.744493#map=18/30.264786/-97.744493,,Residential Property listing in Downtown Austin.,"Resident onboarding, building-level perks, and local engagement",Not listed,,,,No public special listed in source data,No public deal listed in source data,No public event listing in source data,OpenStreetMap / Overpass,2026-02-26T22:37:02Z
The Beverly at Medical Center,Residential Property,way,328649861,30.269612,-97.735563,https://www.openstreetmap.org/way/328649861#map=19/30.269612/-97.735563,https://www.openstreetmap.org/?mlat=30.269612&mlon=-97.735563#map=18/30.269612/-97.735563,"901, Red River Street, Austin, TX, 78701",Residential Property listing in Downtown Austin.,"Resident onboarding, building-level perks, and local engagement",Not listed,,,https://www.thebeverlyaustin.com/,No public special listed in source data,No public deal listed in source data,No public event listing in source data,OpenStreetMap / Overpass,2026-02-26T22:37:02Z
The Bowie,Residential Property,way,844643554,30.269166,-97.753036,https://www.openstreetmap.org/way/844643554#map=19/30.269166/-97.753036,https://www.openstreetmap.org/?mlat=30.269166&mlon=-97.753036#map=18/30.269166/-97.753036,"311, Bowie Street, Austin, TX, 78703",Residential Property listing in Downtown Austin.,"Resident onboarding, building-level perks, and local engagement",Not listed,,,,No public special listed in source data,No public deal listed in source data,No public event listing in source data,OpenStreetMap / Overpass,2026-02-26T22:37:02Z
The Callaway House Austin,Residential Property,relation,7480535,30.284728,-97.743451,https://www.openstreetmap.org/relation/7480535#map=19/30.284728/-97.743451,https://www.openstreetmap.org/?mlat=30.284728&mlon=-97.743451#map=18/30.284728/-97.743451,"505, West 22nd Street, Austin, TX, 78705",Residential Property listing in Downtown Austin.,"Resident onboarding, building-level perks, and local engagement",Not listed,,,,No public special listed in source data,No public deal listed in source data,No public event listing in source data,OpenStreetMap / Overpass,2026-02-26T22:37:02Z
The Catherine,Residential Property,way,303098596,30.259691,-97.748078,https://www.openstreetmap.org/way/303098596#map=19/30.259691/-97.748078,https://www.openstreetmap.org/?mlat=30.259691&mlon=-97.748078#map=18/30.259691/-97.748078,"214, Barton Springs Road, 78704",Residential Property listing in Downtown Austin.,"Resident onboarding, building-level perks, and local engagement",Not listed,,,,No public special listed in source data,No public deal listed in source data,No public event listing in source data,OpenStreetMap / Overpass,2026-02-26T22:37:02Z
The Clark,Residential Property,relation,16293854,30.271752,-97.759849,https://www.openstreetmap.org/relation/16293854#map=19/30.271752/-97.759849,https://www.openstreetmap.org/?mlat=30.271752&mlon=-97.759849#map=18/30.271752/-97.759849,"1301, West 5th Street, Austin, TX, 78703",Residential Property listing in Downtown Austin.,"Resident onboarding, building-level perks, and local engagement",Not listed,,,,No public special listed in source data,No public deal listed in source data,No public event listing in source data,OpenStreetMap / Overpass,2026-02-26T22:37:02Z
The Colorfield,Residential Property,way,1447177481,30.276096,-97.75317,https://www.openstreetmap.org/way/1447177481#map=19/30.276096/-97.753170,https://www.openstreetmap.org/?mlat=30.276096&mlon=-97.753170#map=18/30.276096/-97.753170,"1006, Baylor Street, Austin, TX, 78703",Residential Property listing in Downtown Austin.,"Resident onboarding, building-level perks, and local engagement",Not listed,,,,No public special listed in source data,No public deal listed in source data,No public event listing in source data,OpenStreetMap / Overpass,2026-02-26T22:37:02Z
The G,Residential Property,way,516187632,30.280252,-97.741786,https://www.openstreetmap.org/way/516187632#map=19/30.280252/-97.741786,https://www.openstreetmap.org/?mlat=30.280252&mlon=-97.741786#map=18/30.280252/-97.741786,"1715, Guadalupe Street, Austin, TX, 78701",Residential Property listing in Downtown Austin.,"Resident onboarding, building-level perks, and local engagement",Not listed,,,,No public special listed in source data,No public deal listed in source data,No public event listing in source data,OpenStreetMap / Overpass,2026-02-26T22:37:02Z
The Loren Residences,Residential Property,node,8964090025,30.264143,-97.756672,https://www.openstreetmap.org/node/8964090025#map=19/30.264143/-97.756672,https://www.openstreetmap.org/?mlat=30.264143&mlon=-97.756672#map=18/30.264143/-97.756672,"1211, West Riverside Drive, Austin, TX, 78704",Residential Property listing in Downtown Austin.,"Resident onboarding, building-level perks, and local engagement",Not listed,,,https://thelorenresidences.com/,No public special listed in source data,No public deal listed in source data,No public event listing in source data,OpenStreetMap / Overpass,2026-02-26T22:37:02Z
The Monarch,Residential Property,way,135049604,30.269109,-97.752161,https://www.openstreetmap.org/way/135049604#map=19/30.269109/-97.752161,https://www.openstreetmap.org/?mlat=30.269109&mlon=-97.752161#map=18/30.269109/-97.752161,,Residential Property listing in Downtown Austin.,"Resident onboarding, building-level perks, and local engagement",Not listed,,,,No public special listed in source data,No public deal listed in source data,No public event listing in source data,OpenStreetMap / Overpass,2026-02-26T22:37:02Z
The Nine at Rio,Residential Property,relation,16369586,30.284362,-97.745393,https://www.openstreetmap.org/relation/16369586#map=19/30.284362/-97.745393,https://www.openstreetmap.org/?mlat=30.284362&mlon=-97.745393#map=18/30.284362/-97.745393,"2100, Rio Grande Street, Austin, TX, 78705",Residential Property listing in Downtown Austin.,"Resident onboarding, building-level perks, and local engagement",Not listed,,,,No public special listed in source data,No public deal listed in source data,No public event listing in source data,OpenStreetMap / Overpass,2026-02-26T22:37:02Z
The Plaza on Republic Square,Residential Property,way,328634449,30.267766,-97.746486,https://www.openstreetmap.org/way/328634449#map=19/30.267766/-97.746486,https://www.openstreetmap.org/?mlat=30.267766&mlon=-97.746486#map=18/30.267766/-97.746486,,Residential Property listing in Downtown Austin.,"Resident onboarding, building-level perks, and local engagement",Not listed,,,,No public special listed in source data,No public deal listed in source data,No public event listing in source data,OpenStreetMap / Overpass,2026-02-26T22:37:02Z
The Quarters Sterling House,Residential Property,way,380917047,30.284953,-97.746114,https://www.openstreetmap.org/way/380917047#map=19/30.284953/-97.746114,https://www.openstreetmap.org/?mlat=30.284953&mlon=-97.746114#map=18/30.284953/-97.746114,"709, West 22nd Street, Austin, TX, 78705",Residential Property listing in Downtown Austin.,"Resident onboarding, building-level perks, and local engagement",Not listed,,,,No public special listed in source data,No public deal listed in source data,No public event listing in source data,OpenStreetMap / Overpass,2026-02-26T22:37:02Z
The Quincy,Residential Property,way,960185446,30.26072,-97.738866,https://www.openstreetmap.org/way/960185446#map=19/30.260720/-97.738866,https://www.openstreetmap.org/?mlat=30.260720&mlon=-97.738866#map=18/30.260720/-97.738866,"91, Red River Street, Austin, TX, 78701",Residential Property listing in Downtown Austin.,"Resident onboarding, building-level perks, and local engagement",Not listed,,,https://quincyatx.com/,No public special listed in source data,No public deal listed in source data,No public event listing in source data,OpenStreetMap / Overpass,2026-02-26T22:37:02Z
The Shoal,Residential Property,relation,18159376,30.275954,-97.749546,https://www.openstreetmap.org/relation/18159376#map=19/30.275954/-97.749546,https://www.openstreetmap.org/?mlat=30.275954&mlon=-97.749546#map=18/30.275954/-97.749546,"827, West 12th Street, Austin, TX, 78701",Residential Property listing in Downtown Austin.,"Resident onboarding, building-level perks, and local engagement",Not listed,+15127661107,,https://theshoalatx.com/,No public special listed in source data,No public deal listed in source data,No public event listing in source data,OpenStreetMap / Overpass,2026-02-26T22:37:02Z
The Shore,Residential Property,way,135049624,30.259481,-97.739351,https://www.openstreetmap.org/way/135049624#map=19/30.259481/-97.739351,https://www.openstreetmap.org/?mlat=30.259481&mlon=-97.739351#map=18/30.259481/-97.739351,"603, Davis Street, Austin, TX, 78701",Residential Property listing in Downtown Austin.,"Resident onboarding, building-level perks, and local engagement",Not listed,,,,No public special listed in source data,No public deal listed in source data,No public event listing in source data,OpenStreetMap / Overpass,2026-02-26T22:37:02Z
The South 5th,Residential Property,way,1214642119,30.244583,-97.763519,https://www.openstreetmap.org/way/1214642119#map=19/30.244583/-97.763519,https://www.openstreetmap.org/?mlat=30.244583&mlon=-97.763519#map=18/30.244583/-97.763519,,Residential Property listing in Downtown Austin.,"Resident onboarding, building-level perks, and local engagement",Not listed,,,,No public special listed in source data,No public deal listed in source data,No public event listing in source data,OpenStreetMap / Overpass,2026-02-26T22:37:02Z
The Water Marq,Residential Property,relation,7480439,30.254511,-97.743552,https://www.openstreetmap.org/relation/7480439#map=19/30.254511/-97.743552,https://www.openstreetmap.org/?mlat=30.254511&mlon=-97.743552#map=18/30.254511/-97.743552,"300, East Riverside Drive, Austin, TX, 78704",Residential Property listing in Downtown Austin.,"Resident onboarding, building-level perks, and local engagement",Not listed,,,,No public special listed in source data,No public deal listed in source data,No public event listing in source data,OpenStreetMap / Overpass,2026-02-26T22:37:02Z
The Weaver,Residential Property,relation,12843021,30.252212,-97.732377,https://www.openstreetmap.org/relation/12843021#map=19/30.252212/-97.732377,https://www.openstreetmap.org/?mlat=30.252212&mlon=-97.732377#map=18/30.252212/-97.732377,"1401, Art Dilly Drive, Austin, TX, 78702",Residential Property listing in Downtown Austin.,"Resident onboarding, building-level perks, and local engagement",Not listed,,,,No public special listed in source data,No public deal listed in source data,No public event listing in source data,OpenStreetMap / Overpass,2026-02-26T22:37:02Z
Timbercreek Apartments,Residential Property,way,881161887,30.256948,-97.752374,https://www.openstreetmap.org/way/881161887#map=19/30.256948/-97.752374,https://www.openstreetmap.org/?mlat=30.256948&mlon=-97.752374#map=18/30.256948/-97.752374,"614, South 1st Street, Austin, TX, 78704",Residential Property listing in Downtown Austin.,"Resident onboarding, building-level perks, and local engagement",Not listed,,,,No public special listed in source data,No public deal listed in source data,No public event listing in source data,OpenStreetMap / Overpass,2026-02-26T22:37:02Z
Tobacco Road,Residential Property,way,382454659,30.253661,-97.760135,https://www.openstreetmap.org/way/382454659#map=19/30.253661/-97.760135,https://www.openstreetmap.org/?mlat=30.253661&mlon=-97.760135#map=18/30.253661/-97.760135,"1304, South 6th Street, Austin, TX, 78704",Residential Property listing in Downtown Austin.,"Resident onboarding, building-level perks, and local engagement",Not listed,,,,No public special listed in source data,No public deal listed in source data,No public event listing in source data,OpenStreetMap / Overpass,2026-02-26T22:37:02Z
Tobin,Residential Property,way,1051963127,30.254368,-97.729405,https://www.openstreetmap.org/way/1051963127#map=19/30.254368/-97.729405,https://www.openstreetmap.org/?mlat=30.254368&mlon=-97.729405#map=18/30.254368/-97.729405,,Residential Property listing in Downtown Austin.,"Resident onboarding, building-level perks, and local engagement",Not listed,,,,No public special listed in source data,No public deal listed in source data,No public event listing in source data,OpenStreetMap / Overpass,2026-02-26T22:37:02Z
Torre Student Living,Residential Property,way,1049463501,30.28361,-97.744354,https://www.openstreetmap.org/way/1049463501#map=19/30.283610/-97.744354,https://www.openstreetmap.org/?mlat=30.283610&mlon=-97.744354#map=18/30.283610/-97.744354,"2020, Nueces Street, Austin, TX, 78705",Residential Property listing in Downtown Austin.,"Resident onboarding, building-level perks, and local engagement",Not listed,,,,No public special listed in source data,No public deal listed in source data,No public event listing in source data,OpenStreetMap / Overpass,2026-02-26T22:37:02Z
Towers of Town Lake,Residential Property,way,881814658,30.255155,-97.738071,https://www.openstreetmap.org/way/881814658#map=19/30.255155/-97.738071,https://www.openstreetmap.org/?mlat=30.255155&mlon=-97.738071#map=18/30.255155/-97.738071,"40, North Interstate 35, Austin, TX, 78701",Residential Property listing in Downtown Austin.,"Resident onboarding, building-level perks, and local engagement",Not listed,,,,No public special listed in source data,No public deal listed in source data,No public event listing in source data,OpenStreetMap / Overpass,2026-02-26T22:37:02Z
Towne Lake Subdivision,Residential Property,way,1100970211,30.251428,-97.727856,https://www.openstreetmap.org/way/1100970211#map=19/30.251428/-97.727856,https://www.openstreetmap.org/?mlat=30.251428&mlon=-97.727856#map=18/30.251428/-97.727856,,Residential Property listing in Downtown Austin.,"Resident onboarding, building-level perks, and local engagement",Not listed,,,,No public special listed in source data,No public deal listed in source data,No public event listing in source data,OpenStreetMap / Overpass,2026-02-26T22:37:02Z
Townhollow Apartments,Residential Property,way,1024600265,30.25606,-97.760644,https://www.openstreetmap.org/way/1024600265#map=19/30.256060/-97.760644,https://www.openstreetmap.org/?mlat=30.256060&mlon=-97.760644#map=18/30.256060/-97.760644,"1200, Treadwell Street, Austin, TX, 78704",Residential Property listing in Downtown Austin.,"Resident onboarding, building-level perks, and local engagement",Not listed,,,,No public special listed in source data,No public deal listed in source data,No public event listing in source data,OpenStreetMap / Overpass,2026-02-26T22:37:02Z
Tyndall at Robertson Hill,Residential Property,way,1226731583,30.267828,-97.732662,https://www.openstreetmap.org/way/1226731583#map=19/30.267828/-97.732662,https://www.openstreetmap.org/?mlat=30.267828&mlon=-97.732662#map=18/30.267828/-97.732662,,Residential Property listing in Downtown Austin.,"Resident onboarding, building-level perks, and local engagement",Not listed,,,,No public special listed in source data,No public deal listed in source data,No public event listing in source data,OpenStreetMap / Overpass,2026-02-26T22:37:02Z
Union on San Antonio,Residential Property,way,380922462,30.283304,-97.742811,https://www.openstreetmap.org/way/380922462#map=19/30.283304/-97.742811,https://www.openstreetmap.org/?mlat=30.283304&mlon=-97.742811#map=18/30.283304/-97.742811,"2011, San Antonio Street, Austin, TX, 78705",Residential Property listing in Downtown Austin.,"Resident onboarding, building-level perks, and local engagement",Not listed,,,,No public special listed in source data,No public deal listed in source data,No public event listing in source data,OpenStreetMap / Overpass,2026-02-26T22:37:02Z
V.E. Taylor First Subdivision,Residential Property,way,1100970208,30.252743,-97.727805,https://www.openstreetmap.org/way/1100970208#map=19/30.252743/-97.727805,https://www.openstreetmap.org/?mlat=30.252743&mlon=-97.727805#map=18/30.252743/-97.727805,,Residential Property listing in Downtown Austin.,"Resident onboarding, building-level perks, and local engagement",Not listed,,,,No public special listed in source data,No public deal listed in source data,No public event listing in source data,OpenStreetMap / Overpass,2026-02-26T22:37:02Z
V.E. Taylor Second Subdivision,Residential Property,way,1100970209,30.252233,-97.728043,https://www.openstreetmap.org/way/1100970209#map=19/30.252233/-97.728043,https://www.openstreetmap.org/?mlat=30.252233&mlon=-97.728043#map=18/30.252233/-97.728043,,Residential Property listing in Downtown Austin.,"Resident onboarding, building-level perks, and local engagement",Not listed,,,,No public special listed in source data,No public deal listed in source data,No public event listing in source data,OpenStreetMap / Overpass,2026-02-26T22:37:02Z
Vesper ATX,Residential Property,way,971496026,30.25965,-97.737661,https://www.openstreetmap.org/way/971496026#map=19/30.259650/-97.737661,https://www.openstreetmap.org/?mlat=30.259650&mlon=-97.737661#map=18/30.259650/-97.737661,"84, East Avenue, Austin, TX, 78701",Residential Property listing in Downtown Austin.,"Resident onboarding, building-level perks, and local engagement",Not listed,,,https://vesperatx.com/,No public special listed in source data,No public deal listed in source data,No public event listing in source data,OpenStreetMap / Overpass,2026-02-26T22:37:02Z
Villas of Lost Canyon,Residential Property,way,881156263,30.260702,-97.76177,https://www.openstreetmap.org/way/881156263#map=19/30.260702/-97.761770,https://www.openstreetmap.org/?mlat=30.260702&mlon=-97.761770#map=18/30.260702/-97.761770,,Residential Property listing in Downtown Austin.,"Resident onboarding, building-level perks, and local engagement",Not listed,,,,No public special listed in source data,No public deal listed in source data,No public event listing in source data,OpenStreetMap / Overpass,2026-02-26T22:37:02Z
Villas on Rio,Residential Property,way,989017852,30.284796,-97.744683,https://www.openstreetmap.org/way/989017852#map=19/30.284796/-97.744683,https://www.openstreetmap.org/?mlat=30.284796&mlon=-97.744683#map=18/30.284796/-97.744683,"2111, Rio Grande Street, Austin, TX, 78705",Residential Property listing in Downtown Austin.,"Resident onboarding, building-level perks, and local engagement",Not listed,,,,No public special listed in source data,No public deal listed in source data,No public event listing in source data,OpenStreetMap / Overpass,2026-02-26T22:37:02Z
Waterfront Condominiums,Residential Property,way,906709691,30.245569,-97.728257,https://www.openstreetmap.org/way/906709691#map=19/30.245569/-97.728257,https://www.openstreetmap.org/?mlat=30.245569&mlon=-97.728257#map=18/30.245569/-97.728257,,Residential Property listing in Downtown Austin.,"Resident onboarding, building-level perks, and local engagement",Not listed,,,,No public special listed in source data,No public deal listed in source data,No public event listing in source data,OpenStreetMap / Overpass,2026-02-26T22:37:02Z
Waterston Apartment Studios in Clarksville,Residential Property,way,382395278,30.283339,-97.76343,https://www.openstreetmap.org/way/382395278#map=19/30.283339/-97.763430,https://www.openstreetmap.org/?mlat=30.283339&mlon=-97.763430#map=18/30.283339/-97.763430,"1814, Waterston Avenue, Austin, TX, 78703","Residential Property listing operated by The Westside Group, Inc..","Resident onboarding, building-level perks, and local engagement",Not listed,,,https://www.westsidegroup.com/,No public special listed in source data,No public deal listed in source data,No public event listing in source data,OpenStreetMap / Overpass,2026-02-26T22:37:02Z
Waterstreet Lofts,Residential Property,way,379189594,30.25817,-97.728439,https://www.openstreetmap.org/way/379189594#map=19/30.258170/-97.728439,https://www.openstreetmap.org/?mlat=30.258170&mlon=-97.728439#map=18/30.258170/-97.728439,"1601, East Cesar Chavez Street, Austin, TX, 78702",Residential Property listing in Downtown Austin.,"Resident onboarding, building-level perks, and local engagement",Not listed,,,,No public special listed in source data,No public deal listed in source data,No public event listing in source data,OpenStreetMap / Overpass,2026-02-26T22:37:02Z
Welch,Residential Property,way,1051963118,30.256946,-97.730523,https://www.openstreetmap.org/way/1051963118#map=19/30.256946/-97.730523,https://www.openstreetmap.org/?mlat=30.256946&mlon=-97.730523#map=18/30.256946/-97.730523,,Residential Property listing in Downtown Austin.,"Resident onboarding, building-level perks, and local engagement",Not listed,,,,No public special listed in source data,No public deal listed in source data,No public event listing in source data,OpenStreetMap / Overpass,2026-02-26T22:37:02Z
Wendlandt & Staehly,Residential Property,way,1051963132,30.256296,-97.732977,https://www.openstreetmap.org/way/1051963132#map=19/30.256296/-97.732977,https://www.openstreetmap.org/?mlat=30.256296&mlon=-97.732977#map=18/30.256296/-97.732977,,Residential Property listing in Downtown Austin.,"Resident onboarding, building-level perks, and local engagement",Not listed,,,,No public special listed in source data,No public deal listed in source data,No public event listing in source data,OpenStreetMap / Overpass,2026-02-26T22:37:02Z
Westline,Residential Property,way,1208365487,30.276869,-97.758424,https://www.openstreetmap.org/way/1208365487#map=19/30.276869/-97.758424,https://www.openstreetmap.org/?mlat=30.276869&mlon=-97.758424#map=18/30.276869/-97.758424,"1406, West 9th Street, Austin, TX, 78703",Residential Property listing in Downtown Austin.,"Resident onboarding, building-level perks, and local engagement",Not listed,,,,No public special listed in source data,No public deal listed in source data,No public event listing in source data,OpenStreetMap / Overpass,2026-02-26T22:37:02Z
Willa,Residential Property,way,1061555336,30.249106,-97.755703,https://www.openstreetmap.org/way/1061555336#map=19/30.249106/-97.755703,https://www.openstreetmap.org/?mlat=30.249106&mlon=-97.755703#map=18/30.249106/-97.755703,"1600, South 1st Street, Austin, TX, 78704",Residential Property listing in Downtown Austin.,"Resident onboarding, building-level perks, and local engagement",Not listed,,,,No public special listed in source data,No public deal listed in source data,No public event listing in source data,OpenStreetMap / Overpass,2026-02-26T22:37:02Z
Windsor on the Lake,Residential Property,way,312335050,30.255972,-97.739512,https://www.openstreetmap.org/way/312335050#map=19/30.255972/-97.739512,https://www.openstreetmap.org/?mlat=30.255972&mlon=-97.739512#map=18/30.255972/-97.739512,"43, Rainey Street, Austin, TX, 78701",Residential Property listing in Downtown Austin.,"Resident onboarding, building-level perks, and local engagement",Not listed,,,,No public special listed in source data,No public deal listed in source data,No public event listing in source data,OpenStreetMap / Overpass,2026-02-26T22:37:02Z
Windsor South Lamar,Residential Property,relation,13720134,30.25685,-97.760159,https://www.openstreetmap.org/relation/13720134#map=19/30.256850/-97.760159,https://www.openstreetmap.org/?mlat=30.256850&mlon=-97.760159#map=18/30.256850/-97.760159,"809, South Lamar Boulevard, Austin, TX, 78704",Residential Property listing in Downtown Austin.,"Resident onboarding, building-level perks, and local engagement",Not listed,,,https://www.windsorsola.com/,No public special listed in source data,No public deal listed in source data,No public event listing in source data,OpenStreetMap / Overpass,2026-02-26T22:37:02Z
Zilkr on the Park,Residential Property,way,795123327,30.264846,-97.763526,https://www.openstreetmap.org/way/795123327#map=19/30.264846/-97.763526,https://www.openstreetmap.org/?mlat=30.264846&mlon=-97.763526#map=18/30.264846/-97.763526,"1900, Barton Springs Road, Austin, TX, 78704",Residential Property listing in Downtown Austin.,"Resident onboarding, building-level perks, and local engagement",Not listed,+1-512-474-1500,hello@zilkronthepark.com,https://www.zilkeronthepark.com/,No public special listed in source data,No public deal listed in source data,No public event listing in source data,OpenStreetMap / Overpass,2026-02-26T22:37:02Z
100 Pizzitas,Restaurant / Food,node,3969612554,30.266509,-97.733045,https://www.openstreetmap.org/node/3969612554#map=19/30.266509/-97.733045,https://www.openstreetmap.org/?mlat=30.266509&mlon=-97.733045#map=18/30.266509/-97.733045,,Restaurant / Food listing in Downtown Austin.,"Resident dining offers, specials, and repeat-visit campaigns",Not listed,,,,No public special listed in source data,No public deal listed in source data,No public event listing in source data,OpenStreetMap / Overpass,2026-02-26T22:37:02Z
1417 French Bistro,Restaurant / Food,way,383346571,30.25009,-97.754558,https://www.openstreetmap.org/way/383346571#map=19/30.250090/-97.754558,https://www.openstreetmap.org/?mlat=30.250090&mlon=-97.754558#map=18/30.250090/-97.754558,"1417, South 1st Street, Austin",Restaurant / Food with cuisine focus: french.,"Resident dining offers, specials, and repeat-visit campaigns",Not listed,,,,No public special listed in source data,No public deal listed in source data,No public event listing in source data,OpenStreetMap / Overpass,2026-02-26T22:37:02Z
1618 Asian Fusion,Restaurant / Food,node,3856445943,30.245235,-97.730369,https://www.openstreetmap.org/node/3856445943#map=19/30.245235/-97.730369,https://www.openstreetmap.org/?mlat=30.245235&mlon=-97.730369#map=18/30.245235/-97.730369,"1618, East Riverside Drive, Austin, TX, 78741",Restaurant / Food with cuisine focus: asian.,"Resident dining offers, specials, and repeat-visit campaigns",Mo-Th 10:00-22:00; Fr 10:00-23:00; Sa-Su 08:00-21:30,+1-512-462-9999,,https://1618asianfusion.com/,No public special listed in source data,No public deal listed in source data,No public event listing in source data,OpenStreetMap / Overpass,2026-02-26T22:37:02Z
1914 Noodles & More,Restaurant / Food,way,380922399,30.282631,-97.742335,https://www.openstreetmap.org/way/380922399#map=19/30.282631/-97.742335,https://www.openstreetmap.org/?mlat=30.282631&mlon=-97.742335#map=18/30.282631/-97.742335,"1914, Guadalupe Street, Austin, TX, 78705",Restaurant / Food with cuisine focus: ramen.,"Resident dining offers, specials, and repeat-visit campaigns",Not listed,,,https://looknoodles.com/,No public special listed in source data,No public deal listed in source data,No public event listing in source data,OpenStreetMap / Overpass,2026-02-26T22:37:02Z
1914 Poke Bowl,Restaurant / Food,way,1208522904,30.282638,-97.742444,https://www.openstreetmap.org/way/1208522904#map=19/30.282638/-97.742444,https://www.openstreetmap.org/?mlat=30.282638&mlon=-97.742444#map=18/30.282638/-97.742444,"1914, Guadalupe Street, Austin, TX, 78705",Restaurant / Food listing in Downtown Austin.,"Resident dining offers, specials, and repeat-visit campaigns",Mo-Su 11:00-21:30,,,,No public special listed in source data,No public deal listed in source data,No public event listing in source data,OpenStreetMap / Overpass,2026-02-26T22:37:02Z
24 Diner,Restaurant / Food,node,919419079,30.272073,-97.75413,https://www.openstreetmap.org/node/919419079#map=19/30.272073/-97.754130,https://www.openstreetmap.org/?mlat=30.272073&mlon=-97.754130#map=18/30.272073/-97.754130,"600, North Lamar Boulevard, Austin, TX, 78703",Restaurant / Food with cuisine focus: diner.,"Resident dining offers, specials, and repeat-visit campaigns",07:00-23:00,+1-512-472-5400,info@24diner.com,https://www.24diner.com/,No public special listed in source data,Classical American Cuisine,No public event listing in source data,OpenStreetMap / Overpass,2026-02-26T22:37:02Z
40 North,Restaurant / Food,way,382559346,30.274996,-97.751699,https://www.openstreetmap.org/way/382559346#map=19/30.274996/-97.751699,https://www.openstreetmap.org/?mlat=30.274996&mlon=-97.751699#map=18/30.274996/-97.751699,,Restaurant / Food with cuisine focus: pizza.,"Resident dining offers, specials, and repeat-visit campaigns",Not listed,,,,No public special listed in source data,No public deal listed in source data,No public event listing in source data,OpenStreetMap / Overpass,2026-02-26T22:37:02Z
Aba,Restaurant / Food,node,11012760239,30.253079,-97.747801,https://www.openstreetmap.org/node/11012760239#map=19/30.253079/-97.747801,https://www.openstreetmap.org/?mlat=30.253079&mlon=-97.747801#map=18/30.253079/-97.747801,,Restaurant / Food with cuisine focus: israeli.,"Resident dining offers, specials, and repeat-visit campaigns",Not listed,,,,No public special listed in source data,No public deal listed in source data,No public event listing in source data,OpenStreetMap / Overpass,2026-02-26T22:37:02Z
ALC Steaks,Restaurant / Food,node,4639146975,30.277593,-97.750896,https://www.openstreetmap.org/node/4639146975#map=19/30.277593/-97.750896,https://www.openstreetmap.org/?mlat=30.277593&mlon=-97.750896#map=18/30.277593/-97.750896,,Restaurant / Food with cuisine focus: steak_house.,"Resident dining offers, specials, and repeat-visit campaigns",Not listed,,,,No public special listed in source data,No public deal listed in source data,No public event listing in source data,OpenStreetMap / Overpass,2026-02-26T22:37:02Z
Amy's Ice Creams,Restaurant / Food,node,919336236,30.250962,-97.748949,https://www.openstreetmap.org/node/919336236#map=19/30.250962/-97.748949,https://www.openstreetmap.org/?mlat=30.250962&mlon=-97.748949#map=18/30.250962/-97.748949,"1301, South Congress Avenue, Austin, TX, 78704",Restaurant / Food listing operated by Amy's Ice Creams.,"Resident dining offers, specials, and repeat-visit campaigns",Not listed,+1-512-440-7488,,,No public special listed in source data,No public deal listed in source data,No public event listing in source data,OpenStreetMap / Overpass,2026-02-26T22:37:02Z
Amy's Ice Creams,Restaurant / Food,node,1481633491,30.271936,-97.754431,https://www.openstreetmap.org/node/1481633491#map=19/30.271936/-97.754431,https://www.openstreetmap.org/?mlat=30.271936&mlon=-97.754431#map=18/30.271936/-97.754431,"1012, West 6th Street, Austin, TX, 78703",Restaurant / Food with cuisine focus: ice_cream.,"Resident dining offers, specials, and repeat-visit campaigns",Not listed,+1-512-480-0673,,,No public special listed in source data,No public deal listed in source data,No public event listing in source data,OpenStreetMap / Overpass,2026-02-26T22:37:02Z
Anthem,Restaurant / Food,node,7111035687,30.260499,-97.737904,https://www.openstreetmap.org/node/7111035687#map=19/30.260499/-97.737904,https://www.openstreetmap.org/?mlat=30.260499&mlon=-97.737904#map=18/30.260499/-97.737904,"91, Rainey Street",Restaurant / Food listing in Downtown Austin.,"Resident dining offers, specials, and repeat-visit campaigns",Mo-We 12:00-22:00; Th 12:00-23:00; Fr 12:00-24:00; Sa 11:00-24:00; Su 11:00-22:00,+1 512-731-1411,,https://eatdrinkanthem.com/,No public special listed in source data,No public deal listed in source data,No public event listing in source data,OpenStreetMap / Overpass,2026-02-26T22:37:02Z
Arlo Grey,Restaurant / Food,node,6076756627,30.262803,-97.744034,https://www.openstreetmap.org/node/6076756627#map=19/30.262803/-97.744034,https://www.openstreetmap.org/?mlat=30.262803&mlon=-97.744034#map=18/30.262803/-97.744034,,Restaurant / Food listing in Downtown Austin.,"Resident dining offers, specials, and repeat-visit campaigns",Not listed,+1-512-478-2991,,https://www.thelinehotel.com/austin/restaurants-bars/arlo-grey/,No public special listed in source data,No public deal listed in source data,No public event listing in source data,OpenStreetMap / Overpass,2026-02-26T22:37:02Z
Arlo's,Restaurant / Food,node,5562252104,30.269493,-97.736248,https://www.openstreetmap.org/node/5562252104#map=19/30.269493/-97.736248,https://www.openstreetmap.org/?mlat=30.269493&mlon=-97.736248#map=18/30.269493/-97.736248,"900, Red River Street, Austin, TX, 78701",Restaurant / Food listing in Downtown Austin.,"Resident dining offers, specials, and repeat-visit campaigns",Mo-Su 12:00-02:00,,,,No public special listed in source data,No public deal listed in source data,No public event listing in source data,OpenStreetMap / Overpass,2026-02-26T22:37:02Z
Asador,Restaurant / Food,node,7094576519,30.26758,-97.738728,https://www.openstreetmap.org/node/7094576519#map=19/30.267580/-97.738728,https://www.openstreetmap.org/?mlat=30.267580&mlon=-97.738728#map=18/30.267580/-97.738728,,Restaurant / Food listing in Downtown Austin.,"Resident dining offers, specials, and repeat-visit campaigns",Not listed,,,,No public special listed in source data,Tacos in the backyard of Las Perlas and Seven Grand,No public event listing in source data,OpenStreetMap / Overpass,2026-02-26T22:37:02Z
ATX Cocina,Restaurant / Food,node,8178233810,30.264904,-97.749261,https://www.openstreetmap.org/node/8178233810#map=19/30.264904/-97.749261,https://www.openstreetmap.org/?mlat=30.264904&mlon=-97.749261#map=18/30.264904/-97.749261,"110, San Antonio Street, Austin, TX, 78701",Restaurant / Food with cuisine focus: mexican.,"Resident dining offers, specials, and repeat-visit campaigns",Not listed,+1-512-263-2322,,https://www.atxcocina.com/,No public special listed in source data,No public deal listed in source data,No public event listing in source data,OpenStreetMap / Overpass,2026-02-26T22:37:02Z
ATX Food Co,Restaurant / Food,node,10574960241,30.259976,-97.758332,https://www.openstreetmap.org/node/10574960241#map=19/30.259976/-97.758332,https://www.openstreetmap.org/?mlat=30.259976&mlon=-97.758332#map=18/30.259976/-97.758332,,Restaurant / Food listing in Downtown Austin.,"Resident dining offers, specials, and repeat-visit campaigns",Not listed,,,,No public special listed in source data,No public deal listed in source data,No public event listing in source data,OpenStreetMap / Overpass,2026-02-26T22:37:02Z
Aussie's Grill and Beach Bar,Restaurant / Food,way,104137269,30.259084,-97.748298,https://www.openstreetmap.org/way/104137269#map=19/30.259084/-97.748298,https://www.openstreetmap.org/?mlat=30.259084&mlon=-97.748298#map=18/30.259084/-97.748298,"306, Barton Springs Road, Austin, 78704",Restaurant / Food listing in Downtown Austin.,"Resident dining offers, specials, and repeat-visit campaigns",Not listed,,,,No public special listed in source data,No public deal listed in source data,No public event listing in source data,OpenStreetMap / Overpass,2026-02-26T22:37:02Z
Austin's Habibi,Restaurant / Food,way,1024092005,30.269496,-97.752926,https://www.openstreetmap.org/way/1024092005#map=19/30.269496/-97.752926,https://www.openstreetmap.org/?mlat=30.269496&mlon=-97.752926#map=18/30.269496/-97.752926,"817, West 5th Street, Austin, TX, 78703",Restaurant / Food with cuisine focus: kebab.,"Resident dining offers, specials, and repeat-visit campaigns",Not listed,,,,No public special listed in source data,No public deal listed in source data,No public event listing in source data,OpenStreetMap / Overpass,2026-02-26T22:37:02Z
Baby Acapulco,Restaurant / Food,way,383353244,30.263086,-97.762352,https://www.openstreetmap.org/way/383353244#map=19/30.263086/-97.762352,https://www.openstreetmap.org/?mlat=30.263086&mlon=-97.762352#map=18/30.263086/-97.762352,"1628, Barton Springs Road, Austin, TX, 78704",Restaurant / Food with cuisine focus: tex-mex.,"Resident dining offers, specials, and repeat-visit campaigns",Not listed,+1-512-474-8774,,,No public special listed in source data,No public deal listed in source data,No public event listing in source data,OpenStreetMap / Overpass,2026-02-26T22:37:02Z
Bacalar,Restaurant / Food,node,10555435522,30.255648,-97.739043,https://www.openstreetmap.org/node/10555435522#map=19/30.255648/-97.739043,https://www.openstreetmap.org/?mlat=30.255648&mlon=-97.739043#map=18/30.255648/-97.739043,"44, East Avenue, Austin, TX, 78701",Restaurant / Food with cuisine focus: mexican.,"Resident dining offers, specials, and repeat-visit campaigns",Not listed,,,https://bacalaratx.com/,No public special listed in source data,No public deal listed in source data,No public event listing in source data,OpenStreetMap / Overpass,2026-02-26T22:37:02Z
Bar Chi Sushi,Restaurant / Food,node,3245051647,30.265297,-97.74553,https://www.openstreetmap.org/node/3245051647#map=19/30.265297/-97.745530,https://www.openstreetmap.org/?mlat=30.265297&mlon=-97.745530#map=18/30.265297/-97.745530,"206, Colorado Street",Restaurant / Food with cuisine focus: sushi.,"Resident dining offers, specials, and repeat-visit campaigns",Not listed,+1 5123825557,,http://www.barchisushi.com/,No public special listed in source data,No public deal listed in source data,No public event listing in source data,OpenStreetMap / Overpass,2026-02-26T22:37:02Z
Belmont,Restaurant / Food,node,1481633389,30.268661,-97.745495,https://www.openstreetmap.org/node/1481633389#map=19/30.268661/-97.745495,https://www.openstreetmap.org/?mlat=30.268661&mlon=-97.745495#map=18/30.268661/-97.745495,,Restaurant / Food listing in Downtown Austin.,"Resident dining offers, specials, and repeat-visit campaigns",Not listed,,,,No public special listed in source data,No public deal listed in source data,No public event listing in source data,OpenStreetMap / Overpass,2026-02-26T22:37:02Z
Bikinis Sports Bar & Grill,Restaurant / Food,node,1481633344,30.26759,-97.740657,https://www.openstreetmap.org/node/1481633344#map=19/30.267590/-97.740657,https://www.openstreetmap.org/?mlat=30.267590&mlon=-97.740657#map=18/30.267590/-97.740657,,Restaurant / Food listing in Downtown Austin.,"Resident dining offers, specials, and repeat-visit campaigns",Not listed,,,https://www.bikinissportsbarandgrill.com/Locations/austin-tx-6th-st/,No public special listed in source data,No public deal listed in source data,No public event listing in source data,OpenStreetMap / Overpass,2026-02-26T22:37:02Z
Bill's Oyster,Restaurant / Food,node,3245054371,30.265619,-97.745633,https://www.openstreetmap.org/node/3245054371#map=19/30.265619/-97.745633,https://www.openstreetmap.org/?mlat=30.265619&mlon=-97.745633#map=18/30.265619/-97.745633,"205, West 3rd Street, Austin, TX, 78701",Restaurant / Food with cuisine focus: seafood.,"Resident dining offers, specials, and repeat-visit campaigns",Not listed,,,https://www.billsoyster.com/,No public special listed in source data,No public deal listed in source data,No public event listing in source data,OpenStreetMap / Overpass,2026-02-26T22:37:02Z
Bob's Steak & Chop House,Restaurant / Food,way,134807229,30.266093,-97.745921,https://www.openstreetmap.org/way/134807229#map=19/30.266093/-97.745921,https://www.openstreetmap.org/?mlat=30.266093&mlon=-97.745921#map=18/30.266093/-97.745921,"301, Lavaca Street, 78701",Restaurant / Food listing in Downtown Austin.,"Resident dining offers, specials, and repeat-visit campaigns","Mo,Tu 16:30-22:00; We,Th 16:30-23:00; Fr,Sa 16:30-24:00",,,,No public special listed in source data,No public deal listed in source data,No public event listing in source data,OpenStreetMap / Overpass,2026-02-26T22:37:02Z
Botticelli's,Restaurant / Food,node,3181872974,30.250304,-97.749123,https://www.openstreetmap.org/node/3181872974#map=19/30.250304/-97.749123,https://www.openstreetmap.org/?mlat=30.250304&mlon=-97.749123#map=18/30.250304/-97.749123,,Restaurant / Food with cuisine focus: italian.,"Resident dining offers, specials, and repeat-visit campaigns",Not listed,,,,No public special listed in source data,No public deal listed in source data,No public event listing in source data,OpenStreetMap / Overpass,2026-02-26T22:37:02Z
Bouldin Creek Cafe,Restaurant / Food,way,382491308,30.24649,-97.7568,https://www.openstreetmap.org/way/382491308#map=19/30.246490/-97.756800,https://www.openstreetmap.org/?mlat=30.246490&mlon=-97.756800#map=18/30.246490/-97.756800,"1900, South 1st Street, Austin, TX, 78704",Restaurant / Food listing in Downtown Austin.,"Resident dining offers, specials, and repeat-visit campaigns",Fr-Sa 08:00-23:00; Su-Th 08:00-22:00,+1-512-416-1601,info@bouldincreek.com,https://www.bouldincreekcafe.com/,No public special listed in source data,No public deal listed in source data,No public event listing in source data,OpenStreetMap / Overpass,2026-02-26T22:37:02Z
Brooklyn Dumpling Shop,Restaurant / Food,node,3825322898,30.263454,-97.728033,https://www.openstreetmap.org/node/3825322898#map=19/30.263454/-97.728033,https://www.openstreetmap.org/?mlat=30.263454&mlon=-97.728033#map=18/30.263454/-97.728033,"1401, East 6th Street, Austin, TX, 78702",Restaurant / Food with cuisine focus: asian.,"Resident dining offers, specials, and repeat-visit campaigns",Not listed,,,https://www.brooklyndumplingshop.com/,No public special listed in source data,No public deal listed in source data,No public event listing in source data,OpenStreetMap / Overpass,2026-02-26T22:37:02Z
Brunch Bird,Restaurant / Food,node,9308734427,30.264792,-97.729491,https://www.openstreetmap.org/node/9308734427#map=19/30.264792/-97.729491,https://www.openstreetmap.org/?mlat=30.264792&mlon=-97.729491#map=18/30.264792/-97.729491,"1209, East 7th Street, Austin, TX, 78702",Restaurant / Food listing in Downtown Austin.,"Resident dining offers, specials, and repeat-visit campaigns",08:00-24:00,,,https://www.brunchbird.com/,No public special listed in source data,No public deal listed in source data,No public event listing in source data,OpenStreetMap / Overpass,2026-02-26T22:37:02Z
Buenos Aires Café,Restaurant / Food,way,379195155,30.264222,-97.730428,https://www.openstreetmap.org/way/379195155#map=19/30.264222/-97.730428,https://www.openstreetmap.org/?mlat=30.264222&mlon=-97.730428#map=18/30.264222/-97.730428,,Restaurant / Food with cuisine focus: argentinian.,"Resident dining offers, specials, and repeat-visit campaigns",Not listed,,,https://www.buenosairescafe.com/,No public special listed in source data,No public deal listed in source data,No public event listing in source data,OpenStreetMap / Overpass,2026-02-26T22:37:02Z
Bull & Bowl,Restaurant / Food,node,12513317003,30.269307,-97.747686,https://www.openstreetmap.org/node/12513317003#map=19/30.269307/-97.747686,https://www.openstreetmap.org/?mlat=30.269307&mlon=-97.747686#map=18/30.269307/-97.747686,"501, West 6th Street, Austin, TX, 78701",Restaurant / Food with cuisine focus: american.,"Resident dining offers, specials, and repeat-visit campaigns",Mo-Th 17:00-23:00; Fr 15:00-01:00; Sa 11:00-01:00; Su 11:00-22:00,+1-512-992-0707,,https://www.bullandbowl.com/,No public special listed in source data,No public deal listed in source data,No public event listing in source data,OpenStreetMap / Overpass,2026-02-26T22:37:02Z
Burger Bar,Restaurant / Food,node,4304618025,30.264673,-97.743795,https://www.openstreetmap.org/node/4304618025#map=19/30.264673/-97.743795,https://www.openstreetmap.org/?mlat=30.264673&mlon=-97.743795#map=18/30.264673/-97.743795,"110, East 2nd Street, Austin, TX, 78701",Restaurant / Food with cuisine focus: burger.,"Resident dining offers, specials, and repeat-visit campaigns","Su-Th 11:00-01:00; Fr,Sa 11:00-02:00",+1-512-608-4822,,https://www.burgerbaraustin.com/,No public special listed in source data,No public deal listed in source data,No public event listing in source data,OpenStreetMap / Overpass,2026-02-26T22:37:02Z
Burger Bar,Restaurant / Food,node,11220883451,30.282111,-97.7428,https://www.openstreetmap.org/node/11220883451#map=19/30.282111/-97.742800,https://www.openstreetmap.org/?mlat=30.282111&mlon=-97.742800#map=18/30.282111/-97.742800,"1901, San Antonio Street, Austin, TX, 78705",Restaurant / Food with cuisine focus: burger.,"Resident dining offers, specials, and repeat-visit campaigns","Su-Th 11:00-22:00; Fr,Sa 11:00-01:00",,,https://www.burgerbarcampus.com,No public special listed in source data,No public deal listed in source data,No public event listing in source data,OpenStreetMap / Overpass,2026-02-26T22:37:02Z
Burro Cheese Kitchen,Restaurant / Food,way,1056138767,30.273925,-97.736578,https://www.openstreetmap.org/way/1056138767#map=19/30.273925/-97.736578,https://www.openstreetmap.org/?mlat=30.273925&mlon=-97.736578#map=18/30.273925/-97.736578,"855, Trinity Street, Austin, TX, 78701",Restaurant / Food with cuisine focus: sandwich.,"Resident dining offers, specials, and repeat-visit campaigns",We-Su 08:00-20:00,,,,No public special listed in source data,No public deal listed in source data,No public event listing in source data,OpenStreetMap / Overpass,2026-02-26T22:37:02Z
Cafe Josie,Restaurant / Food,node,6038247088,30.273163,-97.757277,https://www.openstreetmap.org/node/6038247088#map=19/30.273163/-97.757277,https://www.openstreetmap.org/?mlat=30.273163&mlon=-97.757277#map=18/30.273163/-97.757277,,Restaurant / Food listing in Downtown Austin.,"Resident dining offers, specials, and repeat-visit campaigns",Not listed,,,,No public special listed in source data,No public deal listed in source data,No public event listing in source data,OpenStreetMap / Overpass,2026-02-26T22:37:02Z
Cannone,Restaurant / Food,node,10869755723,30.263526,-97.762989,https://www.openstreetmap.org/node/10869755723#map=19/30.263526/-97.762989,https://www.openstreetmap.org/?mlat=30.263526&mlon=-97.762989#map=18/30.263526/-97.762989,,Restaurant / Food with cuisine focus: italian.,"Resident dining offers, specials, and repeat-visit campaigns",Not listed,,,,No public special listed in source data,No public deal listed in source data,No public event listing in source data,OpenStreetMap / Overpass,2026-02-26T22:37:02Z
Caroline,Restaurant / Food,node,10281193544,30.268727,-97.742332,https://www.openstreetmap.org/node/10281193544#map=19/30.268727/-97.742332,https://www.openstreetmap.org/?mlat=30.268727&mlon=-97.742332#map=18/30.268727/-97.742332,"621, Congress Avenue, Austin, TX, 78701",Restaurant / Food with cuisine focus: american.,"Resident dining offers, specials, and repeat-visit campaigns","Su 07:00-22:00, Fr,Sa 07:00-24:00, Mo-Th 07:00-23:00",,,https://www.carolinerestaurant.com/caroline,No public special listed in source data,No public deal listed in source data,No public event listing in source data,OpenStreetMap / Overpass,2026-02-26T22:37:02Z
Carpenters Hall,Restaurant / Food,way,383353421,30.262245,-97.758805,https://www.openstreetmap.org/way/383353421#map=19/30.262245/-97.758805,https://www.openstreetmap.org/?mlat=30.262245&mlon=-97.758805#map=18/30.262245/-97.758805,"400, Josephine Street, Austin, TX, 78704",Restaurant / Food listing operated by Bunkhouse Hotels.,"Resident dining offers, specials, and repeat-visit campaigns",Mo-Su 06:00-24:00,,,https://carpenterhotel.com/,No public special listed in source data,No public deal listed in source data,No public event listing in source data,OpenStreetMap / Overpass,2026-02-26T22:37:02Z
Casa de Luz,Restaurant / Food,way,383353253,30.264436,-97.76165,https://www.openstreetmap.org/way/383353253#map=19/30.264436/-97.761650,https://www.openstreetmap.org/?mlat=30.264436&mlon=-97.761650#map=18/30.264436/-97.761650,"1701, Toomey Road, Austin, TX, 78704",Restaurant / Food listing in Downtown Austin.,"Resident dining offers, specials, and repeat-visit campaigns",Mo-Su 07:00-20:30,+1-512-476-2535,,https://www.casadeluz.org/,No public special listed in source data,No public deal listed in source data,No public event listing in source data,OpenStreetMap / Overpass,2026-02-26T22:37:02Z
CAVA,Restaurant / Food,node,11242814774,30.267824,-97.742615,https://www.openstreetmap.org/node/11242814774#map=19/30.267824/-97.742615,https://www.openstreetmap.org/?mlat=30.267824&mlon=-97.742615#map=18/30.267824/-97.742615,"515, Congress Avenue, Austin, TX, 78701",Restaurant / Food with cuisine focus: mediterranean.,"Resident dining offers, specials, and repeat-visit campaigns",Mo-Su 10:45-22:00,+1 5122568002,,http://cava.com/,No public special listed in source data,No public deal listed in source data,No public event listing in source data,OpenStreetMap / Overpass,2026-02-26T22:37:02Z
Cedar Door,Restaurant / Food,way,772280775,30.264073,-97.74253,https://www.openstreetmap.org/way/772280775#map=19/30.264073/-97.742530,https://www.openstreetmap.org/?mlat=30.264073&mlon=-97.742530#map=18/30.264073/-97.742530,"201, Brazos Street, Austin, TX, 78701",Restaurant / Food listing in Downtown Austin.,"Resident dining offers, specials, and repeat-visit campaigns",Not listed,,,https://www.cedardooraustin.com/,No public special listed in source data,No public deal listed in source data,No public event listing in source data,OpenStreetMap / Overpass,2026-02-26T22:37:02Z
Central Standard,Restaurant / Food,node,5886393284,30.247595,-97.750219,https://www.openstreetmap.org/node/5886393284#map=19/30.247595/-97.750219,https://www.openstreetmap.org/?mlat=30.247595&mlon=-97.750219#map=18/30.247595/-97.750219,"1603, South Congress Avenue, Austin, TX",Restaurant / Food with cuisine focus: american.,"Resident dining offers, specials, and repeat-visit campaigns",Not listed,,,https://centralstandardaustin.com/,No public special listed in source data,No public deal listed in source data,No public event listing in source data,OpenStreetMap / Overpass,2026-02-26T22:37:02Z
Champions,Restaurant / Food,node,2333118811,30.265402,-97.740157,https://www.openstreetmap.org/node/2333118811#map=19/30.265402/-97.740157,https://www.openstreetmap.org/?mlat=30.265402&mlon=-97.740157#map=18/30.265402/-97.740157,"300, East 4th Street, Austin, 78701",Restaurant / Food listing in Downtown Austin.,"Resident dining offers, specials, and repeat-visit campaigns",Not listed,+1-512-473-0405,,,No public special listed in source data,No public deal listed in source data,No public event listing in source data,OpenStreetMap / Overpass,2026-02-26T22:37:02Z
Chez Nous,Restaurant / Food,node,5287005521,30.266499,-97.738541,https://www.openstreetmap.org/node/5287005521#map=19/30.266499/-97.738541,https://www.openstreetmap.org/?mlat=30.266499&mlon=-97.738541#map=18/30.266499/-97.738541,,Restaurant / Food with cuisine focus: french.,"Resident dining offers, specials, and repeat-visit campaigns",Not listed,,,,No public special listed in source data,No public deal listed in source data,No public event listing in source data,OpenStreetMap / Overpass,2026-02-26T22:37:02Z
Chi'Lantro,Restaurant / Food,node,3190873008,30.270529,-97.741499,https://www.openstreetmap.org/node/3190873008#map=19/30.270529/-97.741499,https://www.openstreetmap.org/?mlat=30.270529&mlon=-97.741499#map=18/30.270529/-97.741499,"823, Congress Avenue, Austin, TX, 78701",Restaurant / Food with cuisine focus: korean.,"Resident dining offers, specials, and repeat-visit campaigns",Not listed,,,https://www.chilantrobbq.com/index,No public special listed in source data,No public deal listed in source data,No public event listing in source data,OpenStreetMap / Overpass,2026-02-26T22:37:02Z
Chi'Lantro BBQ,Restaurant / Food,node,9552382096,30.266099,-97.744828,https://www.openstreetmap.org/node/9552382096#map=19/30.266099/-97.744828,https://www.openstreetmap.org/?mlat=30.266099&mlon=-97.744828#map=18/30.266099/-97.744828,"303, Colorado Street, Austin, TX, 78701",Restaurant / Food with cuisine focus: korean;mexican.,"Resident dining offers, specials, and repeat-visit campaigns",Mo-Fr 10:30-14:00,+1-512-580-4459,,https://chilantrobbq.com/,No public special listed in source data,No public deal listed in source data,No public event listing in source data,OpenStreetMap / Overpass,2026-02-26T22:37:02Z
Chick-fil-A,Restaurant / Food,way,381834166,30.281714,-97.743116,https://www.openstreetmap.org/way/381834166#map=19/30.281714/-97.743116,https://www.openstreetmap.org/?mlat=30.281714&mlon=-97.743116#map=18/30.281714/-97.743116,"503, West Martin Luther King Jr Boulevard, Austin, TX, 78701",Restaurant / Food with cuisine focus: chicken.,"Resident dining offers, specials, and repeat-visit campaigns",Mo-Sa 06:00-23:45; Su closed,+1 512-473-8651,,https://www.chick-fil-a.com/locations/tx/martin-luther-king-drive-thru-only,No public special listed in source data,No public deal listed in source data,No public event listing in source data,OpenStreetMap / Overpass,2026-02-26T22:37:02Z
China Family,Restaurant / Food,way,1208522907,30.282645,-97.742546,https://www.openstreetmap.org/way/1208522907#map=19/30.282645/-97.742546,https://www.openstreetmap.org/?mlat=30.282645&mlon=-97.742546#map=18/30.282645/-97.742546,"1914, Guadalupe Street, Austin, TX, 78705",Restaurant / Food with cuisine focus: chinese.,"Resident dining offers, specials, and repeat-visit campaigns",Mo-Th 11:00-21:30; Fr-Su 11:00-22:00,+1-512-284-7671,,https://chinafamilytx.com/,No public special listed in source data,No public deal listed in source data,No public event listing in source data,OpenStreetMap / Overpass,2026-02-26T22:37:02Z
Chipotle,Restaurant / Food,node,2447742850,30.270011,-97.741863,https://www.openstreetmap.org/node/2447742850#map=19/30.270011/-97.741863,https://www.openstreetmap.org/?mlat=30.270011&mlon=-97.741863#map=18/30.270011/-97.741863,"801, Congress Avenue, Austin, TX, 78701",Restaurant / Food with cuisine focus: mexican.,"Resident dining offers, specials, and repeat-visit campaigns",Mo-Fr 11:00-18:00,+1 512-391-1668,,https://locations.chipotle.com/tx/austin/801-congress-ave,No public special listed in source data,No public deal listed in source data,No public event listing in source data,OpenStreetMap / Overpass,2026-02-26T22:37:02Z
Chipotle,Restaurant / Food,node,7111057072,30.263556,-97.73159,https://www.openstreetmap.org/node/7111057072#map=19/30.263556/-97.731590,https://www.openstreetmap.org/?mlat=30.263556&mlon=-97.731590#map=18/30.263556/-97.731590,"1109, East 5th Street, Austin, TX, 78702",Restaurant / Food with cuisine focus: mexican.,"Resident dining offers, specials, and repeat-visit campaigns",Not listed,+1 512-582-1444,,https://locations.chipotle.com/tx/austin/1109-e-5th-st,No public special listed in source data,No public deal listed in source data,No public event listing in source data,OpenStreetMap / Overpass,2026-02-26T22:37:02Z
Chupacabra Cantina,Restaurant / Food,node,3353621862,30.267167,-97.739144,https://www.openstreetmap.org/node/3353621862#map=19/30.267167/-97.739144,https://www.openstreetmap.org/?mlat=30.267167&mlon=-97.739144#map=18/30.267167/-97.739144,,Restaurant / Food with cuisine focus: mexican.,"Resident dining offers, specials, and repeat-visit campaigns",11:00-02:00,+1-512-703-4628,,https://www.chupacabracantina.com/,No public special listed in source data,No public deal listed in source data,No public event listing in source data,OpenStreetMap / Overpass,2026-02-26T22:37:02Z
Chuy's,Restaurant / Food,way,383353278,30.263851,-97.76327,https://www.openstreetmap.org/way/383353278#map=19/30.263851/-97.763270,https://www.openstreetmap.org/?mlat=30.263851&mlon=-97.763270#map=18/30.263851/-97.763270,"1728, Barton Springs Road, Austin, TX, 78704",Restaurant / Food with cuisine focus: tex-mex.,"Resident dining offers, specials, and repeat-visit campaigns",Not listed,+1-512-474-4452,,,No public special listed in source data,No public deal listed in source data,No public event listing in source data,OpenStreetMap / Overpass,2026-02-26T22:37:02Z
Cisco's Restaurant Bakery & Bar,Restaurant / Food,node,7094687008,30.262991,-97.726728,https://www.openstreetmap.org/node/7094687008#map=19/30.262991/-97.726728,https://www.openstreetmap.org/?mlat=30.262991&mlon=-97.726728#map=18/30.262991/-97.726728,"1511, East 6th Street, Austin, TX, 78702",Restaurant / Food with cuisine focus: mexican.,"Resident dining offers, specials, and repeat-visit campaigns",08:00-21:00,+1-512-478-2420,,https://www.ciscosaustin.com/home,No public special listed in source data,No public deal listed in source data,No public event listing in source data,OpenStreetMap / Overpass,2026-02-26T22:37:02Z
Clark's Oyster Bar,Restaurant / Food,node,6038247087,30.27297,-97.75715,https://www.openstreetmap.org/node/6038247087#map=19/30.272970/-97.757150,https://www.openstreetmap.org/?mlat=30.272970&mlon=-97.757150#map=18/30.272970/-97.757150,,Restaurant / Food listing in Downtown Austin.,"Resident dining offers, specials, and repeat-visit campaigns",Not listed,,,,No public special listed in source data,No public deal listed in source data,No public event listing in source data,OpenStreetMap / Overpass,2026-02-26T22:37:02Z
Clay Pit,Restaurant / Food,node,2727205684,30.279033,-97.742387,https://www.openstreetmap.org/node/2727205684#map=19/30.279033/-97.742387,https://www.openstreetmap.org/?mlat=30.279033&mlon=-97.742387#map=18/30.279033/-97.742387,"1601, Guadalupe Street, Austin, 78701",Restaurant / Food with cuisine focus: indian.,"Resident dining offers, specials, and repeat-visit campaigns","Mo-Th 11:00-21:00; Fr,Sa 11:00-22:00; Su 15:00-21:00",,,,No public special listed in source data,No public deal listed in source data,No public event listing in source data,OpenStreetMap / Overpass,2026-02-26T22:37:02Z
Coat & Thai,Restaurant / Food,node,10869755718,30.263594,-97.762855,https://www.openstreetmap.org/node/10869755718#map=19/30.263594/-97.762855,https://www.openstreetmap.org/?mlat=30.263594&mlon=-97.762855#map=18/30.263594/-97.762855,,Restaurant / Food with cuisine focus: thai.,"Resident dining offers, specials, and repeat-visit campaigns",Not listed,,,,No public special listed in source data,No public deal listed in source data,No public event listing in source data,OpenStreetMap / Overpass,2026-02-26T22:37:02Z
Congress Avenue Grocery,Restaurant / Food,node,1483931163,30.26504,-97.743708,https://www.openstreetmap.org/node/1483931163#map=19/30.265040/-97.743708,https://www.openstreetmap.org/?mlat=30.265040&mlon=-97.743708#map=18/30.265040/-97.743708,,Restaurant / Food listing in Downtown Austin.,"Resident dining offers, specials, and repeat-visit campaigns",Not listed,,,,No public special listed in source data,No public deal listed in source data,No public event listing in source data,OpenStreetMap / Overpass,2026-02-26T22:37:02Z
Conscious cravings,Restaurant / Food,node,3909530102,30.251086,-97.754152,https://www.openstreetmap.org/node/3909530102#map=19/30.251086/-97.754152,https://www.openstreetmap.org/?mlat=30.251086&mlon=-97.754152#map=18/30.251086/-97.754152,,Restaurant / Food listing in Downtown Austin.,"Resident dining offers, specials, and repeat-visit campaigns",Not listed,,,,No public special listed in source data,No public deal listed in source data,No public event listing in source data,OpenStreetMap / Overpass,2026-02-26T22:37:02Z
Cooper's Old Time Pit Bar-B-Que,Restaurant / Food,way,1239928162,30.264936,-97.743629,https://www.openstreetmap.org/way/1239928162#map=19/30.264936/-97.743629,https://www.openstreetmap.org/?mlat=30.264936&mlon=-97.743629#map=18/30.264936/-97.743629,"217, Congress Avenue, Austin, TX, 78701",Restaurant / Food with cuisine focus: barbecue.,"Resident dining offers, specials, and repeat-visit campaigns",Mo-Su 11:00-24:00,+15124744227,,https://coopersbbqaustin.com/,No public special listed in source data,No public deal listed in source data,No public event listing in source data,OpenStreetMap / Overpass,2026-02-26T22:37:02Z
Corinne,Restaurant / Food,node,3849775790,30.262595,-97.741185,https://www.openstreetmap.org/node/3849775790#map=19/30.262595/-97.741185,https://www.openstreetmap.org/?mlat=30.262595&mlon=-97.741185#map=18/30.262595/-97.741185,"304, East Cesar Chavez Street, Austin, TX, 78701",Restaurant / Food listing in Downtown Austin.,"Resident dining offers, specials, and repeat-visit campaigns",Not listed,+1-737-787-7018,,https://www.corinneatx.com/,No public special listed in source data,No public deal listed in source data,No public event listing in source data,OpenStreetMap / Overpass,2026-02-26T22:37:02Z
Corner Restaurant,Restaurant / Food,node,4304618029,30.26442,-97.743899,https://www.openstreetmap.org/node/4304618029#map=19/30.264420/-97.743899,https://www.openstreetmap.org/?mlat=30.264420&mlon=-97.743899#map=18/30.264420/-97.743899,,Restaurant / Food listing in Downtown Austin.,"Resident dining offers, specials, and repeat-visit campaigns",Not listed,,,,No public special listed in source data,No public deal listed in source data,No public event listing in source data,OpenStreetMap / Overpass,2026-02-26T22:37:02Z
Denny's,Restaurant / Food,way,382130535,30.276691,-97.729611,https://www.openstreetmap.org/way/382130535#map=19/30.276691/-97.729611,https://www.openstreetmap.org/?mlat=30.276691&mlon=-97.729611#map=18/30.276691/-97.729611,"1601, North Interstate Highway 35 Service Road, Austin, TX",Restaurant / Food with cuisine focus: american.,"Resident dining offers, specials, and repeat-visit campaigns",Not listed,,,,No public special listed in source data,No public deal listed in source data,No public event listing in source data,OpenStreetMap / Overpass,2026-02-26T22:37:02Z
DeSano Pizzeria Napoletana,Restaurant / Food,way,1020753276,30.266252,-97.745858,https://www.openstreetmap.org/way/1020753276#map=19/30.266252/-97.745858,https://www.openstreetmap.org/?mlat=30.266252&mlon=-97.745858#map=18/30.266252/-97.745858,"301, Lavaca Street, Austin, TX, 78701",Restaurant / Food with cuisine focus: pizza.,"Resident dining offers, specials, and repeat-visit campaigns","Su-Th 11:30-22:00, Fr,Sa 11:30-11:00",,,,No public special listed in source data,No public deal listed in source data,No public event listing in source data,OpenStreetMap / Overpass,2026-02-26T22:37:02Z
Dobie Tower Food Court,Restaurant / Food,node,1488916371,30.283371,-97.741387,https://www.openstreetmap.org/node/1488916371#map=19/30.283371/-97.741387,https://www.openstreetmap.org/?mlat=30.283371&mlon=-97.741387#map=18/30.283371/-97.741387,"Guadalupe Street, Austin, TX, 78705",Restaurant / Food listing in Downtown Austin.,"Resident dining offers, specials, and repeat-visit campaigns",Not listed,,,,No public special listed in source data,"2nd Floor. Korean, Pizza, Chinese, Kebab, Subs, Cookies, etc.",No public event listing in source data,OpenStreetMap / Overpass,2026-02-26T22:37:02Z
Dolce Neve Gelato,Restaurant / Food,way,383378719,30.247606,-97.755499,https://www.openstreetmap.org/way/383378719#map=19/30.247606/-97.755499,https://www.openstreetmap.org/?mlat=30.247606&mlon=-97.755499#map=18/30.247606/-97.755499,"1713, South 1st Street",Restaurant / Food listing in Downtown Austin.,"Resident dining offers, specials, and repeat-visit campaigns",Not listed,+1 512-804-5568,,https://www.dolcenevegelato.com/,No public special listed in source data,No public deal listed in source data,No public event listing in source data,OpenStreetMap / Overpass,2026-02-26T22:37:02Z
Dolce Neve Gelato,Restaurant / Food,node,7111008438,30.263433,-97.731247,https://www.openstreetmap.org/node/7111008438#map=19/30.263433/-97.731247,https://www.openstreetmap.org/?mlat=30.263433&mlon=-97.731247#map=18/30.263433/-97.731247,"1109, East 5th Street, Austin, TX, 78702",Restaurant / Food listing in Downtown Austin.,"Resident dining offers, specials, and repeat-visit campaigns",Not listed,,,,No public special listed in source data,No public deal listed in source data,No public event listing in source data,OpenStreetMap / Overpass,2026-02-26T22:37:02Z
Domino's,Restaurant / Food,way,380922390,30.28213,-97.74243,https://www.openstreetmap.org/way/380922390#map=19/30.282130/-97.742430,https://www.openstreetmap.org/?mlat=30.282130&mlon=-97.742430#map=18/30.282130/-97.742430,"1900, Guadalupe Street, Austin, TX, 78705",Restaurant / Food with cuisine focus: pizza.,"Resident dining offers, specials, and repeat-visit campaigns","Su-Th 10:00-01:00, Fr,Sa 10:00-02:00",+1 512-477-0101,,https://pizza.dominos.com/texas/austin/1900-guadalupe-ave,No public special listed in source data,No public deal listed in source data,No public event listing in source data,OpenStreetMap / Overpass,2026-02-26T22:37:02Z
Domo Alley-Gato,Restaurant / Food,node,7094576520,30.263147,-97.726277,https://www.openstreetmap.org/node/7094576520#map=19/30.263147/-97.726277,https://www.openstreetmap.org/?mlat=30.263147&mlon=-97.726277#map=18/30.263147/-97.726277,"1600, East 6th Street, Austin, TX, 78702",Restaurant / Food listing in Downtown Austin.,"Resident dining offers, specials, and repeat-visit campaigns",Mo-Su 16:00-24:00,,,https://www.domo-tatsuya.com/,No public special listed in source data,No public deal listed in source data,No public event listing in source data,OpenStreetMap / Overpass,2026-02-26T22:37:02Z
Donkeys Grilled Burritos,Restaurant / Food,node,10869755719,30.263472,-97.762965,https://www.openstreetmap.org/node/10869755719#map=19/30.263472/-97.762965,https://www.openstreetmap.org/?mlat=30.263472&mlon=-97.762965#map=18/30.263472/-97.762965,,Restaurant / Food with cuisine focus: tex-mex.,"Resident dining offers, specials, and repeat-visit campaigns",Not listed,,,,No public special listed in source data,No public deal listed in source data,No public event listing in source data,OpenStreetMap / Overpass,2026-02-26T22:37:02Z
Dovetail Pizza and Bar,Restaurant / Food,way,382491305,30.246837,-97.756436,https://www.openstreetmap.org/way/382491305#map=19/30.246837/-97.756436,https://www.openstreetmap.org/?mlat=30.246837&mlon=-97.756436#map=18/30.246837/-97.756436,"1816, South 1st Street, Austin, TX, 78704",Restaurant / Food with cuisine focus: pizza.,"Resident dining offers, specials, and repeat-visit campaigns",Fr-Su 18:00-22:00,+1-512-480-2255,,,No public special listed in source data,No public deal listed in source data,No public event listing in source data,OpenStreetMap / Overpass,2026-02-26T22:37:02Z
Eberly,Restaurant / Food,way,299395712,30.258593,-97.758705,https://www.openstreetmap.org/way/299395712#map=19/30.258593/-97.758705,https://www.openstreetmap.org/?mlat=30.258593&mlon=-97.758705#map=18/30.258593/-97.758705,"615, South Lamar Boulevard, 78704",Restaurant / Food listing in Downtown Austin.,"Resident dining offers, specials, and repeat-visit campaigns",Not listed,,,,No public special listed in source data,No public deal listed in source data,No public event listing in source data,OpenStreetMap / Overpass,2026-02-26T22:37:02Z
Eddie V's,Restaurant / Food,node,1481721332,30.266222,-97.740546,https://www.openstreetmap.org/node/1481721332#map=19/30.266222/-97.740546,https://www.openstreetmap.org/?mlat=30.266222&mlon=-97.740546#map=18/30.266222/-97.740546,,Restaurant / Food listing in Downtown Austin.,"Resident dining offers, specials, and repeat-visit campaigns",Not listed,,,,No public special listed in source data,No public deal listed in source data,No public event listing in source data,OpenStreetMap / Overpass,2026-02-26T22:37:02Z
El Alma,Restaurant / Food,way,382454561,30.260019,-97.755645,https://www.openstreetmap.org/way/382454561#map=19/30.260019/-97.755645,https://www.openstreetmap.org/?mlat=30.260019&mlon=-97.755645#map=18/30.260019/-97.755645,"1025, Barton Springs Road",Restaurant / Food with cuisine focus: mexican.,"Resident dining offers, specials, and repeat-visit campaigns",Su 10:00-22:00; Mo-Th 11:00-22:00; Fr 11:00-23:00; Sa 10:00-23:00,,,,No public special listed in source data,No public deal listed in source data,No public event listing in source data,OpenStreetMap / Overpass,2026-02-26T22:37:02Z
El Mercado,Restaurant / Food,node,919341626,30.251343,-97.754581,https://www.openstreetmap.org/node/919341626#map=19/30.251343/-97.754581,https://www.openstreetmap.org/?mlat=30.251343&mlon=-97.754581#map=18/30.251343/-97.754581,,Restaurant / Food with cuisine focus: mexican.,"Resident dining offers, specials, and repeat-visit campaigns",Not listed,,,,No public special listed in source data,No public deal listed in source data,No public event listing in source data,OpenStreetMap / Overpass,2026-02-26T22:37:02Z
El Primo,Restaurant / Food,node,12128676282,30.244837,-97.757331,https://www.openstreetmap.org/node/12128676282#map=19/30.244837/-97.757331,https://www.openstreetmap.org/?mlat=30.244837&mlon=-97.757331#map=18/30.244837/-97.757331,"2011, South 1st Street, Austin, TX, 78704",Restaurant / Food with cuisine focus: breakfast;tacos.,"Resident dining offers, specials, and repeat-visit campaigns",Mo-Fr 08:00-17:00; Sa 08:00-22:00; Su off,,,,No public special listed in source data,No public deal listed in source data,No public event listing in source data,OpenStreetMap / Overpass,2026-02-26T22:37:02Z
El Tacorrido: Authentic Mexican Taqueria,Restaurant / Food,way,382461715,30.244453,-97.730604,https://www.openstreetmap.org/way/382461715#map=19/30.244453/-97.730604,https://www.openstreetmap.org/?mlat=30.244453&mlon=-97.730604#map=18/30.244453/-97.730604,"1701, East Riverside Drive, Austin, TX, 78741",Restaurant / Food with cuisine focus: tacos.,"Resident dining offers, specials, and repeat-visit campaigns",Mo-Su 06:30-24:00,+1-512-912-1939,,https://www.eltacorrido.com/,No public special listed in source data,No public deal listed in source data,No public event listing in source data,OpenStreetMap / Overpass,2026-02-26T22:37:02Z
Elizabeth Street Cafe,Restaurant / Food,way,383378648,30.249793,-97.754661,https://www.openstreetmap.org/way/383378648#map=19/30.249793/-97.754661,https://www.openstreetmap.org/?mlat=30.249793&mlon=-97.754661#map=18/30.249793/-97.754661,"1501, South 1st Street",Restaurant / Food listing in Downtown Austin.,"Resident dining offers, specials, and repeat-visit campaigns",Not listed,,,,No public special listed in source data,No public deal listed in source data,No public event listing in source data,OpenStreetMap / Overpass,2026-02-26T22:37:02Z
Ember Kitchen,Restaurant / Food,node,6039859213,30.2669,-97.752836,https://www.openstreetmap.org/node/6039859213#map=19/30.266900/-97.752836,https://www.openstreetmap.org/?mlat=30.266900&mlon=-97.752836#map=18/30.266900/-97.752836,"800, West Cesar Chavez Street, Austin, TX, 78701",Restaurant / Food with cuisine focus: latin_american.,"Resident dining offers, specials, and repeat-visit campaigns",Mo-Sa 17:00-22:00,+1-512-200-2250,,https://www.emberatx.com/,No public special listed in source data,No public deal listed in source data,No public event listing in source data,OpenStreetMap / Overpass,2026-02-26T22:37:02Z
Emmer & Rye,Restaurant / Food,node,8991620975,30.25748,-97.73916,https://www.openstreetmap.org/node/8991620975#map=19/30.257480/-97.739160,https://www.openstreetmap.org/?mlat=30.257480&mlon=-97.739160#map=18/30.257480/-97.739160,"51, Rainey Street, Austin, TX, 78701",Restaurant / Food with cuisine focus: american.,"Resident dining offers, specials, and repeat-visit campaigns",Not listed,,,,No public special listed in source data,No public deal listed in source data,No public event listing in source data,OpenStreetMap / Overpass,2026-02-26T22:37:02Z
Eureka,Restaurant / Food,node,1481633376,30.267757,-97.741256,https://www.openstreetmap.org/node/1481633376#map=19/30.267757/-97.741256,https://www.openstreetmap.org/?mlat=30.267757&mlon=-97.741256#map=18/30.267757/-97.741256,"Austin, TX",Restaurant / Food listing in Downtown Austin.,"Resident dining offers, specials, and repeat-visit campaigns","Mo-Sa 11:00-24:00, Su 11:00-23:00",+1 5127351144,,http://eurekarestaurantgroup.com/blog/locations/austin/,No public special listed in source data,No public deal listed in source data,No public event listing in source data,OpenStreetMap / Overpass,2026-02-26T22:37:02Z
Fareground,Restaurant / Food,node,6039911719,30.263506,-97.74367,https://www.openstreetmap.org/node/6039911719#map=19/30.263506/-97.743670,https://www.openstreetmap.org/?mlat=30.263506&mlon=-97.743670#map=18/30.263506/-97.743670,,Restaurant / Food listing in Downtown Austin.,"Resident dining offers, specials, and repeat-visit campaigns",Mo-Su 11:00-21:00,,,,No public special listed in source data,No public deal listed in source data,No public event listing in source data,OpenStreetMap / Overpass,2026-02-26T22:37:02Z
Favorite Pizza,Restaurant / Food,way,379166210,30.270155,-97.750818,https://www.openstreetmap.org/way/379166210#map=19/30.270155/-97.750818,https://www.openstreetmap.org/?mlat=30.270155&mlon=-97.750818#map=18/30.270155/-97.750818,"801, West 6th Street, Austin, TX, 78703",Restaurant / Food with cuisine focus: pizza.,"Resident dining offers, specials, and repeat-visit campaigns",Not listed,+1-512-478-4136,,https://favoritepizzaaustin.com/,No public special listed in source data,No public deal listed in source data,No public event listing in source data,OpenStreetMap / Overpass,2026-02-26T22:37:02Z
Fixe Southern House,Restaurant / Food,node,8955666710,30.268799,-97.748568,https://www.openstreetmap.org/node/8955666710#map=19/30.268799/-97.748568,https://www.openstreetmap.org/?mlat=30.268799&mlon=-97.748568#map=18/30.268799/-97.748568,"500, West 5th Street, Austin, TX, 78701",Restaurant / Food with cuisine focus: american.,"Resident dining offers, specials, and repeat-visit campaigns",Not listed,,,https://fixesouthernhouse.com/,No public special listed in source data,No public deal listed in source data,No public event listing in source data,OpenStreetMap / Overpass,2026-02-26T22:37:02Z
Flower Child,Restaurant / Food,node,5351338222,30.265976,-97.749544,https://www.openstreetmap.org/node/5351338222#map=19/30.265976/-97.749544,https://www.openstreetmap.org/?mlat=30.265976&mlon=-97.749544#map=18/30.265976/-97.749544,"West 2nd Street, 78701",Restaurant / Food listing in Downtown Austin.,"Resident dining offers, specials, and repeat-visit campaigns",Not listed,,,,No public special listed in source data,No public deal listed in source data,No public event listing in source data,OpenStreetMap / Overpass,2026-02-26T22:37:02Z
Fogo de Chão,Restaurant / Food,node,3764035157,30.264515,-97.744372,https://www.openstreetmap.org/node/3764035157#map=19/30.264515/-97.744372,https://www.openstreetmap.org/?mlat=30.264515&mlon=-97.744372#map=18/30.264515/-97.744372,"200, Congress Avenue, Austin, TX, 78701",Restaurant / Food with cuisine focus: brazilian;steak_house.,"Resident dining offers, specials, and repeat-visit campaigns","Mo-Fr 11:00-15:00, Mo-Th 15:00-22:00, Fr 15:00-22:30, Sa,Su 11:30-14:00, Sa 14:00-22:30, Su 14:00-21:00",+1-512-472-0220,,https://fogodechao.com/,No public special listed in source data,No public deal listed in source data,No public event listing in source data,OpenStreetMap / Overpass,2026-02-26T22:37:02Z
Forthright,Restaurant / Food,node,4852544021,30.262284,-97.743031,https://www.openstreetmap.org/node/4852544021#map=19/30.262284/-97.743031,https://www.openstreetmap.org/?mlat=30.262284&mlon=-97.743031#map=18/30.262284/-97.743031,"35, Brazos Street",Restaurant / Food listing in Downtown Austin.,"Resident dining offers, specials, and repeat-visit campaigns",Not listed,+1 5123000886,,http://www.forthright.cafe/,No public special listed in source data,No public deal listed in source data,No public event listing in source data,OpenStreetMap / Overpass,2026-02-26T22:37:02Z
Franklin Barbecue,Restaurant / Food,way,382368408,30.270163,-97.73127,https://www.openstreetmap.org/way/382368408#map=19/30.270163/-97.731270,https://www.openstreetmap.org/?mlat=30.270163&mlon=-97.731270#map=18/30.270163/-97.731270,"900, East 11th Street, Austin, TX, 78702",Restaurant / Food with cuisine focus: barbecue.,"Resident dining offers, specials, and repeat-visit campaigns",Tu-Su 11:00+,+1-512-653-1187,,http://franklinbarbecue.com/,No public special listed in source data,No public deal listed in source data,No public event listing in source data,OpenStreetMap / Overpass,2026-02-26T22:37:02Z
Freebirds,Restaurant / Food,node,3764018457,30.255974,-97.746927,https://www.openstreetmap.org/node/3764018457#map=19/30.255974/-97.746927,https://www.openstreetmap.org/?mlat=30.255974&mlon=-97.746927#map=18/30.255974/-97.746927,,Restaurant / Food with cuisine focus: mexican.,"Resident dining offers, specials, and repeat-visit campaigns",Mo-Su 10:30-21:30,,,,No public special listed in source data,No public deal listed in source data,No public event listing in source data,OpenStreetMap / Overpass,2026-02-26T22:37:02Z
Fresa's,Restaurant / Food,way,135088168,30.274456,-97.752202,https://www.openstreetmap.org/way/135088168#map=19/30.274456/-97.752202,https://www.openstreetmap.org/?mlat=30.274456&mlon=-97.752202#map=18/30.274456/-97.752202,,Restaurant / Food with cuisine focus: chicken.,"Resident dining offers, specials, and repeat-visit campaigns",Not listed,,,,No public special listed in source data,No public deal listed in source data,No public event listing in source data,OpenStreetMap / Overpass,2026-02-26T22:37:02Z
Fresas,Restaurant / Food,node,4595511224,30.247784,-97.755101,https://www.openstreetmap.org/node/4595511224#map=19/30.247784/-97.755101,https://www.openstreetmap.org/?mlat=30.247784&mlon=-97.755101#map=18/30.247784/-97.755101,,Restaurant / Food listing in Downtown Austin.,"Resident dining offers, specials, and repeat-visit campaigns",Not listed,,,,No public special listed in source data,No public deal listed in source data,No public event listing in source data,OpenStreetMap / Overpass,2026-02-26T22:37:02Z
Frozen Rolls,Restaurant / Food,node,8927720348,30.273318,-97.753546,https://www.openstreetmap.org/node/8927720348#map=19/30.273318/-97.753546,https://www.openstreetmap.org/?mlat=30.273318&mlon=-97.753546#map=18/30.273318/-97.753546,,Restaurant / Food listing in Downtown Austin.,"Resident dining offers, specials, and repeat-visit campaigns",Not listed,,,,No public special listed in source data,No public deal listed in source data,No public event listing in source data,OpenStreetMap / Overpass,2026-02-26T22:37:02Z
Fukumoto,Restaurant / Food,node,5695667169,30.264626,-97.731727,https://www.openstreetmap.org/node/5695667169#map=19/30.264626/-97.731727,https://www.openstreetmap.org/?mlat=30.264626&mlon=-97.731727#map=18/30.264626/-97.731727,"514, Medina Street, Austin, TX, 78702",Restaurant / Food with cuisine focus: japanese.,"Resident dining offers, specials, and repeat-visit campaigns",Not listed,,,https://www.fukumotoaustin.com/,No public special listed in source data,No public deal listed in source data,No public event listing in source data,OpenStreetMap / Overpass,2026-02-26T22:37:02Z
Galaxy Cafe,Restaurant / Food,node,457485574,30.279413,-97.760058,https://www.openstreetmap.org/node/457485574#map=19/30.279413/-97.760058,https://www.openstreetmap.org/?mlat=30.279413&mlon=-97.760058#map=18/30.279413/-97.760058,"1000, West Lynn St, 78703",Restaurant / Food with cuisine focus: american.,"Resident dining offers, specials, and repeat-visit campaigns",Not listed,,,,No public special listed in source data,No public deal listed in source data,No public event listing in source data,OpenStreetMap / Overpass,2026-02-26T22:37:02Z
Garbo's,Restaurant / Food,way,382597324,30.272571,-97.753698,https://www.openstreetmap.org/way/382597324#map=19/30.272571/-97.753698,https://www.openstreetmap.org/?mlat=30.272571&mlon=-97.753698#map=18/30.272571/-97.753698,,Restaurant / Food with cuisine focus: seafood.,"Resident dining offers, specials, and repeat-visit campaigns",Not listed,,,,No public special listed in source data,No public deal listed in source data,No public event listing in source data,OpenStreetMap / Overpass,2026-02-26T22:37:02Z
Geisha Sushi & Grill,Restaurant / Food,node,3355462799,30.266411,-97.736435,https://www.openstreetmap.org/node/3355462799#map=19/30.266411/-97.736435,https://www.openstreetmap.org/?mlat=30.266411&mlon=-97.736435#map=18/30.266411/-97.736435,,Restaurant / Food with cuisine focus: sushi.,"Resident dining offers, specials, and repeat-visit campaigns",Not listed,,,http://www.geisha6th.com/,No public special listed in source data,No public deal listed in source data,No public event listing in source data,OpenStreetMap / Overpass,2026-02-26T22:37:02Z
Geraldine's,Restaurant / Food,node,4633609354,30.260178,-97.739272,https://www.openstreetmap.org/node/4633609354#map=19/30.260178/-97.739272,https://www.openstreetmap.org/?mlat=30.260178&mlon=-97.739272#map=18/30.260178/-97.739272,,Restaurant / Food listing in Downtown Austin.,"Resident dining offers, specials, and repeat-visit campaigns",Not listed,,,,No public special listed in source data,No public deal listed in source data,No public event listing in source data,OpenStreetMap / Overpass,2026-02-26T22:37:02Z
Gina's on Congress,Restaurant / Food,way,1021167044,30.265904,-97.743947,https://www.openstreetmap.org/way/1021167044#map=19/30.265904/-97.743947,https://www.openstreetmap.org/?mlat=30.265904&mlon=-97.743947#map=18/30.265904/-97.743947,"314, Congress Avenue, Austin, Texas, 78701",Restaurant / Food with cuisine focus: french;italian.,"Resident dining offers, specials, and repeat-visit campaigns",Mo-Su 11:00-22:00,+1 512-991-1819,,https://www.ginasoncongress.com/,No public special listed in source data,No public deal listed in source data,No public event listing in source data,OpenStreetMap / Overpass,2026-02-26T22:37:02Z
Granny's Tacos,Restaurant / Food,node,10562046329,30.264165,-97.728091,https://www.openstreetmap.org/node/10562046329#map=19/30.264165/-97.728091,https://www.openstreetmap.org/?mlat=30.264165&mlon=-97.728091#map=18/30.264165/-97.728091,,Restaurant / Food listing in Downtown Austin.,"Resident dining offers, specials, and repeat-visit campaigns",Not listed,,,,No public special listed in source data,No public deal listed in source data,No public event listing in source data,OpenStreetMap / Overpass,2026-02-26T22:37:02Z
Green Mesquite BBQ,Restaurant / Food,way,333373558,30.261483,-97.759208,https://www.openstreetmap.org/way/333373558#map=19/30.261483/-97.759208,https://www.openstreetmap.org/?mlat=30.261483&mlon=-97.759208#map=18/30.261483/-97.759208,"1400, Barton Springs Road, Austin, TX, 78704",Restaurant / Food with cuisine focus: barbecue.,"Resident dining offers, specials, and repeat-visit campaigns",Mo-Su 11:00-22:00,+1-512-479-0485,,https://greenmesquite.com/,No public special listed in source data,No public deal listed in source data,No public event listing in source data,OpenStreetMap / Overpass,2026-02-26T22:37:02Z
Green Pastures,Restaurant / Food,way,382491604,30.244951,-97.762263,https://www.openstreetmap.org/way/382491604#map=19/30.244951/-97.762263,https://www.openstreetmap.org/?mlat=30.244951&mlon=-97.762263#map=18/30.244951/-97.762263,"811, West Live Oak Street",Restaurant / Food listing in Downtown Austin.,"Resident dining offers, specials, and repeat-visit campaigns",Not listed,,,,No public special listed in source data,No public deal listed in source data,No public event listing in source data,OpenStreetMap / Overpass,2026-02-26T22:37:02Z
Group Therapy,Restaurant / Food,node,7313191255,30.267315,-97.746419,https://www.openstreetmap.org/node/7313191255#map=19/30.267315/-97.746419,https://www.openstreetmap.org/?mlat=30.267315&mlon=-97.746419#map=18/30.267315/-97.746419,"400, Lavaca Street, Austin, TX, 78701",Restaurant / Food with cuisine focus: american.,"Resident dining offers, specials, and repeat-visit campaigns","Sa-Su 06:30-16:00 ""brunch""; Mo-Fr 06:30-11:00 ""breakfast""; Mo-Th,Su 16:00-22:00 ""dinner""; Fr,Sa 16:00-23:00 ""dinner""; Mo-Th,Su 22:00-24:00 ""bar only""; Fr,Sa 23:00-02:00 ""bar only""",+1-888-880-3244,,https://www.hotelzaza.com/austin/dining/group-therapy,No public special listed in source data,No public deal listed in source data,No public event listing in source data,OpenStreetMap / Overpass,2026-02-26T22:37:02Z
Guero's Taco Bar,Restaurant / Food,way,312337842,30.249153,-97.750286,https://www.openstreetmap.org/way/312337842#map=19/30.249153/-97.750286,https://www.openstreetmap.org/?mlat=30.249153&mlon=-97.750286#map=18/30.249153/-97.750286,"1412, South Congress Avenue, Austin, TX, 78704",Restaurant / Food with cuisine focus: mexican.,"Resident dining offers, specials, and repeat-visit campaigns",Fr-Sa 11:00-22:00; Su-Th 11:00-21:00,+1-512-447-7688,,https://gueros.com,No public special listed in source data,No public deal listed in source data,No public event listing in source data,OpenStreetMap / Overpass,2026-02-26T22:37:02Z
Gus' Fried Chicken,Restaurant / Food,node,1483653929,30.26347,-97.741701,https://www.openstreetmap.org/node/1483653929#map=19/30.263470/-97.741701,https://www.openstreetmap.org/?mlat=30.263470&mlon=-97.741701#map=18/30.263470/-97.741701,,Restaurant / Food with cuisine focus: wings.,"Resident dining offers, specials, and repeat-visit campaigns",Not listed,+1 5124744877,,http://gusfriedchicken.com/austin-texas-location/,No public special listed in source data,No public deal listed in source data,No public event listing in source data,OpenStreetMap / Overpass,2026-02-26T22:37:02Z
Gyu-Kaku,Restaurant / Food,node,3825322832,30.26331,-97.73084,https://www.openstreetmap.org/node/3825322832#map=19/30.263310/-97.730840,https://www.openstreetmap.org/?mlat=30.263310&mlon=-97.730840#map=18/30.263310/-97.730840,"1211, East 5th Street, Austin, TX, 78702",Restaurant / Food with cuisine focus: japanese;barbecue.,"Resident dining offers, specials, and repeat-visit campaigns",Not listed,,,,No public special listed in source data,No public deal listed in source data,No public event listing in source data,OpenStreetMap / Overpass,2026-02-26T22:37:02Z
Habibi ATX,Restaurant / Food,node,10869755725,30.263464,-97.762843,https://www.openstreetmap.org/node/10869755725#map=19/30.263464/-97.762843,https://www.openstreetmap.org/?mlat=30.263464&mlon=-97.762843#map=18/30.263464/-97.762843,,Restaurant / Food with cuisine focus: mediteranian.,"Resident dining offers, specials, and repeat-visit campaigns",Not listed,,,,No public special listed in source data,No public deal listed in source data,No public event listing in source data,OpenStreetMap / Overpass,2026-02-26T22:37:02Z
Happy Chicks,Restaurant / Food,node,1481633361,30.267622,-97.740775,https://www.openstreetmap.org/node/1481633361#map=19/30.267622/-97.740775,https://www.openstreetmap.org/?mlat=30.267622&mlon=-97.740775#map=18/30.267622/-97.740775,"214, East 6th Street, Austin, TX, 78701",Restaurant / Food with cuisine focus: chicken.,"Resident dining offers, specials, and repeat-visit campaigns",Not listed,,,,No public special listed in source data,No public deal listed in source data,No public event listing in source data,OpenStreetMap / Overpass,2026-02-26T22:37:02Z
Have A Taco,Restaurant / Food,node,10869755722,30.263441,-97.762909,https://www.openstreetmap.org/node/10869755722#map=19/30.263441/-97.762909,https://www.openstreetmap.org/?mlat=30.263441&mlon=-97.762909#map=18/30.263441/-97.762909,,Restaurant / Food with cuisine focus: tex-mex.,"Resident dining offers, specials, and repeat-visit campaigns",Not listed,,,,No public special listed in source data,No public deal listed in source data,No public event listing in source data,OpenStreetMap / Overpass,2026-02-26T22:37:02Z
Hestia,Restaurant / Food,node,8991731246,30.266872,-97.750064,https://www.openstreetmap.org/node/8991731246#map=19/30.266872/-97.750064,https://www.openstreetmap.org/?mlat=30.266872&mlon=-97.750064#map=18/30.266872/-97.750064,"607, West 3rd Street, Austin, TX, 78701",Restaurant / Food with cuisine focus: fine_dining.,"Resident dining offers, specials, and repeat-visit campaigns",Not listed,,,https://hestiaaustin.com/,No public special listed in source data,No public deal listed in source data,No public event listing in source data,OpenStreetMap / Overpass,2026-02-26T22:37:02Z
Historic Scoot Inn,Restaurant / Food,way,379194425,30.262123,-97.729391,https://www.openstreetmap.org/way/379194425#map=19/30.262123/-97.729391,https://www.openstreetmap.org/?mlat=30.262123&mlon=-97.729391#map=18/30.262123/-97.729391,"1308, E 4th St, Austin, TX, 78702",Restaurant / Food listing in Downtown Austin.,"Resident dining offers, specials, and repeat-visit campaigns",Not listed,,,,No public special listed in source data,No public deal listed in source data,No public event listing in source data,OpenStreetMap / Overpass,2026-02-26T22:37:02Z
Hoboken Pie,Restaurant / Food,way,1002818356,30.268213,-97.736789,https://www.openstreetmap.org/way/1002818356#map=19/30.268213/-97.736789,https://www.openstreetmap.org/?mlat=30.268213&mlon=-97.736789#map=18/30.268213/-97.736789,,Restaurant / Food with cuisine focus: pizza.,"Resident dining offers, specials, and repeat-visit campaigns",Not listed,,,,No public special listed in source data,No public deal listed in source data,No public event listing in source data,OpenStreetMap / Overpass,2026-02-26T22:37:02Z
Hoek's Pizza,Restaurant / Food,node,1481633301,30.266555,-97.737852,https://www.openstreetmap.org/node/1481633301#map=19/30.266555/-97.737852,https://www.openstreetmap.org/?mlat=30.266555&mlon=-97.737852#map=18/30.266555/-97.737852,,Restaurant / Food listing in Downtown Austin.,"Resident dining offers, specials, and repeat-visit campaigns",Not listed,,,,No public special listed in source data,No public deal listed in source data,No public event listing in source data,OpenStreetMap / Overpass,2026-02-26T22:37:02Z
Hoffbrau Steaks,Restaurant / Food,way,99868671,30.269671,-97.749181,https://www.openstreetmap.org/way/99868671#map=19/30.269671/-97.749181,https://www.openstreetmap.org/?mlat=30.269671&mlon=-97.749181#map=18/30.269671/-97.749181,"613, West 6th Street, 78701",Restaurant / Food listing in Downtown Austin.,"Resident dining offers, specials, and repeat-visit campaigns",Not listed,,,,No public special listed in source data,No public deal listed in source data,No public event listing in source data,OpenStreetMap / Overpass,2026-02-26T22:37:02Z
Home Slice Pizza,Restaurant / Food,node,2676032286,30.249227,-97.749577,https://www.openstreetmap.org/node/2676032286#map=19/30.249227/-97.749577,https://www.openstreetmap.org/?mlat=30.249227&mlon=-97.749577#map=18/30.249227/-97.749577,,Restaurant / Food with cuisine focus: pizza.,"Resident dining offers, specials, and repeat-visit campaigns",Not listed,,,,No public special listed in source data,No public deal listed in source data,No public event listing in source data,OpenStreetMap / Overpass,2026-02-26T22:37:02Z
Hopdoddy Burger Bar,Restaurant / Food,node,3181780233,30.249664,-97.749957,https://www.openstreetmap.org/node/3181780233#map=19/30.249664/-97.749957,https://www.openstreetmap.org/?mlat=30.249664&mlon=-97.749957#map=18/30.249664/-97.749957,"1400, South Congress Avenue, Austin, TX, 78704",Restaurant / Food with cuisine focus: burger.,"Resident dining offers, specials, and repeat-visit campaigns",Su-Th 11:00-22:00; Fr-Sa 11:00-23:00,,,https://www.hopdoddy.com/,No public special listed in source data,No public deal listed in source data,No public event listing in source data,OpenStreetMap / Overpass,2026-02-26T22:37:02Z
Hopdoddy Burger Bar,Restaurant / Food,node,9604372018,30.263771,-97.732181,https://www.openstreetmap.org/node/9604372018#map=19/30.263771/-97.732181,https://www.openstreetmap.org/?mlat=30.263771&mlon=-97.732181#map=18/30.263771/-97.732181,"1011, East 5th Street, Austin, TX, 78702",Restaurant / Food with cuisine focus: burger.,"Resident dining offers, specials, and repeat-visit campaigns",Not listed,,,,No public special listed in source data,No public deal listed in source data,No public event listing in source data,OpenStreetMap / Overpass,2026-02-26T22:37:02Z
House Park Bar-B-Que,Restaurant / Food,node,1483931045,30.276735,-97.750411,https://www.openstreetmap.org/node/1483931045#map=19/30.276735/-97.750411,https://www.openstreetmap.org/?mlat=30.276735&mlon=-97.750411#map=18/30.276735/-97.750411,,Restaurant / Food listing in Downtown Austin.,"Resident dining offers, specials, and repeat-visit campaigns",Not listed,,,,No public special listed in source data,No public deal listed in source data,No public event listing in source data,OpenStreetMap / Overpass,2026-02-26T22:37:02Z
Howdy Donut,Restaurant / Food,node,3763984360,30.257233,-97.746429,https://www.openstreetmap.org/node/3763984360#map=19/30.257233/-97.746429,https://www.openstreetmap.org/?mlat=30.257233&mlon=-97.746429#map=18/30.257233/-97.746429,,Restaurant / Food with cuisine focus: donut.,"Resident dining offers, specials, and repeat-visit campaigns",Not listed,,,,No public special listed in source data,No public deal listed in source data,No public event listing in source data,OpenStreetMap / Overpass,2026-02-26T22:37:02Z
IHOP,Restaurant / Food,way,312335034,30.26095,-97.737382,https://www.openstreetmap.org/way/312335034#map=19/30.260950/-97.737382,https://www.openstreetmap.org/?mlat=30.260950&mlon=-97.737382#map=18/30.260950/-97.737382,"707, East Cesar Chavez Street, Austin, TX, 78701",Restaurant / Food with cuisine focus: breakfast;pancake.,"Resident dining offers, specials, and repeat-visit campaigns",24/7,,,https://www.ihop.com/en/,No public special listed in source data,No public deal listed in source data,No public event listing in source data,OpenStreetMap / Overpass,2026-02-26T22:37:02Z
III Forks,Restaurant / Food,node,1481364381,30.264198,-97.746747,https://www.openstreetmap.org/node/1481364381#map=19/30.264198/-97.746747,https://www.openstreetmap.org/?mlat=30.264198&mlon=-97.746747#map=18/30.264198/-97.746747,,Restaurant / Food with cuisine focus: steak_house.,"Resident dining offers, specials, and repeat-visit campaigns",Not listed,+1 9722671776,,https://www.3forks.com/austin/,No public special listed in source data,No public deal listed in source data,No public event listing in source data,OpenStreetMap / Overpass,2026-02-26T22:37:02Z
Il Brutto,Restaurant / Food,node,7111026623,30.262808,-97.726339,https://www.openstreetmap.org/node/7111026623#map=19/30.262808/-97.726339,https://www.openstreetmap.org/?mlat=30.262808&mlon=-97.726339#map=18/30.262808/-97.726339,,Restaurant / Food listing in Downtown Austin.,"Resident dining offers, specials, and repeat-visit campaigns",Mo-Th 17:00-22:00; Fr 17:00-23:00; Sa 11:00-23:00; Su 11:00-22:00,,,,No public special listed in source data,No public deal listed in source data,No public event listing in source data,OpenStreetMap / Overpass,2026-02-26T22:37:02Z
Irene's,Restaurant / Food,way,1208359107,30.269816,-97.751163,https://www.openstreetmap.org/way/1208359107#map=19/30.269816/-97.751163,https://www.openstreetmap.org/?mlat=30.269816&mlon=-97.751163#map=18/30.269816/-97.751163,,Restaurant / Food listing in Downtown Austin.,"Resident dining offers, specials, and repeat-visit campaigns",We 16:00-22:00; Th 11:00-22:00; Fr 11:00-23:00; Sa 10:00-23:00; Su 10:00-17:00,,,,No public special listed in source data,No public deal listed in source data,No public event listing in source data,OpenStreetMap / Overpass,2026-02-26T22:37:02Z
Iron Cactus,Restaurant / Food,node,1481633321,30.267262,-97.739484,https://www.openstreetmap.org/node/1481633321#map=19/30.267262/-97.739484,https://www.openstreetmap.org/?mlat=30.267262&mlon=-97.739484#map=18/30.267262/-97.739484,,Restaurant / Food with cuisine focus: mexican.,"Resident dining offers, specials, and repeat-visit campaigns","Mo-Th 11:00-22:30; Fr,Sa 11:00-23:00; Su 10:00-22:30",+1-512-472-9240,,https://ironcactus.com/austin-downtown,No public special listed in source data,No public deal listed in source data,No public event listing in source data,OpenStreetMap / Overpass,2026-02-26T22:37:02Z
Iron Works Barbecue,Restaurant / Food,way,379165920,30.262247,-97.739002,https://www.openstreetmap.org/way/379165920#map=19/30.262247/-97.739002,https://www.openstreetmap.org/?mlat=30.262247&mlon=-97.739002#map=18/30.262247/-97.739002,"100, Red River Street, 78701",Restaurant / Food with cuisine focus: barbecue.,"Resident dining offers, specials, and repeat-visit campaigns",Not listed,,,https://ironworksbbq.com/,No public special listed in source data,No public deal listed in source data,No public event listing in source data,OpenStreetMap / Overpass,2026-02-26T22:37:02Z
J Carver’s Oyster Bar & Chophouse,Restaurant / Food,way,1362339086,30.269521,-97.749441,https://www.openstreetmap.org/way/1362339086#map=19/30.269521/-97.749441,https://www.openstreetmap.org/?mlat=30.269521&mlon=-97.749441#map=18/30.269521/-97.749441,"509, Rio Grande Street, Austin, TX, 78701",Restaurant / Food with cuisine focus: seafood;steak_house.,"Resident dining offers, specials, and repeat-visit campaigns",Mo-Su 17:00-22:00,+1-512-782-0650,,https://www.jcarveratx.com/,No public special listed in source data,No public deal listed in source data,No public event listing in source data,OpenStreetMap / Overpass,2026-02-26T22:37:02Z
J2 Dining (Dining Hall),Restaurant / Food,node,13585338237,30.282866,-97.736778,https://www.openstreetmap.org/node/13585338237#map=19/30.282866/-97.736778,https://www.openstreetmap.org/?mlat=30.282866&mlon=-97.736778#map=18/30.282866/-97.736778,,Restaurant / Food listing in Downtown Austin.,"Resident dining offers, specials, and repeat-visit campaigns",Not listed,,,,No public special listed in source data,No public deal listed in source data,No public event listing in source data,OpenStreetMap / Overpass,2026-02-26T22:37:02Z
Jaimes Spanish Village,Restaurant / Food,node,1481420725,30.268714,-97.736565,https://www.openstreetmap.org/node/1481420725#map=19/30.268714/-97.736565,https://www.openstreetmap.org/?mlat=30.268714&mlon=-97.736565#map=18/30.268714/-97.736565,,Restaurant / Food listing in Downtown Austin.,"Resident dining offers, specials, and repeat-visit campaigns",Not listed,,,,No public special listed in source data,No public deal listed in source data,No public event listing in source data,OpenStreetMap / Overpass,2026-02-26T22:37:02Z
Jeffrey's,Restaurant / Food,node,919419993,30.280441,-97.759168,https://www.openstreetmap.org/node/919419993#map=19/30.280441/-97.759168,https://www.openstreetmap.org/?mlat=30.280441&mlon=-97.759168#map=18/30.280441/-97.759168,,Restaurant / Food listing in Downtown Austin.,"Resident dining offers, specials, and repeat-visit campaigns",Not listed,,,,No public special listed in source data,No public deal listed in source data,No public event listing in source data,OpenStreetMap / Overpass,2026-02-26T22:37:02Z
Jesta Pizza,Restaurant / Food,node,13585338238,30.282981,-97.736553,https://www.openstreetmap.org/node/13585338238#map=19/30.282981/-97.736553,https://www.openstreetmap.org/?mlat=30.282981&mlon=-97.736553#map=18/30.282981/-97.736553,,Restaurant / Food with cuisine focus: pizza;pasta;italian;wings.,"Resident dining offers, specials, and repeat-visit campaigns",Not listed,,,,No public special listed in source data,No public deal listed in source data,No public event listing in source data,OpenStreetMap / Overpass,2026-02-26T22:37:02Z
Jester City Limits (Dining Hall),Restaurant / Food,node,13585338236,30.282933,-97.736774,https://www.openstreetmap.org/node/13585338236#map=19/30.282933/-97.736774,https://www.openstreetmap.org/?mlat=30.282933&mlon=-97.736774#map=18/30.282933/-97.736774,,Restaurant / Food listing in Downtown Austin.,"Resident dining offers, specials, and repeat-visit campaigns",Not listed,,,,No public special listed in source data,No public deal listed in source data,No public event listing in source data,OpenStreetMap / Overpass,2026-02-26T22:37:02Z
JewBoy Sliders,Restaurant / Food,way,1316797916,30.264389,-97.730828,https://www.openstreetmap.org/way/1316797916#map=19/30.264389/-97.730828,https://www.openstreetmap.org/?mlat=30.264389&mlon=-97.730828#map=18/30.264389/-97.730828,"1111, East 6th Street, Austin, TX, 78701",Restaurant / Food with cuisine focus: burger.,"Resident dining offers, specials, and repeat-visit campaigns",Su-Th 17:00-01:00; Fr-Sa 17:00-14:00,,,https://jewboysliders.com/,No public special listed in source data,No public deal listed in source data,No public event listing in source data,OpenStreetMap / Overpass,2026-02-26T22:37:02Z
JewBoy Sliders,Restaurant / Food,node,9447888016,30.255145,-97.76184,https://www.openstreetmap.org/node/9447888016#map=19/30.255145/-97.761840,https://www.openstreetmap.org/?mlat=30.255145&mlon=-97.761840#map=18/30.255145/-97.761840,,Restaurant / Food with cuisine focus: burger.,"Resident dining offers, specials, and repeat-visit campaigns",Su-Th 17:00-01:00; Fr-Sa 17:00-14:00,+1-512-589-8883,,https://jewboysliders.com/,No public special listed in source data,No public deal listed in source data,No public event listing in source data,OpenStreetMap / Overpass,2026-02-26T22:37:02Z
Jimmy John's,Restaurant / Food,way,381834200,30.282133,-97.743997,https://www.openstreetmap.org/way/381834200#map=19/30.282133/-97.743997,https://www.openstreetmap.org/?mlat=30.282133&mlon=-97.743997#map=18/30.282133/-97.743997,"601, West Martin Luther King Jr Boulevard, Austin, TX, 78701",Restaurant / Food with cuisine focus: sandwich.,"Resident dining offers, specials, and repeat-visit campaigns",Mo-Su 11:00-22:00,+1 512-478-3111,,https://locations.jimmyjohns.com/tx/austin/sandwiches-365.html,No public special listed in source data,No public deal listed in source data,No public event listing in source data,OpenStreetMap / Overpass,2026-02-26T22:37:02Z
Jimmy John's,Restaurant / Food,node,9752268071,30.26776,-97.742332,https://www.openstreetmap.org/node/9752268071#map=19/30.267760/-97.742332,https://www.openstreetmap.org/?mlat=30.267760&mlon=-97.742332#map=18/30.267760/-97.742332,"515, Congress Avenue, Austin, TX, 78701",Restaurant / Food with cuisine focus: sandwich.,"Resident dining offers, specials, and repeat-visit campaigns",Mo-Sa 11:00-16:00,+1-512-457-4900,,https://locations.jimmyjohns.com/tx/austin/sandwiches-491.html,No public special listed in source data,No public deal listed in source data,No public event listing in source data,OpenStreetMap / Overpass,2026-02-26T22:37:02Z
Josephine House,Restaurant / Food,node,12847602721,30.280574,-97.759033,https://www.openstreetmap.org/node/12847602721#map=19/30.280574/-97.759033,https://www.openstreetmap.org/?mlat=30.280574&mlon=-97.759033#map=18/30.280574/-97.759033,,Restaurant / Food listing in Downtown Austin.,"Resident dining offers, specials, and repeat-visit campaigns",Not listed,,,,No public special listed in source data,No public deal listed in source data,No public event listing in source data,OpenStreetMap / Overpass,2026-02-26T22:37:02Z
Juanita's Tacos,Restaurant / Food,node,1481721310,30.271721,-97.757795,https://www.openstreetmap.org/node/1481721310#map=19/30.271721/-97.757795,https://www.openstreetmap.org/?mlat=30.271721&mlon=-97.757795#map=18/30.271721/-97.757795,,Restaurant / Food listing in Downtown Austin.,"Resident dining offers, specials, and repeat-visit campaigns",Not listed,,,,No public special listed in source data,No public deal listed in source data,No public event listing in source data,OpenStreetMap / Overpass,2026-02-26T22:37:02Z
JuiceLand,Restaurant / Food,node,7024063230,30.2668,-97.749778,https://www.openstreetmap.org/node/7024063230#map=19/30.266800/-97.749778,https://www.openstreetmap.org/?mlat=30.266800&mlon=-97.749778#map=18/30.266800/-97.749778,"607, West 3rd Street, Austin, TX, 78701",Restaurant / Food with cuisine focus: juice;smoothie.,"Resident dining offers, specials, and repeat-visit campaigns","Mo-Sa 07:00-21:00, Su 08:00-21:00",,,https://www.juiceland.com/locations/third-shoal/,No public special listed in source data,No public deal listed in source data,No public event listing in source data,OpenStreetMap / Overpass,2026-02-26T22:37:02Z
JuiceLand,Restaurant / Food,node,7111047929,30.263596,-97.731712,https://www.openstreetmap.org/node/7111047929#map=19/30.263596/-97.731712,https://www.openstreetmap.org/?mlat=30.263596&mlon=-97.731712#map=18/30.263596/-97.731712,,Restaurant / Food with cuisine focus: juice;smoothie.,"Resident dining offers, specials, and repeat-visit campaigns",Not listed,,,https://www.juiceland.com/locations/saltillo-plaza/,No public special listed in source data,No public deal listed in source data,No public event listing in source data,OpenStreetMap / Overpass,2026-02-26T22:37:02Z
Juliet Italian Kitchen,Restaurant / Food,way,383353557,30.26172,-97.760107,https://www.openstreetmap.org/way/383353557#map=19/30.261720/-97.760107,https://www.openstreetmap.org/?mlat=30.261720&mlon=-97.760107#map=18/30.261720/-97.760107,"1500, Barton Springs Road, Austin, TX, 78704",Restaurant / Food with cuisine focus: italian.,"Resident dining offers, specials, and repeat-visit campaigns",Not listed,+1-512-479-1800,,https://www.juliet-austin.com/,No public special listed in source data,No public deal listed in source data,No public event listing in source data,OpenStreetMap / Overpass,2026-02-26T22:37:02Z
June's All Day,Restaurant / Food,node,919340307,30.246315,-97.751135,https://www.openstreetmap.org/node/919340307#map=19/30.246315/-97.751135,https://www.openstreetmap.org/?mlat=30.246315&mlon=-97.751135#map=18/30.246315/-97.751135,"1722, South Congress Avenue, Austin, TX",Restaurant / Food with cuisine focus: american.,"Resident dining offers, specials, and repeat-visit campaigns","Mo-Fr 11:00-22:00; Sa-Su 09:00-15:00,16:00-22:00",+1-512-416-1722,info@junesallday.com,https://junesallday.com/,No public special listed in source data,No public deal listed in source data,No public event listing in source data,OpenStreetMap / Overpass,2026-02-26T22:37:02Z
Jupiter Supper Club,Restaurant / Food,node,12242488579,30.269753,-97.742421,https://www.openstreetmap.org/node/12242488579#map=19/30.269753/-97.742421,https://www.openstreetmap.org/?mlat=30.269753&mlon=-97.742421#map=18/30.269753/-97.742421,"718, Congress Avenue, Austin, TX, 78701",Restaurant / Food with cuisine focus: american.,"Resident dining offers, specials, and repeat-visit campaigns",Not listed,+1-512-592-6803,,https://www.jupitersupperclub.com/,No public special listed in source data,No public deal listed in source data,No public event listing in source data,OpenStreetMap / Overpass,2026-02-26T22:37:02Z
K-Bop,Restaurant / Food,way,1208522909,30.282896,-97.742338,https://www.openstreetmap.org/way/1208522909#map=19/30.282896/-97.742338,https://www.openstreetmap.org/?mlat=30.282896&mlon=-97.742338#map=18/30.282896/-97.742338,"2002, Guadalupe Street, Austin, TX, 78705",Restaurant / Food with cuisine focus: korean.,"Resident dining offers, specials, and repeat-visit campaigns","Mo-Fr 11:00-21:30; Sa,Su 11:00-21:00",+1 737-222-5501,,https://www.kbopaustin.com/,No public special listed in source data,No public deal listed in source data,No public event listing in source data,OpenStreetMap / Overpass,2026-02-26T22:37:02Z
Kebabalicious,Restaurant / Food,way,379194169,30.264511,-97.728268,https://www.openstreetmap.org/way/379194169#map=19/30.264511/-97.728268,https://www.openstreetmap.org/?mlat=30.264511&mlon=-97.728268#map=18/30.264511/-97.728268,"1311, East 7th Street, Austin, TX, 78702",Restaurant / Food with cuisine focus: turkish.,"Resident dining offers, specials, and repeat-visit campaigns","Mo-Th 11:00-15:30,16:30-22:00; Fr 12:00-23:00; Sa 11:00-23:00",,,,No public special listed in source data,No public deal listed in source data,No public event listing in source data,OpenStreetMap / Overpass,2026-02-26T22:37:02Z
Kesos Taco House,Restaurant / Food,node,4704290290,30.282643,-97.744406,https://www.openstreetmap.org/node/4704290290#map=19/30.282643/-97.744406,https://www.openstreetmap.org/?mlat=30.282643&mlon=-97.744406#map=18/30.282643/-97.744406,,Restaurant / Food with cuisine focus: american.,"Resident dining offers, specials, and repeat-visit campaigns",Mo-Fr 07:00-22:00; Sa 08:00-22:00; Su 08:00-21:00,,,https://kesostacohouse.com/,No public special listed in source data,No public deal listed in source data,No public event listing in source data,OpenStreetMap / Overpass,2026-02-26T22:37:02Z
Koriente Restaurant,Restaurant / Food,way,328605865,30.267011,-97.735995,https://www.openstreetmap.org/way/328605865#map=19/30.267011/-97.735995,https://www.openstreetmap.org/?mlat=30.267011&mlon=-97.735995#map=18/30.267011/-97.735995,"621, East 7th Street, 78701",Restaurant / Food listing in Downtown Austin.,"Resident dining offers, specials, and repeat-visit campaigns",Su-Fr 11:00-21:30; Sa 13:00-21:30,+1-512-275-0852,,http://www.koriente.com/,No public special listed in source data,No public deal listed in source data,No public event listing in source data,OpenStreetMap / Overpass,2026-02-26T22:37:02Z
La Condesa,Restaurant / Food,node,3248316807,30.265572,-97.747764,https://www.openstreetmap.org/node/3248316807#map=19/30.265572/-97.747764,https://www.openstreetmap.org/?mlat=30.265572&mlon=-97.747764#map=18/30.265572/-97.747764,"400, West 2nd Street",Restaurant / Food with cuisine focus: mexican.,"Resident dining offers, specials, and repeat-visit campaigns",Not listed,,,,No public special listed in source data,No public deal listed in source data,No public event listing in source data,OpenStreetMap / Overpass,2026-02-26T22:37:02Z
La Piscina Ceviches & Fajitas,Restaurant / Food,way,1021571018,30.266291,-97.750269,https://www.openstreetmap.org/way/1021571018#map=19/30.266291/-97.750269,https://www.openstreetmap.org/?mlat=30.266291&mlon=-97.750269#map=18/30.266291/-97.750269,"202, West 2nd Street, Austin, TX, 78701",Restaurant / Food with cuisine focus: mexican.,"Resident dining offers, specials, and repeat-visit campaigns",Mo-Su 11:00-22:00,+15126281415,info@lapiscinaaustin.com,https://www.properhotel.com/austin/restaurants-bars/la-piscina/,No public special listed in source data,No public deal listed in source data,No public event listing in source data,OpenStreetMap / Overpass,2026-02-26T22:37:02Z
Lamberts,Restaurant / Food,node,3248316800,30.26518,-97.747927,https://www.openstreetmap.org/node/3248316800#map=19/30.265180/-97.747927,https://www.openstreetmap.org/?mlat=30.265180&mlon=-97.747927#map=18/30.265180/-97.747927,,Restaurant / Food with cuisine focus: barbecue.,"Resident dining offers, specials, and repeat-visit campaigns",Not listed,+1 5124941500,,http://www.lambertsaustin.com/,No public special listed in source data,No public deal listed in source data,No public event listing in source data,OpenStreetMap / Overpass,2026-02-26T22:37:02Z
Las Trancas,Restaurant / Food,node,5536760821,30.259861,-97.731783,https://www.openstreetmap.org/node/5536760821#map=19/30.259861/-97.731783,https://www.openstreetmap.org/?mlat=30.259861&mlon=-97.731783#map=18/30.259861/-97.731783,,Restaurant / Food listing in Downtown Austin.,"Resident dining offers, specials, and repeat-visit campaigns",Not listed,,,,No public special listed in source data,No public deal listed in source data,No public event listing in source data,OpenStreetMap / Overpass,2026-02-26T22:37:02Z
Lenoir,Restaurant / Food,node,919339994,30.246897,-97.755898,https://www.openstreetmap.org/node/919339994#map=19/30.246897/-97.755898,https://www.openstreetmap.org/?mlat=30.246897&mlon=-97.755898#map=18/30.246897/-97.755898,,Restaurant / Food listing in Downtown Austin.,"Resident dining offers, specials, and repeat-visit campaigns",Not listed,,,,No public special listed in source data,No public deal listed in source data,No public event listing in source data,OpenStreetMap / Overpass,2026-02-26T22:37:02Z
Licha's Cantina,Restaurant / Food,node,7094673139,30.264007,-97.72884,https://www.openstreetmap.org/node/7094673139#map=19/30.264007/-97.728840,https://www.openstreetmap.org/?mlat=30.264007&mlon=-97.728840#map=18/30.264007/-97.728840,,Restaurant / Food listing in Downtown Austin.,"Resident dining offers, specials, and repeat-visit campaigns",Not listed,,,,No public special listed in source data,No public deal listed in source data,No public event listing in source data,OpenStreetMap / Overpass,2026-02-26T22:37:02Z
Lick Honest Ice Creams,Restaurant / Food,node,1667401528,30.255539,-97.762521,https://www.openstreetmap.org/node/1667401528#map=19/30.255539/-97.762521,https://www.openstreetmap.org/?mlat=30.255539&mlon=-97.762521#map=18/30.255539/-97.762521,"1100, South Lamar Boulevard, 78704",Restaurant / Food with cuisine focus: ice_cream.,"Resident dining offers, specials, and repeat-visit campaigns",Su-Th 12:30-22:00; Fr-Sa 12:30-23:30,+1-512-363-5622,,https://www.ilikelick.com/,No public special listed in source data,No public deal listed in source data,No public event listing in source data,OpenStreetMap / Overpass,2026-02-26T22:37:02Z
Lin Asian Bar + Dim Sum,Restaurant / Food,node,6038247092,30.272829,-97.758001,https://www.openstreetmap.org/node/6038247092#map=19/30.272829/-97.758001,https://www.openstreetmap.org/?mlat=30.272829&mlon=-97.758001#map=18/30.272829/-97.758001,,Restaurant / Food listing in Downtown Austin.,"Resident dining offers, specials, and repeat-visit campaigns",Not listed,,,,No public special listed in source data,No public deal listed in source data,No public event listing in source data,OpenStreetMap / Overpass,2026-02-26T22:37:02Z
Local Foods,Restaurant / Food,node,3849778276,30.265697,-97.748514,https://www.openstreetmap.org/node/3849778276#map=19/30.265697/-97.748514,https://www.openstreetmap.org/?mlat=30.265697&mlon=-97.748514#map=18/30.265697/-97.748514,"454, West 2nd Street, 78701",Restaurant / Food with cuisine focus: sandwich;american.,"Resident dining offers, specials, and repeat-visit campaigns",Mo-Th 10:45-20:00; Fr 10:45-20:30; Sa 09:00-20:30; Su 09:00-20:00,,,https://www.localfoodstexas.com/,No public special listed in source data,No public deal listed in source data,No public event listing in source data,OpenStreetMap / Overpass,2026-02-26T22:37:02Z
Lonesome Dove Bistro,Restaurant / Food,node,4948072436,30.268268,-97.744033,https://www.openstreetmap.org/node/4948072436#map=19/30.268268/-97.744033,https://www.openstreetmap.org/?mlat=30.268268&mlon=-97.744033#map=18/30.268268/-97.744033,"123, West 6th Street, Austin, TX, 78701",Restaurant / Food with cuisine focus: western.,"Resident dining offers, specials, and repeat-visit campaigns",Not listed,+1 5123682821,,https://lonesomedoveaustin.com/,No public special listed in source data,No public deal listed in source data,No public event listing in source data,OpenStreetMap / Overpass,2026-02-26T22:37:02Z
Lou's Barton Springs,Restaurant / Food,way,383353226,30.262411,-97.761724,https://www.openstreetmap.org/way/383353226#map=19/30.262411/-97.761724,https://www.openstreetmap.org/?mlat=30.262411&mlon=-97.761724#map=18/30.262411/-97.761724,"1608, Barton Springs Road, Austin, TX, 78704",Restaurant / Food with cuisine focus: american.,"Resident dining offers, specials, and repeat-visit campaigns",Mo-Su 08:00-22:00,+15126862030,,https://lousaustin.com/barton,No public special listed in source data,No public deal listed in source data,No public event listing in source data,OpenStreetMap / Overpass,2026-02-26T22:37:02Z
Lucky Robot,Restaurant / Food,node,3181872963,30.250829,-97.748979,https://www.openstreetmap.org/node/3181872963#map=19/30.250829/-97.748979,https://www.openstreetmap.org/?mlat=30.250829&mlon=-97.748979#map=18/30.250829/-97.748979,,Restaurant / Food with cuisine focus: japanese.,"Resident dining offers, specials, and repeat-visit campaigns",Not listed,,,,No public special listed in source data,No public deal listed in source data,No public event listing in source data,OpenStreetMap / Overpass,2026-02-26T22:37:02Z
Luminaire,Restaurant / Food,node,10245293658,30.269742,-97.741903,https://www.openstreetmap.org/node/10245293658#map=19/30.269742/-97.741903,https://www.openstreetmap.org/?mlat=30.269742&mlon=-97.741903#map=18/30.269742/-97.741903,"721, Congress Avenue, Austin, TX, 78701",Restaurant / Food with cuisine focus: texan.,"Resident dining offers, specials, and repeat-visit campaigns",Mo-Su 06:00-23:00,,,https://www.hyatt.com/hyatt-centric/ausct-hyatt-centric-congress-avenue-austin/dining,No public special listed in source data,No public deal listed in source data,No public event listing in source data,OpenStreetMap / Overpass,2026-02-26T22:37:02Z
Ma'CoCo,Restaurant / Food,node,3825323468,30.262266,-97.726713,https://www.openstreetmap.org/node/3825323468#map=19/30.262266/-97.726713,https://www.openstreetmap.org/?mlat=30.262266&mlon=-97.726713#map=18/30.262266/-97.726713,"501, Comal Street, Austin, TX, 78702",Restaurant / Food with cuisine focus: mexican.,"Resident dining offers, specials, and repeat-visit campaigns","Su-Th 11:00-15:00,17:00-21:00; Fr-Sa 11:00-15:00,17:00-22:00",+1-512-520-5333,,https://www.macocoatx.com/,No public special listed in source data,No public deal listed in source data,No public event listing in source data,OpenStreetMap / Overpass,2026-02-26T22:37:02Z
Madrasdhaba,Restaurant / Food,way,1077918080,30.263076,-97.726026,https://www.openstreetmap.org/way/1077918080#map=19/30.263076/-97.726026,https://www.openstreetmap.org/?mlat=30.263076&mlon=-97.726026#map=18/30.263076/-97.726026,,Restaurant / Food with cuisine focus: indian.,"Resident dining offers, specials, and repeat-visit campaigns",Not listed,,,https://madras-dhaba.business.site/,No public special listed in source data,No public deal listed in source data,No public event listing in source data,OpenStreetMap / Overpass,2026-02-26T22:37:02Z
Magnolia Cafe,Restaurant / Food,node,3190821383,30.244479,-97.75198,https://www.openstreetmap.org/node/3190821383#map=19/30.244479/-97.751980,https://www.openstreetmap.org/?mlat=30.244479&mlon=-97.751980#map=18/30.244479/-97.751980,"1920, South Congress Avenue",Restaurant / Food listing in Downtown Austin.,"Resident dining offers, specials, and repeat-visit campaigns",Not listed,,,,No public special listed in source data,No public deal listed in source data,No public event listing in source data,OpenStreetMap / Overpass,2026-02-26T22:37:02Z
Mai Thai,Restaurant / Food,node,2334038870,30.264266,-97.741411,https://www.openstreetmap.org/node/2334038870#map=19/30.264266/-97.741411,https://www.openstreetmap.org/?mlat=30.264266&mlon=-97.741411#map=18/30.264266/-97.741411,"207, San Jacinto Boulevard, Austin, TX, 78701",Restaurant / Food with cuisine focus: thai.,"Resident dining offers, specials, and repeat-visit campaigns","Mo-Th 11:00-22:00, Fr,Sa 11:00-24:00, Su 12:00-22:00",+1-512-482-8244,,http://maithaionline.com/,No public special listed in source data,No public deal listed in source data,No public event listing in source data,OpenStreetMap / Overpass,2026-02-26T22:37:02Z
Maiko Sushi,Restaurant / Food,node,1483653753,30.264147,-97.741446,https://www.openstreetmap.org/node/1483653753#map=19/30.264147/-97.741446,https://www.openstreetmap.org/?mlat=30.264147&mlon=-97.741446#map=18/30.264147/-97.741446,"207, San Jacinto Boulevard, Austin, TX, 78701",Restaurant / Food with cuisine focus: sushi.,"Resident dining offers, specials, and repeat-visit campaigns","Mo-Th 11:30-14:00,16:00-22:00; Sa 12:30-23:00; Su 12:30-22:00; Fr 11:30-14:00,16:00-23:00",+1-512-852-8118,,https://www.maikoaustin.com/,No public special listed in source data,No public deal listed in source data,No public event listing in source data,OpenStreetMap / Overpass,2026-02-26T22:37:02Z
Mandala Kitchen & Bar,Restaurant / Food,node,10563618407,30.25537,-97.762158,https://www.openstreetmap.org/node/10563618407#map=19/30.255370/-97.762158,https://www.openstreetmap.org/?mlat=30.255370&mlon=-97.762158#map=18/30.255370/-97.762158,"1100, South Lamar Boulevard, Austin, TX, 78704",Restaurant / Food with cuisine focus: asian;vietnamese;thai;lao.,"Resident dining offers, specials, and repeat-visit campaigns","Mo-Th 11:00-15:00,17:00-24:00; Fr 11:00-15:00,17:00-01:00; Sa 12:00-01:00; Su 12:00-24:00",+1-512-386-1038,,http://mandalakitchenandbar.com/,No public special listed in source data,No public deal listed in source data,No public event listing in source data,OpenStreetMap / Overpass,2026-02-26T22:37:02Z
Manny's,Restaurant / Food,node,11679087442,30.267712,-97.74579,https://www.openstreetmap.org/node/11679087442#map=19/30.267712/-97.745790,https://www.openstreetmap.org/?mlat=30.267712&mlon=-97.745790#map=18/30.267712/-97.745790,"303, West 5th Street, Austin, TX, 78701",Restaurant / Food listing in Downtown Austin.,"Resident dining offers, specials, and repeat-visit campaigns",Not listed,+1-512-996-1223,,https://www.loboshospitality.com/venues/mannysaustin,No public special listed in source data,No public deal listed in source data,No public event listing in source data,OpenStreetMap / Overpass,2026-02-26T22:37:02Z
Marisco Grill,Restaurant / Food,node,1481633362,30.267314,-97.740987,https://www.openstreetmap.org/node/1481633362#map=19/30.267314/-97.740987,https://www.openstreetmap.org/?mlat=30.267314&mlon=-97.740987#map=18/30.267314/-97.740987,,Restaurant / Food listing in Downtown Austin.,"Resident dining offers, specials, and repeat-visit campaigns",Not listed,,,,No public special listed in source data,No public deal listed in source data,No public event listing in source data,OpenStreetMap / Overpass,2026-02-26T22:37:02Z
Mason's Famous Lobster Rolls,Restaurant / Food,node,3849775798,30.264619,-97.744736,https://www.openstreetmap.org/node/3849775798#map=19/30.264619/-97.744736,https://www.openstreetmap.org/?mlat=30.264619&mlon=-97.744736#map=18/30.264619/-97.744736,"200, Congress Avenue, Austin, TX, 78701",Restaurant / Food with cuisine focus: seafood.,"Resident dining offers, specials, and repeat-visit campaigns",Mo-Su 11:00-21:00,+1-512-428-4006,,https://www.masonslobster.com/,No public special listed in source data,No public deal listed in source data,No public event listing in source data,OpenStreetMap / Overpass,2026-02-26T22:37:02Z
Maudie's Tex-Mex,Restaurant / Food,way,383355317,30.254737,-97.762631,https://www.openstreetmap.org/way/383355317#map=19/30.254737/-97.762631,https://www.openstreetmap.org/?mlat=30.254737&mlon=-97.762631#map=18/30.254737/-97.762631,"1212, South Lamar Boulevard, 78704",Restaurant / Food with cuisine focus: tex-mex.,"Resident dining offers, specials, and repeat-visit campaigns",Su-Th 08:00-21:30; Fr-Sa 08:00-22:00,+1 512 440 8088,,https://www.maudies.com/,No public special listed in source data,No public deal listed in source data,No public event listing in source data,OpenStreetMap / Overpass,2026-02-26T22:37:02Z
Meat & Bread,Restaurant / Food,node,7925574095,30.267098,-97.749813,https://www.openstreetmap.org/node/7925574095#map=19/30.267098/-97.749813,https://www.openstreetmap.org/?mlat=30.267098&mlon=-97.749813#map=18/30.267098/-97.749813,"360, Nueces Street, Austin, TX, 78701",Restaurant / Food with cuisine focus: sandwich.,"Resident dining offers, specials, and repeat-visit campaigns",Mo-Sa 11:00-16:00,+1-512-947-7320,,https://www.meatandbread.com/,No public special listed in source data,No public deal listed in source data,No public event listing in source data,OpenStreetMap / Overpass,2026-02-26T22:37:02Z
More Home Slice Pizza,Restaurant / Food,node,2676032290,30.248983,-97.749611,https://www.openstreetmap.org/node/2676032290#map=19/30.248983/-97.749611,https://www.openstreetmap.org/?mlat=30.248983&mlon=-97.749611#map=18/30.248983/-97.749611,,Restaurant / Food with cuisine focus: pizza.,"Resident dining offers, specials, and repeat-visit campaigns",Not listed,,,,No public special listed in source data,No public deal listed in source data,No public event listing in source data,OpenStreetMap / Overpass,2026-02-26T22:37:02Z
Mr Sandwich,Restaurant / Food,node,10300617011,30.258416,-97.738737,https://www.openstreetmap.org/node/10300617011#map=19/30.258416/-97.738737,https://www.openstreetmap.org/?mlat=30.258416&mlon=-97.738737#map=18/30.258416/-97.738737,,Restaurant / Food with cuisine focus: sandwich.,"Resident dining offers, specials, and repeat-visit campaigns",Not listed,+1-786-546-5232,,https://mrsandwichtx.com/,No public special listed in source data,No public deal listed in source data,No public event listing in source data,OpenStreetMap / Overpass,2026-02-26T22:37:02Z
Nau's Enfield Drug,Restaurant / Food,node,3956853929,30.28,-97.759089,https://www.openstreetmap.org/node/3956853929#map=19/30.280000/-97.759089,https://www.openstreetmap.org/?mlat=30.280000&mlon=-97.759089#map=18/30.280000/-97.759089,,Restaurant / Food listing in Downtown Austin.,"Resident dining offers, specials, and repeat-visit campaigns",Not listed,,,,No public special listed in source data,No public deal listed in source data,No public event listing in source data,OpenStreetMap / Overpass,2026-02-26T22:37:02Z
Next Level Burger,Restaurant / Food,node,11873232769,30.270701,-97.753458,https://www.openstreetmap.org/node/11873232769#map=19/30.270701/-97.753458,https://www.openstreetmap.org/?mlat=30.270701&mlon=-97.753458#map=18/30.270701/-97.753458,78703,Restaurant / Food with cuisine focus: burger.,"Resident dining offers, specials, and repeat-visit campaigns",Not listed,+1-737-250-8200,,https://www.nextlevelburger.com,No public special listed in source data,No public deal listed in source data,No public event listing in source data,OpenStreetMap / Overpass,2026-02-26T22:37:02Z
Nido,Restaurant / Food,node,13253006056,30.264188,-97.756881,https://www.openstreetmap.org/node/13253006056#map=19/30.264188/-97.756881,https://www.openstreetmap.org/?mlat=30.264188&mlon=-97.756881#map=18/30.264188/-97.756881,"1211, West Riverside Drive, Austin, TX, 78704",Restaurant / Food with cuisine focus: american.,"Resident dining offers, specials, and repeat-visit campaigns",Su-Th 07:00-22:00; Fr-Sa 07:00-23:00,+1-512-580-1183,,https://www.thelorenhotels.com/austin/cuisine/restaurant,No public special listed in source data,No public deal listed in source data,No public event listing in source data,OpenStreetMap / Overpass,2026-02-26T22:37:02Z
Nightcap,Restaurant / Food,node,6038247094,30.273758,-97.760468,https://www.openstreetmap.org/node/6038247094#map=19/30.273758/-97.760468,https://www.openstreetmap.org/?mlat=30.273758&mlon=-97.760468#map=18/30.273758/-97.760468,,Restaurant / Food listing in Downtown Austin.,"Resident dining offers, specials, and repeat-visit campaigns",Not listed,,,,No public special listed in source data,No public deal listed in source data,No public event listing in source data,OpenStreetMap / Overpass,2026-02-26T22:37:02Z
Nomade,Restaurant / Food,node,12848150205,30.249711,-97.755299,https://www.openstreetmap.org/node/12848150205#map=19/30.249711/-97.755299,https://www.openstreetmap.org/?mlat=30.249711&mlon=-97.755299#map=18/30.249711/-97.755299,,Restaurant / Food with cuisine focus: mexican.,"Resident dining offers, specials, and repeat-visit campaigns",Not listed,,,,No public special listed in source data,No public deal listed in source data,No public event listing in source data,OpenStreetMap / Overpass,2026-02-26T22:37:02Z
North Italia,Restaurant / Food,node,5351366521,30.265815,-97.748991,https://www.openstreetmap.org/node/5351366521#map=19/30.265815/-97.748991,https://www.openstreetmap.org/?mlat=30.265815&mlon=-97.748991#map=18/30.265815/-97.748991,"West 2nd Street, 78701",Restaurant / Food listing in Downtown Austin.,"Resident dining offers, specials, and repeat-visit campaigns","Mo-Fr 11:00-16:00, Su-Th 16:00-22:00, Fr,Sa 16:00-23:00, Sa,Su 11:00-16:00",,,,No public special listed in source data,No public deal listed in source data,No public event listing in source data,OpenStreetMap / Overpass,2026-02-26T22:37:02Z
Odd Duck,Restaurant / Food,way,1024600258,30.254662,-97.76199,https://www.openstreetmap.org/way/1024600258#map=19/30.254662/-97.761990,https://www.openstreetmap.org/?mlat=30.254662&mlon=-97.761990#map=18/30.254662/-97.761990,"1201, South Lamar Boulevard, Austin, TX, 78704",Restaurant / Food listing in Downtown Austin.,"Resident dining offers, specials, and repeat-visit campaigns","Mo-Su 17:00-21:00; Fr,Sa 16:45-21:30",+1-512-433-6521,foh@oddduckaustin.com,https://oddduckaustin.com/,No public special listed in source data,No public deal listed in source data,No public event listing in source data,OpenStreetMap / Overpass,2026-02-26T22:37:02Z
Old Pecan Street Cafe,Restaurant / Food,node,1481633336,30.267381,-97.739909,https://www.openstreetmap.org/node/1481633336#map=19/30.267381/-97.739909,https://www.openstreetmap.org/?mlat=30.267381&mlon=-97.739909#map=18/30.267381/-97.739909,,Restaurant / Food listing in Downtown Austin.,"Resident dining offers, specials, and repeat-visit campaigns",Not listed,+1-512-478-2491,,http://oldpecanstcafe.com/,No public special listed in source data,No public deal listed in source data,No public event listing in source data,OpenStreetMap / Overpass,2026-02-26T22:37:02Z
Oma's Kitchen,Restaurant / Food,node,11872745746,30.283688,-97.74164,https://www.openstreetmap.org/node/11872745746#map=19/30.283688/-97.741640,https://www.openstreetmap.org/?mlat=30.283688&mlon=-97.741640#map=18/30.283688/-97.741640,78701,Restaurant / Food with cuisine focus: korean.,"Resident dining offers, specials, and repeat-visit campaigns",Not listed,,,,No public special listed in source data,No public deal listed in source data,No public event listing in source data,OpenStreetMap / Overpass,2026-02-26T22:37:02Z
OneTaco Taquería,Restaurant / Food,way,1243589076,30.269842,-97.748194,https://www.openstreetmap.org/way/1243589076#map=19/30.269842/-97.748194,https://www.openstreetmap.org/?mlat=30.269842&mlon=-97.748194#map=18/30.269842/-97.748194,"520, West 6th Street, Austin, TX, 78701",Restaurant / Food with cuisine focus: mexican.,"Resident dining offers, specials, and repeat-visit campaigns",Mo-Fr 08:00-22:00; Sa 11:00-01:30; Su 11:00-22:00,+1-512-539-7561,,http://www.eatonetaco.com/,No public special listed in source data,No public deal listed in source data,No public event listing in source data,OpenStreetMap / Overpass,2026-02-26T22:37:02Z
P. Terry's,Restaurant / Food,way,381834194,30.281895,-97.74355,https://www.openstreetmap.org/way/381834194#map=19/30.281895/-97.743550,https://www.openstreetmap.org/?mlat=30.281895&mlon=-97.743550#map=18/30.281895/-97.743550,"517, West Martin Luther King Jr Boulevard",Restaurant / Food with cuisine focus: burger.,"Resident dining offers, specials, and repeat-visit campaigns","Mo-Th 07:00-24:00, Fr 07:00-01:00, Sa 08:00-01:00, Su 08:00-24:00",+1 737-212-0420,,https://pterrys.com/locations/west-mlk,No public special listed in source data,No public deal listed in source data,No public event listing in source data,OpenStreetMap / Overpass,2026-02-26T22:37:02Z
P. Terry's,Restaurant / Food,way,383353426,30.261618,-97.758563,https://www.openstreetmap.org/way/383353426#map=19/30.261618/-97.758563,https://www.openstreetmap.org/?mlat=30.261618&mlon=-97.758563#map=18/30.261618/-97.758563,"404, South Lamar Boulevard, Austin, TX, 78704",Restaurant / Food with cuisine focus: burger.,"Resident dining offers, specials, and repeat-visit campaigns",Su-Th 07:00-01:00; Fr 07:00-03:00; Sa 08:00-03:00; Su 08:00-01:00,+1-512-473-2217,,https://pterrys.com/locations/barton-springs-404-s-lamar-blvd-austin-texas-78704/,No public special listed in source data,No public deal listed in source data,No public event listing in source data,OpenStreetMap / Overpass,2026-02-26T22:37:02Z
P. Terry's,Restaurant / Food,node,4511193389,30.267796,-97.742362,https://www.openstreetmap.org/node/4511193389#map=19/30.267796/-97.742362,https://www.openstreetmap.org/?mlat=30.267796&mlon=-97.742362#map=18/30.267796/-97.742362,"515, Congress Avenue, Austin, TX, 78701",Restaurant / Food with cuisine focus: burger.,"Resident dining offers, specials, and repeat-visit campaigns",Not listed,+1-512-473-8722,,,No public special listed in source data,No public deal listed in source data,No public event listing in source data,OpenStreetMap / Overpass,2026-02-26T22:37:02Z
P.F. Chang's,Restaurant / Food,way,55932517,30.263774,-97.741389,https://www.openstreetmap.org/way/55932517#map=19/30.263774/-97.741389,https://www.openstreetmap.org/?mlat=30.263774&mlon=-97.741389#map=18/30.263774/-97.741389,,Restaurant / Food with cuisine focus: asian.,"Resident dining offers, specials, and repeat-visit campaigns",Not listed,,,,No public special listed in source data,No public deal listed in source data,No public event listing in source data,OpenStreetMap / Overpass,2026-02-26T22:37:02Z
P6 – Rooftop Bar,Restaurant / Food,node,13289348601,30.262705,-97.743872,https://www.openstreetmap.org/node/13289348601#map=19/30.262705/-97.743872,https://www.openstreetmap.org/?mlat=30.262705&mlon=-97.743872#map=18/30.262705/-97.743872,"111, East Cesar Chavez, Austin, TX, 78701",Restaurant / Food listing in Downtown Austin.,"Resident dining offers, specials, and repeat-visit campaigns",Not listed,+1-512-478-9611,,https://www.thelinehotel.com/austin/restaurants-bars/p6/,No public special listed in source data,Rooftop Mediterranean restaurant inside the Line hotel overlooking Lady Bird Lake,No public event listing in source data,OpenStreetMap / Overpass,2026-02-26T22:37:02Z
Paperboy,Restaurant / Food,node,13356336236,30.253546,-97.762782,https://www.openstreetmap.org/node/13356336236#map=19/30.253546/-97.762782,https://www.openstreetmap.org/?mlat=30.253546&mlon=-97.762782#map=18/30.253546/-97.762782,,Restaurant / Food listing in Downtown Austin.,"Resident dining offers, specials, and repeat-visit campaigns",Not listed,,,,No public special listed in source data,No public deal listed in source data,No public event listing in source data,OpenStreetMap / Overpass,2026-02-26T22:37:02Z
parkside,Restaurant / Food,node,2332626583,30.267202,-97.740299,https://www.openstreetmap.org/node/2332626583#map=19/30.267202/-97.740299,https://www.openstreetmap.org/?mlat=30.267202&mlon=-97.740299#map=18/30.267202/-97.740299,,Restaurant / Food with cuisine focus: american.,"Resident dining offers, specials, and repeat-visit campaigns",Not listed,,,,No public special listed in source data,No public deal listed in source data,No public event listing in source data,OpenStreetMap / Overpass,2026-02-26T22:37:02Z
Parlor and Yard,Restaurant / Food,way,99868668,30.269514,-97.748734,https://www.openstreetmap.org/way/99868668#map=19/30.269514/-97.748734,https://www.openstreetmap.org/?mlat=30.269514&mlon=-97.748734#map=18/30.269514/-97.748734,"601, West 6th Street, 78701",Restaurant / Food listing in Downtown Austin.,"Resident dining offers, specials, and repeat-visit campaigns",Not listed,,,,No public special listed in source data,No public deal listed in source data,No public event listing in source data,OpenStreetMap / Overpass,2026-02-26T22:37:02Z
Pelons Tex Mex,Restaurant / Food,way,379166316,30.268792,-97.736558,https://www.openstreetmap.org/way/379166316#map=19/30.268792/-97.736558,https://www.openstreetmap.org/?mlat=30.268792&mlon=-97.736558#map=18/30.268792/-97.736558,"802, Red River Street, 78701",Restaurant / Food with cuisine focus: tex-mex.,"Resident dining offers, specials, and repeat-visit campaigns",Not listed,,,,No public special listed in source data,No public deal listed in source data,No public event listing in source data,OpenStreetMap / Overpass,2026-02-26T22:37:02Z
Perfect Strangers,Restaurant / Food,node,12516662246,30.267122,-97.746319,https://www.openstreetmap.org/node/12516662246#map=19/30.267122/-97.746319,https://www.openstreetmap.org/?mlat=30.267122&mlon=-97.746319#map=18/30.267122/-97.746319,"400, Lavaca Street, Austin, TX, 78701",Restaurant / Food with cuisine focus: breakfast;brunch.,"Resident dining offers, specials, and repeat-visit campaigns",Mo-Su 06:30-14:00,,,,No public special listed in source data,No public deal listed in source data,No public event listing in source data,OpenStreetMap / Overpass,2026-02-26T22:37:02Z
Perla's,Restaurant / Food,node,919336156,30.24997,-97.750038,https://www.openstreetmap.org/node/919336156#map=19/30.249970/-97.750038,https://www.openstreetmap.org/?mlat=30.249970&mlon=-97.750038#map=18/30.249970/-97.750038,,Restaurant / Food listing in Downtown Austin.,"Resident dining offers, specials, and repeat-visit campaigns",Not listed,,,,No public special listed in source data,No public deal listed in source data,No public event listing in source data,OpenStreetMap / Overpass,2026-02-26T22:37:02Z
Perry's Steakhouse,Restaurant / Food,node,1483931073,30.269466,-97.743516,https://www.openstreetmap.org/node/1483931073#map=19/30.269466/-97.743516,https://www.openstreetmap.org/?mlat=30.269466&mlon=-97.743516#map=18/30.269466/-97.743516,,Restaurant / Food listing in Downtown Austin.,"Resident dining offers, specials, and repeat-visit campaigns",Not listed,,,,No public special listed in source data,No public deal listed in source data,No public event listing in source data,OpenStreetMap / Overpass,2026-02-26T22:37:02Z
Phở Tháisơn,Restaurant / Food,way,1208522902,30.282497,-97.742351,https://www.openstreetmap.org/way/1208522902#map=19/30.282497/-97.742351,https://www.openstreetmap.org/?mlat=30.282497&mlon=-97.742351#map=18/30.282497/-97.742351,"1908, Guadalupe Street, Austin, TX, 78705",Restaurant / Food with cuisine focus: vietnamese.,"Resident dining offers, specials, and repeat-visit campaigns",We-Mo 11:00-21:00,,,,No public special listed in source data,No public deal listed in source data,No public event listing in source data,OpenStreetMap / Overpass,2026-02-26T22:37:02Z
Polvo's,Restaurant / Food,node,919334014,30.245295,-97.757457,https://www.openstreetmap.org/node/919334014#map=19/30.245295/-97.757457,https://www.openstreetmap.org/?mlat=30.245295&mlon=-97.757457#map=18/30.245295/-97.757457,,Restaurant / Food with cuisine focus: mexican.,"Resident dining offers, specials, and repeat-visit campaigns",Not listed,,,,No public special listed in source data,No public deal listed in source data,No public event listing in source data,OpenStreetMap / Overpass,2026-02-26T22:37:02Z
Polvo's,Restaurant / Food,node,4027267068,30.26714,-97.750045,https://www.openstreetmap.org/node/4027267068#map=19/30.267140/-97.750045,https://www.openstreetmap.org/?mlat=30.267140&mlon=-97.750045#map=18/30.267140/-97.750045,"360, Nueces Street, Austin, TX, 78701",Restaurant / Food listing in Downtown Austin.,"Resident dining offers, specials, and repeat-visit campaigns","Su-Th 16:00-22:00, Fr,Sa 16:00-24:00",,,,No public special listed in source data,No public deal listed in source data,No public event listing in source data,OpenStreetMap / Overpass,2026-02-26T22:37:02Z
Prohibition Creamery,Restaurant / Food,way,379194233,30.264283,-97.727607,https://www.openstreetmap.org/way/379194233#map=19/30.264283/-97.727607,https://www.openstreetmap.org/?mlat=30.264283&mlon=-97.727607#map=18/30.264283/-97.727607,"1407, East 7th Street",Restaurant / Food listing in Downtown Austin.,"Resident dining offers, specials, and repeat-visit campaigns",Not listed,,hello@prohibitioncreamery.com,https://prohibitioncreamery.com/,No public special listed in source data,No public deal listed in source data,No public event listing in source data,OpenStreetMap / Overpass,2026-02-26T22:37:02Z
Proper Sandos,Restaurant / Food,node,3849776342,30.266074,-97.749908,https://www.openstreetmap.org/node/3849776342#map=19/30.266074/-97.749908,https://www.openstreetmap.org/?mlat=30.266074&mlon=-97.749908#map=18/30.266074/-97.749908,"202 ½, Nueces Street, Austin, TX, 78701",Restaurant / Food with cuisine focus: sandwich;japanese.,"Resident dining offers, specials, and repeat-visit campaigns",We-Su 11:00-20:00,,propersandos@properhotel.com,https://www.properhotel.com/austin/restaurants-bars/sandos/,No public special listed in source data,No public deal listed in source data,No public event listing in source data,OpenStreetMap / Overpass,2026-02-26T22:37:02Z
Punch Bowl Social,Restaurant / Food,way,1020754976,30.267773,-97.743381,https://www.openstreetmap.org/way/1020754976#map=19/30.267773/-97.743381,https://www.openstreetmap.org/?mlat=30.267773&mlon=-97.743381#map=18/30.267773/-97.743381,"522, Congress Avenue, Austin, TX, 78701",Restaurant / Food with cuisine focus: american.,"Resident dining offers, specials, and repeat-visit campaigns",Not listed,,,,No public special listed in source data,No public deal listed in source data,No public event listing in source data,OpenStreetMap / Overpass,2026-02-26T22:37:02Z
Péché,Restaurant / Food,way,328631276,30.266964,-97.74517,https://www.openstreetmap.org/way/328631276#map=19/30.266964/-97.745170,https://www.openstreetmap.org/?mlat=30.266964&mlon=-97.745170#map=18/30.266964/-97.745170,"208, West 4th Street, Austin, TX, 78701",Restaurant / Food with cuisine focus: french.,"Resident dining offers, specials, and repeat-visit campaigns",Not listed,+15123798249,,http://www.pecheaustin.com/,No public special listed in source data,No public deal listed in source data,No public event listing in source data,OpenStreetMap / Overpass,2026-02-26T22:37:02Z
Quattro Gatti Ristorante,Restaurant / Food,node,1483931096,30.271294,-97.741855,https://www.openstreetmap.org/node/1483931096#map=19/30.271294/-97.741855,https://www.openstreetmap.org/?mlat=30.271294&mlon=-97.741855#map=18/30.271294/-97.741855,,Restaurant / Food with cuisine focus: italian.,"Resident dining offers, specials, and repeat-visit campaigns",Mo-Th 11:00-22:00; Fr 11:00-23:00; Sa 13:00-23:00,+1-512-476-3131,,http://www.quattrogattiaustin.com/,No public special listed in source data,No public deal listed in source data,No public event listing in source data,OpenStreetMap / Overpass,2026-02-26T22:37:02Z
Quickie Pickie,Restaurant / Food,way,288593814,30.268716,-97.727245,https://www.openstreetmap.org/way/288593814#map=19/30.268716/-97.727245,https://www.openstreetmap.org/?mlat=30.268716&mlon=-97.727245#map=18/30.268716/-97.727245,"1208, East 11th Street, Austin, 78702",Restaurant / Food listing in Downtown Austin.,"Resident dining offers, specials, and repeat-visit campaigns",Not listed,,,https://quickiepickieaustin.com/,No public special listed in source data,No public deal listed in source data,No public event listing in source data,OpenStreetMap / Overpass,2026-02-26T22:37:02Z
Quiznos,Restaurant / Food,way,328520428,30.271739,-97.74179,https://www.openstreetmap.org/way/328520428#map=19/30.271739/-97.741790,https://www.openstreetmap.org/?mlat=30.271739&mlon=-97.741790#map=18/30.271739/-97.741790,"922, Congress Avenue, Austin, TX",Restaurant / Food with cuisine focus: sandwich.,"Resident dining offers, specials, and repeat-visit campaigns",Mo-Fr 10:30-16:30,+1-512-494-9300,,https://www.quiznos.com/,No public special listed in source data,No public deal listed in source data,No public event listing in source data,OpenStreetMap / Overpass,2026-02-26T22:37:02Z
Raising Cane's,Restaurant / Food,way,381834157,30.281527,-97.742481,https://www.openstreetmap.org/way/381834157#map=19/30.281527/-97.742481,https://www.openstreetmap.org/?mlat=30.281527&mlon=-97.742481#map=18/30.281527/-97.742481,"415, West Martin Luther King Jr Boulevard",Restaurant / Food with cuisine focus: chicken.,"Resident dining offers, specials, and repeat-visit campaigns",Su-Tu 10:00-02:00; We-Sa 10:00-03:30,+1 512 474 2751,,https://raisingcanes.com/location/140,No public special listed in source data,No public deal listed in source data,No public event listing in source data,OpenStreetMap / Overpass,2026-02-26T22:37:02Z
Ramen Tatsu-Ya,Restaurant / Food,way,379195349,30.263152,-97.726291,https://www.openstreetmap.org/way/379195349#map=19/30.263152/-97.726291,https://www.openstreetmap.org/?mlat=30.263152&mlon=-97.726291#map=18/30.263152/-97.726291,"1600, East 6th Street, Austin, TX, 78702",Restaurant / Food with cuisine focus: japanese.,"Resident dining offers, specials, and repeat-visit campaigns",11:00-22:00,,,,No public special listed in source data,No public deal listed in source data,No public event listing in source data,OpenStreetMap / Overpass,2026-02-26T22:37:02Z
Ramen Tatsu-ya,Restaurant / Food,way,383355338,30.253958,-97.763272,https://www.openstreetmap.org/way/383355338#map=19/30.253958/-97.763272,https://www.openstreetmap.org/?mlat=30.253958&mlon=-97.763272#map=18/30.253958/-97.763272,"1234, South Lamar Boulevard, Austin, TX, 78704",Restaurant / Food with cuisine focus: noodle;ramen.,"Resident dining offers, specials, and repeat-visit campaigns",11:00-22:00,+1-737-314-5628,,https://www.ramen-tatsuya.com/locations,No public special listed in source data,No public deal listed in source data,No public event listing in source data,OpenStreetMap / Overpass,2026-02-26T22:37:02Z
Ranch 616,Restaurant / Food,way,99868611,30.270375,-97.748496,https://www.openstreetmap.org/way/99868611#map=19/30.270375/-97.748496,https://www.openstreetmap.org/?mlat=30.270375&mlon=-97.748496#map=18/30.270375/-97.748496,"610, Nueces Street, 78701",Restaurant / Food listing in Downtown Austin.,"Resident dining offers, specials, and repeat-visit campaigns",Not listed,,,,No public special listed in source data,No public deal listed in source data,No public event listing in source data,OpenStreetMap / Overpass,2026-02-26T22:37:02Z
Red Ash,Restaurant / Food,way,1020753278,30.265686,-97.744679,https://www.openstreetmap.org/way/1020753278#map=19/30.265686/-97.744679,https://www.openstreetmap.org/?mlat=30.265686&mlon=-97.744679#map=18/30.265686/-97.744679,"303, Colorado Street, Austin, TX, 78701",Restaurant / Food with cuisine focus: italian.,"Resident dining offers, specials, and repeat-visit campaigns",Not listed,+15123792906,,https://www.redashgrill.com/,No public special listed in source data,No public deal listed in source data,No public event listing in source data,OpenStreetMap / Overpass,2026-02-26T22:37:02Z
Red Farm,Restaurant / Food,node,3849776337,30.265537,-97.745401,https://www.openstreetmap.org/node/3849776337#map=19/30.265537/-97.745401,https://www.openstreetmap.org/?mlat=30.265537&mlon=-97.745401#map=18/30.265537/-97.745401,"201, West 3rd Street, Austin, TX, 78701",Restaurant / Food with cuisine focus: chinese.,"Resident dining offers, specials, and repeat-visit campaigns",Not listed,+1-512-859-9700,,https://www.redfarmnyc.com/location/Austin/,No public special listed in source data,No public deal listed in source data,No public event listing in source data,OpenStreetMap / Overpass,2026-02-26T22:37:02Z
Restaurant François,Restaurant / Food,node,3248363281,30.266136,-97.747619,https://www.openstreetmap.org/node/3248363281#map=19/30.266136/-97.747619,https://www.openstreetmap.org/?mlat=30.266136&mlon=-97.747619#map=18/30.266136/-97.747619,"401, West 3rd Street, Austin, TX, 78701",Restaurant / Food with cuisine focus: french.,"Resident dining offers, specials, and repeat-visit campaigns",Not listed,,,https://www.restaurantfrancois.com/,No public special listed in source data,No public deal listed in source data,No public event listing in source data,OpenStreetMap / Overpass,2026-02-26T22:37:02Z
Rio Grande Mexican,Restaurant / Food,node,3354471239,30.264715,-97.741073,https://www.openstreetmap.org/node/3354471239#map=19/30.264715/-97.741073,https://www.openstreetmap.org/?mlat=30.264715&mlon=-97.741073#map=18/30.264715/-97.741073,,Restaurant / Food listing in Downtown Austin.,"Resident dining offers, specials, and repeat-visit campaigns",Not listed,,,,No public special listed in source data,No public deal listed in source data,No public event listing in source data,OpenStreetMap / Overpass,2026-02-26T22:37:02Z
Roaring Fork,Restaurant / Food,node,1483931115,30.269063,-97.742199,https://www.openstreetmap.org/node/1483931115#map=19/30.269063/-97.742199,https://www.openstreetmap.org/?mlat=30.269063&mlon=-97.742199#map=18/30.269063/-97.742199,"701, Crongress Avenue, 78701",Restaurant / Food with cuisine focus: steak_house.,"Resident dining offers, specials, and repeat-visit campaigns",Mo-Fr 11:00-22:00; Sa 16:00-22:00; Su 16:00-21:00,,,,No public special listed in source data,No public deal listed in source data,No public event listing in source data,OpenStreetMap / Overpass,2026-02-26T22:37:02Z
Roppolo's Pizza,Restaurant / Food,way,328529689,30.26748,-97.739671,https://www.openstreetmap.org/way/328529689#map=19/30.267480/-97.739671,https://www.openstreetmap.org/?mlat=30.267480&mlon=-97.739671#map=18/30.267480/-97.739671,"316, East 6th Street, 78701",Restaurant / Food with cuisine focus: pizza.,"Resident dining offers, specials, and repeat-visit campaigns",11:00-23:00,+1-512-476-1490,,http://www.roppolospizzaaustin.com/,No public special listed in source data,No public deal listed in source data,No public event listing in source data,OpenStreetMap / Overpass,2026-02-26T22:37:02Z
Roppolo's Pizza,Restaurant / Food,node,1481633310,30.267039,-97.738684,https://www.openstreetmap.org/node/1481633310#map=19/30.267039/-97.738684,https://www.openstreetmap.org/?mlat=30.267039&mlon=-97.738684#map=18/30.267039/-97.738684,,Restaurant / Food listing in Downtown Austin.,"Resident dining offers, specials, and repeat-visit campaigns",Not listed,,,,No public special listed in source data,No public deal listed in source data,No public event listing in source data,OpenStreetMap / Overpass,2026-02-26T22:37:02Z
Rosewood,Restaurant / Food,way,382368318,30.268348,-97.726301,https://www.openstreetmap.org/way/382368318#map=19/30.268348/-97.726301,https://www.openstreetmap.org/?mlat=30.268348&mlon=-97.726301#map=18/30.268348/-97.726301,"1209, Rosewood Avenue",Restaurant / Food with cuisine focus: american;seafood.,"Resident dining offers, specials, and repeat-visit campaigns",We-Th 17:00-21:00; Fr-Sa 17:00-22:00,+1-512-838-6205,,https://rosewoodatx.com,No public special listed in source data,No public deal listed in source data,No public event listing in source data,OpenStreetMap / Overpass,2026-02-26T22:37:02Z
Ruth's Chris Steak House,Restaurant / Food,node,4948072426,30.267998,-97.743409,https://www.openstreetmap.org/node/4948072426#map=19/30.267998/-97.743409,https://www.openstreetmap.org/?mlat=30.267998&mlon=-97.743409#map=18/30.267998/-97.743409,,Restaurant / Food with cuisine focus: american;steak_house.,"Resident dining offers, specials, and repeat-visit campaigns",Not listed,,,,No public special listed in source data,No public deal listed in source data,No public event listing in source data,OpenStreetMap / Overpass,2026-02-26T22:37:02Z
Salvation Pizza,Restaurant / Food,node,8991620971,30.256869,-97.739377,https://www.openstreetmap.org/node/8991620971#map=19/30.256869/-97.739377,https://www.openstreetmap.org/?mlat=30.256869&mlon=-97.739377#map=18/30.256869/-97.739377,"51, Rainey Street, Austin, TX, 78701",Restaurant / Food with cuisine focus: pizza.,"Resident dining offers, specials, and repeat-visit campaigns",Not listed,,,,No public special listed in source data,No public deal listed in source data,No public event listing in source data,OpenStreetMap / Overpass,2026-02-26T22:37:02Z
Sammataro Pizza,Restaurant / Food,node,9403202717,30.27273,-97.728314,https://www.openstreetmap.org/node/9403202717#map=19/30.272730/-97.728314,https://www.openstreetmap.org/?mlat=30.272730&mlon=-97.728314#map=18/30.272730/-97.728314,"1108, East 12th Street, Austin, TX, 78702",Restaurant / Food with cuisine focus: pizza.,"Resident dining offers, specials, and repeat-visit campaigns",Not listed,+1 512-690-1547,,https://www.sammataro.pizza,No public special listed in source data,No public deal listed in source data,No public event listing in source data,OpenStreetMap / Overpass,2026-02-26T22:37:02Z
Sammie's,Restaurant / Food,way,134821456,30.270241,-97.751161,https://www.openstreetmap.org/way/134821456#map=19/30.270241/-97.751161,https://www.openstreetmap.org/?mlat=30.270241&mlon=-97.751161#map=18/30.270241/-97.751161,"807, West 6th Street, Austin, TX, 78703",Restaurant / Food with cuisine focus: italian.,"Resident dining offers, specials, and repeat-visit campaigns","Mo-We 17:00-23:00, Th,Sa 17:00-24:00, Fr 17:00-24:00, Su 17:00-22:00",+1-512-474-2054,,https://sammiesitalian.com/,No public special listed in source data,No public deal listed in source data,No public event listing in source data,OpenStreetMap / Overpass,2026-02-26T22:37:02Z
Sandy's,Restaurant / Food,way,299395705,30.25841,-97.751007,https://www.openstreetmap.org/way/299395705#map=19/30.258410/-97.751007,https://www.openstreetmap.org/?mlat=30.258410&mlon=-97.751007#map=18/30.258410/-97.751007,"603, Barton Springs Road, Austin, 78704",Restaurant / Food with cuisine focus: burger.,"Resident dining offers, specials, and repeat-visit campaigns",Mo-Su 10:00-22:30,,,,No public special listed in source data,No public deal listed in source data,No public event listing in source data,OpenStreetMap / Overpass,2026-02-26T22:37:02Z
Shake Shack,Restaurant / Food,node,6039859211,30.256009,-97.761758,https://www.openstreetmap.org/node/6039859211#map=19/30.256009/-97.761758,https://www.openstreetmap.org/?mlat=30.256009&mlon=-97.761758#map=18/30.256009/-97.761758,"1100, South Lamar Boulevard, Austin, TX, 78704",Restaurant / Food with cuisine focus: burger.,"Resident dining offers, specials, and repeat-visit campaigns",Not listed,,,,No public special listed in source data,No public deal listed in source data,No public event listing in source data,OpenStreetMap / Overpass,2026-02-26T22:37:02Z
Shawarma Point,Restaurant / Food,node,6187462988,30.267174,-97.737199,https://www.openstreetmap.org/node/6187462988#map=19/30.267174/-97.737199,https://www.openstreetmap.org/?mlat=30.267174&mlon=-97.737199#map=18/30.267174/-97.737199,,Restaurant / Food listing in Downtown Austin.,"Resident dining offers, specials, and repeat-visit campaigns",Tu-Sa 08:00-03:00,,,https://linktr.ee/Shawarma_Point,No public special listed in source data,No public deal listed in source data,No public event listing in source data,OpenStreetMap / Overpass,2026-02-26T22:37:02Z
Shawarma Point,Restaurant / Food,node,10561997196,30.258475,-97.738585,https://www.openstreetmap.org/node/10561997196#map=19/30.258475/-97.738585,https://www.openstreetmap.org/?mlat=30.258475&mlon=-97.738585#map=18/30.258475/-97.738585,,Restaurant / Food listing in Downtown Austin.,"Resident dining offers, specials, and repeat-visit campaigns","Th 06:00-12:00, Fr-Su 12:00-03:00",,,https://linktr.ee/Shawarma_Point,No public special listed in source data,No public deal listed in source data,No public event listing in source data,OpenStreetMap / Overpass,2026-02-26T22:37:02Z
Shoal Creek Saloon,Restaurant / Food,way,135088165,30.274271,-97.752312,https://www.openstreetmap.org/way/135088165#map=19/30.274271/-97.752312,https://www.openstreetmap.org/?mlat=30.274271&mlon=-97.752312#map=18/30.274271/-97.752312,Austin,Restaurant / Food with cuisine focus: cajun.,"Resident dining offers, specials, and repeat-visit campaigns",Not listed,,,,No public special listed in source data,No public deal listed in source data,No public event listing in source data,OpenStreetMap / Overpass,2026-02-26T22:37:02Z
Sixth and Waller,Restaurant / Food,node,7111022446,30.264637,-97.730649,https://www.openstreetmap.org/node/7111022446#map=19/30.264637/-97.730649,https://www.openstreetmap.org/?mlat=30.264637&mlon=-97.730649#map=18/30.264637/-97.730649,,Restaurant / Food listing in Downtown Austin.,"Resident dining offers, specials, and repeat-visit campaigns",Not listed,,,,No public special listed in source data,No public deal listed in source data,No public event listing in source data,OpenStreetMap / Overpass,2026-02-26T22:37:02Z
Snooze,Restaurant / Food,node,7111054191,30.263395,-97.731146,https://www.openstreetmap.org/node/7111054191#map=19/30.263395/-97.731146,https://www.openstreetmap.org/?mlat=30.263395&mlon=-97.731146#map=18/30.263395/-97.731146,"1109, East 5th Street, Austin, TX, 78702",Restaurant / Food with cuisine focus: breakfast.,"Resident dining offers, specials, and repeat-visit campaigns",Not listed,,,https://www.snoozeeatery.com/,No public special listed in source data,No public deal listed in source data,No public event listing in source data,OpenStreetMap / Overpass,2026-02-26T22:37:02Z
Soto,Restaurant / Food,node,10563618402,30.255601,-97.762011,https://www.openstreetmap.org/node/10563618402#map=19/30.255601/-97.762011,https://www.openstreetmap.org/?mlat=30.255601&mlon=-97.762011#map=18/30.255601/-97.762011,"1100, South Lamar Boulevard, Austin, TX, 78704",Restaurant / Food with cuisine focus: japanese.,"Resident dining offers, specials, and repeat-visit campaigns",Mo-Th 11:00-22:00; Fr-Sa 11:00-23:00; Su 11:00-22:00,+1 512 531 9142,manager@sotorestaurant.com,https://sotosouthlamar.com/,No public special listed in source data,No public deal listed in source data,No public event listing in source data,OpenStreetMap / Overpass,2026-02-26T22:37:02Z
Soup Peddler,Restaurant / Food,node,919334013,30.246194,-97.756071,https://www.openstreetmap.org/node/919334013#map=19/30.246194/-97.756071,https://www.openstreetmap.org/?mlat=30.246194&mlon=-97.756071#map=18/30.246194/-97.756071,"501, West Mary Street, 78704",Restaurant / Food listing in Downtown Austin.,"Resident dining offers, specials, and repeat-visit campaigns",Mo-Fr 08:00-21:00; Sa-Su 09:00-20:00,,,https://www.souppeddler.com/,No public special listed in source data,No public deal listed in source data,No public event listing in source data,OpenStreetMap / Overpass,2026-02-26T22:37:02Z
South First Food Court,Restaurant / Food,way,141119791,30.244352,-97.758146,https://www.openstreetmap.org/way/141119791#map=19/30.244352/-97.758146,https://www.openstreetmap.org/?mlat=30.244352&mlon=-97.758146#map=18/30.244352/-97.758146,,Restaurant / Food listing in Downtown Austin.,"Resident dining offers, specials, and repeat-visit campaigns",Not listed,,,,No public special listed in source data,No public deal listed in source data,No public event listing in source data,OpenStreetMap / Overpass,2026-02-26T22:37:02Z
South Shore Eatery,Restaurant / Food,way,906706481,30.2453,-97.728993,https://www.openstreetmap.org/way/906706481#map=19/30.245300/-97.728993,https://www.openstreetmap.org/?mlat=30.245300&mlon=-97.728993#map=18/30.245300/-97.728993,,Restaurant / Food listing in Downtown Austin.,"Resident dining offers, specials, and repeat-visit campaigns",Not listed,,,,No public special listed in source data,No public deal listed in source data,No public event listing in source data,OpenStreetMap / Overpass,2026-02-26T22:37:02Z
Southside Flying Pizza,Restaurant / Food,node,2724014428,30.25409,-97.763131,https://www.openstreetmap.org/node/2724014428#map=19/30.254090/-97.763131,https://www.openstreetmap.org/?mlat=30.254090&mlon=-97.763131#map=18/30.254090/-97.763131,"1224, South Lamar Boulevard, Austin, TX, 78704",Restaurant / Food with cuisine focus: pizza.,"Resident dining offers, specials, and repeat-visit campaigns","Mo-Su 11:00-22:00; Fr,Sa 11:00-23:00",+1-512-433-6695,,https://www.southsideflyingpizza.com/south-lamar,No public special listed in source data,No public deal listed in source data,No public event listing in source data,OpenStreetMap / Overpass,2026-02-26T22:37:02Z
Spartan Pizza,Restaurant / Food,node,7111057943,30.264858,-97.73221,https://www.openstreetmap.org/node/7111057943#map=19/30.264858/-97.732210,https://www.openstreetmap.org/?mlat=30.264858&mlon=-97.732210#map=18/30.264858/-97.732210,"1007, East 6th Street, Austin, TX, 78702",Restaurant / Food with cuisine focus: pizza.,"Resident dining offers, specials, and repeat-visit campaigns",Not listed,+1-512-484-0798,,http://spartanpizzaaustin.com/,No public special listed in source data,No public deal listed in source data,No public event listing in source data,OpenStreetMap / Overpass,2026-02-26T22:37:02Z
Spicy Boys,Restaurant / Food,node,9294836463,30.258485,-97.738667,https://www.openstreetmap.org/node/9294836463#map=19/30.258485/-97.738667,https://www.openstreetmap.org/?mlat=30.258485&mlon=-97.738667#map=18/30.258485/-97.738667,,Restaurant / Food with cuisine focus: chicken.,"Resident dining offers, specials, and repeat-visit campaigns","Mo-Th 17:00-23:30, Fr 17:00-01:30, Sa 14:00-01:30, Su 16:00-22:30",,,,No public special listed in source data,No public deal listed in source data,No public event listing in source data,OpenStreetMap / Overpass,2026-02-26T22:37:02Z
Stubb's,Restaurant / Food,node,2743506685,30.273307,-97.759313,https://www.openstreetmap.org/node/2743506685#map=19/30.273307/-97.759313,https://www.openstreetmap.org/?mlat=30.273307&mlon=-97.759313#map=18/30.273307/-97.759313,,Restaurant / Food listing in Downtown Austin.,"Resident dining offers, specials, and repeat-visit campaigns",Not listed,,,,No public special listed in source data,No public deal listed in source data,No public event listing in source data,OpenStreetMap / Overpass,2026-02-26T22:37:02Z
Stubb's BBQ,Restaurant / Food,way,328649890,30.268489,-97.736219,https://www.openstreetmap.org/way/328649890#map=19/30.268489/-97.736219,https://www.openstreetmap.org/?mlat=30.268489&mlon=-97.736219#map=18/30.268489/-97.736219,"801, Red River Street",Restaurant / Food with cuisine focus: barbecue.,"Resident dining offers, specials, and repeat-visit campaigns",Not listed,,,,No public special listed in source data,No public deal listed in source data,No public event listing in source data,OpenStreetMap / Overpass,2026-02-26T22:37:02Z
Stubs BBQ,Restaurant / Food,way,379166013,30.268681,-97.736194,https://www.openstreetmap.org/way/379166013#map=19/30.268681/-97.736194,https://www.openstreetmap.org/?mlat=30.268681&mlon=-97.736194#map=18/30.268681/-97.736194,"801, Red River Street, 78701",Restaurant / Food with cuisine focus: barbecue.,"Resident dining offers, specials, and repeat-visit campaigns",Not listed,,,,No public special listed in source data,No public deal listed in source data,No public event listing in source data,OpenStreetMap / Overpass,2026-02-26T22:37:02Z
Subway,Restaurant / Food,node,1483931095,30.270302,-97.741749,https://www.openstreetmap.org/node/1483931095#map=19/30.270302/-97.741749,https://www.openstreetmap.org/?mlat=30.270302&mlon=-97.741749#map=18/30.270302/-97.741749,,Restaurant / Food with cuisine focus: sandwich.,"Resident dining offers, specials, and repeat-visit campaigns",Not listed,,,,No public special listed in source data,No public deal listed in source data,No public event listing in source data,OpenStreetMap / Overpass,2026-02-26T22:37:02Z
Super Burrito,Restaurant / Food,way,1024092006,30.269498,-97.752706,https://www.openstreetmap.org/way/1024092006#map=19/30.269498/-97.752706,https://www.openstreetmap.org/?mlat=30.269498&mlon=-97.752706#map=18/30.269498/-97.752706,"817, West 5th Street, Austin, TX, 78703",Restaurant / Food with cuisine focus: mexican.,"Resident dining offers, specials, and repeat-visit campaigns",Not listed,+1-512-443-8226,,https://ilovesuperburrito.com/superburritoon5th,No public special listed in source data,No public deal listed in source data,No public event listing in source data,OpenStreetMap / Overpass,2026-02-26T22:37:02Z
Sushi Junai Omakase,Restaurant / Food,node,9517424344,30.265641,-97.743492,https://www.openstreetmap.org/node/9517424344#map=19/30.265641/-97.743492,https://www.openstreetmap.org/?mlat=30.265641&mlon=-97.743492#map=18/30.265641/-97.743492,"315, Congress Avenue, Austin, TX, 78701",Restaurant / Food with cuisine focus: sushi.,"Resident dining offers, specials, and repeat-visit campaigns","Mo-Sa 11:30-14:30,17:00-22:00",+1 5124013822,,http://sushijunaiomakase.com/,No public special listed in source data,No public deal listed in source data,No public event listing in source data,OpenStreetMap / Overpass,2026-02-26T22:37:02Z
Sweetgreen,Restaurant / Food,node,10073245911,30.264927,-97.745643,https://www.openstreetmap.org/node/10073245911#map=19/30.264927/-97.745643,https://www.openstreetmap.org/?mlat=30.264927&mlon=-97.745643#map=18/30.264927/-97.745643,,Restaurant / Food with cuisine focus: salad.,"Resident dining offers, specials, and repeat-visit campaigns","Mo-Fr 10:30-21:00; Sa,Su 10:30-20:00",,,,No public special listed in source data,No public deal listed in source data,No public event listing in source data,OpenStreetMap / Overpass,2026-02-26T22:37:02Z
Swift's Attic,Restaurant / Food,node,6039911718,30.265659,-97.743487,https://www.openstreetmap.org/node/6039911718#map=19/30.265659/-97.743487,https://www.openstreetmap.org/?mlat=30.265659&mlon=-97.743487#map=18/30.265659/-97.743487,"315, Congress Avenue, Austin, TX, 78701",Restaurant / Food with cuisine focus: fine_dining.,"Resident dining offers, specials, and repeat-visit campaigns",Not listed,,,https://swiftsattic.com/,No public special listed in source data,No public deal listed in source data,No public event listing in source data,OpenStreetMap / Overpass,2026-02-26T22:37:02Z
Swim Club,Restaurant / Food,node,12007523253,30.270204,-97.734722,https://www.openstreetmap.org/node/12007523253#map=19/30.270204/-97.734722,https://www.openstreetmap.org/?mlat=30.270204&mlon=-97.734722#map=18/30.270204/-97.734722,"650, East 10th Street, Austin, TX, 78701",Restaurant / Food with cuisine focus: american.,"Resident dining offers, specials, and repeat-visit campaigns",Not listed,,divein@swimclubaustin.com,https://www.swimclubaustin.com/,No public special listed in source data,No public deal listed in source data,No public event listing in source data,OpenStreetMap / Overpass,2026-02-26T22:37:02Z
Taco Flats,Restaurant / Food,way,382601914,30.280072,-97.75949,https://www.openstreetmap.org/way/382601914#map=19/30.280072/-97.759490,https://www.openstreetmap.org/?mlat=30.280072&mlon=-97.759490#map=18/30.280072/-97.759490,"1110, West Lynn Street",Restaurant / Food listing in Downtown Austin.,"Resident dining offers, specials, and repeat-visit campaigns",Not listed,,,,No public special listed in source data,No public deal listed in source data,No public event listing in source data,OpenStreetMap / Overpass,2026-02-26T22:37:02Z
Taco Joint,Restaurant / Food,way,382550113,30.256359,-97.745527,https://www.openstreetmap.org/way/382550113#map=19/30.256359/-97.745527,https://www.openstreetmap.org/?mlat=30.256359&mlon=-97.745527#map=18/30.256359/-97.745527,"134, East Riverside Drive, Austin, TX, 78704",Restaurant / Food with cuisine focus: mexican.,"Resident dining offers, specials, and repeat-visit campaigns",Not listed,,,,No public special listed in source data,No public deal listed in source data,No public event listing in source data,OpenStreetMap / Overpass,2026-02-26T22:37:02Z
Tacodeli,Restaurant / Food,node,10869767154,30.265331,-97.743545,https://www.openstreetmap.org/node/10869767154#map=19/30.265331/-97.743545,https://www.openstreetmap.org/?mlat=30.265331&mlon=-97.743545#map=18/30.265331/-97.743545,"301, Congress Avenue, Austin, TX, 78701",Restaurant / Food with cuisine focus: tacqueria.,"Resident dining offers, specials, and repeat-visit campaigns",Mo-Su 06:30-21:00,+1-512-601-6631,,https://locations.tacodeli.com/tacodeli-5346fd3548f4,No public special listed in source data,No public deal listed in source data,No public event listing in source data,OpenStreetMap / Overpass,2026-02-26T22:37:02Z
Takoba,Restaurant / Food,way,379194254,30.264103,-97.727407,https://www.openstreetmap.org/way/379194254#map=19/30.264103/-97.727407,https://www.openstreetmap.org/?mlat=30.264103&mlon=-97.727407#map=18/30.264103/-97.727407,"1411, East 7th Street",Restaurant / Food with cuisine focus: mexican.,"Resident dining offers, specials, and repeat-visit campaigns",Not listed,,,http://www.takobarestaurant.com/,No public special listed in source data,No public deal listed in source data,No public event listing in source data,OpenStreetMap / Overpass,2026-02-26T22:37:02Z
Taqueria Kim Karina,Restaurant / Food,node,7111041848,30.263157,-97.726667,https://www.openstreetmap.org/node/7111041848#map=19/30.263157/-97.726667,https://www.openstreetmap.org/?mlat=30.263157&mlon=-97.726667#map=18/30.263157/-97.726667,,Restaurant / Food listing in Downtown Austin.,"Resident dining offers, specials, and repeat-visit campaigns",Not listed,,,,No public special listed in source data,No public deal listed in source data,No public event listing in source data,OpenStreetMap / Overpass,2026-02-26T22:37:02Z
Taquero Mucho,Restaurant / Food,way,379165916,30.270097,-97.751134,https://www.openstreetmap.org/way/379165916#map=19/30.270097/-97.751134,https://www.openstreetmap.org/?mlat=30.270097&mlon=-97.751134#map=18/30.270097/-97.751134,"508, West Avenue, Austin, TX, 78703",Restaurant / Food with cuisine focus: mexican.,"Resident dining offers, specials, and repeat-visit campaigns",Not listed,,,,No public special listed in source data,No public deal listed in source data,No public event listing in source data,OpenStreetMap / Overpass,2026-02-26T22:37:02Z
Taverna,Restaurant / Food,node,3245054363,30.265126,-97.746326,https://www.openstreetmap.org/node/3245054363#map=19/30.265126/-97.746326,https://www.openstreetmap.org/?mlat=30.265126&mlon=-97.746326#map=18/30.265126/-97.746326,"258, West 2nd Street",Restaurant / Food with cuisine focus: italian.,"Resident dining offers, specials, and repeat-visit campaigns",Not listed,,,,No public special listed in source data,No public deal listed in source data,No public event listing in source data,OpenStreetMap / Overpass,2026-02-26T22:37:02Z
Tenten,Restaurant / Food,node,12513317002,30.269265,-97.747555,https://www.openstreetmap.org/node/12513317002#map=19/30.269265/-97.747555,https://www.openstreetmap.org/?mlat=30.269265&mlon=-97.747555#map=18/30.269265/-97.747555,"501, West 6th Street, Austin, TX, 78701",Restaurant / Food with cuisine focus: japanese.,"Resident dining offers, specials, and repeat-visit campaigns",Su-We 16:30-21:00; Th 16:30-21:30; Fr-Sa 16:30-23:00,+1-737-243-9147,concierge@tentenaustin.com,https://www.tentenaustin.com/,No public special listed in source data,No public deal listed in source data,No public event listing in source data,OpenStreetMap / Overpass,2026-02-26T22:37:02Z
Terry Black's BBQ,Restaurant / Food,node,5311539330,30.259665,-97.754808,https://www.openstreetmap.org/node/5311539330#map=19/30.259665/-97.754808,https://www.openstreetmap.org/?mlat=30.259665&mlon=-97.754808#map=18/30.259665/-97.754808,"1003, Barton Springs Road, Austin, TX, 78704",Restaurant / Food with cuisine focus: barbecue.,"Resident dining offers, specials, and repeat-visit campaigns","Su-Th 10:30-21:30; Fr,Sa 10:30-22:00",+1-512-394-5899,,,No public special listed in source data,No public deal listed in source data,No public event listing in source data,OpenStreetMap / Overpass,2026-02-26T22:37:02Z
Texas Chili Parlor,Restaurant / Food,way,324138332,30.276954,-97.741966,https://www.openstreetmap.org/way/324138332#map=19/30.276954/-97.741966,https://www.openstreetmap.org/?mlat=30.276954&mlon=-97.741966#map=18/30.276954/-97.741966,"1409, Lavaca Street, 78701",Restaurant / Food listing in Downtown Austin.,"Resident dining offers, specials, and repeat-visit campaigns",Mo-Su 11:00-22:00,,,,No public special listed in source data,No public deal listed in source data,No public event listing in source data,OpenStreetMap / Overpass,2026-02-26T22:37:02Z
Thai Fresh,Restaurant / Food,node,919333661,30.247943,-97.761714,https://www.openstreetmap.org/node/919333661#map=19/30.247943/-97.761714,https://www.openstreetmap.org/?mlat=30.247943&mlon=-97.761714#map=18/30.247943/-97.761714,"909, West Mary Street, 78704",Restaurant / Food with cuisine focus: thai.,"Resident dining offers, specials, and repeat-visit campaigns",Mo-Su 09:00-21:00,,,https://thai-fresh.com/,No public special listed in source data,No public deal listed in source data,No public event listing in source data,OpenStreetMap / Overpass,2026-02-26T22:37:02Z
The Baked Bear,Restaurant / Food,node,8220261376,30.26722,-97.752702,https://www.openstreetmap.org/node/8220261376#map=19/30.267220/-97.752702,https://www.openstreetmap.org/?mlat=30.267220&mlon=-97.752702#map=18/30.267220/-97.752702,"211, Walter Seaholm Drive, Austin, TX, 78701",Restaurant / Food with cuisine focus: ice_cream.,"Resident dining offers, specials, and repeat-visit campaigns",Not listed,,,,No public special listed in source data,No public deal listed in source data,No public event listing in source data,OpenStreetMap / Overpass,2026-02-26T22:37:02Z
The Burger Truck,Restaurant / Food,node,10869755717,30.263518,-97.762797,https://www.openstreetmap.org/node/10869755717#map=19/30.263518/-97.762797,https://www.openstreetmap.org/?mlat=30.263518&mlon=-97.762797#map=18/30.263518/-97.762797,,Restaurant / Food with cuisine focus: burger.,"Resident dining offers, specials, and repeat-visit campaigns",Not listed,,,,No public special listed in source data,No public deal listed in source data,No public event listing in source data,OpenStreetMap / Overpass,2026-02-26T22:37:02Z
The Grove,Restaurant / Food,node,3670757852,30.270593,-97.750961,https://www.openstreetmap.org/node/3670757852#map=19/30.270593/-97.750961,https://www.openstreetmap.org/?mlat=30.270593&mlon=-97.750961#map=18/30.270593/-97.750961,,Restaurant / Food listing in Downtown Austin.,"Resident dining offers, specials, and repeat-visit campaigns",Not listed,,,,No public special listed in source data,No public deal listed in source data,No public event listing in source data,OpenStreetMap / Overpass,2026-02-26T22:37:02Z
The Guesthouse,Restaurant / Food,node,6039859212,30.265524,-97.749037,https://www.openstreetmap.org/node/6039859212#map=19/30.265524/-97.749037,https://www.openstreetmap.org/?mlat=30.265524&mlon=-97.749037#map=18/30.265524/-97.749037,"110, San Antonio Street, Austin, TX, 78701",Restaurant / Food listing in Downtown Austin.,"Resident dining offers, specials, and repeat-visit campaigns",Mo-Su 17:00-23:00,+1-512-720-0000,,https://www.welcometgh.com/,No public special listed in source data,No public deal listed in source data,No public event listing in source data,OpenStreetMap / Overpass,2026-02-26T22:37:02Z
The Kebab Shop,Restaurant / Food,node,9604372020,30.26385,-97.732405,https://www.openstreetmap.org/node/9604372020#map=19/30.263850/-97.732405,https://www.openstreetmap.org/?mlat=30.263850&mlon=-97.732405#map=18/30.263850/-97.732405,"1011, East 5th Street, Austin, TX, 78702",Restaurant / Food with cuisine focus: kebab.,"Resident dining offers, specials, and repeat-visit campaigns",Not listed,,,https://thekebabshop.com/locations/tx/austin/east-austin/,No public special listed in source data,No public deal listed in source data,No public event listing in source data,OpenStreetMap / Overpass,2026-02-26T22:37:02Z
The Original New Orleans Po-boy And Gumbo Shop,Restaurant / Food,node,10869755720,30.263603,-97.762917,https://www.openstreetmap.org/node/10869755720#map=19/30.263603/-97.762917,https://www.openstreetmap.org/?mlat=30.263603&mlon=-97.762917#map=18/30.263603/-97.762917,,Restaurant / Food listing in Downtown Austin.,"Resident dining offers, specials, and repeat-visit campaigns",Not listed,,,,No public special listed in source data,No public deal listed in source data,No public event listing in source data,OpenStreetMap / Overpass,2026-02-26T22:37:02Z
The Peacock,Restaurant / Food,node,8581202370,30.266151,-97.750323,https://www.openstreetmap.org/node/8581202370#map=19/30.266151/-97.750323,https://www.openstreetmap.org/?mlat=30.266151&mlon=-97.750323#map=18/30.266151/-97.750323,"600, West 2nd Street, Austin, TX, 78701",Restaurant / Food with cuisine focus: mediterranean.,"Resident dining offers, specials, and repeat-visit campaigns",Su-Th 07:00-24:00; Fr-Sa 07:00-01:00,+15126281410,thepeacock.reservations@properhotel.com,https://www.properhotel.com/austin/restaurants-bars/the-peacock/,No public special listed in source data,No public deal listed in source data,No public event listing in source data,OpenStreetMap / Overpass,2026-02-26T22:37:02Z
The Picnic - Food Truck Park,Restaurant / Food,way,881147072,30.263526,-97.762887,https://www.openstreetmap.org/way/881147072#map=19/30.263526/-97.762887,https://www.openstreetmap.org/?mlat=30.263526&mlon=-97.762887#map=18/30.263526/-97.762887,"1720, Barton Springs Road, Austin, TX, 78704",Restaurant / Food listing in Downtown Austin.,"Resident dining offers, specials, and repeat-visit campaigns",Not listed,,,https://www.thepicnicaustin.com/,No public special listed in source data,No public deal listed in source data,No public event listing in source data,OpenStreetMap / Overpass,2026-02-26T22:37:02Z
The Salty,Restaurant / Food,way,383378766,30.244163,-97.752123,https://www.openstreetmap.org/way/383378766#map=19/30.244163/-97.752123,https://www.openstreetmap.org/?mlat=30.244163&mlon=-97.752123#map=18/30.244163/-97.752123,"2000, South Congress Avenue, Austin, TX, 78704",Restaurant / Food with cuisine focus: donut;coffee_shop.,"Resident dining offers, specials, and repeat-visit campaigns",Not listed,,,https://saltydonut.com,No public special listed in source data,No public deal listed in source data,No public event listing in source data,OpenStreetMap / Overpass,2026-02-26T22:37:02Z
The Well,Restaurant / Food,node,11873243569,30.265626,-97.748293,https://www.openstreetmap.org/node/11873243569#map=19/30.265626/-97.748293,https://www.openstreetmap.org/?mlat=30.265626&mlon=-97.748293#map=18/30.265626/-97.748293,"440, West 2nd Street, 78701",Restaurant / Food listing in Downtown Austin.,"Resident dining offers, specials, and repeat-visit campaigns",Not listed,+1-737-742-1129,,https://www.eatwellatx.com,No public special listed in source data,No public deal listed in source data,No public event listing in source data,OpenStreetMap / Overpass,2026-02-26T22:37:02Z
Thundercloud Subs,Restaurant / Food,way,188454520,30.255121,-97.745301,https://www.openstreetmap.org/way/188454520#map=19/30.255121/-97.745301,https://www.openstreetmap.org/?mlat=30.255121&mlon=-97.745301#map=18/30.255121/-97.745301,"201, East Riverside Drive, Austin, TX, 78704",Restaurant / Food listing in Downtown Austin.,"Resident dining offers, specials, and repeat-visit campaigns",Not listed,,,,No public special listed in source data,No public deal listed in source data,No public event listing in source data,OpenStreetMap / Overpass,2026-02-26T22:37:02Z
Thundercloud Subs,Restaurant / Food,node,1483931044,30.276437,-97.750443,https://www.openstreetmap.org/node/1483931044#map=19/30.276437/-97.750443,https://www.openstreetmap.org/?mlat=30.276437&mlon=-97.750443#map=18/30.276437/-97.750443,,Restaurant / Food listing in Downtown Austin.,"Resident dining offers, specials, and repeat-visit campaigns",Not listed,,,,No public special listed in source data,No public deal listed in source data,No public event listing in source data,OpenStreetMap / Overpass,2026-02-26T22:37:02Z
TLC,Restaurant / Food,node,10563618408,30.255824,-97.763101,https://www.openstreetmap.org/node/10563618408#map=19/30.255824/-97.763101,https://www.openstreetmap.org/?mlat=30.255824&mlon=-97.763101#map=18/30.255824/-97.763101,"1100, South Lamar Boulevard, Austin, TX, 78704",Restaurant / Food with cuisine focus: southern;texan.,"Resident dining offers, specials, and repeat-visit campaigns",11:00-22:00,+1-512-580-0971,,https://www.tlcaustin.com/,No public special listed in source data,No public deal listed in source data,No public event listing in source data,OpenStreetMap / Overpass,2026-02-26T22:37:02Z
Torchy's Tacos,Restaurant / Food,way,383378741,30.245452,-97.751509,https://www.openstreetmap.org/way/383378741#map=19/30.245452/-97.751509,https://www.openstreetmap.org/?mlat=30.245452&mlon=-97.751509#map=18/30.245452/-97.751509,"1822, South Congress Avenue, Austin, TX, 78704",Restaurant / Food with cuisine focus: tex-mex.,"Resident dining offers, specials, and repeat-visit campaigns",Not listed,,,,No public special listed in source data,No public deal listed in source data,No public event listing in source data,OpenStreetMap / Overpass,2026-02-26T22:37:02Z
Torchy's Tacos,Restaurant / Food,node,8178233808,30.265724,-97.749694,https://www.openstreetmap.org/node/8178233808#map=19/30.265724/-97.749694,https://www.openstreetmap.org/?mlat=30.265724&mlon=-97.749694#map=18/30.265724/-97.749694,"110, San Antonio Street, Austin, TX, 78701",Restaurant / Food with cuisine focus: tex-mex.,"Resident dining offers, specials, and repeat-visit campaigns",Su-We 09:00-21:00; Th-Sa 09:00-23:00,+1-512-792-5909,,,No public special listed in source data,No public deal listed in source data,No public event listing in source data,OpenStreetMap / Overpass,2026-02-26T22:37:02Z
TraphouseATX,Restaurant / Food,node,3849777216,30.266118,-97.745165,https://www.openstreetmap.org/node/3849777216#map=19/30.266118/-97.745165,https://www.openstreetmap.org/?mlat=30.266118&mlon=-97.745165#map=18/30.266118/-97.745165,"310, Colorado Street, 78701",Restaurant / Food with cuisine focus: caribbean.,"Resident dining offers, specials, and repeat-visit campaigns",Not listed,,,,No public special listed in source data,No public deal listed in source data,No public event listing in source data,OpenStreetMap / Overpass,2026-02-26T22:37:02Z
True Food Kitchen,Restaurant / Food,node,4389511242,30.266993,-97.752345,https://www.openstreetmap.org/node/4389511242#map=19/30.266993/-97.752345,https://www.openstreetmap.org/?mlat=30.266993&mlon=-97.752345#map=18/30.266993/-97.752345,,Restaurant / Food with cuisine focus: american.,"Resident dining offers, specials, and repeat-visit campaigns",Not listed,,,,No public special listed in source data,No public deal listed in source data,No public event listing in source data,OpenStreetMap / Overpass,2026-02-26T22:37:02Z
Truluck's,Restaurant / Food,node,11071595410,30.265885,-97.745397,https://www.openstreetmap.org/node/11071595410#map=19/30.265885/-97.745397,https://www.openstreetmap.org/?mlat=30.265885&mlon=-97.745397#map=18/30.265885/-97.745397,"300, Colorado Street, Austin, TX, 78701",Restaurant / Food with cuisine focus: seafood.,"Resident dining offers, specials, and repeat-visit campaigns",Mo-Su 16:30-22:00,+1-512-482-9000,,https://trulucks.com/locations/downtown-austin-texas/,No public special listed in source data,No public deal listed in source data,No public event listing in source data,OpenStreetMap / Overpass,2026-02-26T22:37:02Z
Two Hands,Restaurant / Food,node,13427407854,30.253509,-97.748006,https://www.openstreetmap.org/node/13427407854#map=19/30.253509/-97.748006,https://www.openstreetmap.org/?mlat=30.253509&mlon=-97.748006#map=18/30.253509/-97.748006,,Restaurant / Food with cuisine focus: corn_dog.,"Resident dining offers, specials, and repeat-visit campaigns",Not listed,,,,No public special listed in source data,No public deal listed in source data,No public event listing in source data,OpenStreetMap / Overpass,2026-02-26T22:37:02Z
Uchi,Restaurant / Food,way,383355208,30.257513,-97.75975,https://www.openstreetmap.org/way/383355208#map=19/30.257513/-97.759750,https://www.openstreetmap.org/?mlat=30.257513&mlon=-97.759750#map=18/30.257513/-97.759750,"801, South Lamar Boulevard, Austin, TX, 78704",Restaurant / Food with cuisine focus: japanese;sushi.,"Resident dining offers, specials, and repeat-visit campaigns",Su-Th 17:00-22:00; Fr-Sa 17:00-23:00,+1-512-916-4808,,https://www.uchiaustin.com/,No public special listed in source data,No public deal listed in source data,No public event listing in source data,OpenStreetMap / Overpass,2026-02-26T22:37:02Z
Uchibā,Restaurant / Food,node,9655018609,30.265832,-97.750053,https://www.openstreetmap.org/node/9655018609#map=19/30.265832/-97.750053,https://www.openstreetmap.org/?mlat=30.265832&mlon=-97.750053#map=18/30.265832/-97.750053,"601, West 2nd Street, Austin, TX, 78701",Restaurant / Food with cuisine focus: japanese.,"Resident dining offers, specials, and repeat-visit campaigns",Su-Th 16:00-22:00; Fr-Sa 16:00-23:00,+1-512-916-4808,,https://uchiba.uchirestaurants.com/,No public special listed in source data,No public deal listed in source data,No public event listing in source data,OpenStreetMap / Overpass,2026-02-26T22:37:02Z
Vaquero Taquero,Restaurant / Food,node,3849778812,30.266466,-97.735858,https://www.openstreetmap.org/node/3849778812#map=19/30.266466/-97.735858,https://www.openstreetmap.org/?mlat=30.266466&mlon=-97.735858#map=18/30.266466/-97.735858,"603, Sabine Street, 78701",Restaurant / Food with cuisine focus: mexican;tex-mex.,"Resident dining offers, specials, and repeat-visit campaigns",Not listed,,,http://www.vaquerotaquero.com/,No public special listed in source data,No public deal listed in source data,No public event listing in source data,OpenStreetMap / Overpass,2026-02-26T22:37:02Z
Velvet Taco,Restaurant / Food,node,9136489517,30.267997,-97.743129,https://www.openstreetmap.org/node/9136489517#map=19/30.267997/-97.743129,https://www.openstreetmap.org/?mlat=30.267997&mlon=-97.743129#map=18/30.267997/-97.743129,"522, Congress Avenue, 78701",Restaurant / Food listing in Downtown Austin.,"Resident dining offers, specials, and repeat-visit campaigns","Su-We 11:00-24:00, Th 11:00-01:00, Fr,Sa 11:00-04:00",+1 5122985223,,https://www.velvettaco.com/location/6th-congress/,No public special listed in source data,No public deal listed in source data,No public event listing in source data,OpenStreetMap / Overpass,2026-02-26T22:37:02Z
Veracruz,Restaurant / Food,node,13427424107,30.262936,-97.744474,https://www.openstreetmap.org/node/13427424107#map=19/30.262936/-97.744474,https://www.openstreetmap.org/?mlat=30.262936&mlon=-97.744474#map=18/30.262936/-97.744474,,Restaurant / Food with cuisine focus: mexican.,"Resident dining offers, specials, and repeat-visit campaigns",Not listed,,,,No public special listed in source data,No public deal listed in source data,No public event listing in source data,OpenStreetMap / Overpass,2026-02-26T22:37:02Z
Veracruz all natural,Restaurant / Food,node,6187550286,30.258004,-97.726027,https://www.openstreetmap.org/node/6187550286#map=19/30.258004/-97.726027,https://www.openstreetmap.org/?mlat=30.258004&mlon=-97.726027#map=18/30.258004/-97.726027,"1704, East Cesar Chavez Street",Restaurant / Food listing in Downtown Austin.,"Resident dining offers, specials, and repeat-visit campaigns",Not listed,,,https://www.veracruzallnatural.com,No public special listed in source data,No public deal listed in source data,No public event listing in source data,OpenStreetMap / Overpass,2026-02-26T22:37:02Z
Verbena,Restaurant / Food,node,11196672250,30.269894,-97.748875,https://www.openstreetmap.org/node/11196672250#map=19/30.269894/-97.748875,https://www.openstreetmap.org/?mlat=30.269894&mlon=-97.748875#map=18/30.269894/-97.748875,,Restaurant / Food listing in Downtown Austin.,"Resident dining offers, specials, and repeat-visit campaigns",Not listed,+1-512-991-3019,,,No public special listed in source data,No public deal listed in source data,No public event listing in source data,OpenStreetMap / Overpass,2026-02-26T22:37:02Z
Vespaio,Restaurant / Food,node,919340319,30.247927,-97.750689,https://www.openstreetmap.org/node/919340319#map=19/30.247927/-97.750689,https://www.openstreetmap.org/?mlat=30.247927&mlon=-97.750689#map=18/30.247927/-97.750689,,Restaurant / Food with cuisine focus: italian.,"Resident dining offers, specials, and repeat-visit campaigns",Not listed,,,,No public special listed in source data,No public deal listed in source data,No public event listing in source data,OpenStreetMap / Overpass,2026-02-26T22:37:02Z
Via 313,Restaurant / Food,way,1350777573,30.270108,-97.748458,https://www.openstreetmap.org/way/1350777573#map=19/30.270108/-97.748458,https://www.openstreetmap.org/?mlat=30.270108&mlon=-97.748458#map=18/30.270108/-97.748458,"600, West 6th Street, Austin, TX, 78701",Restaurant / Food with cuisine focus: pizza.,"Resident dining offers, specials, and repeat-visit campaigns",Not listed,+1-737-358-9100,,https://locations.via313.com/locations/600-w-6th-street/,No public special listed in source data,No public deal listed in source data,No public event listing in source data,OpenStreetMap / Overpass,2026-02-26T22:37:02Z
Via 313 Pizza,Restaurant / Food,node,11390573667,30.260715,-97.738173,https://www.openstreetmap.org/node/11390573667#map=19/30.260715/-97.738173,https://www.openstreetmap.org/?mlat=30.260715&mlon=-97.738173#map=18/30.260715/-97.738173,"96, Rainey Street, Austin, TX, 78701",Restaurant / Food with cuisine focus: pizza.,"Resident dining offers, specials, and repeat-visit campaigns",Mo-Th 16:00-24:00; 00:00; Fr 16:00-01:00; Sa 12:00-01:00; Su 12:00-22:00,+1 512-609-9405,,https://www.via313.com/,No public special listed in source data,Food trailer,No public event listing in source data,OpenStreetMap / Overpass,2026-02-26T22:37:02Z
Vince Young Steakhouse,Restaurant / Food,node,3197335004,30.264819,-97.741168,https://www.openstreetmap.org/node/3197335004#map=19/30.264819/-97.741168,https://www.openstreetmap.org/?mlat=30.264819&mlon=-97.741168#map=18/30.264819/-97.741168,,Restaurant / Food listing in Downtown Austin.,"Resident dining offers, specials, and repeat-visit campaigns","Mo-Th 17:00-22:00; Fr,Sa 17:00-23:00",,,,No public special listed in source data,No public deal listed in source data,No public event listing in source data,OpenStreetMap / Overpass,2026-02-26T22:37:02Z
Walton's Fancy & Staple,Restaurant / Food,way,99868618,30.269544,-97.749026,https://www.openstreetmap.org/way/99868618#map=19/30.269544/-97.749026,https://www.openstreetmap.org/?mlat=30.269544&mlon=-97.749026#map=18/30.269544/-97.749026,"609, West 6th Street, Austin, TX, 78701",Restaurant / Food listing in Downtown Austin.,"Resident dining offers, specials, and repeat-visit campaigns",Not listed,,,https://www.waltonsfancyandstaple.com,No public special listed in source data,No public deal listed in source data,No public event listing in source data,OpenStreetMap / Overpass,2026-02-26T22:37:02Z
Wax Myrtle's Club & Pool,Restaurant / Food,way,1021003040,30.266797,-97.741199,https://www.openstreetmap.org/way/1021003040#map=19/30.266797/-97.741199,https://www.openstreetmap.org/?mlat=30.266797&mlon=-97.741199#map=18/30.266797/-97.741199,"506, San Jacinto Boulevard, Austin, TX, 78701",Restaurant / Food listing in Downtown Austin.,"Resident dining offers, specials, and repeat-visit campaigns",Not listed,,,https://www.waxmyrtles.com/,No public special listed in source data,Restaurant on Level 4 of the Thompson and tommie hotel buildings,No public event listing in source data,OpenStreetMap / Overpass,2026-02-26T22:37:02Z
Wee's Cozy Kitchen,Restaurant / Food,node,11872813199,30.268383,-97.742335,https://www.openstreetmap.org/node/11872813199#map=19/30.268383/-97.742335,https://www.openstreetmap.org/?mlat=30.268383&mlon=-97.742335#map=18/30.268383/-97.742335,"609, Congress Avenue, 78701",Restaurant / Food listing in Downtown Austin.,"Resident dining offers, specials, and repeat-visit campaigns",Not listed,,,,No public special listed in source data,No public deal listed in source data,No public event listing in source data,OpenStreetMap / Overpass,2026-02-26T22:37:02Z
Wendy's,Restaurant / Food,way,379194593,30.266185,-97.733586,https://www.openstreetmap.org/way/379194593#map=19/30.266185/-97.733586,https://www.openstreetmap.org/?mlat=30.266185&mlon=-97.733586#map=18/30.266185/-97.733586,"619, North Interstate 35, Austin, TX, 78702",Restaurant / Food with cuisine focus: burger.,"Resident dining offers, specials, and repeat-visit campaigns",24/7,+1 512-596-3249,,https://locations.wendys.com/united-states/tx/austin/619-n-ih-35,No public special listed in source data,No public deal listed in source data,No public event listing in source data,OpenStreetMap / Overpass,2026-02-26T22:37:02Z
Wendy's,Restaurant / Food,node,10754019802,30.28285,-97.737158,https://www.openstreetmap.org/node/10754019802#map=19/30.282850/-97.737158,https://www.openstreetmap.org/?mlat=30.282850&mlon=-97.737158#map=18/30.282850/-97.737158,"201, East 21st Street, Austin, TX, 78705",Restaurant / Food with cuisine focus: burger.,"Resident dining offers, specials, and repeat-visit campaigns",Mo-Fr 07:00-04:00; Sa 10:00-04:00; Su 11:00-04:00,+1 512-232-1929,,https://locations.wendys.com/united-states/tx/austin/201-e-21st-st,No public special listed in source data,No public deal listed in source data,No public event listing in source data,OpenStreetMap / Overpass,2026-02-26T22:37:02Z
Whataburger,Restaurant / Food,way,262312068,30.258054,-97.750684,https://www.openstreetmap.org/way/262312068#map=19/30.258054/-97.750684,https://www.openstreetmap.org/?mlat=30.258054&mlon=-97.750684#map=18/30.258054/-97.750684,"601, Barton Springs Road, Austin, TX, 78704",Restaurant / Food with cuisine focus: burger.,"Resident dining offers, specials, and repeat-visit campaigns",24/7,+1 512-477-9586,,https://locations.whataburger.com/tx/austin/601-barton-springs-rd.html,No public special listed in source data,No public deal listed in source data,No public event listing in source data,OpenStreetMap / Overpass,2026-02-26T22:37:02Z
Which Wich?,Restaurant / Food,node,3245051653,30.265719,-97.746019,https://www.openstreetmap.org/node/3245051653#map=19/30.265719/-97.746019,https://www.openstreetmap.org/?mlat=30.265719&mlon=-97.746019#map=18/30.265719/-97.746019,"247, West 3rd Street, Austin, TX, 78701",Restaurant / Food with cuisine focus: sandwich.,"Resident dining offers, specials, and repeat-visit campaigns",Mo-Sa 10:00-22:00; Su 11:00-18:00,,,,No public special listed in source data,No public deal listed in source data,No public event listing in source data,OpenStreetMap / Overpass,2026-02-26T22:37:02Z
Woodland,Restaurant / Food,node,919340311,30.246459,-97.75109,https://www.openstreetmap.org/node/919340311#map=19/30.246459/-97.751090,https://www.openstreetmap.org/?mlat=30.246459&mlon=-97.751090#map=18/30.246459/-97.751090,,Restaurant / Food listing in Downtown Austin.,"Resident dining offers, specials, and repeat-visit campaigns",Not listed,,,,No public special listed in source data,No public deal listed in source data,No public event listing in source data,OpenStreetMap / Overpass,2026-02-26T22:37:02Z
Wu Chow,Restaurant / Food,node,3849778288,30.268613,-97.747897,https://www.openstreetmap.org/node/3849778288#map=19/30.268613/-97.747897,https://www.openstreetmap.org/?mlat=30.268613&mlon=-97.747897#map=18/30.268613/-97.747897,"500, West 5th Street, 78701",Restaurant / Food with cuisine focus: chinese.,"Resident dining offers, specials, and repeat-visit campaigns","Mo-Fr 11:00-14:00, Mo-Th 17:00-22:00, Fr,Sa 17:00-23:00; Su 11:00-15:00",,,https://wuchowaustin.com/,No public special listed in source data,No public deal listed in source data,No public event listing in source data,OpenStreetMap / Overpass,2026-02-26T22:37:02Z
Zanzibar,Restaurant / Food,node,9631755875,30.262915,-97.741848,https://www.openstreetmap.org/node/9631755875#map=19/30.262915/-97.741848,https://www.openstreetmap.org/?mlat=30.262915&mlon=-97.741848#map=18/30.262915/-97.741848,"304, East Cesar Chavez Street, Austin, TX, 78701",Restaurant / Food listing in Downtown Austin.,"Resident dining offers, specials, and repeat-visit campaigns",Not listed,+1-737-787-6969,,https://www.zanzibaratx.com/,No public special listed in source data,No public deal listed in source data,No public event listing in source data,OpenStreetMap / Overpass,2026-02-26T22:37:02Z
ZIKI,Restaurant / Food,node,10969167396,30.265524,-97.744232,https://www.openstreetmap.org/node/10969167396#map=19/30.265524/-97.744232,https://www.openstreetmap.org/?mlat=30.265524&mlon=-97.744232#map=18/30.265524/-97.744232,"102, W 3rd St",Restaurant / Food with cuisine focus: greek;mexican.,"Resident dining offers, specials, and repeat-visit campaigns",Mo-Su 10:00-03:00,,,https://ziki.kitchen/,No public special listed in source data,Greek with a hint of Mexican,No public event listing in source data,OpenStreetMap / Overpass,2026-02-26T22:37:02Z
ZIKI,Restaurant / Food,node,10969191342,30.273342,-97.753241,https://www.openstreetmap.org/node/10969191342#map=19/30.273342/-97.753241,https://www.openstreetmap.org/?mlat=30.273342&mlon=-97.753241#map=18/30.273342/-97.753241,"706, N Lamar Blvd",Restaurant / Food with cuisine focus: greek;mexican.,"Resident dining offers, specials, and repeat-visit campaigns",Mo-Su 10:00-03:00,,,https://zki.kitchen,No public special listed in source data,Greek with a hint of Mexican,No public event listing in source data,OpenStreetMap / Overpass,2026-02-26T22:37:02Z
Ziki,Restaurant / Food,node,11390659811,30.261013,-97.737892,https://www.openstreetmap.org/node/11390659811#map=19/30.261013/-97.737892,https://www.openstreetmap.org/?mlat=30.261013&mlon=-97.737892#map=18/30.261013/-97.737892,"604, Driskill Street, Austin, TX, 78701",Restaurant / Food with cuisine focus: greek.,"Resident dining offers, specials, and repeat-visit campaigns",Mo-We 10:00-24:00; Th-Su 10:00-03:00,+1-309-300-9830,,https://ziki.kitchen/,No public special listed in source data,No public deal listed in source data,No public event listing in source data,OpenStreetMap / Overpass,2026-02-26T22:37:02Z
1st Stop Food Store,Retail / Business,way,382454555,30.259976,-97.75542,https://www.openstreetmap.org/way/382454555#map=19/30.259976/-97.755420,https://www.openstreetmap.org/?mlat=30.259976&mlon=-97.755420#map=18/30.259976/-97.755420,"1017, Barton Springs Road",Retail / Business listing in Downtown Austin.,Resident discount programs and neighborhood shopping incentives,Not listed,,,,No public special listed in source data,No public deal listed in source data,No public event listing in source data,OpenStreetMap / Overpass,2026-02-26T22:37:02Z
2nd St Market,Retail / Business,node,1483653972,30.263956,-97.74232,https://www.openstreetmap.org/node/1483653972#map=19/30.263956/-97.742320,https://www.openstreetmap.org/?mlat=30.263956&mlon=-97.742320#map=18/30.263956/-97.742320,,Retail / Business listing in Downtown Austin.,Resident discount programs and neighborhood shopping incentives,Not listed,,,,No public special listed in source data,No public deal listed in source data,No public event listing in source data,OpenStreetMap / Overpass,2026-02-26T22:37:02Z
7-Eleven,Retail / Business,way,381834529,30.281298,-97.742146,https://www.openstreetmap.org/way/381834529#map=19/30.281298/-97.742146,https://www.openstreetmap.org/?mlat=30.281298&mlon=-97.742146#map=18/30.281298/-97.742146,,Retail / Business listing operated by 7-Eleven.,Resident discount programs and neighborhood shopping incentives,Mo-Su 00:00-00:00,,,https://www.7-eleven.com/locations/tx/austin/411-w-mlk-jr-blvd-23295,No public special listed in source data,No public deal listed in source data,No public event listing in source data,OpenStreetMap / Overpass,2026-02-26T22:37:02Z
7-Eleven,Retail / Business,way,383355070,30.252486,-97.762908,https://www.openstreetmap.org/way/383355070#map=19/30.252486/-97.762908,https://www.openstreetmap.org/?mlat=30.252486&mlon=-97.762908#map=18/30.252486/-97.762908,"1403, South Lamar Boulevard",Retail / Business listing operated by 7-Eleven.,Resident discount programs and neighborhood shopping incentives,24/7,+1 512 707 2550,,https://www.7-eleven.com/locations/tx/austin/1403-s-lamar-blvd-34252,No public special listed in source data,"Standard 7-Eleven store, often closed for cleaning past midnight",No public event listing in source data,OpenStreetMap / Overpass,2026-02-26T22:37:02Z
7-Eleven,Retail / Business,way,1213502016,30.268448,-97.742251,https://www.openstreetmap.org/way/1213502016#map=19/30.268448/-97.742251,https://www.openstreetmap.org/?mlat=30.268448&mlon=-97.742251#map=18/30.268448/-97.742251,"613, Congress Avenue, Austin, TX, 78701",Retail / Business listing operated by 7-Eleven.,Resident discount programs and neighborhood shopping incentives,24/7,+1 512-476-1953,,https://www.7-eleven.com/locations/tx/austin/613-congress-ave-35878,No public special listed in source data,No public deal listed in source data,No public event listing in source data,OpenStreetMap / Overpass,2026-02-26T22:37:02Z
7-Eleven,Retail / Business,node,4258979768,30.270602,-97.741622,https://www.openstreetmap.org/node/4258979768#map=19/30.270602/-97.741622,https://www.openstreetmap.org/?mlat=30.270602&mlon=-97.741622#map=18/30.270602/-97.741622,"823, Congress Avenue, Austin, TX, 78701",Retail / Business listing operated by 7-Eleven.,Resident discount programs and neighborhood shopping incentives,24/7,+1 512-476-4373,,https://www.7-eleven.com/locations/tx/austin/823-congress-36999,No public special listed in source data,No public deal listed in source data,No public event listing in source data,OpenStreetMap / Overpass,2026-02-26T22:37:02Z
7-Eleven,Retail / Business,node,8419602937,30.244662,-97.729602,https://www.openstreetmap.org/node/8419602937#map=19/30.244662/-97.729602,https://www.openstreetmap.org/?mlat=30.244662&mlon=-97.729602#map=18/30.244662/-97.729602,"1705, South Lakeshore Boulevard, Austin, TX, 78741",Retail / Business listing operated by 7-Eleven.,Resident discount programs and neighborhood shopping incentives,24/7,+1 512-441-7595,,https://www.7-eleven.com/locations/tx/austin/1705-s-lakeshore-blvd-19097,No public special listed in source data,No public deal listed in source data,No public event listing in source data,OpenStreetMap / Overpass,2026-02-26T22:37:02Z
7-Eleven,Retail / Business,node,9783117517,30.278502,-97.743693,https://www.openstreetmap.org/node/9783117517#map=19/30.278502/-97.743693,https://www.openstreetmap.org/?mlat=30.278502&mlon=-97.743693#map=18/30.278502/-97.743693,,Retail / Business listing operated by 7-Eleven.,Resident discount programs and neighborhood shopping incentives,Not listed,,,,No public special listed in source data,No public deal listed in source data,No public event listing in source data,OpenStreetMap / Overpass,2026-02-26T22:37:02Z
ACL Live Shop,Retail / Business,node,3314239454,30.265272,-97.747041,https://www.openstreetmap.org/node/3314239454#map=19/30.265272/-97.747041,https://www.openstreetmap.org/?mlat=30.265272&mlon=-97.747041#map=18/30.265272/-97.747041,"310, West 2nd Street, Austin, TX, 78701",Retail / Business listing in Downtown Austin.,Resident discount programs and neighborhood shopping incentives,Mo-Su 11:00-18:00+,,,,No public special listed in source data,No public deal listed in source data,No public event listing in source data,OpenStreetMap / Overpass,2026-02-26T22:37:02Z
Affinity Tattoo And Piercing,Retail / Business,node,3355524434,30.266541,-97.737803,https://www.openstreetmap.org/node/3355524434#map=19/30.266541/-97.737803,https://www.openstreetmap.org/?mlat=30.266541&mlon=-97.737803#map=18/30.266541/-97.737803,,Retail / Business listing in Downtown Austin.,Resident discount programs and neighborhood shopping incentives,Not listed,+1-512-476-4596,,https://affinitybodypiercing.com/home.html,No public special listed in source data,No public deal listed in source data,No public event listing in source data,OpenStreetMap / Overpass,2026-02-26T22:37:02Z
All Saints Tattoo,Retail / Business,way,328605845,30.266807,-97.737633,https://www.openstreetmap.org/way/328605845#map=19/30.266807/-97.737633,https://www.openstreetmap.org/?mlat=30.266807&mlon=-97.737633#map=18/30.266807/-97.737633,"514, East 6th Street",Retail / Business listing in Downtown Austin.,Resident discount programs and neighborhood shopping incentives,Not listed,+1 512-482-0602,,https://www.allsaintstattoo.com/,No public special listed in source data,No public deal listed in source data,No public event listing in source data,OpenStreetMap / Overpass,2026-02-26T22:37:02Z
Allen Edmonds,Retail / Business,node,11242814773,30.267442,-97.742806,https://www.openstreetmap.org/node/11242814773#map=19/30.267442/-97.742806,https://www.openstreetmap.org/?mlat=30.267442&mlon=-97.742806#map=18/30.267442/-97.742806,"501, Congress Avenue, Austin, TX, 78701",Retail / Business listing operated by Allen Edmonds.,Resident discount programs and neighborhood shopping incentives,Not listed,,,,No public special listed in source data,No public deal listed in source data,No public event listing in source data,OpenStreetMap / Overpass,2026-02-26T22:37:02Z
AlphaGraphics,Retail / Business,node,12284603525,30.270651,-97.754749,https://www.openstreetmap.org/node/12284603525#map=19/30.270651/-97.754749,https://www.openstreetmap.org/?mlat=30.270651&mlon=-97.754749#map=18/30.270651/-97.754749,"500, North Lamar Boulevard, Austin, TX, 78703",Retail / Business listing in Downtown Austin.,Resident discount programs and neighborhood shopping incentives,Mo-Fr 09:00-18:00,+1 737-301-9419,,https://www.alphagraphics.com/us-texas-austin-us629,No public special listed in source data,No public deal listed in source data,No public event listing in source data,OpenStreetMap / Overpass,2026-02-26T22:37:02Z
American Drifter,Retail / Business,node,8007186413,30.246036,-97.756988,https://www.openstreetmap.org/node/8007186413#map=19/30.246036/-97.756988,https://www.openstreetmap.org/?mlat=30.246036&mlon=-97.756988#map=18/30.246036/-97.756988,"1906, South 1st Street, Austin, TX, 78704",Retail / Business listing in Downtown Austin.,Resident discount programs and neighborhood shopping incentives,Not listed,,,,No public special listed in source data,No public deal listed in source data,No public event listing in source data,OpenStreetMap / Overpass,2026-02-26T22:37:02Z
American June,Retail / Business,way,1061555337,30.249015,-97.75497,https://www.openstreetmap.org/way/1061555337#map=19/30.249015/-97.754970,https://www.openstreetmap.org/?mlat=30.249015&mlon=-97.754970#map=18/30.249015/-97.754970,"1603, South 1st Street, Austin, TX, 78704",Retail / Business listing in Downtown Austin.,Resident discount programs and neighborhood shopping incentives,Not listed,+1 512-527-3070,,https://americanjune.com/,No public special listed in source data,No public deal listed in source data,No public event listing in source data,OpenStreetMap / Overpass,2026-02-26T22:37:02Z
Ann Sacks,Retail / Business,node,11173447804,30.270439,-97.755449,https://www.openstreetmap.org/node/11173447804#map=19/30.270439/-97.755449,https://www.openstreetmap.org/?mlat=30.270439&mlon=-97.755449#map=18/30.270439/-97.755449,"1011, West 5th Street, Austin, TX, 78703",Retail / Business listing in Downtown Austin.,Resident discount programs and neighborhood shopping incentives,Not listed,,,,No public special listed in source data,No public deal listed in source data,No public event listing in source data,OpenStreetMap / Overpass,2026-02-26T22:37:02Z
Anthony's,Retail / Business,node,3956853928,30.27992,-97.759133,https://www.openstreetmap.org/node/3956853928#map=19/30.279920/-97.759133,https://www.openstreetmap.org/?mlat=30.279920&mlon=-97.759133#map=18/30.279920/-97.759133,,Retail / Business listing in Downtown Austin.,Resident discount programs and neighborhood shopping incentives,Not listed,,,,No public special listed in source data,No public deal listed in source data,No public event listing in source data,OpenStreetMap / Overpass,2026-02-26T22:37:02Z
Anthropologie,Retail / Business,node,6038246678,30.271868,-97.753551,https://www.openstreetmap.org/node/6038246678#map=19/30.271868/-97.753551,https://www.openstreetmap.org/?mlat=30.271868&mlon=-97.753551#map=18/30.271868/-97.753551,,Retail / Business listing operated by Anthropologie.,Resident discount programs and neighborhood shopping incentives,"Mo-Sa 10:00-20:00, Su 12:00-18:00",+1-512-236-9301,,https://www.anthropologie.com/stores/6th-and-lamar-austin,No public special listed in source data,No public deal listed in source data,No public event listing in source data,OpenStreetMap / Overpass,2026-02-26T22:37:02Z
APD Garage,Retail / Business,way,379166000,30.268235,-97.734981,https://www.openstreetmap.org/way/379166000#map=19/30.268235/-97.734981,https://www.openstreetmap.org/?mlat=30.268235&mlon=-97.734981#map=18/30.268235/-97.734981,"708, East 8th Street",Retail / Business listing operated by City of Austin.,Resident discount programs and neighborhood shopping incentives,Not listed,+1 512-974-2000,,,No public special listed in source data,No public deal listed in source data,No public event listing in source data,OpenStreetMap / Overpass,2026-02-26T22:37:02Z
Apothēke,Retail / Business,node,3245051650,30.265635,-97.745689,https://www.openstreetmap.org/node/3245051650#map=19/30.265635/-97.745689,https://www.openstreetmap.org/?mlat=30.265635&mlon=-97.745689#map=18/30.265635/-97.745689,"209, West 3rd Street",Retail / Business listing in Downtown Austin.,Resident discount programs and neighborhood shopping incentives,Not listed,,,,No public special listed in source data,No public deal listed in source data,No public event listing in source data,OpenStreetMap / Overpass,2026-02-26T22:37:02Z
Aranzasu Design,Retail / Business,node,12577833090,30.26506,-97.738538,https://www.openstreetmap.org/node/12577833090#map=19/30.265060/-97.738538,https://www.openstreetmap.org/?mlat=30.265060&mlon=-97.738538#map=18/30.265060/-97.738538,"500, East 4th Street, 78701",Retail / Business listing in Downtown Austin.,Resident discount programs and neighborhood shopping incentives,Not listed,+1-512-333-0321,,https://aranzasushop.com,No public special listed in source data,No public deal listed in source data,No public event listing in source data,OpenStreetMap / Overpass,2026-02-26T22:37:02Z
Area,Retail / Business,node,3248316809,30.265346,-97.74845,https://www.openstreetmap.org/node/3248316809#map=19/30.265346/-97.748450,https://www.openstreetmap.org/?mlat=30.265346&mlon=-97.748450#map=18/30.265346/-97.748450,,Retail / Business listing in Downtown Austin.,Resident discount programs and neighborhood shopping incentives,Not listed,,,,No public special listed in source data,No public deal listed in source data,No public event listing in source data,OpenStreetMap / Overpass,2026-02-26T22:37:02Z
Art For The People,Retail / Business,way,383378718,30.247712,-97.755432,https://www.openstreetmap.org/way/383378718#map=19/30.247712/-97.755432,https://www.openstreetmap.org/?mlat=30.247712&mlon=-97.755432#map=18/30.247712/-97.755432,"1711, South 1st Street",Retail / Business listing in Downtown Austin.,Resident discount programs and neighborhood shopping incentives,Not listed,,,,No public special listed in source data,No public deal listed in source data,No public event listing in source data,OpenStreetMap / Overpass,2026-02-26T22:37:02Z
Aspen Hatter,Retail / Business,way,383353209,30.261529,-97.759496,https://www.openstreetmap.org/way/383353209#map=19/30.261529/-97.759496,https://www.openstreetmap.org/?mlat=30.261529&mlon=-97.759496#map=18/30.261529/-97.759496,"1410, Barton Springs Road, Austin, TX, 78704",Retail / Business listing in Downtown Austin.,Resident discount programs and neighborhood shopping incentives,Mo-Fr 11:00-18:00,+1-512-284-9977,,https://www.aspenhatter.com/,No public special listed in source data,No public deal listed in source data,No public event listing in source data,OpenStreetMap / Overpass,2026-02-26T22:37:02Z
AT&T,Retail / Business,node,3857693589,30.270603,-97.755911,https://www.openstreetmap.org/node/3857693589#map=19/30.270603/-97.755911,https://www.openstreetmap.org/?mlat=30.270603&mlon=-97.755911#map=18/30.270603/-97.755911,"1101, West 5th Street, 78703",Retail / Business listing operated by AT&T.,Resident discount programs and neighborhood shopping incentives,Not listed,,,https://www.att.com/stores/texas/austin/89961,No public special listed in source data,No public deal listed in source data,No public event listing in source data,OpenStreetMap / Overpass,2026-02-26T22:37:02Z
AT&T,Retail / Business,node,10552679896,30.264262,-97.732702,https://www.openstreetmap.org/node/10552679896#map=19/30.264262/-97.732702,https://www.openstreetmap.org/?mlat=30.264262&mlon=-97.732702#map=18/30.264262/-97.732702,"1000, East 5th Street, Austin, TX, 78702",Retail / Business listing operated by AT&T.,Resident discount programs and neighborhood shopping incentives,Not listed,,,,No public special listed in source data,No public deal listed in source data,No public event listing in source data,OpenStreetMap / Overpass,2026-02-26T22:37:02Z
Austin Ashiatsu,Retail / Business,node,12815237989,30.261796,-97.726462,https://www.openstreetmap.org/node/12815237989#map=19/30.261796/-97.726462,https://www.openstreetmap.org/?mlat=30.261796&mlon=-97.726462#map=18/30.261796/-97.726462,"1601, East 5th Street, Austin, TX, 78702",Retail / Business listing in Downtown Austin.,Resident discount programs and neighborhood shopping incentives,Not listed,,,,No public special listed in source data,No public deal listed in source data,No public event listing in source data,OpenStreetMap / Overpass,2026-02-26T22:37:02Z
Austin Detours,Retail / Business,node,5157935370,30.264912,-97.73726,https://www.openstreetmap.org/node/5157935370#map=19/30.264912/-97.737260,https://www.openstreetmap.org/?mlat=30.264912&mlon=-97.737260#map=18/30.264912/-97.737260,"602, East 4th Street, Austin, TX, 78701",Retail / Business listing in Downtown Austin.,Resident discount programs and neighborhood shopping incentives,Not listed,+1-512-962-8636,hello@austindetours.com,https://austindetours.com/,No public special listed in source data,No public deal listed in source data,No public event listing in source data,OpenStreetMap / Overpass,2026-02-26T22:37:02Z
Austin General Store,Retail / Business,node,3245051652,30.264648,-97.745927,https://www.openstreetmap.org/node/3245051652#map=19/30.264648/-97.745927,https://www.openstreetmap.org/?mlat=30.264648&mlon=-97.745927#map=18/30.264648/-97.745927,"213, West 2nd Street, Austin, TX",Retail / Business listing in Downtown Austin.,Resident discount programs and neighborhood shopping incentives,Not listed,,,,No public special listed in source data,No public deal listed in source data,No public event listing in source data,OpenStreetMap / Overpass,2026-02-26T22:37:02Z
Austin MacWorks,Retail / Business,node,3248316810,30.265674,-97.748392,https://www.openstreetmap.org/node/3248316810#map=19/30.265674/-97.748392,https://www.openstreetmap.org/?mlat=30.265674&mlon=-97.748392#map=18/30.265674/-97.748392,"450, West 2nd Street",Retail / Business listing in Downtown Austin.,Resident discount programs and neighborhood shopping incentives,Not listed,,,,No public special listed in source data,No public deal listed in source data,No public event listing in source data,OpenStreetMap / Overpass,2026-02-26T22:37:02Z
Austin Rocks,Retail / Business,node,3248316812,30.265072,-97.74753,https://www.openstreetmap.org/node/3248316812#map=19/30.265072/-97.747530,https://www.openstreetmap.org/?mlat=30.265072&mlon=-97.747530#map=18/30.265072/-97.747530,,Retail / Business listing in Downtown Austin.,Resident discount programs and neighborhood shopping incentives,Not listed,,,,No public special listed in source data,No public deal listed in source data,No public event listing in source data,OpenStreetMap / Overpass,2026-02-26T22:37:02Z
Austin Tri Cyclist,Retail / Business,node,436639712,30.259603,-97.754585,https://www.openstreetmap.org/node/436639712#map=19/30.259603/-97.754585,https://www.openstreetmap.org/?mlat=30.259603&mlon=-97.754585#map=18/30.259603/-97.754585,"923, Barton Springs Road, Austin, TX, 78704",Retail / Business listing in Downtown Austin.,Resident discount programs and neighborhood shopping incentives,Mo-Sa 10:00-18:00; Su 12:00-16:00,+1-512-494-9252,info@austintricyclist.com,https://www.austintricyclist.com/,No public special listed in source data,No public deal listed in source data,No public event listing in source data,OpenStreetMap / Overpass,2026-02-26T22:37:02Z
Austin Vape & Smoke,Retail / Business,node,919341706,30.249158,-97.754889,https://www.openstreetmap.org/node/919341706#map=19/30.249158/-97.754889,https://www.openstreetmap.org/?mlat=30.249158&mlon=-97.754889#map=18/30.249158/-97.754889,"1601, South 1st Street, Austin, TX, 78704",Retail / Business listing in Downtown Austin.,Resident discount programs and neighborhood shopping incentives,Not listed,+1 512-551-0420,,https://austinvapeandsmoke.com/,No public special listed in source data,No public deal listed in source data,No public event listing in source data,OpenStreetMap / Overpass,2026-02-26T22:37:02Z
Austin Wine Merchant,Retail / Business,way,99868651,30.269714,-97.747907,https://www.openstreetmap.org/way/99868651#map=19/30.269714/-97.747907,https://www.openstreetmap.org/?mlat=30.269714&mlon=-97.747907#map=18/30.269714/-97.747907,"512, West 6th Street, Austin, TX, 78701",Retail / Business listing in Downtown Austin.,Resident discount programs and neighborhood shopping incentives,Mo-Sa 10:00-18:30,,,,No public special listed in source data,No public deal listed in source data,No public event listing in source data,OpenStreetMap / Overpass,2026-02-26T22:37:02Z
AUSTINDEEP,Retail / Business,node,9002876286,30.266249,-97.74413,https://www.openstreetmap.org/node/9002876286#map=19/30.266249/-97.744130,https://www.openstreetmap.org/?mlat=30.266249&mlon=-97.744130#map=18/30.266249/-97.744130,"320, Congress Avenue, Austin, TX, 78701",Retail / Business listing in Downtown Austin.,Resident discount programs and neighborhood shopping incentives,Not listed,,,,No public special listed in source data,No public deal listed in source data,No public event listing in source data,OpenStreetMap / Overpass,2026-02-26T22:37:02Z
Ave Maria,Retail / Business,node,13253416992,30.271062,-97.739377,https://www.openstreetmap.org/node/13253416992#map=19/30.271062/-97.739377,https://www.openstreetmap.org/?mlat=30.271062&mlon=-97.739377#map=18/30.271062/-97.739377,"203, East 10th Street, Austin, TX, 78701",Retail / Business listing operated by Saint Mary Cathedral.,Resident discount programs and neighborhood shopping incentives,We-Sa 11:00-14:00; Su 10:00-14:00,+1 512-617-5880,,https://smcaustin.org/gift-shop,No public special listed in source data,No public deal listed in source data,No public event listing in source data,OpenStreetMap / Overpass,2026-02-26T22:37:02Z
Avenue,Retail / Business,node,4093997756,30.246727,-97.750982,https://www.openstreetmap.org/node/4093997756#map=19/30.246727/-97.750982,https://www.openstreetmap.org/?mlat=30.246727&mlon=-97.750982#map=18/30.246727/-97.750982,,Retail / Business listing in Downtown Austin.,Resident discount programs and neighborhood shopping incentives,Not listed,,,,No public special listed in source data,No public deal listed in source data,No public event listing in source data,OpenStreetMap / Overpass,2026-02-26T22:37:02Z
Bang & Olufsen,Retail / Business,node,3245054361,30.264663,-97.745992,https://www.openstreetmap.org/node/3245054361#map=19/30.264663/-97.745992,https://www.openstreetmap.org/?mlat=30.264663&mlon=-97.745992#map=18/30.264663/-97.745992,"217, West 2nd Street",Retail / Business listing operated by Bang & Olufsen.,Resident discount programs and neighborhood shopping incentives,Not listed,,,,No public special listed in source data,No public deal listed in source data,No public event listing in source data,OpenStreetMap / Overpass,2026-02-26T22:37:02Z
Big Top,Retail / Business,node,4093997757,30.24681,-97.750951,https://www.openstreetmap.org/node/4093997757#map=19/30.246810/-97.750951,https://www.openstreetmap.org/?mlat=30.246810&mlon=-97.750951#map=18/30.246810/-97.750951,,Retail / Business listing in Downtown Austin.,Resident discount programs and neighborhood shopping incentives,Not listed,,,,No public special listed in source data,No public deal listed in source data,No public event listing in source data,OpenStreetMap / Overpass,2026-02-26T22:37:02Z
Bird's Barbershop,Retail / Business,way,383378748,30.244995,-97.751805,https://www.openstreetmap.org/way/383378748#map=19/30.244995/-97.751805,https://www.openstreetmap.org/?mlat=30.244995&mlon=-97.751805#map=18/30.244995/-97.751805,"1902, South Congress Avenue",Retail / Business listing in Downtown Austin.,Resident discount programs and neighborhood shopping incentives,Not listed,,,,No public special listed in source data,No public deal listed in source data,No public event listing in source data,OpenStreetMap / Overpass,2026-02-26T22:37:02Z
Blink Beauty,Retail / Business,node,12815250908,30.261871,-97.726727,https://www.openstreetmap.org/node/12815250908#map=19/30.261871/-97.726727,https://www.openstreetmap.org/?mlat=30.261871&mlon=-97.726727#map=18/30.261871/-97.726727,"1601, East 5th Street, Austin, TX, 78702",Retail / Business listing in Downtown Austin.,Resident discount programs and neighborhood shopping incentives,Not listed,,,https://www.blinkbeautyatx.com/,No public special listed in source data,No public deal listed in source data,No public event listing in source data,OpenStreetMap / Overpass,2026-02-26T22:37:02Z
Bloomers and Frocks,Retail / Business,way,382454728,30.248617,-97.755702,https://www.openstreetmap.org/way/382454728#map=19/30.248617/-97.755702,https://www.openstreetmap.org/?mlat=30.248617&mlon=-97.755702#map=18/30.248617/-97.755702,"1628, South 1st Street",Retail / Business listing in Downtown Austin.,Resident discount programs and neighborhood shopping incentives,Not listed,+1 512-715-4611,,https://bloomersandfrocks.com/,No public special listed in source data,No public deal listed in source data,No public event listing in source data,OpenStreetMap / Overpass,2026-02-26T22:37:02Z
Blue Suede,Retail / Business,node,9753228739,30.248894,-97.755533,https://www.openstreetmap.org/node/9753228739#map=19/30.248894/-97.755533,https://www.openstreetmap.org/?mlat=30.248894&mlon=-97.755533#map=18/30.248894/-97.755533,"1600, South 1st Street, Austin, TX, 78704",Retail / Business listing in Downtown Austin.,Resident discount programs and neighborhood shopping incentives,Not listed,,,https://bluesuedeaustin.com/,No public special listed in source data,No public deal listed in source data,No public event listing in source data,OpenStreetMap / Overpass,2026-02-26T22:37:02Z
BOBALU CIGAR COMPANY,Retail / Business,node,3355524435,30.266568,-97.737902,https://www.openstreetmap.org/node/3355524435#map=19/30.266568/-97.737902,https://www.openstreetmap.org/?mlat=30.266568&mlon=-97.737902#map=18/30.266568/-97.737902,,Retail / Business listing in Downtown Austin.,Resident discount programs and neighborhood shopping incentives,Not listed,+1-888-332-4427,,https://www.bobalu.com/,No public special listed in source data,No public deal listed in source data,No public event listing in source data,OpenStreetMap / Overpass,2026-02-26T22:37:02Z
Bonobos,Retail / Business,node,3248316803,30.265662,-97.748167,https://www.openstreetmap.org/node/3248316803#map=19/30.265662/-97.748167,https://www.openstreetmap.org/?mlat=30.265662&mlon=-97.748167#map=18/30.265662/-97.748167,"436, West 2nd Street",Retail / Business listing operated by Bonobos.,Resident discount programs and neighborhood shopping incentives,Not listed,,,,No public special listed in source data,No public deal listed in source data,No public event listing in source data,OpenStreetMap / Overpass,2026-02-26T22:37:02Z
Book People,Retail / Business,way,217443814,30.271791,-97.752911,https://www.openstreetmap.org/way/217443814#map=19/30.271791/-97.752911,https://www.openstreetmap.org/?mlat=30.271791&mlon=-97.752911#map=18/30.271791/-97.752911,"603, North Lamar Boulevard, Austin, TX, 78703",Retail / Business listing in Downtown Austin.,Resident discount programs and neighborhood shopping incentives,Mo-Su 10:00-19:00,,,https://www.bookpeople.com/,No public special listed in source data,No public deal listed in source data,No public event listing in source data,OpenStreetMap / Overpass,2026-02-26T22:37:02Z
Bread Basket Food Store,Retail / Business,node,8925029897,30.255208,-97.730426,https://www.openstreetmap.org/node/8925029897#map=19/30.255208/-97.730426,https://www.openstreetmap.org/?mlat=30.255208&mlon=-97.730426#map=18/30.255208/-97.730426,"1514, Holly Street, Austin, TX, 78702",Retail / Business listing operated by Bread Basket.,Resident discount programs and neighborhood shopping incentives,Not listed,+1-512-474-2077,,,No public special listed in source data,No public deal listed in source data,No public event listing in source data,OpenStreetMap / Overpass,2026-02-26T22:37:02Z
Bōte,Retail / Business,way,104137272,30.258925,-97.748405,https://www.openstreetmap.org/way/104137272#map=19/30.258925/-97.748405,https://www.openstreetmap.org/?mlat=30.258925&mlon=-97.748405#map=18/30.258925/-97.748405,"312, Barton Springs Road, Austin, 78704",Retail / Business listing in Downtown Austin.,Resident discount programs and neighborhood shopping incentives,Not listed,,,,No public special listed in source data,No public deal listed in source data,No public event listing in source data,OpenStreetMap / Overpass,2026-02-26T22:37:02Z
Capital Fine Art,Retail / Business,node,2743506682,30.273943,-97.759037,https://www.openstreetmap.org/node/2743506682#map=19/30.273943/-97.759037,https://www.openstreetmap.org/?mlat=30.273943&mlon=-97.759037#map=18/30.273943/-97.759037,,Retail / Business listing in Downtown Austin.,Resident discount programs and neighborhood shopping incentives,Not listed,,,,No public special listed in source data,No public deal listed in source data,No public event listing in source data,OpenStreetMap / Overpass,2026-02-26T22:37:02Z
Capitol Cleaners,Retail / Business,node,919341615,30.250567,-97.755083,https://www.openstreetmap.org/node/919341615#map=19/30.250567/-97.755083,https://www.openstreetmap.org/?mlat=30.250567&mlon=-97.755083#map=18/30.250567/-97.755083,,Retail / Business listing in Downtown Austin.,Resident discount programs and neighborhood shopping incentives,Not listed,,,,No public special listed in source data,No public deal listed in source data,No public event listing in source data,OpenStreetMap / Overpass,2026-02-26T22:37:02Z
Capitol Gift Shop,Retail / Business,node,13427163566,30.275465,-97.74015,https://www.openstreetmap.org/node/13427163566#map=19/30.275465/-97.740150,https://www.openstreetmap.org/?mlat=30.275465&mlon=-97.740150#map=18/30.275465/-97.740150,,Retail / Business listing in Downtown Austin.,Resident discount programs and neighborhood shopping incentives,Mo-Fr 08:30-17:00; Sa 10:00-17:00; Su 12:00-17:00,,,,No public special listed in source data,No public deal listed in source data,No public event listing in source data,OpenStreetMap / Overpass,2026-02-26T22:37:02Z
Cathy's Cleaners,Retail / Business,node,3245054367,30.265655,-97.745755,https://www.openstreetmap.org/node/3245054367#map=19/30.265655/-97.745755,https://www.openstreetmap.org/?mlat=30.265655&mlon=-97.745755#map=18/30.265655/-97.745755,"231, West 3rd Street, Austin, TX, 78701",Retail / Business listing in Downtown Austin.,Resident discount programs and neighborhood shopping incentives,Not listed,,,,No public special listed in source data,No public deal listed in source data,No public event listing in source data,OpenStreetMap / Overpass,2026-02-26T22:37:02Z
Charlie's Hair Styles,Retail / Business,node,2675168099,30.269119,-97.741082,https://www.openstreetmap.org/node/2675168099#map=19/30.269119/-97.741082,https://www.openstreetmap.org/?mlat=30.269119&mlon=-97.741082#map=18/30.269119/-97.741082,"714, Brazos Street, Austin",Retail / Business listing in Downtown Austin.,Resident discount programs and neighborhood shopping incentives,Not listed,,,,No public special listed in source data,No public deal listed in source data,No public event listing in source data,OpenStreetMap / Overpass,2026-02-26T22:37:02Z
Charm School Vintage,Retail / Business,node,6200121386,30.268884,-97.728951,https://www.openstreetmap.org/node/6200121386#map=19/30.268884/-97.728951,https://www.openstreetmap.org/?mlat=30.268884&mlon=-97.728951#map=18/30.268884/-97.728951,,Retail / Business listing in Downtown Austin.,Resident discount programs and neighborhood shopping incentives,Not listed,,,https://charmschoolvintage.com,No public special listed in source data,No public deal listed in source data,No public event listing in source data,OpenStreetMap / Overpass,2026-02-26T22:37:02Z
Chevron,Retail / Business,way,379195193,30.265852,-97.733678,https://www.openstreetmap.org/way/379195193#map=19/30.265852/-97.733678,https://www.openstreetmap.org/?mlat=30.265852&mlon=-97.733678#map=18/30.265852/-97.733678,"601, North Interstate 35, Austin, TX, 78702",Retail / Business listing operated by Chevron.,Resident discount programs and neighborhood shopping incentives,Not listed,,,,No public special listed in source data,No public deal listed in source data,No public event listing in source data,OpenStreetMap / Overpass,2026-02-26T22:37:02Z
Chevron,Retail / Business,way,383346755,30.257013,-97.74745,https://www.openstreetmap.org/way/383346755#map=19/30.257013/-97.747450,https://www.openstreetmap.org/?mlat=30.257013&mlon=-97.747450#map=18/30.257013/-97.747450,"400, South Congress Avenue, Austin, TX, 78704",Retail / Business listing operated by Chevron.,Resident discount programs and neighborhood shopping incentives,Not listed,,,,No public special listed in source data,No public deal listed in source data,No public event listing in source data,OpenStreetMap / Overpass,2026-02-26T22:37:02Z
Chevron,Retail / Business,node,11601398803,30.254485,-97.737299,https://www.openstreetmap.org/node/11601398803#map=19/30.254485/-97.737299,https://www.openstreetmap.org/?mlat=30.254485&mlon=-97.737299#map=18/30.254485/-97.737299,"30, North Interstate 35, Austin, TX, 78701",Retail / Business listing operated by Chevron.,Resident discount programs and neighborhood shopping incentives,Not listed,,,,No public special listed in source data,No public deal listed in source data,No public event listing in source data,OpenStreetMap / Overpass,2026-02-26T22:37:02Z
Collective Status,Retail / Business,way,328605848,30.26679,-97.737571,https://www.openstreetmap.org/way/328605848#map=19/30.266790/-97.737571,https://www.openstreetmap.org/?mlat=30.266790&mlon=-97.737571#map=18/30.266790/-97.737571,"516, East 6th Street",Retail / Business listing in Downtown Austin.,Resident discount programs and neighborhood shopping incentives,"Su 12:00-20:00; Mo-Th 12:00-21:00; Fr,Sa 12:00-22:00",+1-512-480-0088,,https://www.collectivestatus.com/,No public special listed in source data,No public deal listed in source data,No public event listing in source data,OpenStreetMap / Overpass,2026-02-26T22:37:02Z
Compuzone,Retail / Business,node,3857693597,30.270566,-97.75581,https://www.openstreetmap.org/node/3857693597#map=19/30.270566/-97.755810,https://www.openstreetmap.org/?mlat=30.270566&mlon=-97.755810#map=18/30.270566/-97.755810,"1101, West 5th Street, Austin, TX, 78703",Retail / Business listing in Downtown Austin.,Resident discount programs and neighborhood shopping incentives,Not listed,,,,No public special listed in source data,No public deal listed in source data,No public event listing in source data,OpenStreetMap / Overpass,2026-02-26T22:37:02Z
Connoisseur Smoke Shop,Retail / Business,node,10552679891,30.264792,-97.732016,https://www.openstreetmap.org/node/10552679891#map=19/30.264792/-97.732016,https://www.openstreetmap.org/?mlat=30.264792&mlon=-97.732016#map=18/30.264792/-97.732016,"1011, East 6th Street, Austin, TX, 78702",Retail / Business listing in Downtown Austin.,Resident discount programs and neighborhood shopping incentives,Not listed,+1-512-551-2892,,,No public special listed in source data,No public deal listed in source data,No public event listing in source data,OpenStreetMap / Overpass,2026-02-26T22:37:02Z
CoStar,Retail / Business,node,4093997758,30.246777,-97.750961,https://www.openstreetmap.org/node/4093997758#map=19/30.246777/-97.750961,https://www.openstreetmap.org/?mlat=30.246777&mlon=-97.750961#map=18/30.246777/-97.750961,,Retail / Business listing in Downtown Austin.,Resident discount programs and neighborhood shopping incentives,Not listed,,,,No public special listed in source data,No public deal listed in source data,No public event listing in source data,OpenStreetMap / Overpass,2026-02-26T22:37:02Z
CubeSmart,Retail / Business,way,1279946991,30.272549,-97.76183,https://www.openstreetmap.org/way/1279946991#map=19/30.272549/-97.761830,https://www.openstreetmap.org/?mlat=30.272549&mlon=-97.761830#map=18/30.272549/-97.761830,"1141, West 5th Street, Austin, TX, 78703",Retail / Business listing operated by CubeSmart.,Resident discount programs and neighborhood shopping incentives,Not listed,,,,No public special listed in source data,No public deal listed in source data,No public event listing in source data,OpenStreetMap / Overpass,2026-02-26T22:37:02Z
Cute! Nail Studio,Retail / Business,node,9297748217,30.264668,-97.729414,https://www.openstreetmap.org/node/9297748217#map=19/30.264668/-97.729414,https://www.openstreetmap.org/?mlat=30.264668&mlon=-97.729414#map=18/30.264668/-97.729414,,Retail / Business listing in Downtown Austin.,Resident discount programs and neighborhood shopping incentives,Not listed,,,,No public special listed in source data,No public deal listed in source data,No public event listing in source data,OpenStreetMap / Overpass,2026-02-26T22:37:02Z
CVS Pharmacy,Retail / Business,way,99725034,30.26742,-97.743515,https://www.openstreetmap.org/way/99725034#map=19/30.267420/-97.743515,https://www.openstreetmap.org/?mlat=30.267420&mlon=-97.743515#map=18/30.267420/-97.743515,"500, Congress Avenue, Austin, TX, 78701",Retail / Business listing operated by CVS Pharmacy.,Resident discount programs and neighborhood shopping incentives,Mo-Su 07:00-23:00,,,https://www.cvs.com/store-locator/austin-tx-pharmacies/500-congress-ave-austin-tx-78701/storeid=10888,No public special listed in source data,No public deal listed in source data,No public event listing in source data,OpenStreetMap / Overpass,2026-02-26T22:37:02Z
Dama Botanicals,Retail / Business,node,13139991101,30.25067,-97.754312,https://www.openstreetmap.org/node/13139991101#map=19/30.250670/-97.754312,https://www.openstreetmap.org/?mlat=30.250670&mlon=-97.754312#map=18/30.250670/-97.754312,"1311, South 1st Street",Retail / Business listing in Downtown Austin.,Resident discount programs and neighborhood shopping incentives,Not listed,,,,No public special listed in source data,No public deal listed in source data,No public event listing in source data,OpenStreetMap / Overpass,2026-02-26T22:37:02Z
David's Food,Retail / Business,node,919333660,30.248418,-97.761737,https://www.openstreetmap.org/node/919333660#map=19/30.248418/-97.761737,https://www.openstreetmap.org/?mlat=30.248418&mlon=-97.761737#map=18/30.248418/-97.761737,,Retail / Business listing in Downtown Austin.,Resident discount programs and neighborhood shopping incentives,Not listed,+1-512-443-1057,,,No public special listed in source data,No public deal listed in source data,No public event listing in source data,OpenStreetMap / Overpass,2026-02-26T22:37:02Z
Davis Gallery and Framing,Retail / Business,way,379166101,30.27615,-97.749758,https://www.openstreetmap.org/way/379166101#map=19/30.276150/-97.749758,https://www.openstreetmap.org/?mlat=30.276150&mlon=-97.749758#map=18/30.276150/-97.749758,"237, West 12th Street, Austin, TX, 78701",Retail / Business listing in Downtown Austin.,Resident discount programs and neighborhood shopping incentives,Not listed,,,,No public special listed in source data,No public deal listed in source data,No public event listing in source data,OpenStreetMap / Overpass,2026-02-26T22:37:02Z
Deseo Salon,Retail / Business,node,3857696606,30.268413,-97.753244,https://www.openstreetmap.org/node/3857696606#map=19/30.268413/-97.753244,https://www.openstreetmap.org/?mlat=30.268413&mlon=-97.753244#map=18/30.268413/-97.753244,"830, West 3rd Street, Austin, TX, 78703",Retail / Business listing in Downtown Austin.,Resident discount programs and neighborhood shopping incentives,Not listed,+1-512-551-2929,,https://deseosalon.com/,No public special listed in source data,No public deal listed in source data,No public event listing in source data,OpenStreetMap / Overpass,2026-02-26T22:37:02Z
Don's Automotive,Retail / Business,way,382454730,30.24832,-97.755838,https://www.openstreetmap.org/way/382454730#map=19/30.248320/-97.755838,https://www.openstreetmap.org/?mlat=30.248320&mlon=-97.755838#map=18/30.248320/-97.755838,"1636, South 1st Street",Retail / Business listing in Downtown Austin.,Resident discount programs and neighborhood shopping incentives,Not listed,+1 512-447-9032,,https://donsautomotive.com/,No public special listed in source data,No public deal listed in source data,No public event listing in source data,OpenStreetMap / Overpass,2026-02-26T22:37:02Z
Downtown Austin Space Activation,Retail / Business,way,1020754975,30.267605,-97.743444,https://www.openstreetmap.org/way/1020754975#map=19/30.267605/-97.743444,https://www.openstreetmap.org/?mlat=30.267605&mlon=-97.743444#map=18/30.267605/-97.743444,"506, Congress Avenue, Austin, TX, 78701",Retail / Business listing in Downtown Austin.,Resident discount programs and neighborhood shopping incentives,Not listed,,,,No public special listed in source data,No public deal listed in source data,No public event listing in source data,OpenStreetMap / Overpass,2026-02-26T22:37:02Z
Drybar,Retail / Business,node,8858558304,30.265059,-97.745592,https://www.openstreetmap.org/node/8858558304#map=19/30.265059/-97.745592,https://www.openstreetmap.org/?mlat=30.265059&mlon=-97.745592#map=18/30.265059/-97.745592,"202, Colorado Street, Austin, TX, 78701",Retail / Business listing operated by Drybar.,Resident discount programs and neighborhood shopping incentives,Not listed,,,,No public special listed in source data,No public deal listed in source data,No public event listing in source data,OpenStreetMap / Overpass,2026-02-26T22:37:02Z
Einstin Bros. Bagels,Retail / Business,node,1483931028,30.276787,-97.752202,https://www.openstreetmap.org/node/1483931028#map=19/30.276787/-97.752202,https://www.openstreetmap.org/?mlat=30.276787&mlon=-97.752202#map=18/30.276787/-97.752202,,Retail / Business listing in Downtown Austin.,Resident discount programs and neighborhood shopping incentives,Not listed,,,,No public special listed in source data,No public deal listed in source data,No public event listing in source data,OpenStreetMap / Overpass,2026-02-26T22:37:02Z
Eliza Page,Retail / Business,node,3245054366,30.26472,-97.746194,https://www.openstreetmap.org/node/3245054366#map=19/30.264720/-97.746194,https://www.openstreetmap.org/?mlat=30.264720&mlon=-97.746194#map=18/30.264720/-97.746194,"229, West 2nd Street",Retail / Business listing in Downtown Austin.,Resident discount programs and neighborhood shopping incentives,Not listed,,,,No public special listed in source data,No public deal listed in source data,No public event listing in source data,OpenStreetMap / Overpass,2026-02-26T22:37:02Z
Elle's Austin,Retail / Business,way,382597045,30.273013,-97.756764,https://www.openstreetmap.org/way/382597045#map=19/30.273013/-97.756764,https://www.openstreetmap.org/?mlat=30.273013&mlon=-97.756764#map=18/30.273013/-97.756764,"605, Blanco Street, Austin, TX, 78703",Retail / Business listing in Downtown Austin.,Resident discount programs and neighborhood shopping incentives,Tu-Sa 12:00-19:00; Su-Mo 12:00-18:00,,,https://ellesboutique.co/,No public special listed in source data,No public deal listed in source data,No public event listing in source data,OpenStreetMap / Overpass,2026-02-26T22:37:02Z
Enfield Nails,Retail / Business,way,1212085443,30.276992,-97.750841,https://www.openstreetmap.org/way/1212085443#map=19/30.276992/-97.750841,https://www.openstreetmap.org/?mlat=30.276992&mlon=-97.750841#map=18/30.276992/-97.750841,"916, West 12th Street, Austin, TX, 78703",Retail / Business listing in Downtown Austin.,Resident discount programs and neighborhood shopping incentives,Not listed,,,,No public special listed in source data,No public deal listed in source data,No public event listing in source data,OpenStreetMap / Overpass,2026-02-26T22:37:02Z
European Wax Center,Retail / Business,node,10563618405,30.255815,-97.762492,https://www.openstreetmap.org/node/10563618405#map=19/30.255815/-97.762492,https://www.openstreetmap.org/?mlat=30.255815&mlon=-97.762492#map=18/30.255815/-97.762492,"1100, South Lamar Boulevard, Austin, TX, 78704",Retail / Business listing operated by European Wax Center.,Resident discount programs and neighborhood shopping incentives,Not listed,,,https://locations.waxcenter.com/tx/austin/austin-south-lamar-0643.html,No public special listed in source data,No public deal listed in source data,No public event listing in source data,OpenStreetMap / Overpass,2026-02-26T22:37:02Z
Everest Liquor,Retail / Business,node,12815240889,30.261837,-97.726974,https://www.openstreetmap.org/node/12815240889#map=19/30.261837/-97.726974,https://www.openstreetmap.org/?mlat=30.261837&mlon=-97.726974#map=18/30.261837/-97.726974,"1601, East 5th Street, Austin, TX, 78702",Retail / Business listing in Downtown Austin.,Resident discount programs and neighborhood shopping incentives,Mo-Sa 10:00-21:00; Su off,,,,No public special listed in source data,No public deal listed in source data,No public event listing in source data,OpenStreetMap / Overpass,2026-02-26T22:37:02Z
feathers boutique,Retail / Business,node,6200138485,30.247017,-97.750964,https://www.openstreetmap.org/node/6200138485#map=19/30.247017/-97.750964,https://www.openstreetmap.org/?mlat=30.247017&mlon=-97.750964#map=18/30.247017/-97.750964,"1700B, South Congress Avenue",Retail / Business listing in Downtown Austin.,Resident discount programs and neighborhood shopping incentives,Not listed,,,https://feathersboutiquevintage.com,No public special listed in source data,No public deal listed in source data,No public event listing in source data,OpenStreetMap / Overpass,2026-02-26T22:37:02Z
FedEx Office,Retail / Business,node,2689810150,30.265982,-97.743218,https://www.openstreetmap.org/node/2689810150#map=19/30.265982/-97.743218,https://www.openstreetmap.org/?mlat=30.265982&mlon=-97.743218#map=18/30.265982/-97.743218,,Retail / Business listing operated by FedEx Office.,Resident discount programs and neighborhood shopping incentives,Not listed,,,,No public special listed in source data,No public deal listed in source data,No public event listing in source data,OpenStreetMap / Overpass,2026-02-26T22:37:02Z
Finley's Barber Shop,Retail / Business,node,3245051658,30.265668,-97.745819,https://www.openstreetmap.org/node/3245051658#map=19/30.265668/-97.745819,https://www.openstreetmap.org/?mlat=30.265668&mlon=-97.745819#map=18/30.265668/-97.745819,"237, West 3rd Street, Austin, TX, 78701",Retail / Business listing in Downtown Austin.,Resident discount programs and neighborhood shopping incentives,Not listed,,,,No public special listed in source data,No public deal listed in source data,No public event listing in source data,OpenStreetMap / Overpass,2026-02-26T22:37:02Z
Finley's Barbershop,Retail / Business,node,10563623213,30.255066,-97.762315,https://www.openstreetmap.org/node/10563623213#map=19/30.255066/-97.762315,https://www.openstreetmap.org/?mlat=30.255066&mlon=-97.762315#map=18/30.255066/-97.762315,"1100, South Lamar Boulevard, Austin, TX, 78704",Retail / Business listing operated by Finley's Barbershop.,Resident discount programs and neighborhood shopping incentives,Mo-Fr 09:00-20:00; Sa 09:00-17:00; Su 12:00-18:00,+1-512-401-3689,,https://finleysbarbershop.com/,No public special listed in source data,No public deal listed in source data,No public event listing in source data,OpenStreetMap / Overpass,2026-02-26T22:37:02Z
Firestone,Retail / Business,way,382550223,30.258361,-97.74591,https://www.openstreetmap.org/way/382550223#map=19/30.258361/-97.745910,https://www.openstreetmap.org/?mlat=30.258361&mlon=-97.745910#map=18/30.258361/-97.745910,"311, South Congress Avenue, Austin, TX, 78704",Retail / Business listing operated by Firestone.,Resident discount programs and neighborhood shopping incentives,Not listed,,,,No public special listed in source data,No public deal listed in source data,No public event listing in source data,OpenStreetMap / Overpass,2026-02-26T22:37:02Z
First Food Mart,Retail / Business,node,919341614,30.250452,-97.755118,https://www.openstreetmap.org/node/919341614#map=19/30.250452/-97.755118,https://www.openstreetmap.org/?mlat=30.250452&mlon=-97.755118#map=18/30.250452/-97.755118,,Retail / Business listing in Downtown Austin.,Resident discount programs and neighborhood shopping incentives,Not listed,,,,No public special listed in source data,No public deal listed in source data,No public event listing in source data,OpenStreetMap / Overpass,2026-02-26T22:37:02Z
Flat Track Coffee,Retail / Business,node,7112798561,30.257777,-97.727169,https://www.openstreetmap.org/node/7112798561#map=19/30.257777/-97.727169,https://www.openstreetmap.org/?mlat=30.257777&mlon=-97.727169#map=18/30.257777/-97.727169,"1619, East Cesar Chavez Street, Austin",Retail / Business listing in Downtown Austin.,Resident discount programs and neighborhood shopping incentives,Mo-Su 07:00-19:00,,,,No public special listed in source data,No public deal listed in source data,No public event listing in source data,OpenStreetMap / Overpass,2026-02-26T22:37:02Z
Fleet Feet,Retail / Business,node,8928045234,30.267728,-97.752488,https://www.openstreetmap.org/node/8928045234#map=19/30.267728/-97.752488,https://www.openstreetmap.org/?mlat=30.267728&mlon=-97.752488#map=18/30.267728/-97.752488,"211, Walter Seaholm Drive, Austin, TX, 78701",Retail / Business listing operated by Fleet Feet.,Resident discount programs and neighborhood shopping incentives,Not listed,,,,No public special listed in source data,No public deal listed in source data,No public event listing in source data,OpenStreetMap / Overpass,2026-02-26T22:37:02Z
Flor,Retail / Business,node,3245054369,30.264635,-97.745878,https://www.openstreetmap.org/node/3245054369#map=19/30.264635/-97.745878,https://www.openstreetmap.org/?mlat=30.264635&mlon=-97.745878#map=18/30.264635/-97.745878,"209, West 2nd Street, Austin, TX",Retail / Business listing in Downtown Austin.,Resident discount programs and neighborhood shopping incentives,Not listed,,,,No public special listed in source data,No public deal listed in source data,No public event listing in source data,OpenStreetMap / Overpass,2026-02-26T22:37:02Z
Foxtrot,Retail / Business,node,1539153968,30.264897,-97.746911,https://www.openstreetmap.org/node/1539153968#map=19/30.264897/-97.746911,https://www.openstreetmap.org/?mlat=30.264897&mlon=-97.746911#map=18/30.264897/-97.746911,"301, West 2nd Street, Austin, TX, 78701",Retail / Business listing in Downtown Austin.,Resident discount programs and neighborhood shopping incentives,Su-We 06:30-21:30; Th-Sa 06:30-22:00,+1-512-296-2039,,https://foxtrotco.com/,No public special listed in source data,No public deal listed in source data,No public event listing in source data,OpenStreetMap / Overpass,2026-02-26T22:37:02Z
Francesca's,Retail / Business,node,3245054370,30.264774,-97.746415,https://www.openstreetmap.org/node/3245054370#map=19/30.264774/-97.746415,https://www.openstreetmap.org/?mlat=30.264774&mlon=-97.746415#map=18/30.264774/-97.746415,"241, West 2nd Street",Retail / Business listing operated by Francesca's.,Resident discount programs and neighborhood shopping incentives,Not listed,,,,No public special listed in source data,No public deal listed in source data,No public event listing in source data,OpenStreetMap / Overpass,2026-02-26T22:37:02Z
Free People,Retail / Business,node,6038246680,30.271142,-97.754479,https://www.openstreetmap.org/node/6038246680#map=19/30.271142/-97.754479,https://www.openstreetmap.org/?mlat=30.271142&mlon=-97.754479#map=18/30.271142/-97.754479,,Retail / Business listing operated by Free People.,Resident discount programs and neighborhood shopping incentives,Not listed,,,,No public special listed in source data,No public deal listed in source data,No public event listing in source data,OpenStreetMap / Overpass,2026-02-26T22:37:02Z
Frenchy's,Retail / Business,node,919333664,30.24799,-97.76184,https://www.openstreetmap.org/node/919333664#map=19/30.247990/-97.761840,https://www.openstreetmap.org/?mlat=30.247990&mlon=-97.761840#map=18/30.247990/-97.761840,,Retail / Business listing in Downtown Austin.,Resident discount programs and neighborhood shopping incentives,Not listed,,,,No public special listed in source data,No public deal listed in source data,No public event listing in source data,OpenStreetMap / Overpass,2026-02-26T22:37:02Z
Fresh Plus,Retail / Business,node,919420016,30.280656,-97.758419,https://www.openstreetmap.org/node/919420016#map=19/30.280656/-97.758419,https://www.openstreetmap.org/?mlat=30.280656&mlon=-97.758419#map=18/30.280656/-97.758419,"1221, West Lynn St, 78703",Retail / Business listing in Downtown Austin.,Resident discount programs and neighborhood shopping incentives,Not listed,,,,No public special listed in source data,No public deal listed in source data,No public event listing in source data,OpenStreetMap / Overpass,2026-02-26T22:37:02Z
Gameday Cloth,Retail / Business,node,3248316813,30.265388,-97.748596,https://www.openstreetmap.org/node/3248316813#map=19/30.265388/-97.748596,https://www.openstreetmap.org/?mlat=30.265388&mlon=-97.748596#map=18/30.265388/-97.748596,"417 1/2, West 2nd Street",Retail / Business listing in Downtown Austin.,Resident discount programs and neighborhood shopping incentives,Not listed,,,,No public special listed in source data,No public deal listed in source data,No public event listing in source data,OpenStreetMap / Overpass,2026-02-26T22:37:02Z
Geiser Barbering,Retail / Business,node,13541879134,30.275199,-97.750428,https://www.openstreetmap.org/node/13541879134#map=19/30.275199/-97.750428,https://www.openstreetmap.org/?mlat=30.275199&mlon=-97.750428#map=18/30.275199/-97.750428,"821, West 11th Street, Austin, TX, 78701",Retail / Business listing in Downtown Austin.,Resident discount programs and neighborhood shopping incentives,"Mo,Tu,Th,Fr 10:00-19:00; We 13:30-19:00; Sa 09:00-14:00",+1-512-596-9956,nick@geiserbarbering.org,https://www.geiserbarbering.org,No public special listed in source data,No public deal listed in source data,No public event listing in source data,OpenStreetMap / Overpass,2026-02-26T22:37:02Z
Good Company,Retail / Business,way,382596513,30.277046,-97.751024,https://www.openstreetmap.org/way/382596513#map=19/30.277046/-97.751024,https://www.openstreetmap.org/?mlat=30.277046&mlon=-97.751024#map=18/30.277046/-97.751024,"918, West 12th Street, Austin, TX, 78703",Retail / Business listing in Downtown Austin.,Resident discount programs and neighborhood shopping incentives,Not listed,,,,No public special listed in source data,No public deal listed in source data,No public event listing in source data,OpenStreetMap / Overpass,2026-02-26T22:37:02Z
Greenbelt Botanicals,Retail / Business,node,10563623210,30.256359,-97.762992,https://www.openstreetmap.org/node/10563623210#map=19/30.256359/-97.762992,https://www.openstreetmap.org/?mlat=30.256359&mlon=-97.762992#map=18/30.256359/-97.762992,"1100, South Lamar Boulevard, Austin, TX, 78704",Retail / Business listing in Downtown Austin.,Resident discount programs and neighborhood shopping incentives,Not listed,+1-512-852-8400,,https://greenbeltbotanicals.com/,No public special listed in source data,No public deal listed in source data,No public event listing in source data,OpenStreetMap / Overpass,2026-02-26T22:37:02Z
Gully Cat Tattoo,Retail / Business,way,382491337,30.245186,-97.757496,https://www.openstreetmap.org/way/382491337#map=19/30.245186/-97.757496,https://www.openstreetmap.org/?mlat=30.245186&mlon=-97.757496#map=18/30.245186/-97.757496,"2006, South 1st Street",Retail / Business listing in Downtown Austin.,Resident discount programs and neighborhood shopping incentives,Not listed,,,,No public special listed in source data,No public deal listed in source data,No public event listing in source data,OpenStreetMap / Overpass,2026-02-26T22:37:02Z
Healthy Pet,Retail / Business,node,8220261373,30.267464,-97.752496,https://www.openstreetmap.org/node/8220261373#map=19/30.267464/-97.752496,https://www.openstreetmap.org/?mlat=30.267464&mlon=-97.752496#map=18/30.267464/-97.752496,"211, Walter Seaholm Drive, 78701",Retail / Business listing in Downtown Austin.,Resident discount programs and neighborhood shopping incentives,Su 10:00-18:00; Mo-Sa 09:00-18:00,+1-512-350-2277,,https://healthypetaustin.com/,No public special listed in source data,No public deal listed in source data,No public event listing in source data,OpenStreetMap / Overpass,2026-02-26T22:37:02Z
Hemline,Retail / Business,node,3245051649,30.26474,-97.746269,https://www.openstreetmap.org/node/3245051649#map=19/30.264740/-97.746269,https://www.openstreetmap.org/?mlat=30.264740&mlon=-97.746269#map=18/30.264740/-97.746269,"233, West 2nd Street",Retail / Business listing in Downtown Austin.,Resident discount programs and neighborhood shopping incentives,Not listed,,,,No public special listed in source data,No public deal listed in source data,No public event listing in source data,OpenStreetMap / Overpass,2026-02-26T22:37:02Z
Hermès,Retail / Business,node,13454933508,30.251969,-97.748519,https://www.openstreetmap.org/node/13454933508#map=19/30.251969/-97.748519,https://www.openstreetmap.org/?mlat=30.251969&mlon=-97.748519#map=18/30.251969/-97.748519,"1221, South Congress Avenue, Austin, TX, 78704",Retail / Business listing operated by Hermès.,Resident discount programs and neighborhood shopping incentives,Not listed,+1-737-309-0530,,,No public special listed in source data,No public deal listed in source data,No public event listing in source data,OpenStreetMap / Overpass,2026-02-26T22:37:02Z
HP Hair Designs,Retail / Business,node,6038247090,30.273107,-97.757531,https://www.openstreetmap.org/node/6038247090#map=19/30.273107/-97.757531,https://www.openstreetmap.org/?mlat=30.273107&mlon=-97.757531#map=18/30.273107/-97.757531,,Retail / Business listing in Downtown Austin.,Resident discount programs and neighborhood shopping incentives,Not listed,,,,No public special listed in source data,No public deal listed in source data,No public event listing in source data,OpenStreetMap / Overpass,2026-02-26T22:37:02Z
Hu La Hu Market 2,Retail / Business,node,919342408,30.244638,-97.757242,https://www.openstreetmap.org/node/919342408#map=19/30.244638/-97.757242,https://www.openstreetmap.org/?mlat=30.244638&mlon=-97.757242#map=18/30.244638/-97.757242,,Retail / Business listing in Downtown Austin.,Resident discount programs and neighborhood shopping incentives,Not listed,,,,No public special listed in source data,No public deal listed in source data,No public event listing in source data,OpenStreetMap / Overpass,2026-02-26T22:37:02Z
Insomnia Cookies,Retail / Business,node,3825322890,30.263399,-97.727859,https://www.openstreetmap.org/node/3825322890#map=19/30.263399/-97.727859,https://www.openstreetmap.org/?mlat=30.263399&mlon=-97.727859#map=18/30.263399/-97.727859,"1401, East 6th Street, Austin, TX, 78702",Retail / Business listing operated by Insomnia Cookies.,Resident discount programs and neighborhood shopping incentives,Not listed,,,,No public special listed in source data,No public deal listed in source data,No public event listing in source data,OpenStreetMap / Overpass,2026-02-26T22:37:02Z
J&J Spirits,Retail / Business,node,3825372316,30.268625,-97.72816,https://www.openstreetmap.org/node/3825372316#map=19/30.268625/-97.728160,https://www.openstreetmap.org/?mlat=30.268625&mlon=-97.728160#map=18/30.268625/-97.728160,"1131, East 11th Street, Austin, TX, 78702",Retail / Business listing in Downtown Austin.,Resident discount programs and neighborhood shopping incentives,Not listed,+1-512-472-5328,,http://jandjspirits.com/,No public special listed in source data,No public deal listed in source data,No public event listing in source data,OpenStreetMap / Overpass,2026-02-26T22:37:02Z
Jaguar,Retail / Business,way,1279946994,30.273062,-97.763184,https://www.openstreetmap.org/way/1279946994#map=19/30.273062/-97.763184,https://www.openstreetmap.org/?mlat=30.273062&mlon=-97.763184#map=18/30.273062/-97.763184,"1515, West 5th Street, Austin, TX, 78703",Retail / Business listing operated by Jaguar.,Resident discount programs and neighborhood shopping incentives,Not listed,,,,No public special listed in source data,No public deal listed in source data,No public event listing in source data,OpenStreetMap / Overpass,2026-02-26T22:37:02Z
Janet St. Paul Studio for Hair and Beauty,Retail / Business,node,8178233809,30.265687,-97.749555,https://www.openstreetmap.org/node/8178233809#map=19/30.265687/-97.749555,https://www.openstreetmap.org/?mlat=30.265687&mlon=-97.749555#map=18/30.265687/-97.749555,"110, San Antonio Street",Retail / Business listing in Downtown Austin.,Resident discount programs and neighborhood shopping incentives,Not listed,+1-512-474-5000,,https://janetstpaul.com/,No public special listed in source data,No public deal listed in source data,No public event listing in source data,OpenStreetMap / Overpass,2026-02-26T22:37:02Z
Joe Koen & Son Jewelers,Retail / Business,way,1213502015,30.268376,-97.742228,https://www.openstreetmap.org/way/1213502015#map=19/30.268376/-97.742228,https://www.openstreetmap.org/?mlat=30.268376&mlon=-97.742228#map=18/30.268376/-97.742228,"611, Congress Avenue, Austin, TX, 78701",Retail / Business listing in Downtown Austin.,Resident discount programs and neighborhood shopping incentives,Not listed,,,,No public special listed in source data,No public deal listed in source data,No public event listing in source data,OpenStreetMap / Overpass,2026-02-26T22:37:02Z
John Deere,Retail / Business,way,929926861,30.249949,-97.749249,https://www.openstreetmap.org/way/929926861#map=19/30.249949/-97.749249,https://www.openstreetmap.org/?mlat=30.249949&mlon=-97.749249#map=18/30.249949/-97.749249,,Retail / Business listing operated by John Deere.,Resident discount programs and neighborhood shopping incentives,Not listed,,,,No public special listed in source data,No public deal listed in source data,No public event listing in source data,OpenStreetMap / Overpass,2026-02-26T22:37:02Z
JoS. A. Bank,Retail / Business,node,6489478298,30.266088,-97.74376,https://www.openstreetmap.org/node/6489478298#map=19/30.266088/-97.743760,https://www.openstreetmap.org/?mlat=30.266088&mlon=-97.743760#map=18/30.266088/-97.743760,,Retail / Business listing operated by JoS. A. Bank.,Resident discount programs and neighborhood shopping incentives,Mo-Fr 10:00-19:30; Su 11:00-18:00; Sa 10:00-20:00,,,,No public special listed in source data,No public deal listed in source data,No public event listing in source data,OpenStreetMap / Overpass,2026-02-26T22:37:02Z
Kalologie Medspa,Retail / Business,node,10563618403,30.255692,-97.76222,https://www.openstreetmap.org/node/10563618403#map=19/30.255692/-97.762220,https://www.openstreetmap.org/?mlat=30.255692&mlon=-97.762220#map=18/30.255692/-97.762220,"1100, South Lamar Boulevard, Austin, TX, 78704",Retail / Business listing in Downtown Austin.,Resident discount programs and neighborhood shopping incentives,Not listed,,,,No public special listed in source data,No public deal listed in source data,No public event listing in source data,OpenStreetMap / Overpass,2026-02-26T22:37:02Z
Kattitude Tattoo Studio,Retail / Business,node,13475121740,30.264476,-97.732957,https://www.openstreetmap.org/node/13475121740#map=19/30.264476/-97.732957,https://www.openstreetmap.org/?mlat=30.264476&mlon=-97.732957#map=18/30.264476/-97.732957,"500, San Marcos Street, Austin, TX, 78702",Retail / Business listing in Downtown Austin.,Resident discount programs and neighborhood shopping incentives,Mo-Su 11:00-19:00,+1 512 996 4667,booking@kattitudetattoo.com,https://kattitude.com/,No public special listed in source data,No public deal listed in source data,No public event listing in source data,OpenStreetMap / Overpass,2026-02-26T22:37:02Z
Kendra Scott,Retail / Business,node,5026668857,30.24983,-97.749901,https://www.openstreetmap.org/node/5026668857#map=19/30.249830/-97.749901,https://www.openstreetmap.org/?mlat=30.249830&mlon=-97.749901#map=18/30.249830/-97.749901,"1400, South Congress Avenue, Austin, TX, 78704",Retail / Business listing operated by Kendra Scott.,Resident discount programs and neighborhood shopping incentives,Not listed,,,,No public special listed in source data,No public deal listed in source data,No public event listing in source data,OpenStreetMap / Overpass,2026-02-26T22:37:02Z
KICK PLEAT,Retail / Business,way,382597110,30.27242,-97.753807,https://www.openstreetmap.org/way/382597110#map=19/30.272420/-97.753807,https://www.openstreetmap.org/?mlat=30.272420&mlon=-97.753807#map=18/30.272420/-97.753807,"624, North Lamar Boulevard",Retail / Business listing in Downtown Austin.,Resident discount programs and neighborhood shopping incentives,Not listed,,,,No public special listed in source data,No public deal listed in source data,No public event listing in source data,OpenStreetMap / Overpass,2026-02-26T22:37:02Z
Kruger's Jewlers,Retail / Business,node,3849779888,30.269843,-97.742385,https://www.openstreetmap.org/node/3849779888#map=19/30.269843/-97.742385,https://www.openstreetmap.org/?mlat=30.269843&mlon=-97.742385#map=18/30.269843/-97.742385,"722, Congress Avenue, Austin, TX, 78701",Retail / Business listing in Downtown Austin.,Resident discount programs and neighborhood shopping incentives,Tu-Fr 10:00-17:00; Sa 10:00-16:00,,,,No public special listed in source data,No public deal listed in source data,No public event listing in source data,OpenStreetMap / Overpass,2026-02-26T22:37:02Z
La Patisserie,Retail / Business,way,382454825,30.247752,-97.756133,https://www.openstreetmap.org/way/382454825#map=19/30.247752/-97.756133,https://www.openstreetmap.org/?mlat=30.247752&mlon=-97.756133#map=18/30.247752/-97.756133,"602, West Annie Street, Austin, TX, 78704",Retail / Business listing in Downtown Austin.,Resident discount programs and neighborhood shopping incentives,Not listed,+1 512-912-0033,,https://www.lpaustin.com/,No public special listed in source data,No public deal listed in source data,No public event listing in source data,OpenStreetMap / Overpass,2026-02-26T22:37:02Z
Land Rover,Retail / Business,way,1279946995,30.272977,-97.763003,https://www.openstreetmap.org/way/1279946995#map=19/30.272977/-97.763003,https://www.openstreetmap.org/?mlat=30.272977&mlon=-97.763003#map=18/30.272977/-97.763003,"1515, West 5th Street, Austin, TX, 78703",Retail / Business listing operated by Land Rover.,Resident discount programs and neighborhood shopping incentives,Not listed,,,,No public special listed in source data,No public deal listed in source data,No public event listing in source data,OpenStreetMap / Overpass,2026-02-26T22:37:02Z
Langford Market,Retail / Business,node,3245051654,30.264791,-97.746481,https://www.openstreetmap.org/node/3245051654#map=19/30.264791/-97.746481,https://www.openstreetmap.org/?mlat=30.264791&mlon=-97.746481#map=18/30.264791/-97.746481,"249, West 2nd Street",Retail / Business listing in Downtown Austin.,Resident discount programs and neighborhood shopping incentives,Not listed,,,,No public special listed in source data,No public deal listed in source data,No public event listing in source data,OpenStreetMap / Overpass,2026-02-26T22:37:02Z
League of Rebels,Retail / Business,node,3248316798,30.265298,-97.748306,https://www.openstreetmap.org/node/3248316798#map=19/30.265298/-97.748306,https://www.openstreetmap.org/?mlat=30.265298&mlon=-97.748306#map=18/30.265298/-97.748306,"411, West 2nd Street",Retail / Business listing in Downtown Austin.,Resident discount programs and neighborhood shopping incentives,Mo-Th 11:00-18:00; Fr-Sa 11:00-18:30; Su off,+1 512-721-9903,,https://www.leagueofrebels.com/,No public special listed in source data,No public deal listed in source data,No public event listing in source data,OpenStreetMap / Overpass,2026-02-26T22:37:02Z
League of Rebels,Retail / Business,node,3248363280,30.267425,-97.74945,https://www.openstreetmap.org/node/3248363280#map=19/30.267425/-97.749450,https://www.openstreetmap.org/?mlat=30.267425&mlon=-97.749450#map=18/30.267425/-97.749450,"360, Nueces Street, Austin, TX, 78701",Retail / Business listing in Downtown Austin.,Resident discount programs and neighborhood shopping incentives,Mo-Th 11:00-18:00; Fr-Sa 11:00-18:30,+1-512-721-9903,,https://leagueofrebels.com/,No public special listed in source data,No public deal listed in source data,No public event listing in source data,OpenStreetMap / Overpass,2026-02-26T22:37:02Z
Little Swedish Hill Bakery,Retail / Business,way,1237873809,30.27282,-97.756807,https://www.openstreetmap.org/way/1237873809#map=19/30.272820/-97.756807,https://www.openstreetmap.org/?mlat=30.272820&mlon=-97.756807#map=18/30.272820/-97.756807,"1128, West 6th Street, Austin, TX, 78703",Retail / Business listing in Downtown Austin.,Resident discount programs and neighborhood shopping incentives,Not listed,,,,No public special listed in source data,No public deal listed in source data,No public event listing in source data,OpenStreetMap / Overpass,2026-02-26T22:37:02Z
Littlefield Market,Retail / Business,node,1481633380,30.267606,-97.741753,https://www.openstreetmap.org/node/1481633380#map=19/30.267606/-97.741753,https://www.openstreetmap.org/?mlat=30.267606&mlon=-97.741753#map=18/30.267606/-97.741753,,Retail / Business listing in Downtown Austin.,Resident discount programs and neighborhood shopping incentives,Not listed,,,,No public special listed in source data,No public deal listed in source data,No public event listing in source data,OpenStreetMap / Overpass,2026-02-26T22:37:02Z
Loft,Retail / Business,node,3248316808,30.265636,-97.748005,https://www.openstreetmap.org/node/3248316808#map=19/30.265636/-97.748005,https://www.openstreetmap.org/?mlat=30.265636&mlon=-97.748005#map=18/30.265636/-97.748005,"430, West 2nd Street",Retail / Business listing operated by Loft.,Resident discount programs and neighborhood shopping incentives,Not listed,,,,No public special listed in source data,No public deal listed in source data,No public event listing in source data,OpenStreetMap / Overpass,2026-02-26T22:37:02Z
Look + See Vision Care,Retail / Business,node,4288699978,30.244976,-97.756934,https://www.openstreetmap.org/node/4288699978#map=19/30.244976/-97.756934,https://www.openstreetmap.org/?mlat=30.244976&mlon=-97.756934#map=18/30.244976/-97.756934,"2007, S 1st St, Suite 104, Austin, TX, 78704",Retail / Business listing in Downtown Austin.,Resident discount programs and neighborhood shopping incentives,"Mo,Tu 09:00-18:00; Tu-We 09:30-19:00; Fr 09:00-15:00",+1-512-774-6002,,https://lookandseevision.com/,No public special listed in source data,No public deal listed in source data,No public event listing in source data,OpenStreetMap / Overpass,2026-02-26T22:37:02Z
"Love, Tito's",Retail / Business,node,3245483196,30.265615,-97.746201,https://www.openstreetmap.org/node/3245483196#map=19/30.265615/-97.746201,https://www.openstreetmap.org/?mlat=30.265615&mlon=-97.746201#map=18/30.265615/-97.746201,"215, Lavaca Street, Austin, TX, 78701",Retail / Business listing in Downtown Austin.,Resident discount programs and neighborhood shopping incentives,Not listed,,,,No public special listed in source data,No public deal listed in source data,No public event listing in source data,OpenStreetMap / Overpass,2026-02-26T22:37:02Z
Lululemon,Retail / Business,node,6038246679,30.271958,-97.754613,https://www.openstreetmap.org/node/6038246679#map=19/30.271958/-97.754613,https://www.openstreetmap.org/?mlat=30.271958&mlon=-97.754613#map=18/30.271958/-97.754613,,Retail / Business listing operated by Lululemon.,Resident discount programs and neighborhood shopping incentives,Not listed,,,,No public special listed in source data,No public deal listed in source data,No public event listing in source data,OpenStreetMap / Overpass,2026-02-26T22:37:02Z
Lululemon,Retail / Business,node,13427407852,30.253809,-97.747857,https://www.openstreetmap.org/node/13427407852#map=19/30.253809/-97.747857,https://www.openstreetmap.org/?mlat=30.253809&mlon=-97.747857#map=18/30.253809/-97.747857,,Retail / Business listing operated by Lululemon.,Resident discount programs and neighborhood shopping incentives,Not listed,,,,No public special listed in source data,No public deal listed in source data,No public event listing in source data,OpenStreetMap / Overpass,2026-02-26T22:37:02Z
Lush,Retail / Business,node,3858079479,30.271961,-97.754508,https://www.openstreetmap.org/node/3858079479#map=19/30.271961/-97.754508,https://www.openstreetmap.org/?mlat=30.271961&mlon=-97.754508#map=18/30.271961/-97.754508,"1012, West 6th Street, 78703",Retail / Business listing operated by Lush.,Resident discount programs and neighborhood shopping incentives,Not listed,,,,No public special listed in source data,No public deal listed in source data,No public event listing in source data,OpenStreetMap / Overpass,2026-02-26T22:37:02Z
Luxe Apothetique,Retail / Business,node,3245051648,30.264637,-97.745818,https://www.openstreetmap.org/node/3245051648#map=19/30.264637/-97.745818,https://www.openstreetmap.org/?mlat=30.264637&mlon=-97.745818#map=18/30.264637/-97.745818,"201, West 2nd Street",Retail / Business listing in Downtown Austin.,Resident discount programs and neighborhood shopping incentives,Not listed,,,,No public special listed in source data,No public deal listed in source data,No public event listing in source data,OpenStreetMap / Overpass,2026-02-26T22:37:02Z
Mattress Firm,Retail / Business,way,331965531,30.262512,-97.757514,https://www.openstreetmap.org/way/331965531#map=19/30.262512/-97.757514,https://www.openstreetmap.org/?mlat=30.262512&mlon=-97.757514#map=18/30.262512/-97.757514,"311, South Lamar Boulevard, Austin, TX, 78704",Retail / Business listing operated by Mattress Firm.,Resident discount programs and neighborhood shopping incentives,Not listed,+1 512-473-8631,,https://www.mattressfirm.com/en-us/stores/tx/austin/004061/,No public special listed in source data,No public deal listed in source data,No public event listing in source data,OpenStreetMap / Overpass,2026-02-26T22:37:02Z
Mellow Johnny's Bike Shop,Retail / Business,node,11364449473,30.267628,-97.755067,https://www.openstreetmap.org/node/11364449473#map=19/30.267628/-97.755067,https://www.openstreetmap.org/?mlat=30.267628&mlon=-97.755067#map=18/30.267628/-97.755067,"115, Sandra Muraida Way, Austin, TX, 78703",Retail / Business listing in Downtown Austin.,Resident discount programs and neighborhood shopping incentives,Mo-Fr 10:00-18:00; Sa-Su 10:00-17:00,+1-512-473-0222,sales@mellowjohnnys.com,https://www.mellowjohnnys.com/,No public special listed in source data,No public deal listed in source data,No public event listing in source data,OpenStreetMap / Overpass,2026-02-26T22:37:02Z
Mercury,Retail / Business,node,3245051657,30.264699,-97.746121,https://www.openstreetmap.org/node/3245051657#map=19/30.264699/-97.746121,https://www.openstreetmap.org/?mlat=30.264699&mlon=-97.746121#map=18/30.264699/-97.746121,"225, West 2nd Street",Retail / Business listing in Downtown Austin.,Resident discount programs and neighborhood shopping incentives,Not listed,,,,No public special listed in source data,No public deal listed in source data,No public event listing in source data,OpenStreetMap / Overpass,2026-02-26T22:37:02Z
Milk + Honey,Retail / Business,node,3248316805,30.264715,-97.748128,https://www.openstreetmap.org/node/3248316805#map=19/30.264715/-97.748128,https://www.openstreetmap.org/?mlat=30.264715&mlon=-97.748128#map=18/30.264715/-97.748128,,Retail / Business listing in Downtown Austin.,Resident discount programs and neighborhood shopping incentives,Not listed,,,,No public special listed in source data,No public deal listed in source data,No public event listing in source data,OpenStreetMap / Overpass,2026-02-26T22:37:02Z
Miranda Bennet Studio,Retail / Business,node,9384814116,30.268061,-97.726544,https://www.openstreetmap.org/node/9384814116#map=19/30.268061/-97.726544,https://www.openstreetmap.org/?mlat=30.268061&mlon=-97.726544#map=18/30.268061/-97.726544,,Retail / Business listing in Downtown Austin.,Resident discount programs and neighborhood shopping incentives,Tu-Su 11:00-17:00,+1-512-432-5121,,https://shopmirandabennett.com,No public special listed in source data,No public deal listed in source data,No public event listing in source data,OpenStreetMap / Overpass,2026-02-26T22:37:02Z
Mod Bikes,Retail / Business,way,382454729,30.248472,-97.755757,https://www.openstreetmap.org/way/382454729#map=19/30.248472/-97.755757,https://www.openstreetmap.org/?mlat=30.248472&mlon=-97.755757#map=18/30.248472/-97.755757,"1632, South 1st Street",Retail / Business listing in Downtown Austin.,Resident discount programs and neighborhood shopping incentives,Not listed,+1 512-518-3445,,https://mod-bikes.com/,No public special listed in source data,No public deal listed in source data,No public event listing in source data,OpenStreetMap / Overpass,2026-02-26T22:37:02Z
Modesty Hair Studio,Retail / Business,node,8492216679,30.268725,-97.727544,https://www.openstreetmap.org/node/8492216679#map=19/30.268725/-97.727544,https://www.openstreetmap.org/?mlat=30.268725&mlon=-97.727544#map=18/30.268725/-97.727544,"1200, East 11th Street, Austin, TX, 78702",Retail / Business listing in Downtown Austin.,Resident discount programs and neighborhood shopping incentives,Not listed,+1-512-628-0750,,https://www.modestyhairstudio.com/,No public special listed in source data,No public deal listed in source data,No public event listing in source data,OpenStreetMap / Overpass,2026-02-26T22:37:02Z
"Monkey See, Monkey Do",Retail / Business,node,4093997760,30.246664,-97.751002,https://www.openstreetmap.org/node/4093997760#map=19/30.246664/-97.751002,https://www.openstreetmap.org/?mlat=30.246664&mlon=-97.751002#map=18/30.246664/-97.751002,,Retail / Business listing in Downtown Austin.,Resident discount programs and neighborhood shopping incentives,Not listed,,,,No public special listed in source data,No public deal listed in source data,No public event listing in source data,OpenStreetMap / Overpass,2026-02-26T22:37:02Z
Monkies Vintage & Thrift,Retail / Business,way,380922393,30.2823,-97.742426,https://www.openstreetmap.org/way/380922393#map=19/30.282300/-97.742426,https://www.openstreetmap.org/?mlat=30.282300&mlon=-97.742426#map=18/30.282300/-97.742426,"1904, Guadalupe Street, Austin, TX, 78705",Retail / Business listing in Downtown Austin.,Resident discount programs and neighborhood shopping incentives,Su-We 12:00-18:00; Th-Sa 12:00-19:00,,,,No public special listed in source data,No public deal listed in source data,No public event listing in source data,OpenStreetMap / Overpass,2026-02-26T22:37:02Z
My Eye Dr,Retail / Business,node,12577833087,30.269628,-97.742541,https://www.openstreetmap.org/node/12577833087#map=19/30.269628/-97.742541,https://www.openstreetmap.org/?mlat=30.269628&mlon=-97.742541#map=18/30.269628/-97.742541,"714, Congress Avenue, Austin, TX, 78701",Retail / Business listing operated by MyEyeDr..,Resident discount programs and neighborhood shopping incentives,Not listed,,,,No public special listed in source data,No public deal listed in source data,No public event listing in source data,OpenStreetMap / Overpass,2026-02-26T22:37:02Z
Nails on 5th,Retail / Business,node,9604372019,30.263808,-97.732292,https://www.openstreetmap.org/node/9604372019#map=19/30.263808/-97.732292,https://www.openstreetmap.org/?mlat=30.263808&mlon=-97.732292#map=18/30.263808/-97.732292,"1011, East 5th Street, Austin, TX, 78702",Retail / Business listing in Downtown Austin.,Resident discount programs and neighborhood shopping incentives,Not listed,,,,No public special listed in source data,No public deal listed in source data,No public event listing in source data,OpenStreetMap / Overpass,2026-02-26T22:37:02Z
New Balance,Retail / Business,node,13427407853,30.254192,-97.747746,https://www.openstreetmap.org/node/13427407853#map=19/30.254192/-97.747746,https://www.openstreetmap.org/?mlat=30.254192&mlon=-97.747746#map=18/30.254192/-97.747746,,Retail / Business listing operated by New Balance.,Resident discount programs and neighborhood shopping incentives,Not listed,,,,No public special listed in source data,No public deal listed in source data,No public event listing in source data,OpenStreetMap / Overpass,2026-02-26T22:37:02Z
New World Liquor,Retail / Business,node,1481848478,30.257206,-97.746593,https://www.openstreetmap.org/node/1481848478#map=19/30.257206/-97.746593,https://www.openstreetmap.org/?mlat=30.257206&mlon=-97.746593#map=18/30.257206/-97.746593,,Retail / Business listing in Downtown Austin.,Resident discount programs and neighborhood shopping incentives,Not listed,,,,No public special listed in source data,No public deal listed in source data,No public event listing in source data,OpenStreetMap / Overpass,2026-02-26T22:37:02Z
No-Comply Skate Shop,Retail / Business,node,12248654928,30.276479,-97.74945,https://www.openstreetmap.org/node/12248654928#map=19/30.276479/-97.749450,https://www.openstreetmap.org/?mlat=30.276479&mlon=-97.749450#map=18/30.276479/-97.749450,"824, West 12th Street, Austin, TX, 78701",Retail / Business listing in Downtown Austin.,Resident discount programs and neighborhood shopping incentives,Mo-Fr 11:00-19:00; Sa 10:00-19:00; Su 11:00-18:00,+1-512-804-0472,,https://nocomplyatx.com/,No public special listed in source data,No public deal listed in source data,No public event listing in source data,OpenStreetMap / Overpass,2026-02-26T22:37:02Z
Office Depot,Retail / Business,node,12107531206,30.269686,-97.754123,https://www.openstreetmap.org/node/12107531206#map=19/30.269686/-97.754123,https://www.openstreetmap.org/?mlat=30.269686&mlon=-97.754123#map=18/30.269686/-97.754123,,Retail / Business listing operated by Office Depot.,Resident discount programs and neighborhood shopping incentives,Mo-Fr 08:00-20:00; Su 10:00-18:00; Sa 09:00-19:00,,,,No public special listed in source data,No public deal listed in source data,No public event listing in source data,OpenStreetMap / Overpass,2026-02-26T22:37:02Z
Optique Eyewear,Retail / Business,node,3248363277,30.267492,-97.749425,https://www.openstreetmap.org/node/3248363277#map=19/30.267492/-97.749425,https://www.openstreetmap.org/?mlat=30.267492&mlon=-97.749425#map=18/30.267492/-97.749425,"Suite 70, Nueces Street",Retail / Business listing in Downtown Austin.,Resident discount programs and neighborhood shopping incentives,Mo-Fr 09:00-18:00,,,,No public special listed in source data,No public deal listed in source data,No public event listing in source data,OpenStreetMap / Overpass,2026-02-26T22:37:02Z
Paper Source,Retail / Business,node,6038246681,30.271075,-97.754514,https://www.openstreetmap.org/node/6038246681#map=19/30.271075/-97.754514,https://www.openstreetmap.org/?mlat=30.271075&mlon=-97.754514#map=18/30.271075/-97.754514,,Retail / Business listing in Downtown Austin.,Resident discount programs and neighborhood shopping incentives,Mo-Sa 10:00-19:00; Su 11:00-18:00,,,,No public special listed in source data,No public deal listed in source data,No public event listing in source data,OpenStreetMap / Overpass,2026-02-26T22:37:02Z
Paper Work,Retail / Business,node,4093997761,30.246878,-97.750934,https://www.openstreetmap.org/node/4093997761#map=19/30.246878/-97.750934,https://www.openstreetmap.org/?mlat=30.246878&mlon=-97.750934#map=18/30.246878/-97.750934,,Retail / Business listing in Downtown Austin.,Resident discount programs and neighborhood shopping incentives,Not listed,,,,No public special listed in source data,No public deal listed in source data,No public event listing in source data,OpenStreetMap / Overpass,2026-02-26T22:37:02Z
Parlor Beauty Bar,Retail / Business,node,12705604265,30.262536,-97.726616,https://www.openstreetmap.org/node/12705604265#map=19/30.262536/-97.726616,https://www.openstreetmap.org/?mlat=30.262536&mlon=-97.726616#map=18/30.262536/-97.726616,,Retail / Business listing in Downtown Austin.,Resident discount programs and neighborhood shopping incentives,Tu-Fr 10:00-19:00; Sa 10:00-17:00; Su off,,,https://www.parlorbeautybar.com,No public special listed in source data,No public deal listed in source data,No public event listing in source data,OpenStreetMap / Overpass,2026-02-26T22:37:02Z
Patagonia,Retail / Business,way,328634447,30.265995,-97.744044,https://www.openstreetmap.org/way/328634447#map=19/30.265995/-97.744044,https://www.openstreetmap.org/?mlat=30.265995&mlon=-97.744044#map=18/30.265995/-97.744044,"316, Congress Avenue, Austin, TX, 78701",Retail / Business listing operated by Patagonia.,Resident discount programs and neighborhood shopping incentives,Mo-Su 10:00-18:00,,,,No public special listed in source data,No public deal listed in source data,No public event listing in source data,OpenStreetMap / Overpass,2026-02-26T22:37:02Z
Pavement,Retail / Business,node,13463419604,30.258941,-97.758612,https://www.openstreetmap.org/node/13463419604#map=19/30.258941/-97.758612,https://www.openstreetmap.org/?mlat=30.258941&mlon=-97.758612#map=18/30.258941/-97.758612,"611, South Lamar Boulevard",Retail / Business listing in Downtown Austin.,Resident discount programs and neighborhood shopping incentives,Not listed,,,https://pavement.store/,No public special listed in source data,No public deal listed in source data,No public event listing in source data,OpenStreetMap / Overpass,2026-02-26T22:37:02Z
Pepe's Tacos,Retail / Business,node,8927720349,30.273172,-97.753349,https://www.openstreetmap.org/node/8927720349#map=19/30.273172/-97.753349,https://www.openstreetmap.org/?mlat=30.273172&mlon=-97.753349#map=18/30.273172/-97.753349,"704, North Lamar Boulevard, Austin, TX, 78703",Retail / Business listing in Downtown Austin.,Resident discount programs and neighborhood shopping incentives,Not listed,,,https://www.pepestacostx.com/,No public special listed in source data,No public deal listed in source data,No public event listing in source data,OpenStreetMap / Overpass,2026-02-26T22:37:02Z
Press Cleaners,Retail / Business,node,7211858916,30.268971,-97.740629,https://www.openstreetmap.org/node/7211858916#map=19/30.268971/-97.740629,https://www.openstreetmap.org/?mlat=30.268971&mlon=-97.740629#map=18/30.268971/-97.740629,"701, Brazos Street, Austin, TX, 78701",Retail / Business listing operated by Ryan Harmon.,Resident discount programs and neighborhood shopping incentives,24/7,+1-512-522-6489,team@presscleaners.com,https://www.presscleaners.com/cities/austin-tx-laundry/,No public special listed in source data,No public deal listed in source data,No public event listing in source data,OpenStreetMap / Overpass,2026-02-26T22:37:02Z
Prima Dora,Retail / Business,node,12591570404,30.244777,-97.751843,https://www.openstreetmap.org/node/12591570404#map=19/30.244777/-97.751843,https://www.openstreetmap.org/?mlat=30.244777&mlon=-97.751843#map=18/30.244777/-97.751843,,Retail / Business listing in Downtown Austin.,Resident discount programs and neighborhood shopping incentives,Not listed,,,,No public special listed in source data,No public deal listed in source data,No public event listing in source data,OpenStreetMap / Overpass,2026-02-26T22:37:02Z
Rae Cosmetics,Retail / Business,node,3245051660,30.264758,-97.746345,https://www.openstreetmap.org/node/3245051660#map=19/30.264758/-97.746345,https://www.openstreetmap.org/?mlat=30.264758&mlon=-97.746345#map=18/30.264758/-97.746345,"237, West 2nd Street",Retail / Business listing in Downtown Austin.,Resident discount programs and neighborhood shopping incentives,Not listed,,,,No public special listed in source data,No public deal listed in source data,No public event listing in source data,OpenStreetMap / Overpass,2026-02-26T22:37:02Z
Raquel Pary Land,Retail / Business,node,5538462523,30.259202,-97.731121,https://www.openstreetmap.org/node/5538462523#map=19/30.259202/-97.731121,https://www.openstreetmap.org/?mlat=30.259202&mlon=-97.731121#map=18/30.259202/-97.731121,,Retail / Business listing in Downtown Austin.,Resident discount programs and neighborhood shopping incentives,Not listed,,,,No public special listed in source data,No public deal listed in source data,No public event listing in source data,OpenStreetMap / Overpass,2026-02-26T22:37:02Z
REI,Retail / Business,node,10863875011,30.271781,-97.753271,https://www.openstreetmap.org/node/10863875011#map=19/30.271781/-97.753271,https://www.openstreetmap.org/?mlat=30.271781&mlon=-97.753271#map=18/30.271781/-97.753271,"601, North Lamar Boulevard, Austin, TX, 78703",Retail / Business listing operated by REI.,Resident discount programs and neighborhood shopping incentives,"Mo-Fr 10:00-21:00, Sa 10:00-20:00, Su 10:00-18:00",+1-512-482-3357,,https://www.rei.com/stores/austin-downtown,No public special listed in source data,No public deal listed in source data,No public event listing in source data,OpenStreetMap / Overpass,2026-02-26T22:37:02Z
Resistencia Bookstore,Retail / Business,node,1049115354,30.24729,-97.755745,https://www.openstreetmap.org/node/1049115354#map=19/30.247290/-97.755745,https://www.openstreetmap.org/?mlat=30.247290&mlon=-97.755745#map=18/30.247290/-97.755745,"1801 #A, South 1st Street",Retail / Business listing in Downtown Austin.,Resident discount programs and neighborhood shopping incentives,Not listed,,,https://www.resistenciabooks.com/,No public special listed in source data,No public deal listed in source data,No public event listing in source data,OpenStreetMap / Overpass,2026-02-26T22:37:02Z
Rio Mart,Retail / Business,node,11212843992,30.284143,-97.744904,https://www.openstreetmap.org/node/11212843992#map=19/30.284143/-97.744904,https://www.openstreetmap.org/?mlat=30.284143&mlon=-97.744904#map=18/30.284143/-97.744904,"2101, Rio Grande Street, Austin, TX, 78705",Retail / Business listing in Downtown Austin.,Resident discount programs and neighborhood shopping incentives,Not listed,,,,No public special listed in source data,No public deal listed in source data,No public event listing in source data,OpenStreetMap / Overpass,2026-02-26T22:37:02Z
Rising Sun Japanese Auto Service,Retail / Business,way,383355022,30.255735,-97.761337,https://www.openstreetmap.org/way/383355022#map=19/30.255735/-97.761337,https://www.openstreetmap.org/?mlat=30.255735&mlon=-97.761337#map=18/30.255735/-97.761337,"1001, South Lamar Boulevard, Austin, TX, 78704",Retail / Business listing operated by Rising Sun Automotive.,Resident discount programs and neighborhood shopping incentives,Mo-Fr 07:30-17:30,+1-512-443-4122,,https://www.risingsunjapanese.com/rising-sun-south-south-lamar/,No public special listed in source data,No public deal listed in source data,No public event listing in source data,OpenStreetMap / Overpass,2026-02-26T22:37:02Z
Rivers & Reefs Pet Center,Retail / Business,node,1537302424,30.245043,-97.757565,https://www.openstreetmap.org/node/1537302424#map=19/30.245043/-97.757565,https://www.openstreetmap.org/?mlat=30.245043&mlon=-97.757565#map=18/30.245043/-97.757565,"2008, S 1st St, 78704",Retail / Business listing in Downtown Austin.,Resident discount programs and neighborhood shopping incentives,Not listed,+1-512-445-5101,,,No public special listed in source data,No public deal listed in source data,No public event listing in source data,OpenStreetMap / Overpass,2026-02-26T22:37:02Z
Rivian,Retail / Business,node,12216995280,30.259719,-97.74619,https://www.openstreetmap.org/node/12216995280#map=19/30.259719/-97.746190,https://www.openstreetmap.org/?mlat=30.259719&mlon=-97.746190#map=18/30.259719/-97.746190,,Retail / Business listing operated by Rivian.,Resident discount programs and neighborhood shopping incentives,"Su-Th 10:00-19:00; Fr,Sa 10:00-20:00",,,https://rivian.com/spaces/austin,No public special listed in source data,No public deal listed in source data,No public event listing in source data,OpenStreetMap / Overpass,2026-02-26T22:37:02Z
Roar,Retail / Business,node,8991620972,30.256207,-97.739605,https://www.openstreetmap.org/node/8991620972#map=19/30.256207/-97.739605,https://www.openstreetmap.org/?mlat=30.256207&mlon=-97.739605#map=18/30.256207/-97.739605,"43, Rainey Street, Austin, TX, 78701",Retail / Business listing in Downtown Austin.,Resident discount programs and neighborhood shopping incentives,Not listed,,,,No public special listed in source data,No public deal listed in source data,No public event listing in source data,OpenStreetMap / Overpass,2026-02-26T22:37:02Z
Royal Blue Grocery,Retail / Business,way,1213502014,30.268325,-97.742301,https://www.openstreetmap.org/way/1213502014#map=19/30.268325/-97.742301,https://www.openstreetmap.org/?mlat=30.268325&mlon=-97.742301#map=18/30.268325/-97.742301,"609, Congress Avenue, Austin, TX, 78701",Retail / Business listing in Downtown Austin.,Resident discount programs and neighborhood shopping incentives,Mo-Sa 08:00-20:00,,,,No public special listed in source data,No public deal listed in source data,No public event listing in source data,OpenStreetMap / Overpass,2026-02-26T22:37:02Z
Royal Blue Grocery,Retail / Business,node,3245054362,30.265688,-97.745879,https://www.openstreetmap.org/node/3245054362#map=19/30.265688/-97.745879,https://www.openstreetmap.org/?mlat=30.265688&mlon=-97.745879#map=18/30.265688/-97.745879,"241, West 3rd Street, Austin, TX, 78701",Retail / Business listing in Downtown Austin.,Resident discount programs and neighborhood shopping incentives,Mo-Su 07:00-24:00,,,,No public special listed in source data,No public deal listed in source data,No public event listing in source data,OpenStreetMap / Overpass,2026-02-26T22:37:02Z
Royal Blue Grocery,Retail / Business,node,3248363279,30.267667,-97.749371,https://www.openstreetmap.org/node/3248363279#map=19/30.267667/-97.749371,https://www.openstreetmap.org/?mlat=30.267667&mlon=-97.749371#map=18/30.267667/-97.749371,"360, Nueces Street, Austin, TX, 78701",Retail / Business listing in Downtown Austin.,Resident discount programs and neighborhood shopping incentives,Mo-Su 07:00-24:00,+1-512-476-5700,,https://www.royalbluegrocery.com/4th-nueces,No public special listed in source data,No public deal listed in source data,No public event listing in source data,OpenStreetMap / Overpass,2026-02-26T22:37:02Z
Royal Blue Grocery,Retail / Business,node,8991620974,30.257295,-97.739221,https://www.openstreetmap.org/node/8991620974#map=19/30.257295/-97.739221,https://www.openstreetmap.org/?mlat=30.257295&mlon=-97.739221#map=18/30.257295/-97.739221,"51, Rainey Street, Austin, TX, 78701",Retail / Business listing operated by Royal Blue Grocery.,Resident discount programs and neighborhood shopping incentives,Mo-Su 07:00-24:00,+1-512-480-0036,,https://www.royalbluegrocery.com/,No public special listed in source data,No public deal listed in source data,No public event listing in source data,OpenStreetMap / Overpass,2026-02-26T22:37:02Z
Royal Blue Grocery,Retail / Business,node,9494461582,30.264874,-97.741994,https://www.openstreetmap.org/node/9494461582#map=19/30.264874/-97.741994,https://www.openstreetmap.org/?mlat=30.264874&mlon=-97.741994#map=18/30.264874/-97.741994,"301, Brazos Street, Austin, TX, 78701",Retail / Business listing operated by Royal Blue Grocery.,Resident discount programs and neighborhood shopping incentives,Mo-Su 07:00-24:00,+1-512-386-1617,,https://www.royalbluegrocery.com/,No public special listed in source data,No public deal listed in source data,No public event listing in source data,OpenStreetMap / Overpass,2026-02-26T22:37:02Z
Royalty’s BarberShop,Retail / Business,node,13298140174,30.244613,-97.757277,https://www.openstreetmap.org/node/13298140174#map=19/30.244613/-97.757277,https://www.openstreetmap.org/?mlat=30.244613&mlon=-97.757277#map=18/30.244613/-97.757277,"2101, South 1st Street, Austin, TX, 78704",Retail / Business listing in Downtown Austin.,Resident discount programs and neighborhood shopping incentives,Mo 12:00-18:00; Tu-Th 12:00-18:50; Fr 12:10-18:50; Sa 11:30-18:50,,,,No public special listed in source data,No public deal listed in source data,No public event listing in source data,OpenStreetMap / Overpass,2026-02-26T22:37:02Z
Ruiz Salon,Retail / Business,node,8220261375,30.26739,-97.752644,https://www.openstreetmap.org/node/8220261375#map=19/30.267390/-97.752644,https://www.openstreetmap.org/?mlat=30.267390&mlon=-97.752644#map=18/30.267390/-97.752644,"211, Walter Seaholm Drive, Austin, TX, 78701",Retail / Business listing in Downtown Austin.,Resident discount programs and neighborhood shopping incentives,Not listed,,,,No public special listed in source data,No public deal listed in source data,No public event listing in source data,OpenStreetMap / Overpass,2026-02-26T22:37:02Z
Ruiz Salon,Retail / Business,node,12708690937,30.270558,-97.754803,https://www.openstreetmap.org/node/12708690937#map=19/30.270558/-97.754803,https://www.openstreetmap.org/?mlat=30.270558&mlon=-97.754803#map=18/30.270558/-97.754803,,Retail / Business listing in Downtown Austin.,Resident discount programs and neighborhood shopping incentives,Not listed,,,,No public special listed in source data,No public deal listed in source data,No public event listing in source data,OpenStreetMap / Overpass,2026-02-26T22:37:02Z
Sames Red Barn Express,Retail / Business,way,382461709,30.24465,-97.730777,https://www.openstreetmap.org/way/382461709#map=19/30.244650/-97.730777,https://www.openstreetmap.org/?mlat=30.244650&mlon=-97.730777#map=18/30.244650/-97.730777,"1637, East Riverside Drive, Austin, TX, 78741",Retail / Business listing in Downtown Austin.,Resident discount programs and neighborhood shopping incentives,Mo-Fr 09:00-20:00; Sa 09:00-19:00,+1-512-628-0500,,https://www.samesrbm.com/,No public special listed in source data,No public deal listed in source data,No public event listing in source data,OpenStreetMap / Overpass,2026-02-26T22:37:02Z
Scruff's Barbershop,Retail / Business,node,12815243178,30.261833,-97.726603,https://www.openstreetmap.org/node/12815243178#map=19/30.261833/-97.726603,https://www.openstreetmap.org/?mlat=30.261833&mlon=-97.726603#map=18/30.261833/-97.726603,"1601, East 5th Street, Austin, TX, 78702",Retail / Business listing in Downtown Austin.,Resident discount programs and neighborhood shopping incentives,"Tu-Fr 10:00-19:00; Sa 10:00-17:00; Su,Mo off",,,,No public special listed in source data,No public deal listed in source data,No public event listing in source data,OpenStreetMap / Overpass,2026-02-26T22:37:02Z
Self Edge,Retail / Business,way,1024600248,30.253808,-97.763346,https://www.openstreetmap.org/way/1024600248#map=19/30.253808/-97.763346,https://www.openstreetmap.org/?mlat=30.253808&mlon=-97.763346#map=18/30.253808/-97.763346,"1300, South Lamar Boulevard, Austin, TX, 78704",Retail / Business listing operated by Self Edge.,Resident discount programs and neighborhood shopping incentives,Mo-Sa 12:00-19:00; Su 12:00-18:00,+1-512-284-7225,,,No public special listed in source data,No public deal listed in source data,No public event listing in source data,OpenStreetMap / Overpass,2026-02-26T22:37:02Z
Shell,Retail / Business,way,379208337,30.266763,-97.733332,https://www.openstreetmap.org/way/379208337#map=19/30.266763/-97.733332,https://www.openstreetmap.org/?mlat=30.266763&mlon=-97.733332#map=18/30.266763/-97.733332,,Retail / Business listing operated by Shell.,Resident discount programs and neighborhood shopping incentives,Not listed,,,,No public special listed in source data,No public deal listed in source data,No public event listing in source data,OpenStreetMap / Overpass,2026-02-26T22:37:02Z
Sherwin-Williams,Retail / Business,node,6038247091,30.272778,-97.757835,https://www.openstreetmap.org/node/6038247091#map=19/30.272778/-97.757835,https://www.openstreetmap.org/?mlat=30.272778&mlon=-97.757835#map=18/30.272778/-97.757835,,Retail / Business listing operated by Sherwin-Williams.,Resident discount programs and neighborhood shopping incentives,Not listed,,,,No public special listed in source data,No public deal listed in source data,No public event listing in source data,OpenStreetMap / Overpass,2026-02-26T22:37:02Z
Signature Austin,Retail / Business,way,392131335,30.268998,-97.734178,https://www.openstreetmap.org/way/392131335#map=19/30.268998/-97.734178,https://www.openstreetmap.org/?mlat=30.268998&mlon=-97.734178#map=18/30.268998/-97.734178,,Retail / Business listing in Downtown Austin.,Resident discount programs and neighborhood shopping incentives,Not listed,,,,No public special listed in source data,No public deal listed in source data,No public event listing in source data,OpenStreetMap / Overpass,2026-02-26T22:37:02Z
Sikara & Co.,Retail / Business,node,3248316802,30.265368,-97.748512,https://www.openstreetmap.org/node/3248316802#map=19/30.265368/-97.748512,https://www.openstreetmap.org/?mlat=30.265368&mlon=-97.748512#map=18/30.265368/-97.748512,"417, West 2nd Street",Retail / Business listing in Downtown Austin.,Resident discount programs and neighborhood shopping incentives,Not listed,,,,No public special listed in source data,No public deal listed in source data,No public event listing in source data,OpenStreetMap / Overpass,2026-02-26T22:37:02Z
Sledd Nursery,Retail / Business,node,919420338,30.280369,-97.758747,https://www.openstreetmap.org/node/919420338#map=19/30.280369/-97.758747,https://www.openstreetmap.org/?mlat=30.280369&mlon=-97.758747#map=18/30.280369/-97.758747,"1211, West Lynn St, 78703",Retail / Business listing in Downtown Austin.,Resident discount programs and neighborhood shopping incentives,Not listed,,,,No public special listed in source data,No public deal listed in source data,No public event listing in source data,OpenStreetMap / Overpass,2026-02-26T22:37:02Z
Southside Tattoo,Retail / Business,node,3181872972,30.250597,-97.749074,https://www.openstreetmap.org/node/3181872972#map=19/30.250597/-97.749074,https://www.openstreetmap.org/?mlat=30.250597&mlon=-97.749074#map=18/30.250597/-97.749074,,Retail / Business listing in Downtown Austin.,Resident discount programs and neighborhood shopping incentives,Not listed,,,,No public special listed in source data,No public deal listed in source data,No public event listing in source data,OpenStreetMap / Overpass,2026-02-26T22:37:02Z
Spec's,Retail / Business,node,12593313869,30.274839,-97.752633,https://www.openstreetmap.org/node/12593313869#map=19/30.274839/-97.752633,https://www.openstreetmap.org/?mlat=30.274839&mlon=-97.752633#map=18/30.274839/-97.752633,,Retail / Business listing operated by Spec's.,Resident discount programs and neighborhood shopping incentives,Not listed,,,,No public special listed in source data,No public deal listed in source data,No public event listing in source data,OpenStreetMap / Overpass,2026-02-26T22:37:02Z
Spectrum,Retail / Business,node,9604372017,30.263476,-97.731352,https://www.openstreetmap.org/node/9604372017#map=19/30.263476/-97.731352,https://www.openstreetmap.org/?mlat=30.263476&mlon=-97.731352#map=18/30.263476/-97.731352,"1109, East 5th Street, Austin, TX, 78702",Retail / Business listing operated by Spectrum.,Resident discount programs and neighborhood shopping incentives,Not listed,,,,No public special listed in source data,No public deal listed in source data,No public event listing in source data,OpenStreetMap / Overpass,2026-02-26T22:37:02Z
Sugar Mama's Bakeshop,Retail / Business,node,919334012,30.246264,-97.756352,https://www.openstreetmap.org/node/919334012#map=19/30.246264/-97.756352,https://www.openstreetmap.org/?mlat=30.246264&mlon=-97.756352#map=18/30.246264/-97.756352,,Retail / Business listing in Downtown Austin.,Resident discount programs and neighborhood shopping incentives,Not listed,,,,No public special listed in source data,No public deal listed in source data,No public event listing in source data,OpenStreetMap / Overpass,2026-02-26T22:37:02Z
Sunny's,Retail / Business,node,12125422921,30.254214,-97.763036,https://www.openstreetmap.org/node/12125422921#map=19/30.254214/-97.763036,https://www.openstreetmap.org/?mlat=30.254214&mlon=-97.763036#map=18/30.254214/-97.763036,,Retail / Business listing in Downtown Austin.,Resident discount programs and neighborhood shopping incentives,"Mo-Fr 06:00-24:00, Sa 06:00-01:00, Su 07:00-24:00",,,,No public special listed in source data,No public deal listed in source data,No public event listing in source data,OpenStreetMap / Overpass,2026-02-26T22:37:02Z
Swamp Mermaid Beauty Project,Retail / Business,node,10552679897,30.264119,-97.73227,https://www.openstreetmap.org/node/10552679897#map=19/30.264119/-97.732270,https://www.openstreetmap.org/?mlat=30.264119&mlon=-97.732270#map=18/30.264119/-97.732270,"1000, East 5th Street, Austin, TX, 78702",Retail / Business listing in Downtown Austin.,Resident discount programs and neighborhood shopping incentives,Not listed,,,,No public special listed in source data,No public deal listed in source data,No public event listing in source data,OpenStreetMap / Overpass,2026-02-26T22:37:02Z
Swatch,Retail / Business,node,3248316801,30.265615,-97.747894,https://www.openstreetmap.org/node/3248316801#map=19/30.265615/-97.747894,https://www.openstreetmap.org/?mlat=30.265615&mlon=-97.747894#map=18/30.265615/-97.747894,"408, West 2nd Street",Retail / Business listing operated by Swatch.,Resident discount programs and neighborhood shopping incentives,Not listed,,,,No public special listed in source data,No public deal listed in source data,No public event listing in source data,OpenStreetMap / Overpass,2026-02-26T22:37:02Z
Take Heart,Retail / Business,node,9384829517,30.268118,-97.726709,https://www.openstreetmap.org/node/9384829517#map=19/30.268118/-97.726709,https://www.openstreetmap.org/?mlat=30.268118&mlon=-97.726709#map=18/30.268118/-97.726709,,Retail / Business listing in Downtown Austin.,Resident discount programs and neighborhood shopping incentives,Not listed,,,https://www.takeheartshop.com,No public special listed in source data,No public deal listed in source data,No public event listing in source data,OpenStreetMap / Overpass,2026-02-26T22:37:02Z
Target,Retail / Business,node,6797145992,30.283569,-97.741555,https://www.openstreetmap.org/node/6797145992#map=19/30.283569/-97.741555,https://www.openstreetmap.org/?mlat=30.283569&mlon=-97.741555#map=18/30.283569/-97.741555,"2025, Guadalupe Street, Austin, TX, 78705",Retail / Business listing operated by Target.,Resident discount programs and neighborhood shopping incentives,Mo-Fr 07:00-22:00; Sa-Su 08:00-22:00,+1 512-651-1262,,https://www.target.com/sl/austin-ut-campus/3250,No public special listed in source data,No public deal listed in source data,No public event listing in source data,OpenStreetMap / Overpass,2026-02-26T22:37:02Z
Target,Retail / Business,node,8369055427,30.26423,-97.733832,https://www.openstreetmap.org/node/8369055427#map=19/30.264230/-97.733832,https://www.openstreetmap.org/?mlat=30.264230&mlon=-97.733832#map=18/30.264230/-97.733832,"901, East 5th Street, Austin, TX, 78702-4075",Retail / Business listing operated by Target.,Resident discount programs and neighborhood shopping incentives,Mo-Fr 07:00-22:00; Sa-Su 08:00-22:00,+1 512-813-2929,,https://www.target.com/sl/austin-saltillo/3342,No public special listed in source data,No public deal listed in source data,No public event listing in source data,OpenStreetMap / Overpass,2026-02-26T22:37:02Z
Target,Retail / Business,node,11872750509,30.283415,-97.74174,https://www.openstreetmap.org/node/11872750509#map=19/30.283415/-97.741740,https://www.openstreetmap.org/?mlat=30.283415&mlon=-97.741740#map=18/30.283415/-97.741740,"2025, Guadalupe Street, 78705",Retail / Business listing operated by Target.,Resident discount programs and neighborhood shopping incentives,"Mo-Fr 07:00-22:00; Sa,Su 08:00-22:00",,,,No public special listed in source data,No public deal listed in source data,No public event listing in source data,OpenStreetMap / Overpass,2026-02-26T22:37:02Z
Team Shop,Retail / Business,node,13047924725,30.284059,-97.733761,https://www.openstreetmap.org/node/13047924725#map=19/30.284059/-97.733761,https://www.openstreetmap.org/?mlat=30.284059&mlon=-97.733761#map=18/30.284059/-97.733761,,Retail / Business listing in Downtown Austin.,Resident discount programs and neighborhood shopping incentives,Not listed,,,,No public special listed in source data,No public deal listed in source data,No public event listing in source data,OpenStreetMap / Overpass,2026-02-26T22:37:02Z
Tears of Joy Hot Sauce Shop,Retail / Business,node,3355462829,30.266394,-97.736372,https://www.openstreetmap.org/node/3355462829#map=19/30.266394/-97.736372,https://www.openstreetmap.org/?mlat=30.266394&mlon=-97.736372#map=18/30.266394/-97.736372,,Retail / Business listing in Downtown Austin.,Resident discount programs and neighborhood shopping incentives,Not listed,+1-512-499-0766,,https://www.tearsofjoysauces.com/,No public special listed in source data,No public deal listed in source data,No public event listing in source data,OpenStreetMap / Overpass,2026-02-26T22:37:02Z
Teddies For Bettys,Retail / Business,node,3245051645,30.264678,-97.746056,https://www.openstreetmap.org/node/3245051645#map=19/30.264678/-97.746056,https://www.openstreetmap.org/?mlat=30.264678&mlon=-97.746056#map=18/30.264678/-97.746056,"221, West 2nd Street",Retail / Business listing in Downtown Austin.,Resident discount programs and neighborhood shopping incentives,Not listed,,,,No public special listed in source data,No public deal listed in source data,No public event listing in source data,OpenStreetMap / Overpass,2026-02-26T22:37:02Z
Tempur-Pedic,Retail / Business,node,3857693578,30.27052,-97.75569,https://www.openstreetmap.org/node/3857693578#map=19/30.270520/-97.755690,https://www.openstreetmap.org/?mlat=30.270520&mlon=-97.755690#map=18/30.270520/-97.755690,"1101, West 5th Street, Austin, TX, 78703",Retail / Business listing operated by Tempur-Pedic.,Resident discount programs and neighborhood shopping incentives,Not listed,,,,No public special listed in source data,No public deal listed in source data,No public event listing in source data,OpenStreetMap / Overpass,2026-02-26T22:37:02Z
Texas Ceiling Fans,Retail / Business,node,6038247093,30.272894,-97.75814,https://www.openstreetmap.org/node/6038247093#map=19/30.272894/-97.758140,https://www.openstreetmap.org/?mlat=30.272894&mlon=-97.758140#map=18/30.272894/-97.758140,,Retail / Business listing in Downtown Austin.,Resident discount programs and neighborhood shopping incentives,Not listed,,,,No public special listed in source data,No public deal listed in source data,No public event listing in source data,OpenStreetMap / Overpass,2026-02-26T22:37:02Z
Texas Custom Boots,Retail / Business,node,9753228742,30.249133,-97.755017,https://www.openstreetmap.org/node/9753228742#map=19/30.249133/-97.755017,https://www.openstreetmap.org/?mlat=30.249133&mlon=-97.755017#map=18/30.249133/-97.755017,"1601, South 1st Street, Austin, TX, 78704",Retail / Business listing in Downtown Austin.,Resident discount programs and neighborhood shopping incentives,Not listed,+1 512-981-5777,,http://www.texascustomboots.com/,No public special listed in source data,No public deal listed in source data,No public event listing in source data,OpenStreetMap / Overpass,2026-02-26T22:37:02Z
That Russian Girl,Retail / Business,node,12705595133,30.261659,-97.727045,https://www.openstreetmap.org/node/12705595133#map=19/30.261659/-97.727045,https://www.openstreetmap.org/?mlat=30.261659&mlon=-97.727045#map=18/30.261659/-97.727045,,Retail / Business listing in Downtown Austin.,Resident discount programs and neighborhood shopping incentives,Not listed,,,,No public special listed in source data,No public deal listed in source data,No public event listing in source data,OpenStreetMap / Overpass,2026-02-26T22:37:02Z
The Collective ATX Salon,Retail / Business,node,10563618406,30.255895,-97.762652,https://www.openstreetmap.org/node/10563618406#map=19/30.255895/-97.762652,https://www.openstreetmap.org/?mlat=30.255895&mlon=-97.762652#map=18/30.255895/-97.762652,"1100, South Lamar Boulevard, Austin, TX, 78704",Retail / Business listing in Downtown Austin.,Resident discount programs and neighborhood shopping incentives,Not listed,+1-512-712-4999,,https://www.thecollectiveatx.com/,No public special listed in source data,No public deal listed in source data,No public event listing in source data,OpenStreetMap / Overpass,2026-02-26T22:37:02Z
The Glassmith,Retail / Business,way,1077918079,30.263011,-97.726055,https://www.openstreetmap.org/way/1077918079#map=19/30.263011/-97.726055,https://www.openstreetmap.org/?mlat=30.263011&mlon=-97.726055#map=18/30.263011/-97.726055,,Retail / Business listing in Downtown Austin.,Resident discount programs and neighborhood shopping incentives,Not listed,,,,No public special listed in source data,No public deal listed in source data,No public event listing in source data,OpenStreetMap / Overpass,2026-02-26T22:37:02Z
The Herb Bar,Retail / Business,node,10427670109,30.245637,-97.752576,https://www.openstreetmap.org/node/10427670109#map=19/30.245637/-97.752576,https://www.openstreetmap.org/?mlat=30.245637&mlon=-97.752576#map=18/30.245637/-97.752576,,Retail / Business listing in Downtown Austin.,Resident discount programs and neighborhood shopping incentives,We-Sa 12:00-18:00; Su 12:00-17:00,,,,No public special listed in source data,No public deal listed in source data,No public event listing in source data,OpenStreetMap / Overpass,2026-02-26T22:37:02Z
The Old Bakery and Emporium,Retail / Business,way,379165877,30.272196,-97.741748,https://www.openstreetmap.org/way/379165877#map=19/30.272196/-97.741748,https://www.openstreetmap.org/?mlat=30.272196&mlon=-97.741748#map=18/30.272196/-97.741748,"1006, Congress Avenue, 78701",Retail / Business listing in Downtown Austin.,Resident discount programs and neighborhood shopping incentives,We-Fr 10:00-18:00; Sa 12:00-17:00,,,,No public special listed in source data,No public deal listed in source data,No public event listing in source data,OpenStreetMap / Overpass,2026-02-26T22:37:02Z
The Tox,Retail / Business,node,8999638865,30.267244,-97.749503,https://www.openstreetmap.org/node/8999638865#map=19/30.267244/-97.749503,https://www.openstreetmap.org/?mlat=30.267244&mlon=-97.749503#map=18/30.267244/-97.749503,"360, Nueces Street, Austin, TX, 78701",Retail / Business listing in Downtown Austin.,Resident discount programs and neighborhood shopping incentives,Not listed,,,,No public special listed in source data,No public deal listed in source data,No public event listing in source data,OpenStreetMap / Overpass,2026-02-26T22:37:02Z
The UPS Store,Retail / Business,node,3969652231,30.282511,-97.744052,https://www.openstreetmap.org/node/3969652231#map=19/30.282511/-97.744052,https://www.openstreetmap.org/?mlat=30.282511&mlon=-97.744052#map=18/30.282511/-97.744052,,Retail / Business listing operated by The UPS Store.,Resident discount programs and neighborhood shopping incentives,Mo-Fr 08:30-19:00; Sa 10:00-15:30; Su off,,,,No public special listed in source data,No public deal listed in source data,No public event listing in source data,OpenStreetMap / Overpass,2026-02-26T22:37:02Z
The UPS Store,Retail / Business,node,12523187422,30.274173,-97.743337,https://www.openstreetmap.org/node/12523187422#map=19/30.274173/-97.743337,https://www.openstreetmap.org/?mlat=30.274173&mlon=-97.743337#map=18/30.274173/-97.743337,"1108, Lavaca Street, Austin, TX, 78701",Retail / Business listing operated by The UPS Store.,Resident discount programs and neighborhood shopping incentives,Not listed,,,,No public special listed in source data,No public deal listed in source data,No public event listing in source data,OpenStreetMap / Overpass,2026-02-26T22:37:02Z
The UPS Store,Retail / Business,node,12577833092,30.265116,-97.738356,https://www.openstreetmap.org/node/12577833092#map=19/30.265116/-97.738356,https://www.openstreetmap.org/?mlat=30.265116&mlon=-97.738356#map=18/30.265116/-97.738356,"Austin, TX",Retail / Business listing operated by The UPS Store.,Resident discount programs and neighborhood shopping incentives,Not listed,,,,No public special listed in source data,No public deal listed in source data,No public event listing in source data,OpenStreetMap / Overpass,2026-02-26T22:37:02Z
Thom's Market,Retail / Business,way,383353210,30.261647,-97.759596,https://www.openstreetmap.org/way/383353210#map=19/30.261647/-97.759596,https://www.openstreetmap.org/?mlat=30.261647&mlon=-97.759596#map=18/30.261647/-97.759596,"1418, Barton Springs Road, Austin, TX",Retail / Business listing in Downtown Austin.,Resident discount programs and neighborhood shopping incentives,Mo-Sa 08:00-20:00; Su 09:00-21:00,+1 512 479 9800,,https://www.thomsmarket.com/barton-springs-location,No public special listed in source data,No public deal listed in source data,No public event listing in source data,OpenStreetMap / Overpass,2026-02-26T22:37:02Z
Thom's Market,Retail / Business,node,1481848494,30.255686,-97.744898,https://www.openstreetmap.org/node/1481848494#map=19/30.255686/-97.744898,https://www.openstreetmap.org/?mlat=30.255686&mlon=-97.744898#map=18/30.255686/-97.744898,,Retail / Business listing in Downtown Austin.,Resident discount programs and neighborhood shopping incentives,Not listed,,,,No public special listed in source data,No public deal listed in source data,No public event listing in source data,OpenStreetMap / Overpass,2026-02-26T22:37:02Z
Tiff's Treats,Retail / Business,way,381834130,30.281865,-97.744125,https://www.openstreetmap.org/way/381834130#map=19/30.281865/-97.744125,https://www.openstreetmap.org/?mlat=30.281865&mlon=-97.744125#map=18/30.281865/-97.744125,"1806, Nueces Street",Retail / Business listing in Downtown Austin.,Resident discount programs and neighborhood shopping incentives,"Mo-Fr 09:00-24:00; Sa,Su 10:00-24:00",+1 512 473 2600,,cookiedelivery.com,No public special listed in source data,No public deal listed in source data,No public event listing in source data,OpenStreetMap / Overpass,2026-02-26T22:37:02Z
Tiny Pies,Retail / Business,node,10563623211,30.255248,-97.762203,https://www.openstreetmap.org/node/10563623211#map=19/30.255248/-97.762203,https://www.openstreetmap.org/?mlat=30.255248&mlon=-97.762203#map=18/30.255248/-97.762203,"1100, South Lamar Boulevard, Austin, TX, 78704",Retail / Business listing operated by Tiny Pies.,Resident discount programs and neighborhood shopping incentives,Mo-Sa 10:00-22:00; Su 10:00-20:00,+1-512-460-9697,,https://tinypies.com/,No public special listed in source data,No public deal listed in source data,No public event listing in source data,OpenStreetMap / Overpass,2026-02-26T22:37:02Z
Tomlinson's Feed,Retail / Business,way,1212085442,30.277016,-97.750933,https://www.openstreetmap.org/way/1212085442#map=19/30.277016/-97.750933,https://www.openstreetmap.org/?mlat=30.277016&mlon=-97.750933#map=18/30.277016/-97.750933,"916, West 12th Street, Austin, TX, 78703",Retail / Business listing in Downtown Austin.,Resident discount programs and neighborhood shopping incentives,Not listed,,,,No public special listed in source data,No public deal listed in source data,No public event listing in source data,OpenStreetMap / Overpass,2026-02-26T22:37:02Z
Toy Joy,Retail / Business,node,3248316811,30.265237,-97.748063,https://www.openstreetmap.org/node/3248316811#map=19/30.265237/-97.748063,https://www.openstreetmap.org/?mlat=30.265237&mlon=-97.748063#map=18/30.265237/-97.748063,"403, West 2nd Street",Retail / Business listing in Downtown Austin.,Resident discount programs and neighborhood shopping incentives,Not listed,,,,No public special listed in source data,No public deal listed in source data,No public event listing in source data,OpenStreetMap / Overpass,2026-02-26T22:37:02Z
Trader Joe's,Retail / Business,node,3810482243,30.267696,-97.752664,https://www.openstreetmap.org/node/3810482243#map=19/30.267696/-97.752664,https://www.openstreetmap.org/?mlat=30.267696&mlon=-97.752664#map=18/30.267696/-97.752664,"211, Walter Seaholm Drive, Austin, TX, 78701",Retail / Business listing operated by Trader Joe's.,Resident discount programs and neighborhood shopping incentives,Mo-Su 08:00-21:00,+1 512-474-2263,,https://locations.traderjoes.com/tx/austin/452/,No public special listed in source data,No public deal listed in source data,No public event listing in source data,OpenStreetMap / Overpass,2026-02-26T22:37:02Z
Trek,Retail / Business,node,5771939715,30.259765,-97.758271,https://www.openstreetmap.org/node/5771939715#map=19/30.259765/-97.758271,https://www.openstreetmap.org/?mlat=30.259765&mlon=-97.758271#map=18/30.259765/-97.758271,"517, South Lamar Boulevard, Austin, TX, 78704",Retail / Business listing operated by Trek.,Resident discount programs and neighborhood shopping incentives,Mo-Sa 10:00-18:00; Su 12:00-17:00,+1-512-477-3472,,https://www.trekbikes.com/us/en_US/retail/lamar/,No public special listed in source data,No public deal listed in source data,No public event listing in source data,OpenStreetMap / Overpass,2026-02-26T22:37:02Z
True Blue Tattoo,Retail / Business,node,3355462830,30.266982,-97.736859,https://www.openstreetmap.org/node/3355462830#map=19/30.266982/-97.736859,https://www.openstreetmap.org/?mlat=30.266982&mlon=-97.736859#map=18/30.266982/-97.736859,,Retail / Business listing in Downtown Austin.,Resident discount programs and neighborhood shopping incentives,Not listed,+1-512-472-2783,,https://truebluetattoo.com/,No public special listed in source data,No public deal listed in source data,No public event listing in source data,OpenStreetMap / Overpass,2026-02-26T22:37:02Z
Tsunami Salon,Retail / Business,node,3857696612,30.268461,-97.753381,https://www.openstreetmap.org/node/3857696612#map=19/30.268461/-97.753381,https://www.openstreetmap.org/?mlat=30.268461&mlon=-97.753381#map=18/30.268461/-97.753381,"830, West 3rd Street, Austin, TX, 78703",Retail / Business listing in Downtown Austin.,Resident discount programs and neighborhood shopping incentives,Not listed,+1-512-320-0050,,http://tsunamisalon.com/,No public special listed in source data,No public deal listed in source data,No public event listing in source data,OpenStreetMap / Overpass,2026-02-26T22:37:02Z
Twin Liquors,Retail / Business,node,8883805121,30.278821,-97.741618,https://www.openstreetmap.org/node/8883805121#map=19/30.278821/-97.741618,https://www.openstreetmap.org/?mlat=30.278821&mlon=-97.741618#map=18/30.278821/-97.741618,"1600, Lavaca Street, Austin, TX, 78701",Retail / Business listing in Downtown Austin.,Resident discount programs and neighborhood shopping incentives,Mo-Sa 10:00-21:00,,,,No public special listed in source data,No public deal listed in source data,No public event listing in source data,OpenStreetMap / Overpass,2026-02-26T22:37:02Z
Urban Outfitters,Retail / Business,node,3849777659,30.265397,-97.747485,https://www.openstreetmap.org/node/3849777659#map=19/30.265397/-97.747485,https://www.openstreetmap.org/?mlat=30.265397&mlon=-97.747485#map=18/30.265397/-97.747485,"320, West 2nd Street, Austin, TX, 78701",Retail / Business listing operated by Urban Outfitters.,Resident discount programs and neighborhood shopping incentives,Not listed,,,,No public special listed in source data,No public deal listed in source data,No public event listing in source data,OpenStreetMap / Overpass,2026-02-26T22:37:02Z
Urban Wine + Liquor,Retail / Business,node,3764021159,30.264897,-97.744215,https://www.openstreetmap.org/node/3764021159#map=19/30.264897/-97.744215,https://www.openstreetmap.org/?mlat=30.264897&mlon=-97.744215#map=18/30.264897/-97.744215,,Retail / Business listing in Downtown Austin.,Resident discount programs and neighborhood shopping incentives,Mo-Sa 10:00-21:00,,,,No public special listed in source data,No public deal listed in source data,No public event listing in source data,OpenStreetMap / Overpass,2026-02-26T22:37:02Z
Verizon,Retail / Business,node,13334610086,30.263879,-97.732489,https://www.openstreetmap.org/node/13334610086#map=19/30.263879/-97.732489,https://www.openstreetmap.org/?mlat=30.263879&mlon=-97.732489#map=18/30.263879/-97.732489,"1011, East 5th Street, Austin, TX, 78702",Retail / Business listing operated by Verizon.,Resident discount programs and neighborhood shopping incentives,Not listed,,,,No public special listed in source data,No public deal listed in source data,No public event listing in source data,OpenStreetMap / Overpass,2026-02-26T22:37:02Z
Vintage bookstore & wine bar,Retail / Business,way,379208224,30.268997,-97.729249,https://www.openstreetmap.org/way/379208224#map=19/30.268997/-97.729249,https://www.openstreetmap.org/?mlat=30.268997&mlon=-97.729249#map=18/30.268997/-97.729249,"1101, East 11th Street, Austin, TX, 78702",Retail / Business listing operated by Jean.,Resident discount programs and neighborhood shopping incentives,"Mo off; Tu,We,Th,Su 11:00-22:00; Fr,Sa 11:00-23:00",+1-512-551- 9215,,https://www.vintagebooksandwine.com/,No public special listed in source data,No public deal listed in source data,No public event listing in source data,OpenStreetMap / Overpass,2026-02-26T22:37:02Z
Viva Day Spa,Retail / Business,node,5764004114,30.263675,-97.757196,https://www.openstreetmap.org/node/5764004114#map=19/30.263675/-97.757196,https://www.openstreetmap.org/?mlat=30.263675&mlon=-97.757196#map=18/30.263675/-97.757196,"215, South Lamar Boulevard, Austin, TX, 78704",Retail / Business listing in Downtown Austin.,Resident discount programs and neighborhood shopping incentives,Mo-Su 09:00-20:00,,,,No public special listed in source data,No public deal listed in source data,No public event listing in source data,OpenStreetMap / Overpass,2026-02-26T22:37:02Z
Voodoo Dougnut V,Retail / Business,node,6187463985,30.267814,-97.740841,https://www.openstreetmap.org/node/6187463985#map=19/30.267814/-97.740841,https://www.openstreetmap.org/?mlat=30.267814&mlon=-97.740841#map=18/30.267814/-97.740841,,Retail / Business listing in Downtown Austin.,Resident discount programs and neighborhood shopping incentives,Not listed,,,,No public special listed in source data,No public deal listed in source data,No public event listing in source data,OpenStreetMap / Overpass,2026-02-26T22:37:02Z
Vulcan Video,Retail / Business,node,919340380,30.249371,-97.750792,https://www.openstreetmap.org/node/919340380#map=19/30.249371/-97.750792,https://www.openstreetmap.org/?mlat=30.249371&mlon=-97.750792#map=18/30.249371/-97.750792,,Retail / Business listing in Downtown Austin.,Resident discount programs and neighborhood shopping incentives,Not listed,,,,No public special listed in source data,No public deal listed in source data,No public event listing in source data,OpenStreetMap / Overpass,2026-02-26T22:37:02Z
Vuori,Retail / Business,node,13427407855,30.254328,-97.747681,https://www.openstreetmap.org/node/13427407855#map=19/30.254328/-97.747681,https://www.openstreetmap.org/?mlat=30.254328&mlon=-97.747681#map=18/30.254328/-97.747681,,Retail / Business listing operated by Vuori.,Resident discount programs and neighborhood shopping incentives,Not listed,,,,No public special listed in source data,No public deal listed in source data,No public event listing in source data,OpenStreetMap / Overpass,2026-02-26T22:37:02Z
Waterloo Records,Retail / Business,node,3810474954,30.271811,-97.754225,https://www.openstreetmap.org/node/3810474954#map=19/30.271811/-97.754225,https://www.openstreetmap.org/?mlat=30.271811&mlon=-97.754225#map=18/30.271811/-97.754225,"600A, North Lamar Boulevard, Austin, TX, 78703",Retail / Business listing in Downtown Austin.,Resident discount programs and neighborhood shopping incentives,Mo-Su 10:00-21:00,+1-512-474-2500,,https://waterloorecords.com/,No public special listed in source data,No public deal listed in source data,No public event listing in source data,OpenStreetMap / Overpass,2026-02-26T22:37:02Z
west elm,Retail / Business,node,4966513034,30.2703,-97.755099,https://www.openstreetmap.org/node/4966513034#map=19/30.270300/-97.755099,https://www.openstreetmap.org/?mlat=30.270300&mlon=-97.755099#map=18/30.270300/-97.755099,"1011, West 5th Street, Austin, TX, 78703",Retail / Business listing operated by west elm.,Resident discount programs and neighborhood shopping incentives,Not listed,,,,No public special listed in source data,No public deal listed in source data,No public event listing in source data,OpenStreetMap / Overpass,2026-02-26T22:37:02Z
Whole Foods Market,Retail / Business,way,382559649,30.270586,-97.753281,https://www.openstreetmap.org/way/382559649#map=19/30.270586/-97.753281,https://www.openstreetmap.org/?mlat=30.270586&mlon=-97.753281#map=18/30.270586/-97.753281,"525, North Lamar Boulevard, Austin, TX, 78703",Retail / Business listing operated by Whole Foods Market.,Resident discount programs and neighborhood shopping incentives,Mo-Su 07:00-22:00,+1 512-542-2200,,https://www.wholefoodsmarket.com/stores/lamar,No public special listed in source data,No public deal listed in source data,No public event listing in source data,OpenStreetMap / Overpass,2026-02-26T22:37:02Z
Whole Foods Market,Retail / Business,node,8369055426,30.264413,-97.734144,https://www.openstreetmap.org/node/8369055426#map=19/30.264413/-97.734144,https://www.openstreetmap.org/?mlat=30.264413&mlon=-97.734144#map=18/30.264413/-97.734144,"901, East 5th Street, Austin, TX, 78702",Retail / Business listing operated by Whole Foods Market.,Resident discount programs and neighborhood shopping incentives,Mo-Su 08:00-21:00,+1 512-884-5910,,https://www.wholefoodsmarket.com/stores/eastaustin,No public special listed in source data,No public deal listed in source data,No public event listing in source data,OpenStreetMap / Overpass,2026-02-26T22:37:02Z
Whomp Smoke Shop,Retail / Business,way,383355140,30.259789,-97.759202,https://www.openstreetmap.org/way/383355140#map=19/30.259789/-97.759202,https://www.openstreetmap.org/?mlat=30.259789&mlon=-97.759202#map=18/30.259789/-97.759202,"600, South Lamar Boulevard",Retail / Business listing in Downtown Austin.,Resident discount programs and neighborhood shopping incentives,Not listed,,,,No public special listed in source data,No public deal listed in source data,No public event listing in source data,OpenStreetMap / Overpass,2026-02-26T22:37:02Z
Wild About Music,Retail / Business,way,1213502017,30.268508,-97.742234,https://www.openstreetmap.org/way/1213502017#map=19/30.268508/-97.742234,https://www.openstreetmap.org/?mlat=30.268508&mlon=-97.742234#map=18/30.268508/-97.742234,"615, Congress Avenue",Retail / Business listing in Downtown Austin.,Resident discount programs and neighborhood shopping incentives,Not listed,,,,No public special listed in source data,No public deal listed in source data,No public event listing in source data,OpenStreetMap / Overpass,2026-02-26T22:37:02Z
Wild Orchid Salon,Retail / Business,node,11192190240,30.267925,-97.751947,https://www.openstreetmap.org/node/11192190240#map=19/30.267925/-97.751947,https://www.openstreetmap.org/?mlat=30.267925&mlon=-97.751947#map=18/30.267925/-97.751947,"800, West 3rd Street",Retail / Business listing in Downtown Austin.,Resident discount programs and neighborhood shopping incentives,Not listed,,,,No public special listed in source data,No public deal listed in source data,No public event listing in source data,OpenStreetMap / Overpass,2026-02-26T22:37:02Z
Wildflower,Retail / Business,node,12708690936,30.271472,-97.754252,https://www.openstreetmap.org/node/12708690936#map=19/30.271472/-97.754252,https://www.openstreetmap.org/?mlat=30.271472&mlon=-97.754252#map=18/30.271472/-97.754252,,Retail / Business listing in Downtown Austin.,Resident discount programs and neighborhood shopping incentives,Not listed,,,,No public special listed in source data,No public deal listed in source data,No public event listing in source data,OpenStreetMap / Overpass,2026-02-26T22:37:02Z
William Paul Floral Design,Retail / Business,way,1350764219,30.276835,-97.742009,https://www.openstreetmap.org/way/1350764219#map=19/30.276835/-97.742009,https://www.openstreetmap.org/?mlat=30.276835&mlon=-97.742009#map=18/30.276835/-97.742009,"1403, Lavaca Street, Austin, TX, 78701",Retail / Business listing in Downtown Austin.,Resident discount programs and neighborhood shopping incentives,Not listed,,,,No public special listed in source data,No public deal listed in source data,No public event listing in source data,OpenStreetMap / Overpass,2026-02-26T22:37:02Z
Yard Dog,Retail / Business,node,3146092934,30.248576,-97.750329,https://www.openstreetmap.org/node/3146092934#map=19/30.248576/-97.750329,https://www.openstreetmap.org/?mlat=30.248576&mlon=-97.750329#map=18/30.248576/-97.750329,"1510, South Congress Avenue, Austin, 78704",Retail / Business listing operated by Randy Franklin & Jann Baskett.,Resident discount programs and neighborhood shopping incentives,Not listed,+1-512-912-1613,,https://www.yarddog.com/,No public special listed in source data,No public deal listed in source data,No public event listing in source data,OpenStreetMap / Overpass,2026-02-26T22:37:02Z
Yeti,Retail / Business,node,6039911721,30.259286,-97.746395,https://www.openstreetmap.org/node/6039911721#map=19/30.259286/-97.746395,https://www.openstreetmap.org/?mlat=30.259286&mlon=-97.746395#map=18/30.259286/-97.746395,,Retail / Business listing in Downtown Austin.,Resident discount programs and neighborhood shopping incentives,Not listed,,,,No public special listed in source data,No public deal listed in source data,No public event listing in source data,OpenStreetMap / Overpass,2026-02-26T22:37:02Z
Zeke’s,Retail / Business,node,8925063752,30.257162,-97.72602,https://www.openstreetmap.org/node/8925063752#map=19/30.257162/-97.726020,https://www.openstreetmap.org/?mlat=30.257162&mlon=-97.726020#map=18/30.257162/-97.726020,,Retail / Business listing in Downtown Austin.,Resident discount programs and neighborhood shopping incentives,Not listed,,,,No public special listed in source data,No public deal listed in source data,No public event listing in source data,OpenStreetMap / Overpass,2026-02-26T22:37:02Z
AMLI South Shore fitness center,Wellness / Recreation,node,8419564835,30.245119,-97.730223,https://www.openstreetmap.org/node/8419564835#map=19/30.245119/-97.730223,https://www.openstreetmap.org/?mlat=30.245119&mlon=-97.730223#map=18/30.245119/-97.730223,,Wellness / Recreation listing in Downtown Austin.,Fitness and outdoor activity alignment for resident wellbeing loops,Not listed,,,,No public special listed in source data,No public deal listed in source data,No public event listing in source data,OpenStreetMap / Overpass,2026-02-26T22:37:02Z
Ann and Roy Butler Hike and Bike 222 Riverside Easement,Wellness / Recreation,way,585478594,30.25614,-97.743122,https://www.openstreetmap.org/way/585478594#map=19/30.256140/-97.743122,https://www.openstreetmap.org/?mlat=30.256140&mlon=-97.743122#map=18/30.256140/-97.743122,,Wellness / Recreation listing in Downtown Austin.,Fitness and outdoor activity alignment for resident wellbeing loops,Not listed,,,,No public special listed in source data,No public deal listed in source data,No public event listing in source data,OpenStreetMap / Overpass,2026-02-26T22:37:02Z
Ann and Roy Butler Hike and Bike 300 Riverside Easement,Wellness / Recreation,way,585478595,30.254665,-97.743213,https://www.openstreetmap.org/way/585478595#map=19/30.254665/-97.743213,https://www.openstreetmap.org/?mlat=30.254665&mlon=-97.743213#map=18/30.254665/-97.743213,,Wellness / Recreation listing in Downtown Austin.,Fitness and outdoor activity alignment for resident wellbeing loops,Not listed,,,,No public special listed in source data,No public deal listed in source data,No public event listing in source data,OpenStreetMap / Overpass,2026-02-26T22:37:02Z
Auditorium Shores at Town Lake Metropolitan Park,Wellness / Recreation,relation,8268247,30.261774,-97.751296,https://www.openstreetmap.org/relation/8268247#map=19/30.261774/-97.751296,https://www.openstreetmap.org/?mlat=30.261774&mlon=-97.751296#map=18/30.261774/-97.751296,"800, West Riverside Drive, Austin, TX, 78704",Wellness / Recreation listing operated by Austin Parks and Recreation Department.,Fitness and outdoor activity alignment for resident wellbeing loops,Mo-Su 05:00-22:00,,,,No public special listed in source data,No public deal listed in source data,No public event listing in source data,OpenStreetMap / Overpass,2026-02-26T22:37:02Z
Austin Recreation Center,Wellness / Recreation,way,1004828610,30.278156,-97.749321,https://www.openstreetmap.org/way/1004828610#map=19/30.278156/-97.749321,https://www.openstreetmap.org/?mlat=30.278156&mlon=-97.749321#map=18/30.278156/-97.749321,"1301, Shoal Creek Boulevard, Austin, TX, 78701",Wellness / Recreation listing operated by Austin Parks and Recreation Department.,Fitness and outdoor activity alignment for resident wellbeing loops,Not listed,,,,No public special listed in source data,No public deal listed in source data,No public event listing in source data,OpenStreetMap / Overpass,2026-02-26T22:37:02Z
BEPI Park,Wellness / Recreation,way,1324391205,30.278919,-97.751829,https://www.openstreetmap.org/way/1324391205#map=19/30.278919/-97.751829,https://www.openstreetmap.org/?mlat=30.278919&mlon=-97.751829#map=18/30.278919/-97.751829,,Wellness / Recreation listing in Downtown Austin.,Fitness and outdoor activity alignment for resident wellbeing loops,Not listed,,,,No public special listed in source data,No public deal listed in source data,No public event listing in source data,OpenStreetMap / Overpass,2026-02-26T22:37:02Z
Black Swan Yoga,Wellness / Recreation,node,3825243606,30.260472,-97.734817,https://www.openstreetmap.org/node/3825243606#map=19/30.260472/-97.734817,https://www.openstreetmap.org/?mlat=30.260472&mlon=-97.734817#map=18/30.260472/-97.734817,"913, East Cesar Chavez Street",Wellness / Recreation listing in Downtown Austin.,Fitness and outdoor activity alignment for resident wellbeing loops,Not listed,,,,No public special listed in source data,No public deal listed in source data,No public event listing in source data,OpenStreetMap / Overpass,2026-02-26T22:37:02Z
Blunn Creek Greenbelt,Wellness / Recreation,way,585503754,30.243547,-97.745928,https://www.openstreetmap.org/way/585503754#map=19/30.243547/-97.745928,https://www.openstreetmap.org/?mlat=30.243547&mlon=-97.745928#map=18/30.243547/-97.745928,"1901, East Side Drive, Austin, TX, 78704",Wellness / Recreation listing operated by Austin Parks and Recreation Department.,Fitness and outdoor activity alignment for resident wellbeing loops,Not listed,,,,No public special listed in source data,No public deal listed in source data,No public event listing in source data,OpenStreetMap / Overpass,2026-02-26T22:37:02Z
Brush Square,Wellness / Recreation,way,30879307,30.265547,-97.739353,https://www.openstreetmap.org/way/30879307#map=19/30.265547/-97.739353,https://www.openstreetmap.org/?mlat=30.265547&mlon=-97.739353#map=18/30.265547/-97.739353,"409, East 5th Street, Austin, TX, 78701",Wellness / Recreation listing operated by Austin Parks and Recreation Department.,Fitness and outdoor activity alignment for resident wellbeing loops,Not listed,,,,No public special listed in source data,No public deal listed in source data,No public event listing in source data,OpenStreetMap / Overpass,2026-02-26T22:37:02Z
Butler Shores At Town Lake,Wellness / Recreation,relation,3477373,30.265286,-97.761045,https://www.openstreetmap.org/relation/3477373#map=19/30.265286/-97.761045,https://www.openstreetmap.org/?mlat=30.265286&mlon=-97.761045#map=18/30.265286/-97.761045,"200, S Lamar Blvd, Austin, TX, 78704",Wellness / Recreation listing in Downtown Austin.,Fitness and outdoor activity alignment for resident wellbeing loops,Not listed,,,,No public special listed in source data,No public deal listed in source data,No public event listing in source data,OpenStreetMap / Overpass,2026-02-26T22:37:02Z
Caldwell Treaty Oak Park,Wellness / Recreation,way,210646847,30.271225,-97.755504,https://www.openstreetmap.org/way/210646847#map=19/30.271225/-97.755504,https://www.openstreetmap.org/?mlat=30.271225&mlon=-97.755504#map=18/30.271225/-97.755504,"507, Baylor Street, Austin, TX, 78703",Wellness / Recreation listing operated by Austin Parks and Recreation Department.,Fitness and outdoor activity alignment for resident wellbeing loops,Not listed,,,,No public special listed in source data,No public deal listed in source data,No public event listing in source data,OpenStreetMap / Overpass,2026-02-26T22:37:02Z
Capitol Mall,Wellness / Recreation,way,1020958921,30.279257,-97.738804,https://www.openstreetmap.org/way/1020958921#map=19/30.279257/-97.738804,https://www.openstreetmap.org/?mlat=30.279257&mlon=-97.738804#map=18/30.279257/-97.738804,,Wellness / Recreation listing operated by Texas Facilities Commission.,Fitness and outdoor activity alignment for resident wellbeing loops,Not listed,,,,No public special listed in source data,No public deal listed in source data,No public event listing in source data,OpenStreetMap / Overpass,2026-02-26T22:37:02Z
Capitol Square,Wellness / Recreation,relation,13105661,30.274815,-97.740428,https://www.openstreetmap.org/relation/13105661#map=19/30.274815/-97.740428,https://www.openstreetmap.org/?mlat=30.274815&mlon=-97.740428#map=18/30.274815/-97.740428,,Wellness / Recreation listing in Downtown Austin.,Fitness and outdoor activity alignment for resident wellbeing loops,Mo-Su 07:00-19:00,,,,No public special listed in source data,No public deal listed in source data,No public event listing in source data,OpenStreetMap / Overpass,2026-02-26T22:37:02Z
Castle Hill Fitness,Wellness / Recreation,node,12800980068,30.276579,-97.751918,https://www.openstreetmap.org/node/12800980068#map=19/30.276579/-97.751918,https://www.openstreetmap.org/?mlat=30.276579&mlon=-97.751918#map=18/30.276579/-97.751918,"1112, North Lamar Boulevard, Austin, TX, 78703",Wellness / Recreation listing in Downtown Austin.,Fitness and outdoor activity alignment for resident wellbeing loops,Not listed,,,,No public special listed in source data,No public deal listed in source data,No public event listing in source data,OpenStreetMap / Overpass,2026-02-26T22:37:02Z
Clinger Gymnasium,Wellness / Recreation,node,368165228,30.254897,-97.749943,https://www.openstreetmap.org/node/368165228#map=19/30.254897/-97.749943,https://www.openstreetmap.org/?mlat=30.254897&mlon=-97.749943#map=18/30.254897/-97.749943,TX,Wellness / Recreation listing in Downtown Austin.,Fitness and outdoor activity alignment for resident wellbeing loops,Not listed,,,,No public special listed in source data,No public deal listed in source data,No public event listing in source data,OpenStreetMap / Overpass,2026-02-26T22:37:02Z
Club Pilates,Wellness / Recreation,node,13334610085,30.26391,-97.732576,https://www.openstreetmap.org/node/13334610085#map=19/30.263910/-97.732576,https://www.openstreetmap.org/?mlat=30.263910&mlon=-97.732576#map=18/30.263910/-97.732576,"1011, East 5th Street, Austin, TX, 78702",Wellness / Recreation listing operated by Club Pilates.,Fitness and outdoor activity alignment for resident wellbeing loops,Not listed,,,,No public special listed in source data,No public deal listed in source data,No public event listing in source data,OpenStreetMap / Overpass,2026-02-26T22:37:02Z
Comal Pocket Park,Wellness / Recreation,way,206760312,30.260715,-97.728228,https://www.openstreetmap.org/way/206760312#map=19/30.260715/-97.728228,https://www.openstreetmap.org/?mlat=30.260715&mlon=-97.728228#map=18/30.260715/-97.728228,"300, Comal Street, Austin, TX, 78702",Wellness / Recreation listing operated by Austin Parks and Recreation Department.,Fitness and outdoor activity alignment for resident wellbeing loops,Mo-Su 05:00-22:00,,,,No public special listed in source data,No public deal listed in source data,No public event listing in source data,OpenStreetMap / Overpass,2026-02-26T22:37:02Z
Darrell K Royal-Texas Memorial Stadium,Wellness / Recreation,way,128637559,30.283822,-97.732614,https://www.openstreetmap.org/way/128637559#map=19/30.283822/-97.732614,https://www.openstreetmap.org/?mlat=30.283822&mlon=-97.732614#map=18/30.283822/-97.732614,TX,Wellness / Recreation listing in Downtown Austin.,Fitness and outdoor activity alignment for resident wellbeing loops,Not listed,,,,No public special listed in source data,No public deal listed in source data,No public event listing in source data,OpenStreetMap / Overpass,2026-02-26T22:37:02Z
Dell Technologies Plaza,Wellness / Recreation,way,1054317157,30.281335,-97.73127,https://www.openstreetmap.org/way/1054317157#map=19/30.281335/-97.731270,https://www.openstreetmap.org/?mlat=30.281335&mlon=-97.731270#map=18/30.281335/-97.731270,,Wellness / Recreation listing in Downtown Austin.,Fitness and outdoor activity alignment for resident wellbeing loops,Not listed,,,,No public special listed in source data,No public deal listed in source data,No public event listing in source data,OpenStreetMap / Overpass,2026-02-26T22:37:02Z
Denton A. Cooley Pavillion,Wellness / Recreation,way,27397931,30.276177,-97.733023,https://www.openstreetmap.org/way/27397931#map=19/30.276177/-97.733023,https://www.openstreetmap.org/?mlat=30.276177&mlon=-97.733023#map=18/30.276177/-97.733023,"1601, Red River Street, TX, 78701",Wellness / Recreation listing in Downtown Austin.,Fitness and outdoor activity alignment for resident wellbeing loops,Not listed,,,,No public special listed in source data,No public deal listed in source data,No public event listing in source data,OpenStreetMap / Overpass,2026-02-26T22:37:02Z
Duncan Neighborhood Park,Wellness / Recreation,way,208164344,30.274019,-97.751123,https://www.openstreetmap.org/way/208164344#map=19/30.274019/-97.751123,https://www.openstreetmap.org/?mlat=30.274019&mlon=-97.751123#map=18/30.274019/-97.751123,,Wellness / Recreation listing in Downtown Austin.,Fitness and outdoor activity alignment for resident wellbeing loops,Not listed,,,,No public special listed in source data,No public deal listed in source data,No public event listing in source data,OpenStreetMap / Overpass,2026-02-26T22:37:02Z
East Bouldin Creek Greenbelt,Wellness / Recreation,way,1086770559,30.255814,-97.754068,https://www.openstreetmap.org/way/1086770559#map=19/30.255814/-97.754068,https://www.openstreetmap.org/?mlat=30.255814&mlon=-97.754068#map=18/30.255814/-97.754068,"901, Bouldin Avenue, Austin, TX, 78704",Wellness / Recreation listing operated by Austin Parks and Recreation Department.,Fitness and outdoor activity alignment for resident wellbeing loops,Not listed,,,,No public special listed in source data,No public deal listed in source data,No public event listing in source data,OpenStreetMap / Overpass,2026-02-26T22:37:02Z
Edward Rendon Sr. Metropolitan Park at Festival Beach,Wellness / Recreation,way,1100976990,30.250694,-97.728751,https://www.openstreetmap.org/way/1100976990#map=19/30.250694/-97.728751,https://www.openstreetmap.org/?mlat=30.250694&mlon=-97.728751#map=18/30.250694/-97.728751,"2101, Jesse E Segovia Street, Austin, TX, 78702",Wellness / Recreation listing operated by Austin Parks and Recreation Department.,Fitness and outdoor activity alignment for resident wellbeing loops,Not listed,,,,No public special listed in source data,No public deal listed in source data,No public event listing in source data,OpenStreetMap / Overpass,2026-02-26T22:37:02Z
Gregory Gymnasium,Wellness / Recreation,way,31962470,30.283988,-97.736283,https://www.openstreetmap.org/way/31962470#map=19/30.283988/-97.736283,https://www.openstreetmap.org/?mlat=30.283988&mlon=-97.736283#map=18/30.283988/-97.736283,"2101, Speedway, TX, 78712",Wellness / Recreation listing in Downtown Austin.,Fitness and outdoor activity alignment for resident wellbeing loops,Not listed,,,,No public special listed in source data,No public deal listed in source data,No public event listing in source data,OpenStreetMap / Overpass,2026-02-26T22:37:02Z
Health Learning Building Courtyard,Wellness / Recreation,way,1054507743,30.275784,-97.733259,https://www.openstreetmap.org/way/1054507743#map=19/30.275784/-97.733259,https://www.openstreetmap.org/?mlat=30.275784&mlon=-97.733259#map=18/30.275784/-97.733259,,Wellness / Recreation listing operated by University of Texas at Austin.,Fitness and outdoor activity alignment for resident wellbeing loops,Not listed,,,,No public special listed in source data,No public deal listed in source data,No public event listing in source data,OpenStreetMap / Overpass,2026-02-26T22:37:02Z
International Shores at Town Lake Metropolitan Park,Wellness / Recreation,way,584028530,30.245493,-97.726085,https://www.openstreetmap.org/way/584028530#map=19/30.245493/-97.726085,https://www.openstreetmap.org/?mlat=30.245493&mlon=-97.726085#map=18/30.245493/-97.726085,"1800, South Lakeshore Boulevard, Austin, TX, 78741",Wellness / Recreation listing in Downtown Austin.,Fitness and outdoor activity alignment for resident wellbeing loops,Not listed,,,,No public special listed in source data,No public deal listed in source data,No public event listing in source data,OpenStreetMap / Overpass,2026-02-26T22:37:02Z
Lifetime Fitness,Wellness / Recreation,node,13449463501,30.269629,-97.753956,https://www.openstreetmap.org/node/13449463501#map=19/30.269629/-97.753956,https://www.openstreetmap.org/?mlat=30.269629&mlon=-97.753956#map=18/30.269629/-97.753956,"907, West 5th Street, 78703",Wellness / Recreation listing in Downtown Austin.,Fitness and outdoor activity alignment for resident wellbeing loops,Mo-Fr 05:00-22:00; Sa-Su 06:00-19:00,+1 7372187200,,https://www.lifetime.life/locations/tx/austin-downtown.html,No public special listed in source data,No public deal listed in source data,No public event listing in source data,OpenStreetMap / Overpass,2026-02-26T22:37:02Z
Little Stacy Neighborhood Park,Wellness / Recreation,relation,13737810,30.247222,-97.743896,https://www.openstreetmap.org/relation/13737810#map=19/30.247222/-97.743896,https://www.openstreetmap.org/?mlat=30.247222&mlon=-97.743896#map=18/30.247222/-97.743896,"1500, Alameda Drive, Austin, TX, 78704",Wellness / Recreation listing in Downtown Austin.,Fitness and outdoor activity alignment for resident wellbeing loops,Not listed,,,,No public special listed in source data,No public deal listed in source data,No public event listing in source data,OpenStreetMap / Overpass,2026-02-26T22:37:02Z
Lott Pocket Park,Wellness / Recreation,way,209294000,30.271189,-97.730092,https://www.openstreetmap.org/way/209294000#map=19/30.271189/-97.730092,https://www.openstreetmap.org/?mlat=30.271189&mlon=-97.730092#map=18/30.271189/-97.730092,"1174, Curve Street, Austin, TX, 78702",Wellness / Recreation listing in Downtown Austin.,Fitness and outdoor activity alignment for resident wellbeing loops,Not listed,,,,No public special listed in source data,No public deal listed in source data,No public event listing in source data,OpenStreetMap / Overpass,2026-02-26T22:37:02Z
Margaret Moser Plaza,Wellness / Recreation,way,400101942,30.267037,-97.750073,https://www.openstreetmap.org/way/400101942#map=19/30.267037/-97.750073,https://www.openstreetmap.org/?mlat=30.267037&mlon=-97.750073#map=18/30.267037/-97.750073,,Wellness / Recreation listing in Downtown Austin.,Fitness and outdoor activity alignment for resident wellbeing loops,Not listed,,,,No public special listed in source data,No public deal listed in source data,No public event listing in source data,OpenStreetMap / Overpass,2026-02-26T22:37:02Z
Mary Dawson Pocket Park,Wellness / Recreation,way,89476446,30.25913,-97.756454,https://www.openstreetmap.org/way/89476446#map=19/30.259130/-97.756454,https://www.openstreetmap.org/?mlat=30.259130&mlon=-97.756454#map=18/30.259130/-97.756454,"650, Dawson Road, Austin, TX, 78704",Wellness / Recreation listing operated by Austin Parks and Recreation Department.,Fitness and outdoor activity alignment for resident wellbeing loops,Not listed,,,,No public special listed in source data,No public deal listed in source data,No public event listing in source data,OpenStreetMap / Overpass,2026-02-26T22:37:02Z
Masontown Park,Wellness / Recreation,way,951265409,30.26288,-97.729578,https://www.openstreetmap.org/way/951265409#map=19/30.262880/-97.729578,https://www.openstreetmap.org/?mlat=30.262880&mlon=-97.729578#map=18/30.262880/-97.729578,,Wellness / Recreation listing in Downtown Austin.,Fitness and outdoor activity alignment for resident wellbeing loops,Not listed,,,,No public special listed in source data,No public deal listed in source data,No public event listing in source data,OpenStreetMap / Overpass,2026-02-26T22:37:02Z
Mike A. Myers Stadium,Wellness / Recreation,way,665454575,30.282548,-97.730022,https://www.openstreetmap.org/way/665454575#map=19/30.282548/-97.730022,https://www.openstreetmap.org/?mlat=30.282548&mlon=-97.730022#map=18/30.282548/-97.730022,,Wellness / Recreation listing in Downtown Austin.,Fitness and outdoor activity alignment for resident wellbeing loops,Not listed,,,,No public special listed in source data,No public deal listed in source data,No public event listing in source data,OpenStreetMap / Overpass,2026-02-26T22:37:02Z
Moncrief-Neuhaus Athletic Center,Wellness / Recreation,way,126030910,30.282458,-97.732675,https://www.openstreetmap.org/way/126030910#map=19/30.282458/-97.732675,https://www.openstreetmap.org/?mlat=30.282458&mlon=-97.732675#map=18/30.282458/-97.732675,"2015, San Jacinto Boulevard, 78712",Wellness / Recreation listing in Downtown Austin.,Fitness and outdoor activity alignment for resident wellbeing loops,Not listed,,,,No public special listed in source data,No public deal listed in source data,No public event listing in source data,OpenStreetMap / Overpass,2026-02-26T22:37:02Z
Nicholas Dawson Neighborhood Park,Wellness / Recreation,way,89476755,30.252674,-97.754806,https://www.openstreetmap.org/way/89476755#map=19/30.252674/-97.754806,https://www.openstreetmap.org/?mlat=30.252674&mlon=-97.754806#map=18/30.252674/-97.754806,"704, West James Street, Austin, TX, 78704",Wellness / Recreation listing operated by Austin Parks and Recreation Department.,Fitness and outdoor activity alignment for resident wellbeing loops,Not listed,,,,No public special listed in source data,No public deal listed in source data,No public event listing in source data,OpenStreetMap / Overpass,2026-02-26T22:37:02Z
Norwood Tract at Town Lake Metropolitan Park,Wellness / Recreation,way,1025375366,30.250552,-97.73848,https://www.openstreetmap.org/way/1025375366#map=19/30.250552/-97.738480,https://www.openstreetmap.org/?mlat=30.250552&mlon=-97.738480#map=18/30.250552/-97.738480,"1009, Edgecliff Terrace, Austin, TX, 78704",Wellness / Recreation listing operated by Austin Parks and Recreation Department.,Fitness and outdoor activity alignment for resident wellbeing loops,Not listed,,,,No public special listed in source data,No public deal listed in source data,No public event listing in source data,OpenStreetMap / Overpass,2026-02-26T22:37:02Z
Onion Street Paseo,Wellness / Recreation,way,1124584275,30.262939,-97.72774,https://www.openstreetmap.org/way/1124584275#map=19/30.262939/-97.727740,https://www.openstreetmap.org/?mlat=30.262939&mlon=-97.727740#map=18/30.262939/-97.727740,,Wellness / Recreation listing in Downtown Austin.,Fitness and outdoor activity alignment for resident wellbeing loops,Not listed,,,,No public special listed in source data,No public deal listed in source data,No public event listing in source data,OpenStreetMap / Overpass,2026-02-26T22:37:02Z
Orangetheory Fitness,Wellness / Recreation,node,3849777728,30.266206,-97.747845,https://www.openstreetmap.org/node/3849777728#map=19/30.266206/-97.747845,https://www.openstreetmap.org/?mlat=30.266206&mlon=-97.747845#map=18/30.266206/-97.747845,"401, West 3rd Street, Austin, TX, 78701",Wellness / Recreation listing operated by Orangetheory Fitness.,Fitness and outdoor activity alignment for resident wellbeing loops,Not listed,,,,No public special listed in source data,No public deal listed in source data,No public event listing in source data,OpenStreetMap / Overpass,2026-02-26T22:37:02Z
Orangetheory Fitness,Wellness / Recreation,node,9604359115,30.263211,-97.730526,https://www.openstreetmap.org/node/9604359115#map=19/30.263211/-97.730526,https://www.openstreetmap.org/?mlat=30.263211&mlon=-97.730526#map=18/30.263211/-97.730526,"1211, East 5th Street, Austin, TX, 78702",Wellness / Recreation listing operated by Orangetheory Fitness.,Fitness and outdoor activity alignment for resident wellbeing loops,24/7,+1 512-436-0733,,,No public special listed in source data,No public deal listed in source data,No public event listing in source data,OpenStreetMap / Overpass,2026-02-26T22:37:02Z
Orangetheory Fitness,Wellness / Recreation,node,10563623212,30.255153,-97.762259,https://www.openstreetmap.org/node/10563623212#map=19/30.255153/-97.762259,https://www.openstreetmap.org/?mlat=30.255153&mlon=-97.762259#map=18/30.255153/-97.762259,"1100, South Lamar Boulevard, Austin, TX, 78704",Wellness / Recreation listing operated by Orangetheory Fitness.,Fitness and outdoor activity alignment for resident wellbeing loops,Not listed,+1 512-807-0400,,,No public special listed in source data,No public deal listed in source data,No public event listing in source data,OpenStreetMap / Overpass,2026-02-26T22:37:02Z
Palm Playground,Wellness / Recreation,way,134786090,30.262733,-97.737235,https://www.openstreetmap.org/way/134786090#map=19/30.262733/-97.737235,https://www.openstreetmap.org/?mlat=30.262733&mlon=-97.737235#map=18/30.262733/-97.737235,,Wellness / Recreation listing in Downtown Austin.,Fitness and outdoor activity alignment for resident wellbeing loops,Not listed,,,,No public special listed in source data,No public deal listed in source data,No public event listing in source data,OpenStreetMap / Overpass,2026-02-26T22:37:02Z
Palma Plaza Pocket Park,Wellness / Recreation,way,210107229,30.281978,-97.757699,https://www.openstreetmap.org/way/210107229#map=19/30.281978/-97.757699,https://www.openstreetmap.org/?mlat=30.281978&mlon=-97.757699#map=18/30.281978/-97.757699,"1524, Palma Plaza, Austin, TX, 78703",Wellness / Recreation listing operated by Austin Parks and Recreation Department.,Fitness and outdoor activity alignment for resident wellbeing loops,Not listed,,,,No public special listed in source data,No public deal listed in source data,No public event listing in source data,OpenStreetMap / Overpass,2026-02-26T22:37:02Z
Pat Crow Memorial Plaza,Wellness / Recreation,way,1345399863,30.272048,-97.741647,https://www.openstreetmap.org/way/1345399863#map=19/30.272048/-97.741647,https://www.openstreetmap.org/?mlat=30.272048&mlon=-97.741647#map=18/30.272048/-97.741647,,Wellness / Recreation listing operated by Austin Parks and Recreation Department.,Fitness and outdoor activity alignment for resident wellbeing loops,Not listed,,,,No public special listed in source data,No public deal listed in source data,No public event listing in source data,OpenStreetMap / Overpass,2026-02-26T22:37:02Z
Pease District Park,Wellness / Recreation,way,326162404,30.284431,-97.752809,https://www.openstreetmap.org/way/326162404#map=19/30.284431/-97.752809,https://www.openstreetmap.org/?mlat=30.284431&mlon=-97.752809#map=18/30.284431/-97.752809,,Wellness / Recreation listing in Downtown Austin.,Fitness and outdoor activity alignment for resident wellbeing loops,Not listed,,,,No public special listed in source data,No public deal listed in source data,No public event listing in source data,OpenStreetMap / Overpass,2026-02-26T22:37:02Z
Pease District Park,Wellness / Recreation,node,2104773866,30.284111,-97.752833,https://www.openstreetmap.org/node/2104773866#map=19/30.284111/-97.752833,https://www.openstreetmap.org/?mlat=30.284111&mlon=-97.752833#map=18/30.284111/-97.752833,,Wellness / Recreation listing in Downtown Austin.,Fitness and outdoor activity alignment for resident wellbeing loops,Not listed,,,,No public special listed in source data,No public deal listed in source data,No public event listing in source data,OpenStreetMap / Overpass,2026-02-26T22:37:02Z
Pure Barre,Wellness / Recreation,node,3825322893,30.262726,-97.728278,https://www.openstreetmap.org/node/3825322893#map=19/30.262726/-97.728278,https://www.openstreetmap.org/?mlat=30.262726&mlon=-97.728278#map=18/30.262726/-97.728278,"1401, East 6th Street, Austin, TX, 78702",Wellness / Recreation listing operated by Pure Barre.,Fitness and outdoor activity alignment for resident wellbeing loops,Not listed,,,,No public special listed in source data,No public deal listed in source data,No public event listing in source data,OpenStreetMap / Overpass,2026-02-26T22:37:02Z
Recreational Sports Center,Wellness / Recreation,way,126029360,30.281534,-97.732387,https://www.openstreetmap.org/way/126029360#map=19/30.281534/-97.732387,https://www.openstreetmap.org/?mlat=30.281534&mlon=-97.732387#map=18/30.281534/-97.732387,"2001, San Jacinto Boulevard, 78712",Wellness / Recreation listing in Downtown Austin.,Fitness and outdoor activity alignment for resident wellbeing loops,Not listed,,,,No public special listed in source data,No public deal listed in source data,No public event listing in source data,OpenStreetMap / Overpass,2026-02-26T22:37:02Z
Republic Square,Wellness / Recreation,way,903143008,30.267791,-97.747371,https://www.openstreetmap.org/way/903143008#map=19/30.267791/-97.747371,https://www.openstreetmap.org/?mlat=30.267791&mlon=-97.747371#map=18/30.267791/-97.747371,"422, Guadalupe Street, Austin, TX, 78701",Wellness / Recreation listing in Downtown Austin.,Fitness and outdoor activity alignment for resident wellbeing loops,Not listed,,,,No public special listed in source data,No public deal listed in source data,No public event listing in source data,OpenStreetMap / Overpass,2026-02-26T22:37:02Z
Ro Fitness,Wellness / Recreation,node,6088731087,30.260644,-97.741843,https://www.openstreetmap.org/node/6088731087#map=19/30.260644/-97.741843,https://www.openstreetmap.org/?mlat=30.260644&mlon=-97.741843#map=18/30.260644/-97.741843,,Wellness / Recreation listing in Downtown Austin.,Fitness and outdoor activity alignment for resident wellbeing loops,Not listed,,,,No public special listed in source data,No public deal listed in source data,No public event listing in source data,OpenStreetMap / Overpass,2026-02-26T22:37:02Z
Roberta Crenshaw Overlook at Shoal Beach at Town Lake Metro Park,Wellness / Recreation,way,1025373978,30.263128,-97.745308,https://www.openstreetmap.org/way/1025373978#map=19/30.263128/-97.745308,https://www.openstreetmap.org/?mlat=30.263128&mlon=-97.745308#map=18/30.263128/-97.745308,"201, West Cesar Chavez Street, Austin, TX, 78701",Wellness / Recreation listing operated by Austin Parks and Recreation Department.,Fitness and outdoor activity alignment for resident wellbeing loops,Not listed,,,,No public special listed in source data,No public deal listed in source data,No public event listing in source data,OpenStreetMap / Overpass,2026-02-26T22:37:02Z
Roy and Matías Velázquez Plaza,Wellness / Recreation,way,753804298,30.264114,-97.73181,https://www.openstreetmap.org/way/753804298#map=19/30.264114/-97.731810,https://www.openstreetmap.org/?mlat=30.264114&mlon=-97.731810#map=18/30.264114/-97.731810,"502, Medina Street, Austin, TX, 78702",Wellness / Recreation listing in Downtown Austin.,Fitness and outdoor activity alignment for resident wellbeing loops,Not listed,,,,No public special listed in source data,No public deal listed in source data,No public event listing in source data,OpenStreetMap / Overpass,2026-02-26T22:37:02Z
Rudolph Gamblin Field,Wellness / Recreation,way,317018364,30.252926,-97.752418,https://www.openstreetmap.org/way/317018364#map=19/30.252926/-97.752418,https://www.openstreetmap.org/?mlat=30.252926&mlon=-97.752418#map=18/30.252926/-97.752418,,Wellness / Recreation listing in Downtown Austin.,Fitness and outdoor activity alignment for resident wellbeing loops,Not listed,,,,No public special listed in source data,No public deal listed in source data,No public event listing in source data,OpenStreetMap / Overpass,2026-02-26T22:37:02Z
Sanchez School Park,Wellness / Recreation,way,469467814,30.257075,-97.73506,https://www.openstreetmap.org/way/469467814#map=19/30.257075/-97.735060,https://www.openstreetmap.org/?mlat=30.257075&mlon=-97.735060#map=18/30.257075/-97.735060,"64, Waller Street, Austin, TX, 78702",Wellness / Recreation listing in Downtown Austin.,Fitness and outdoor activity alignment for resident wellbeing loops,05:00-22:00,,,,No public special listed in source data,No public deal listed in source data,No public event listing in source data,OpenStreetMap / Overpass,2026-02-26T22:37:02Z
Seaholm Waterfront Park and Table,Wellness / Recreation,way,1012188164,30.265417,-97.75293,https://www.openstreetmap.org/way/1012188164#map=19/30.265417/-97.752930,https://www.openstreetmap.org/?mlat=30.265417&mlon=-97.752930#map=18/30.265417/-97.752930,,Wellness / Recreation listing operated by Austin Parks and Recreation Department.,Fitness and outdoor activity alignment for resident wellbeing loops,sunrise-sunset,,,https://www.austintexas.gov/department/seaholm-waterfront,No public special listed in source data,No public deal listed in source data,No public event listing in source data,OpenStreetMap / Overpass,2026-02-26T22:37:02Z
Seeger Gymnasium,Wellness / Recreation,way,383346703,30.252585,-97.751692,https://www.openstreetmap.org/way/383346703#map=19/30.252585/-97.751692,https://www.openstreetmap.org/?mlat=30.252585&mlon=-97.751692#map=18/30.252585/-97.751692,"1102, South Congress Ave, TX",Wellness / Recreation listing in Downtown Austin.,Fitness and outdoor activity alignment for resident wellbeing loops,Not listed,,,,No public special listed in source data,No public deal listed in source data,No public event listing in source data,OpenStreetMap / Overpass,2026-02-26T22:37:02Z
Shoal Beach at Town Lake Metropolitan Park,Wellness / Recreation,relation,13730487,30.265447,-97.751051,https://www.openstreetmap.org/relation/13730487#map=19/30.265447/-97.751051,https://www.openstreetmap.org/?mlat=30.265447&mlon=-97.751051#map=18/30.265447/-97.751051,"707, West Cesar Chavez Street, Austin, TX, 78701",Wellness / Recreation listing operated by Austin Parks and Recreation Department.,Fitness and outdoor activity alignment for resident wellbeing loops,Not listed,,,,No public special listed in source data,No public deal listed in source data,No public event listing in source data,OpenStreetMap / Overpass,2026-02-26T22:37:02Z
SWEAT440,Wellness / Recreation,node,12708690930,30.262403,-97.758266,https://www.openstreetmap.org/node/12708690930#map=19/30.262403/-97.758266,https://www.openstreetmap.org/?mlat=30.262403&mlon=-97.758266#map=18/30.262403/-97.758266,"300, South Lamar Boulevard, Austin, TX, 78704",Wellness / Recreation listing operated by SWEAT440.,Fitness and outdoor activity alignment for resident wellbeing loops,Not listed,+1-888-507-9328,,https://sweat440.com/gyms/texas/zilker-78704/,No public special listed in source data,No public deal listed in source data,No public event listing in source data,OpenStreetMap / Overpass,2026-02-26T22:37:02Z
Swede Hill Pocket Park,Wellness / Recreation,way,210645254,30.274109,-97.729731,https://www.openstreetmap.org/way/210645254#map=19/30.274109/-97.729731,https://www.openstreetmap.org/?mlat=30.274109&mlon=-97.729731#map=18/30.274109/-97.729731,"907, East 14th Street, Austin, TX, 78702",Wellness / Recreation listing operated by Austin Parks and Recreation Department.,Fitness and outdoor activity alignment for resident wellbeing loops,Not listed,,,,No public special listed in source data,No public deal listed in source data,No public event listing in source data,OpenStreetMap / Overpass,2026-02-26T22:37:02Z
The Circle Greenbelt,Wellness / Recreation,way,1017645356,30.25088,-97.746713,https://www.openstreetmap.org/way/1017645356#map=19/30.250880/-97.746713,https://www.openstreetmap.org/?mlat=30.250880&mlon=-97.746713#map=18/30.250880/-97.746713,"1300, The Circle, Austin, TX, 78704",Wellness / Recreation listing operated by Austin Parks and Recreation Department.,Fitness and outdoor activity alignment for resident wellbeing loops,Not listed,,,,No public special listed in source data,No public deal listed in source data,No public event listing in source data,OpenStreetMap / Overpass,2026-02-26T22:37:02Z
The Old Bakery Bicentennial Square,Wellness / Recreation,way,974462508,30.272447,-97.741655,https://www.openstreetmap.org/way/974462508#map=19/30.272447/-97.741655,https://www.openstreetmap.org/?mlat=30.272447&mlon=-97.741655#map=18/30.272447/-97.741655,,Wellness / Recreation listing in Downtown Austin.,Fitness and outdoor activity alignment for resident wellbeing loops,Not listed,,,,No public special listed in source data,No public deal listed in source data,No public event listing in source data,OpenStreetMap / Overpass,2026-02-26T22:37:02Z
Volma Overton Sr. Beach at Town Lake Metro Park,Wellness / Recreation,way,971507719,30.270865,-97.763797,https://www.openstreetmap.org/way/971507719#map=19/30.270865/-97.763797,https://www.openstreetmap.org/?mlat=30.270865&mlon=-97.763797#map=18/30.270865/-97.763797,"1200, West Cesar Chavez Street, Austin, TX, 78703",Wellness / Recreation listing operated by Austin Parks and Recreation Department.,Fitness and outdoor activity alignment for resident wellbeing loops,Not listed,,,,No public special listed in source data,No public deal listed in source data,No public event listing in source data,OpenStreetMap / Overpass,2026-02-26T22:37:02Z
Waller Beach at Town Lake Metropolitan Park,Wellness / Recreation,relation,8477377,30.257062,-97.740482,https://www.openstreetmap.org/relation/8477377#map=19/30.257062/-97.740482,https://www.openstreetmap.org/?mlat=30.257062&mlon=-97.740482#map=18/30.257062/-97.740482,"30, East Avenue, Austin, TX, 78701",Wellness / Recreation listing operated by Austin Parks and Recreation Department.,Fitness and outdoor activity alignment for resident wellbeing loops,Not listed,,,,No public special listed in source data,No public deal listed in source data,No public event listing in source data,OpenStreetMap / Overpass,2026-02-26T22:37:02Z
Wanderlust Yoga,Wellness / Recreation,node,3764021161,30.26587,-97.741632,https://www.openstreetmap.org/node/3764021161#map=19/30.265870/-97.741632,https://www.openstreetmap.org/?mlat=30.265870&mlon=-97.741632#map=18/30.265870/-97.741632,,Wellness / Recreation listing in Downtown Austin.,Fitness and outdoor activity alignment for resident wellbeing loops,Not listed,,,,No public special listed in source data,No public deal listed in source data,No public event listing in source data,OpenStreetMap / Overpass,2026-02-26T22:37:02Z
Waterloo Park,Wellness / Recreation,way,92460015,30.274131,-97.73592,https://www.openstreetmap.org/way/92460015#map=19/30.274131/-97.735920,https://www.openstreetmap.org/?mlat=30.274131&mlon=-97.735920#map=18/30.274131/-97.735920,"500, East 12th Street, Austin, TX, 78701",Wellness / Recreation listing in Downtown Austin.,Fitness and outdoor activity alignment for resident wellbeing loops,Mo-Su 05:00-22:00,,,,No public special listed in source data,No public deal listed in source data,No public event listing in source data,OpenStreetMap / Overpass,2026-02-26T22:37:02Z
West Austin Neighborhood Park,Wellness / Recreation,way,210648030,30.276827,-97.757461,https://www.openstreetmap.org/way/210648030#map=19/30.276827/-97.757461,https://www.openstreetmap.org/?mlat=30.276827&mlon=-97.757461#map=18/30.276827/-97.757461,,Wellness / Recreation listing operated by Austin Parks and Recreation Department.,Fitness and outdoor activity alignment for resident wellbeing loops,Not listed,,,,No public special listed in source data,No public deal listed in source data,No public event listing in source data,OpenStreetMap / Overpass,2026-02-26T22:37:02Z
West Bouldin Creek Greenbelt,Wellness / Recreation,way,89476591,30.256159,-97.759221,https://www.openstreetmap.org/way/89476591#map=19/30.256159/-97.759221,https://www.openstreetmap.org/?mlat=30.256159&mlon=-97.759221#map=18/30.256159/-97.759221,"1200, South 6th Street, Austin, TX, 78704",Wellness / Recreation listing operated by Austin Parks and Recreation Department.,Fitness and outdoor activity alignment for resident wellbeing loops,Not listed,,,,No public special listed in source data,No public deal listed in source data,No public event listing in source data,OpenStreetMap / Overpass,2026-02-26T22:37:02Z
Wood Street Park,Wellness / Recreation,way,1425102684,30.272298,-97.751556,https://www.openstreetmap.org/way/1425102684#map=19/30.272298/-97.751556,https://www.openstreetmap.org/?mlat=30.272298&mlon=-97.751556#map=18/30.272298/-97.751556,"702, Wood Street, Austin, TX, 78703",Wellness / Recreation listing operated by Austin Parks and Recreation Department.,Fitness and outdoor activity alignment for resident wellbeing loops,Not listed,,,,No public special listed in source data,"Acquired in 2020, one of Austin's newest parks, expanding access to Shoal Creek.",No public event listing in source data,OpenStreetMap / Overpass,2026-02-26T22:37:02Z
Wooldridge Square Park,Wellness / Recreation,way,187386594,30.272455,-97.745633,https://www.openstreetmap.org/way/187386594#map=19/30.272455/-97.745633,https://www.openstreetmap.org/?mlat=30.272455&mlon=-97.745633#map=18/30.272455/-97.745633,"900, Guadalupe Street, Austin, TX, 78701",Wellness / Recreation listing in Downtown Austin.,Fitness and outdoor activity alignment for resident wellbeing loops,Not listed,,,,No public special listed in source data,No public deal listed in source data,No public event listing in source data,OpenStreetMap / Overpass,2026-02-26T22:37:02Z
YMCA,Wellness / Recreation,node,4907640922,30.268858,-97.757078,https://www.openstreetmap.org/node/4907640922#map=19/30.268858/-97.757078,https://www.openstreetmap.org/?mlat=30.268858&mlon=-97.757078#map=18/30.268858/-97.757078,78703,Wellness / Recreation listing operated by YMCA.,Fitness and outdoor activity alignment for resident wellbeing loops,Mo-Fr 05:30-22:00; Sa 07:00-19:00; Su 12:00-18:00,+1-512-542-9622,,http://ymca.net,No public special listed in source data,No public deal listed in source data,No public event listing in source data,OpenStreetMap / Overpass,2026-02-26T22:37:02Z
Yoga Hom,Wellness / Recreation,node,13269384443,30.265877,-97.743881,https://www.openstreetmap.org/node/13269384443#map=19/30.265877/-97.743881,https://www.openstreetmap.org/?mlat=30.265877&mlon=-97.743881#map=18/30.265877/-97.743881,"3145, Congress Avenue, Austin, TX, 78704",Wellness / Recreation listing in Downtown Austin.,Fitness and outdoor activity alignment for resident wellbeing loops,Mo-Th 06:00-20:00; Fr 06:00-17:30; Sa 08:00-14:00; Su 09:30-14:00,,,https://www.yogahomaustin.com/,No public special listed in source data,No public deal listed in source data,No public event listing in source data,OpenStreetMap / Overpass,2026-02-26T22:37:02Z
Zilker Metropolitan Park,Wellness / Recreation,relation,13307353,30.26932,-97.771311,https://www.openstreetmap.org/relation/13307353#map=19/30.269320/-97.771311,https://www.openstreetmap.org/?mlat=30.269320&mlon=-97.771311#map=18/30.269320/-97.771311,,Wellness / Recreation listing in Downtown Austin.,Fitness and outdoor activity alignment for resident wellbeing loops,Not listed,,,,No public special listed in source data,No public deal listed in source data,No public event listing in source data,OpenStreetMap / Overpass,2026-02-26T22:37:02Z
Zilker Park,Wellness / Recreation,way,946120954,30.267682,-97.766574,https://www.openstreetmap.org/way/946120954#map=19/30.267682/-97.766574,https://www.openstreetmap.org/?mlat=30.267682&mlon=-97.766574#map=18/30.267682/-97.766574,"Barton Springs Road, AUSTIN, TX, 78746",Wellness / Recreation listing operated by Austin Parks and Recreation Department.,Fitness and outdoor activity alignment for resident wellbeing loops,Not listed,,,,No public special listed in source data,No public deal listed in source data,No public event listing in source data,OpenStreetMap / Overpass,2026-02-26T22:37:02Z
301 West Ave # 4105,Residential Property,legends_property,301-west-ave-4105-austin-tx-us-78701-3710500,30.267451,-97.750793,https://www.openstreetmap.org/?mlat=30.267451&mlon=-97.750793#map=18/30.267451/-97.750793,"https://www.google.com/maps/search/?api=1&query=30.267451,-97.750793",301 West Ave # 4105,"Experience quiet luxury above the Austin skyline in one of only three residences with this expansive floor plan at The Independent. This rare three bedroom home offers more than 3,000 square feet of refined interior space, complemented by two private balconies and a prized southe","Resident onboarding, building-level perks, and local engagement",Not listed,,,,Legends listing status: For Sale,"Listed: N/A / $19,000.00/MONTH | MLS: 3710500",No public event listing in source data,Legends Property Export (2026-02-27),2026-02-27T15:25:32Z
311 W 5th ST # 905,Residential Property,legends_property,311-w-5th-st-905-austin-tx-us-78701-4528307,30.267885,-97.7465,https://www.openstreetmap.org/?mlat=30.267885&mlon=-97.746500#map=18/30.267885/-97.746500,"https://www.google.com/maps/search/?api=1&query=30.267885,-97.746500",311 W 5th ST # 905,"Welcome to Residence #905 at The Plaza on Republic Square. Gracefully positioned on the northwest corner, this two-bedroom, two-bath residence captures the beauty of downtown Austin with soft light, sweeping park views, and a gentle architectural curve that defines the home's sig","Resident onboarding, building-level perks, and local engagement",Not listed,,,,Legends listing status: Inactive,"Listed: $1,250,000.00 | MLS: 4528307",No public event listing in source data,Legends Property Export (2026-02-27),2026-02-27T15:25:32Z
360 Nueces ST # 4305,Residential Property,legends_property,360-nueces-st-4305-austin-tx-us-78701-6332882,30.267029,-97.749595,https://www.openstreetmap.org/?mlat=30.267029&mlon=-97.749595#map=18/30.267029/-97.749595,"https://www.google.com/maps/search/?api=1&query=30.267029,-97.749595",360 Nueces ST # 4305,"MAJOR PRICE REDUCTION TO $1,700,000 SELLER MOTIVATED | MOVE-IN READY Penthouse 4305 at 360 Condominiums is now available at a major price reduction and represents one of the most compelling penthouse opportunities in downtown Austin. Priced at $1,700,000, this residence is now pr","Resident onboarding, building-level perks, and local engagement",Not listed,,,,Legends listing status: Inactive,"Listed: $1,700,000.00 | MLS: 6332882",No public event listing in source data,Legends Property Export (2026-02-27),2026-02-27T15:25:32Z
311 W 5TH ST #703,Residential Property,legends_property,311-w-5th-st-703-austin-unit-703-austin-tx-us-78701-2851461,30.267885,-97.7465,https://www.openstreetmap.org/?mlat=30.267885&mlon=-97.746500#map=18/30.267885/-97.746500,"https://www.google.com/maps/search/?api=1&query=30.267885,-97.746500",311 W 5TH ST # 703,"Sophistication meets vibrant city living in this one-bedroom, one-bath loft overlooking Republic Square. Soaring ceilings, exposed concrete accents, a chef's kitchen designed for entertaining, and expansive windows fill the home with natural light. The spacious bath offers dual v","Resident onboarding, building-level perks, and local engagement",Not listed,,,,Legends listing status: Inactive,"Listed: $699,000.00 | MLS: 2851461",No public event listing in source data,Legends Property Export (2026-02-27),2026-02-27T15:25:32Z
311 W 5th,Commercial Property,legends_property,311-w-5th,30.267885,-97.7465,https://www.openstreetmap.org/?mlat=30.267885&mlon=-97.746500#map=18/30.267885/-97.746500,"https://www.google.com/maps/search/?api=1&query=30.267885,-97.746500",311 W 5th #703,Commercial Property listing imported from Legends property export.,District activation opportunities and commercial partnership campaigns,Not listed,,,,Legends listing status: Inactive,Listed: N/A,No public event listing in source data,Legends Property Export (2026-02-27),2026-02-27T15:25:32Z
360 Nueces ST # 4305,Residential Property,legends_property,360-nueces-st-4305-austin-tx-us-78701-1553128,30.267029,-97.749595,https://www.openstreetmap.org/?mlat=30.267029&mlon=-97.749595#map=18/30.267029/-97.749595,"https://www.google.com/maps/search/?api=1&query=30.267029,-97.749595",360 Nueces ST # 4305,"Rising above the energy of downtown Austin, the east-facing penthouse at 360 Condominiums offers a front-row seat to the city&rsquo;s ever-evolving skyline. Walls of windows fill the home with morning light and frame uninterrupted views of Lady Bird Lake, the glittering cityscape","Resident onboarding, building-level perks, and local engagement",Not listed,,,,Legends listing status: Pending,"Listed: $1,700,000.00",No public event listing in source data,Legends Property Export (2026-02-27),2026-02-27T15:25:32Z
311 W 5th ST # 806,Residential Property,legends_property,311-w-5th-st-806-austin-tx-us-78701-5777029,30.267885,-97.7465,https://www.openstreetmap.org/?mlat=30.267885&mlon=-97.746500#map=18/30.267885/-97.746500,"https://www.google.com/maps/search/?api=1&query=30.267885,-97.746500",311 W 5th ST # 806,"Call/Text Emmaline for a Private Tour Plaza Lofts #806 - Fully Furnished Lease Available September 1 | Listing Special ~ One Month Free Move-in ready and fully furnished, this one-bedroom, one-bath residence offers 930 square feet of open-plan living with polished concrete floors","Resident onboarding, building-level perks, and local engagement",Not listed,,,,Legends listing status: Inactive,"Listed: N/A / $3,100.00/MONTH | MLS: 5777029",No public event listing in source data,Legends Property Export (2026-02-27),2026-02-27T15:25:32Z
311 W 5th ST # 1005,Residential Property,legends_property,311-w-5th-st-1005-austin-tx-us-78701-6587967,30.267885,-97.7465,https://www.openstreetmap.org/?mlat=30.267885&mlon=-97.746500#map=18/30.267885/-97.746500,"https://www.google.com/maps/search/?api=1&query=30.267885,-97.746500",311 W 5th ST # 1005,"Republic Square Residence with Iconic Parkside Views. An exceptional corner residence overlooking Republic Square Park in the heart of Austin's most vibrant cultural and residential district. This northwest-facing two-bedroom, two-bath condominium offers panoramic park and skylin","Resident onboarding, building-level perks, and local engagement",Not listed,,,,Legends listing status: Inactive,"Listed: $1,150,000.00 | MLS: 6587967",No public event listing in source data,Legends Property Export (2026-02-27),2026-02-27T15:25:32Z
311 W 5th ST # 1008,Residential Property,legends_property,311-w-5th-st-1008-austin-tx-us-78701-5741882,30.267885,-97.7465,https://www.openstreetmap.org/?mlat=30.267885&mlon=-97.746500#map=18/30.267885/-97.746500,"https://www.google.com/maps/search/?api=1&query=30.267885,-97.746500",311 W 5th ST # 1008,"Experience elevated downtown living at the iconic and exclusive Plaza Lofts. Nestled on the 10th floor, Unit 1008 offers an inspiring blend of industrial charm, modern style and it's priced to sell. Floor-to-ceiling windows frame beautiful views of the downtown skyline, while soa","Resident onboarding, building-level perks, and local engagement",Not listed,,,,Legends listing status: For Sale,"Listed: $699,000.00 | MLS: 5741882",No public event listing in source data,Legends Property Export (2026-02-27),2026-02-27T15:25:32Z
505 W 7th ST # 208,Residential Property,legends_property,505-w-7th-st-208-austin-tx-us-78701-9755304,30.270087,-97.74732,https://www.openstreetmap.org/?mlat=30.270087&mlon=-97.747320#map=18/30.270087/-97.747320,"https://www.google.com/maps/search/?api=1&query=30.270087,-97.747320",505 W 7th ST # 208,"Live just steps from everything you love in Austin. This charming one-bedroom condo offers the ideal blend of style, comfort, and unbeatable location in the heart of downtown. Featuring an open floor plan with hardwood floors, a cozy fireplace with built-in shelving, and a kitche","Resident onboarding, building-level perks, and local engagement",Not listed,,,,Legends listing status: Inactive,"Listed: N/A / $1,950.00/MONTH | MLS: 9755304",No public event listing in source data,Legends Property Export (2026-02-27),2026-02-27T15:25:32Z
311 W 5th ST W # 902,Residential Property,legends_property,311-w-5th-st-w-902-austin-tx-us-78701-2166147,30.267885,-97.7465,https://www.openstreetmap.org/?mlat=30.267885&mlon=-97.746500#map=18/30.267885/-97.746500,"https://www.google.com/maps/search/?api=1&query=30.267885,-97.746500",311 W 5th ST W # 902,"PRICE EDIT Elegant Downtown Loft Overlooking Republic Square Park Live at the intersection of downtown sophistication and timeless design in this stunning 2BD | 2BA corner loft overlooking Republic Square Park. Located in Austin's sought-after Plaza Lofts, Residence #902 offers a","Resident onboarding, building-level perks, and local engagement",Not listed,,,,Legends listing status: Inactive,"Listed: $1,325,000.00 | MLS: 2166147",No public event listing in source data,Legends Property Export (2026-02-27),2026-02-27T15:25:32Z
505 W 7th ST # 313,Residential Property,legends_property,505-w-7th-st-313-austin-tx-us-78701-6673158,30.270087,-97.74732,https://www.openstreetmap.org/?mlat=30.270087&mlon=-97.747320#map=18/30.270087/-97.747320,"https://www.google.com/maps/search/?api=1&query=30.270087,-97.747320",505 W 7th ST # 313,"Live steps from everything you love in Austin. This newly remodeled one-bedroom condo offers the perfect blend of style and location in the heart of downtown. Enjoy an open floor plan with hardwood floors, a modern kitchen featuring stainless steel appliances and tile backsplash,","Resident onboarding, building-level perks, and local engagement",Not listed,,,,Legends listing status: Privately Listed | Privately Listed,"Listed: N/A / $2,100.00/MONTH | MLS: 6673158",No public event listing in source data,Legends Property Export (2026-02-27),2026-02-27T15:25:32Z
311 W 5th ST W # 902,Residential Property,legends_property,311-w-5th-st-w-902-austin-tx-us-78701-6777134,30.267885,-97.7465,https://www.openstreetmap.org/?mlat=30.267885&mlon=-97.746500#map=18/30.267885/-97.746500,"https://www.google.com/maps/search/?api=1&query=30.267885,-97.746500",311 W 5th ST # 902,"Live at the intersection of downtown sophistication and timeless design in this stunning 2BD | 2BA corner loft overlooking Republic Square Park. Located in Austin's sought-after Plaza Lofts, Residence #902 offers an exclusive opportunity to live in a beautifully remodeled corner","Resident onboarding, building-level perks, and local engagement",Not listed,,,,Legends listing status: For Sale,"Listed: $1,325,000.00 / $7,500.00/MONTH",No public event listing in source data,Legends Property Export (2026-02-27),2026-02-27T15:25:32Z
311 W 5th ST # 807,Residential Property,legends_property,311-w-5th-st-807-austin-tx-us-78701-9178030,30.267885,-97.7465,https://www.openstreetmap.org/?mlat=30.267885&mlon=-97.746500#map=18/30.267885/-97.746500,"https://www.google.com/maps/search/?api=1&query=30.267885,-97.746500",311 W 5th ST # 807,"Refined Urban Living in the Heart of the Warehouse District. Situated across from Republic Square Park, this expansive 1-bedroom, 1.5-bath residence offers 1,243 square feet of sophisticated living space--far exceeding the typical downtown rental. Positioned adjacent to Hotel ZaZ","Resident onboarding, building-level perks, and local engagement",Not listed,,,,Legends listing status: Inactive,"Listed: N/A / $4,100.00/MONTH | MLS: 9178030",No public event listing in source data,Legends Property Export (2026-02-27),2026-02-27T15:25:32Z
311 W 5th ST # 807,Residential Property,legends_property,311-w-5th-st-807-austin-tx-us-78701-4502394,30.267885,-97.7465,https://www.openstreetmap.org/?mlat=30.267885&mlon=-97.746500#map=18/30.267885/-97.746500,"https://www.google.com/maps/search/?api=1&query=30.267885,-97.746500",311 W 5th ST # 807,"Modern Loft with City Views in the Warehouse District. This north-facing 8th-floor residence at The Plaza Lofts is priced to sell and the perfect pied-a-terre, blending industrial style with urban sophistication. Located across from Republic Square Park in the heart of the Wareho","Resident onboarding, building-level perks, and local engagement",Not listed,,,,Legends listing status: Inactive,"Listed: $725,000.00 | MLS: 4502394",No public event listing in source data,Legends Property Export (2026-02-27),2026-02-27T15:25:32Z
360 Nueces ST # 4305,Residential Property,legends_property,360-nueces-st-4305-austin-tx-us-78701,30.267029,-97.749595,https://www.openstreetmap.org/?mlat=30.267029&mlon=-97.749595#map=18/30.267029/-97.749595,"https://www.google.com/maps/search/?api=1&query=30.267029,-97.749595",360 Nueces ST # 4305,"This east-facing penthouse at the prestigious 360 Condominiums presents an extraordinary opportunity to own a premier residence in Downtown Austin at exceptional value. Now offered at $1,799,999, this home is priced below the seller&rsquo;s acquisition cost and offers 2,070 squar","Resident onboarding, building-level perks, and local engagement",Not listed,,,,Legends listing status: MLS 9929677 | MLS 9929677,"Listed: $1,799,999.00",No public event listing in source data,Legends Property Export (2026-02-27),2026-02-27T15:25:32Z
311 W 5th ST W # 902,Residential Property,legends_property,311-w-5th-st-w-902-austin-tx-us-78701-6477661,30.267885,-97.7465,https://www.openstreetmap.org/?mlat=30.267885&mlon=-97.746500#map=18/30.267885/-97.746500,"https://www.google.com/maps/search/?api=1&query=30.267885,-97.746500",311 W 5th ST W # 902,"PRICE IMPROVEMENT Elegant Downtown Loft with Stunning Views and Refined Living Welcome to this exquisite 2-bedroom, 2-bathroom corner loft at Plaza Lofts, a masterpiece of modern sophistication and urban convenience. Expansive Manhattan-inspired layout to enjoy the grandeur of 11","Resident onboarding, building-level perks, and local engagement",Not listed,,,,Legends listing status: Inactive,"Listed: $1,375,000.00",No public event listing in source data,Legends Property Export (2026-02-27),2026-02-27T15:25:32Z
301 West Ave # 4105,Residential Property,legends_property,301-west-ave-4105-austin-tx-us-78701-9353375,30.267451,-97.750793,https://www.openstreetmap.org/?mlat=30.267451&mlon=-97.750793#map=18/30.267451/-97.750793,"https://www.google.com/maps/search/?api=1&query=30.267451,-97.750793",301 West Ave # 4105,"Experience quiet luxury above the Austin skyline in one of only three residences with this expansive layout at The Independent. A rare three-bedroom offering more than 3,000 square feet, including two balconies. This southeast-facing home balances minimalist design and effortless","Resident onboarding, building-level perks, and local engagement",Not listed,,,,Legends listing status: Privately Listed For Sale | Privately Listed For Sale,"Listed: N/A / $19,000.00/MONTH",No public event listing in source data,Legends Property Export (2026-02-27),2026-02-27T15:25:32Z
360 Nueces ST # 4305,Residential Property,legends_property,360-nueces-st-4305-austin-tx-us-78701-4809817,30.267029,-97.749595,https://www.openstreetmap.org/?mlat=30.267029&mlon=-97.749595#map=18/30.267029/-97.749595,"https://www.google.com/maps/search/?api=1&query=30.267029,-97.749595",360 Nueces ST # 4305,"Motivated Seller &ndash; Exceptional Value for a Downtown Austin Penthouse This exclusive offering at the coveted 360 Condominiums is unmatched: no other property in Downtown Austin combines penthouse living, Lady Bird Lake and city views, home automation, premium parking, and ov","Resident onboarding, building-level perks, and local engagement",Not listed,,,,Legends listing status: Inactive,"Listed: $1,950,000.00",No public event listing in source data,Legends Property Export (2026-02-27),2026-02-27T15:25:32Z
311 W 5th ST # 806,Residential Property,legends_property,311-w-5th-st-806-austin-tx-us-78701-9204639,30.267885,-97.7465,https://www.openstreetmap.org/?mlat=30.267885&mlon=-97.746500#map=18/30.267885/-97.746500,"https://www.google.com/maps/search/?api=1&query=30.267885,-97.746500",311 W 5th ST # 806,"NEW PRICE! Perfectly located and beautifully furnished luxury lease in the Plaza Lofts downtown Austin with city and hill country views. The location is ideal for this north-facing 1BD | 1BA condo in the heart of downtown Austin, Texas. It is within walking distance to downtown o","Resident onboarding, building-level perks, and local engagement",Not listed,,,,Legends listing status: Inactive,"Listed: N/A / $3,100.00/MONTH | MLS: 9204639",No public event listing in source data,Legends Property Export (2026-02-27),2026-02-27T15:25:32Z
360 Nueces ST # 2601,Residential Property,legends_property,360-nueces-st-2601-austin-tx-us-78701-3862590,30.267029,-97.749595,https://www.openstreetmap.org/?mlat=30.267029&mlon=-97.749595#map=18/30.267029/-97.749595,"https://www.google.com/maps/search/?api=1&query=30.267029,-97.749595",360 Nueces ST # 2601,"Enjoy breathtaking views of the downtown Austin skyline, Lady Bird Lake, and the hill country from this SE corner unit featuring floor-to-ceiling windows. This beautiful and true one-bedroom residence includes a private balcony and one reserved secure garage parking space. The op","Resident onboarding, building-level perks, and local engagement",Not listed,,,,Legends listing status: Inactive,"Listed: N/A / $2,650.00/MONTH | MLS: 3862590",No public event listing in source data,Legends Property Export (2026-02-27),2026-02-27T15:25:32Z
Four Seasons,Residential Property,legends_property,four-seasons,30.26162,-97.74226,https://www.openstreetmap.org/?mlat=30.261620&mlon=-97.742260#map=18/30.261620/-97.742260,"https://www.google.com/maps/search/?api=1&query=30.261620,-97.742260","98 San Jacinto Boulevard, Unit 2004","Immerse yourself in the embodiment of luxury and cool sophistication at the Four Seasons Residences in Austin, TX, where style meets the allure of the &rdquo;Live Music Capital of the World.&rdquo; This distinguished 20th-floor residence offers breathtaking panoramic views of Lad","Resident onboarding, building-level perks, and local engagement",Not listed,,,,Legends listing status: Inactive,Listed: N/A,No public event listing in source data,Legends Property Export (2026-02-27),2026-02-27T15:25:32Z
301 West Ave Unit: 4105,Residential Property,legends_property,301-west-ave-unit-4105-austin-tx-78701-4052105,30.267451,-97.750793,https://www.openstreetmap.org/?mlat=30.267451&mlon=-97.750793#map=18/30.267451/-97.750793,"https://www.google.com/maps/search/?api=1&query=30.267451,-97.750793",301 West Ave # 4105,"New Year, New Lease Listing! Experience the finest in Downtown Austin living today in this highly desired C4-B floor plan in The Independent, one of only three residences with this large open living space that truly lives like a home. Once you step inside, you'll experience all t","Resident onboarding, building-level perks, and local engagement",Not listed,,,,Legends listing status: Pocket Listing,"Listed: N/A / $19,000.00/MONTH",No public event listing in source data,Legends Property Export (2026-02-27),2026-02-27T15:25:32Z
311 W 5th ST Unit: 806,Residential Property,legends_property,311-w-5th-st-unit-806-austin-tx-78701-4495763,30.267885,-97.7465,https://www.openstreetmap.org/?mlat=30.267885&mlon=-97.746500#map=18/30.267885/-97.746500,"https://www.google.com/maps/search/?api=1&query=30.267885,-97.746500",311 W 5th ST # 806,"NEW PRICE and ONE MONTH FREE! Perfectly located and fully furnished luxury lease in the Plaza Lofts downtown Austin with city and hill country views. The location is ideal for this north-facing 1BD | 1BA condo in the heart of downtown Austin, Texas, within walking distance to din","Resident onboarding, building-level perks, and local engagement",Not listed,,,,Legends listing status: Inactive,"Listed: N/A / $3,575.00/MONTH | MLS: 4495763",No public event listing in source data,Legends Property Export (2026-02-27),2026-02-27T15:25:32Z
311 W 5th ST Unit: 1003,Residential Property,legends_property,311-w-5th-st-unit-1003-austin-tx-78701-7389828,30.267885,-97.7465,https://www.openstreetmap.org/?mlat=30.267885&mlon=-97.746500#map=18/30.267885/-97.746500,"https://www.google.com/maps/search/?api=1&query=30.267885,-97.746500",311 W 5th ST # 1003,"Welcome to exceptional luxury in the exclusive Plaza Lofts with this privately listed 2 bed, 2.5 bath condo. Incredibly rare in Austin's residential highrises, this unit provides a private elevator that delivers you directly into the space. Once you step inside, this gorgeous ope","Resident onboarding, building-level perks, and local engagement",Not listed,,,,Legends listing status: Inactive,"Listed: N/A / $11,500.00/MONTH | MLS: 7389828",No public event listing in source data,Legends Property Export (2026-02-27),2026-02-27T15:25:32Z
311 W 5th ST W Unit: 902,Residential Property,legends_property,311-w-5th-st-w-unit-902-austin-tx-78701-1046145,30.267885,-97.7465,https://www.openstreetmap.org/?mlat=30.267885&mlon=-97.746500#map=18/30.267885/-97.746500,"https://www.google.com/maps/search/?api=1&query=30.267885,-97.746500",311 W 5th ST W Unit: 902,"Landlord Says Lease It | New Price and Available Now! This exquisite Southwest-facing 2BD | 2BA corner loft condo overlooks Republic Square Park. Fully furnished and turnkey, with beautiful city views and gorgeous sunsets! Available November 1st for lease in the exclusive Plaza L","Resident onboarding, building-level perks, and local engagement",Not listed,,,,Legends listing status: Inactive,"Listed: N/A / $8,500.00/MONTH | MLS: 1046145",No public event listing in source data,Legends Property Export (2026-02-27),2026-02-27T15:25:32Z
"311 W 5TH ST, #902",Residential Property,legends_property,311-w-5th-st-902,30.267885,-97.7465,https://www.openstreetmap.org/?mlat=30.267885&mlon=-97.746500#map=18/30.267885/-97.746500,"https://www.google.com/maps/search/?api=1&query=30.267885,-97.746500","311 W 5TH ST, #902","The primary bedroom includes a fabulous antique French bedroom suite, once owned by '30s glamour star Jean Harlow. The guest room also consists of modern and antique furnishings with new cloud-comfort king-size beds&mdash;each with a full bath clad in natural stone, closet system","Resident onboarding, building-level perks, and local engagement",Not listed,,,,Legends listing status: Inactive,"Listed: N/A / $10,000.00/MONTH",No public event listing in source data,Legends Property Export (2026-02-27),2026-02-27T15:25:32Z
800 Brazos ST Unit: 1002,Residential Property,legends_property,800-brazos-st-unit-1002-austin-tx-78701-4709810,30.269832,-97.741033,https://www.openstreetmap.org/?mlat=30.269832&mlon=-97.741033#map=18/30.269832/-97.741033,"https://www.google.com/maps/search/?api=1&query=30.269832,-97.741033",800 Brazos ST Unit: 1002,"Welcome to the heart of Austin! This stunning, fully furnished 1 bed, 1 bath unit offers the perfect combination of urban living and city views. Situated in a prime location, this unit boasts the convenience of having everything within walking distance, making it an ideal choice","Resident onboarding, building-level perks, and local engagement",Not listed,,,,Legends listing status: Inactive,"Listed: N/A / $2,550.00/MONTH | MLS: 4709810",No public event listing in source data,Legends Property Export (2026-02-27),2026-02-27T15:25:32Z
1212 Guadalupe ST Unit: 701,Residential Property,legends_property,1212-guadalupe-st-unit-701-austin-tx-78701-3577230,30.275933,-97.744106,https://www.openstreetmap.org/?mlat=30.275933&mlon=-97.744106#map=18/30.275933/-97.744106,"https://www.google.com/maps/search/?api=1&query=30.275933,-97.744106",1212 Guadalupe ST Unit: 701,"Downtown Austin's finest living experience! This fully furnished lease offers an exceptional opportunity to reside in a modern 2 bed, 2 bath corner unit with dramatic views of the Capitol. This prime location perfectly blends luxury, convenience, and breathtaking views. Additiona","Resident onboarding, building-level perks, and local engagement",Not listed,,,,Legends listing status: Inactive,"Listed: N/A / $3,250.00/MONTH | MLS: 3577230",No public event listing in source data,Legends Property Export (2026-02-27),2026-02-27T15:25:32Z
800 Brazos ST Unit: 1007,Residential Property,legends_property,800-brazos-st-unit-1007-austin-tx-78701-5360374,30.269832,-97.741033,https://www.openstreetmap.org/?mlat=30.269832&mlon=-97.741033#map=18/30.269832/-97.741033,"https://www.google.com/maps/search/?api=1&query=30.269832,-97.741033",800 Brazos ST Unit: 1007,"Welcome to this beautiful, fully furnished 2 bed, 2 bath unit located in downtown Austin. This stunning unit offers modern and stylish living with easy access to a vibrant neighborhood with an array of dining, shopping, and entertainment options right at your doorstep. Residents","Resident onboarding, building-level perks, and local engagement",Not listed,,,,Legends listing status: Inactive,"Listed: N/A / $3,500.00/MONTH | MLS: 5360374",No public event listing in source data,Legends Property Export (2026-02-27),2026-02-27T15:25:32Z
311 W 5th ST Unit: 1005,Residential Property,legends_property,311-w-5th-st-unit-1005-austin-tx-78701-2141927,30.267885,-97.7465,https://www.openstreetmap.org/?mlat=30.267885&mlon=-97.746500#map=18/30.267885/-97.746500,"https://www.google.com/maps/search/?api=1&query=30.267885,-97.746500",311 W 5th ST Unit: 1005,"Views, Entertainment, and Fun in the heart of downtown Austin with beautiful park and city views with gorgeous sunsets for a great price! Location is ideal with this northwest-facing 2BD | 2BA corner loft condo that overlooks Republic Square Park in the heart of downtown Austin,","Resident onboarding, building-level perks, and local engagement",Not listed,,,,Legends listing status: Inactive,"Listed: $1,350,000.00 | MLS: 2141927",No public event listing in source data,Legends Property Export (2026-02-27),2026-02-27T15:25:32Z
311 W 5th ST Unit: 803,Residential Property,legends_property,311-w-5th-st-unit-803-austin-tx-78701-4601269,30.267885,-97.7465,https://www.openstreetmap.org/?mlat=30.267885&mlon=-97.746500#map=18/30.267885/-97.746500,"https://www.google.com/maps/search/?api=1&query=30.267885,-97.746500",311 W 5th ST Unit: 803,"This exceptional luxury loft in the exclusive Plaza Lofts achieves privacy for a discerning clientele. Incredibly rare in Austin's residential highrises, this unit provides a private elevator that delivers you directly into the space. Once you step inside, the sweeping open floor","Resident onboarding, building-level perks, and local engagement",Not listed,,,,Legends listing status: Inactive,"Listed: $2,500,000.00 | MLS: 4601269",No public event listing in source data,Legends Property Export (2026-02-27),2026-02-27T15:25:32Z
311 W 5th ST Unit: 803,Residential Property,legends_property,311-w-5th-st-unit-803-austin-tx-78701-5816720,30.267885,-97.7465,https://www.openstreetmap.org/?mlat=30.267885&mlon=-97.746500#map=18/30.267885/-97.746500,"https://www.google.com/maps/search/?api=1&query=30.267885,-97.746500",311 W 5th ST Unit: 803,"This exceptional luxury loft in the exclusive Plaza Lofts achieves privacy for a discerning clientele. Incredibly rare in Austin's residential highrises, this unit provides a private elevator that delivers you directly into the space. Once you step inside, the sweeping open floor","Resident onboarding, building-level perks, and local engagement",Not listed,,,,Legends listing status: Inactive,"Listed: $2,500,000.00 | MLS: 5816720",No public event listing in source data,Legends Property Export (2026-02-27),2026-02-27T15:25:32Z
311 W 5th ST Unit: 803,Residential Property,legends_property,311-w-5th-st-unit-803-austin-tx-78701-1590770,30.267885,-97.7465,https://www.openstreetmap.org/?mlat=30.267885&mlon=-97.746500#map=18/30.267885/-97.746500,"https://www.google.com/maps/search/?api=1&query=30.267885,-97.746500",311 W 5th ST Unit: 803,"This exceptional luxury loft in the exclusive Plaza Lofts achieves privacy for a discerning clientele. Incredibly rare in Austin's residential highrises, this unit provides a private elevator that delivers you directly into the space. Once you step inside, the sweeping open floor","Resident onboarding, building-level perks, and local engagement",Not listed,,,,Legends listing status: Inactive,"Listed: N/A / $16,000.00/MONTH | MLS: 1590770",No public event listing in source data,Legends Property Export (2026-02-27),2026-02-27T15:25:32Z
311 W 5th ST Unit: 1005,Residential Property,legends_property,311-w-5th-st-unit-1005-austin-tx-78701-9689501,30.267885,-97.7465,https://www.openstreetmap.org/?mlat=30.267885&mlon=-97.746500#map=18/30.267885/-97.746500,"https://www.google.com/maps/search/?api=1&query=30.267885,-97.746500",311 W 5th ST Unit: 1005,"Views, Entertainment, and Fun in the heart of downtown Austin with beautiful park and city views with gorgeous sunsets for a great price! Location is ideal with this northwest-facing 2BD | 2BA corner loft condo that overlooks Republic Square Park in the heart of downtown Austin,","Resident onboarding, building-level perks, and local engagement",Not listed,,,,Legends listing status: Inactive,"Listed: $1,500,000.00 | MLS: 9689501",No public event listing in source data,Legends Property Export (2026-02-27),2026-02-27T15:25:32Z
The Independent #4105,Residential Property,legends_property,the-independent-4105,30.267451,-97.750793,https://www.openstreetmap.org/?mlat=30.267451&mlon=-97.750793#map=18/30.267451/-97.750793,"https://www.google.com/maps/search/?api=1&query=30.267451,-97.750793","301 West Ave, #4015",BBQ Grill/Hearth Business Center | Meeting Room | Lounge 24 Hour Concierge Controlled Access Dog Park | Pet Amenities Fitness Center Media Center/Movie Theater Pool &nbsp; Don't miss this highly desired C4-B floor plan in The Independent; one of only three residences with this la,"Resident onboarding, building-level perks, and local engagement",Not listed,,,,Legends listing status: For Lease | For Lease,"Listed: N/A / $19,000.00/MONTH",No public event listing in source data,Legends Property Export (2026-02-27),2026-02-27T15:25:32Z
311 W 5th St #803,Residential Property,legends_property,311-w-5th-st-803,30.267885,-97.7465,https://www.openstreetmap.org/?mlat=30.267885&mlon=-97.746500#map=18/30.267885/-97.746500,"https://www.google.com/maps/search/?api=1&query=30.267885,-97.746500",311 West 5th Street Unit 803,"Privacy is achieved for a discerning clientele with this exceptional luxury loft in the exclusive Plaza Lofts. Incredibly rare in Austin's residential highrises, this unit provides a private elevator that delivers you directly into the space. Once you step inside, the sweeping op","Resident onboarding, building-level perks, and local engagement",Not listed,,,,Legends listing status: Inactive,"Listed: $2,800,000.00",No public event listing in source data,Legends Property Export (2026-02-27),2026-02-27T15:25:32Z
311 W 5th St #1005,Residential Property,legends_property,311-w-5th-st-1005,30.267885,-97.7465,https://www.openstreetmap.org/?mlat=30.267885&mlon=-97.746500#map=18/30.267885/-97.746500,"https://www.google.com/maps/search/?api=1&query=30.267885,-97.746500",311 West 5th Street #1005,"Views, Entertainment and Fun in the heart of downtown Austin with beautiful park and city views with gorgeous sunsets for a great price! &nbsp; Location is ideal with this northwest-facing 2BD | 2BA corner loft condo that overlooks Republic Square Park in the heart of downtown Au","Resident onboarding, building-level perks, and local engagement",Not listed,,,,Legends listing status: Inactive,"Listed: $1,500,000.00",No public event listing in source data,Legends Property Export (2026-02-27),2026-02-27T15:25:32Z
311 W 5th ST Unit: 806,Residential Property,legends_property,311-w-5th-st-unit-806-austin-tx-78701-9800518,30.267885,-97.7465,https://www.openstreetmap.org/?mlat=30.267885&mlon=-97.746500#map=18/30.267885/-97.746500,"https://www.google.com/maps/search/?api=1&query=30.267885,-97.746500",311 W 5th ST Unit: 806,"Great lease in the Plaza Lofts downtown Austin with city and hill country views. Location is ideal with this north-facing 1BD | 1BA condo in the heart of downtown Austin, Texas, within walking distance to dining, arts, entertainment, Lady Bird Lake, trails, and so much more. The","Resident onboarding, building-level perks, and local engagement",Not listed,,,,Legends listing status: Inactive,"Listed: N/A / $4,000.00/MONTH | MLS: 9800518",No public event listing in source data,Legends Property Export (2026-02-27),2026-02-27T15:25:32Z
98 San Jacinto Blvd #706,Residential Property,legends_property,98-san-jacinto-blvd-706,30.26162,-97.74226,https://www.openstreetmap.org/?mlat=30.261620&mlon=-97.742260#map=18/30.261620/-97.742260,"https://www.google.com/maps/search/?api=1&query=30.261620,-97.742260",98 San Jacinto Boulevard Unit 706 Austin,"5 Star downtown living at its finest! Nicely appointed and spacious 2 bedroom condo in one of the cities most prestigious towers. Private amenities include a heated lap-pool with views of the skyline, Ladybird lake and the hill country; a well equipped fitness center; a skyline E","Resident onboarding, building-level perks, and local engagement",Not listed,,,,Legends listing status: Sold,Listed: N/A,No public event listing in source data,Legends Property Export (2026-02-27),2026-02-27T15:25:32Z
311 W 5th ST Unit: 803,Residential Property,legends_property,311-w-5th-st-unit-803-austin-tx-78701-2023965,30.267885,-97.7465,https://www.openstreetmap.org/?mlat=30.267885&mlon=-97.746500#map=18/30.267885/-97.746500,"https://www.google.com/maps/search/?api=1&query=30.267885,-97.746500",311 W 5th ST Unit: 803,"Privacy is achieved with this exceptional lease of a Sub-Penthouse in the exclusive Plaza Lofts. Incredibly rare in Austin's residential highrises, this unit provides a private elevator that delivers you directly into the space. Once you step inside, the sweeping open floor plan","Resident onboarding, building-level perks, and local engagement",Not listed,,,,Legends listing status: Inactive,"Listed: N/A / $18,000.00/MONTH | MLS: 2023965",No public event listing in source data,Legends Property Export (2026-02-27),2026-02-27T15:25:32Z
311 W 5th St W #902,Residential Property,legends_property,311-w-5th-st-w-902,30.267885,-97.7465,https://www.openstreetmap.org/?mlat=30.267885&mlon=-97.746500#map=18/30.267885/-97.746500,"https://www.google.com/maps/search/?api=1&query=30.267885,-97.746500",311 West 5th Street West Unit 902,&bull; Dedicated Concierge &bull; Secure &bull; Rooftop Pool &bull; On-Site Gym &bull; Republic Square Park &bull; Eleanor Bar &bull; The Roosevelt Room &bull; Walk to Everything &nbsp; Imagine an elegant slice of heaven in the heart of downtown Austin with beautiful city views a,"Resident onboarding, building-level perks, and local engagement",Not listed,,,,Legends listing status: Sold,"Listed: N/A / $9,500.00/MONTH | MLS: 5986414",No public event listing in source data,Legends Property Export (2026-02-27),2026-02-27T15:25:32Z
311 W 5th ST W Unit: 902,Residential Property,legends_property,311-w-5th-st-w-unit-902-austin-tx-78701-5986414,30.267885,-97.7465,https://www.openstreetmap.org/?mlat=30.267885&mlon=-97.746500#map=18/30.267885/-97.746500,"https://www.google.com/maps/search/?api=1&query=30.267885,-97.746500",311 W 5th ST W Unit: 902,Fantastic location in the heart of Downtown Austin with beautiful city views and gorgeous sunsets! This exquisite southwest-facing 2BD | 2BA corner loft condo overlooks Republic Square Park. Fully furnished and available NOW for 4 to 12+ month lease in the exclusive Plaza Lofts.,"Resident onboarding, building-level perks, and local engagement",Not listed,,,,Legends listing status: Inactive,"Listed: N/A / $10,000.00/MONTH | MLS: 5986414",No public event listing in source data,Legends Property Export (2026-02-27),2026-02-27T15:25:32Z
70 Rainey ST Unit: 1409,Residential Property,legends_property,70-rainey-st-unit-1409-austin-tx-78701-9192982,30.258532,-97.739001,https://www.openstreetmap.org/?mlat=30.258532&mlon=-97.739001#map=18/30.258532/-97.739001,"https://www.google.com/maps/search/?api=1&query=30.258532,-97.739001",70 Rainey ST Unit: 1409,"Live right in the heart of Rainey District! 70 Rainey, an award winning High rise building offers residents the luxury of a convenient location, and over the top amenities. Designed with modern finishes that run throughout, this truly is one of the most gorgeous buildings in Aust","Resident onboarding, building-level perks, and local engagement",Not listed,,,,Legends listing status: Inactive,"Listed: N/A / $7,000.00/MONTH | MLS: 9192982",No public event listing in source data,Legends Property Export (2026-02-27),2026-02-27T15:25:32Z
311 W 5th ST Unit: 902,Residential Property,legends_property,311-w-5th-st-unit-902-austin-tx-78701-1169093,30.267885,-97.7465,https://www.openstreetmap.org/?mlat=30.267885&mlon=-97.746500#map=18/30.267885/-97.746500,"https://www.google.com/maps/search/?api=1&query=30.267885,-97.746500",311 W 5th ST Unit: 902,"Exquisite southwest-facing 2BD | 2BA corner loft condo overlooks Republic Square Park. Fully furnished and available in July for 3 to 12+ month lease in the exclusive Plaza Lofts. Ideal for Executive or transitional clients, this loft is located in the heart of downtown Austin, T","Resident onboarding, building-level perks, and local engagement",Not listed,,,,Legends listing status: Inactive,"Listed: N/A / $11,500.00/MONTH | MLS: 1169093",No public event listing in source data,Legends Property Export (2026-02-27),2026-02-27T15:25:32Z
311 W 5th ST Unit: 608,Residential Property,legends_property,311-w-5th-st-unit-608-austin-tx-78701-3082332,30.267885,-97.7465,https://www.openstreetmap.org/?mlat=30.267885&mlon=-97.746500#map=18/30.267885/-97.746500,"https://www.google.com/maps/search/?api=1&query=30.267885,-97.746500",311 W 5th ST Unit: 608,"Designed for easy living in the exclusive Plaza Lofts is this south-facing condo with 1 bed, 1.5 baths, 1,243 square feet (TCAD), and one parking space. You will love the spacious Greenwich plan! Perfect for entertaining and a modern live-work milieu with soaring 11' concrete cei","Resident onboarding, building-level perks, and local engagement",Not listed,,,,Legends listing status: Inactive,"Listed: $825,000.00 | MLS: 3082332",No public event listing in source data,Legends Property Export (2026-02-27),2026-02-27T15:25:32Z
311 W 5th ST Unit: 602,Residential Property,legends_property,311-w-5th-st-unit-602-austin-tx-78701-5778199,30.267885,-97.7465,https://www.openstreetmap.org/?mlat=30.267885&mlon=-97.746500#map=18/30.267885/-97.746500,"https://www.google.com/maps/search/?api=1&query=30.267885,-97.746500",311 W 5th ST Unit: 602,"City & Treetop Views in the Heart of Downtown. Enjoy gorgeous city views with this rare to-the-market modern condo in the exclusive Plaza Lofts. Southwest facing, this spacious home overlooks the treetops of Republic Square Park, providing 2 beds, 2 baths, 1,896 square feet (TCAD","Resident onboarding, building-level perks, and local engagement",Not listed,,,,Legends listing status: Sold,"Listed: $1,350,000.00 | MLS: 5778199",No public event listing in source data,Legends Property Export (2026-02-27),2026-02-27T15:25:32Z
"311 W 5th St, #1008",Residential Property,legends_property,311-w-5th-st-1008,30.267885,-97.7465,https://www.openstreetmap.org/?mlat=30.267885&mlon=-97.746500#map=18/30.267885/-97.746500,"https://www.google.com/maps/search/?api=1&query=30.267885,-97.746500","311 West 5th Street, Unit 1008","Beautiful modern loft in 78701. Featuring 1 bedroom 1.5 baths with open floor plan, soaring 11ft ceilings with industrial style exposed vents/pipes. Floor-to-ceiling windows allow for abundant natural light. Designed for easy living and entertaining in a spacious kitchen with top","Resident onboarding, building-level perks, and local engagement",Not listed,,,,Legends listing status: Sold,"Listed: $559,000.00 | MLS: 9510253",No public event listing in source data,Legends Property Export (2026-02-27),2026-02-27T15:25:32Z
"311 W 5th St, #806",Residential Property,legends_property,311-w-5th-st-806,30.267885,-97.7465,https://www.openstreetmap.org/?mlat=30.267885&mlon=-97.746500#map=18/30.267885/-97.746500,"https://www.google.com/maps/search/?api=1&query=30.267885,-97.746500","311 West 5th Street, Unit 806",Enjoy easy living in this incredibly spacious studio condo in the heart of downtown Austin! This 1 bed/1 bath showcases polished concrete floors and oversized glass shower &amp; dual vanity. Floor-to-ceiling windows that offer a lovely view of the city and features an oversized b,"Resident onboarding, building-level perks, and local engagement",Not listed,,,,Legends listing status: Sold,"Listed: $525,000.00 | MLS: 1113444",No public event listing in source data,Legends Property Export (2026-02-27),2026-02-27T15:25:32Z
311 W 5th ST Unit: 507,Residential Property,legends_property,311-w-5th-st-unit-507-austin-tx-78701-4628573,30.267885,-97.7465,https://www.openstreetmap.org/?mlat=30.267885&mlon=-97.746500#map=18/30.267885/-97.746500,"https://www.google.com/maps/search/?api=1&query=30.267885,-97.746500",311 W 5th ST Unit: 507,"1BD | 1.5BA | 1,243/SQFT | MLS # 4628573 | OFFERED AT $565,000 Gorgeous modern loft in 78701! You will love the loft's modern feel designed with a large open floor plan, soaring 11ft ceilings with industrial style exposed ducts, and floor-to-ceiling wall of windows for abundant n","Resident onboarding, building-level perks, and local engagement",Not listed,,,,Legends listing status: Inactive,"Listed: $565,000.00 | MLS: 4628573",No public event listing in source data,Legends Property Export (2026-02-27),2026-02-27T15:25:32Z
311 W 5th ST Unit: 803,Residential Property,legends_property,311-w-5th-st-unit-803-austin-tx-78701-9682559,30.267885,-97.7465,https://www.openstreetmap.org/?mlat=30.267885&mlon=-97.746500#map=18/30.267885/-97.746500,"https://www.google.com/maps/search/?api=1&query=30.267885,-97.746500",311 W 5th ST Unit: 803,"Gorgeous Executive Jr Penthouse, fully furnished and available for a 6 to 12+ month lease in the exclusive Plaza Lofts. Ideal for Corporate Rental this loft is perfectly located in the heart of downtown Austin, Texas with dining, arts, entertainment, recreation all within walking","Resident onboarding, building-level perks, and local engagement",Not listed,,,,Legends listing status: Sold,"Listed: $2,800,000.00 | MLS: 9682559",No public event listing in source data,Legends Property Export (2026-02-27),2026-02-27T15:25:32Z
